Car Name,Company,Year of Manufacture,Distance Driven,Fuel Type,Gear Type,EMI,Price
Tata TIGOR,Tata,2021,"36,206 km",Petrol,Manual,"EMI ₹10,060/m*",₹5.70 lakh
Maruti Wagon R 1.0,Maruti,2017,"43,965 km",Petrol,Auto,"EMI ₹7,484/m*",₹3.83 lakh
Renault Kwid,Renault,2017,"45,145 km",Petrol,Manual,"EMI ₹5,645/m*",₹2.89 lakh
Maruti Wagon R 1.0,Maruti,2017,"49,218 km",Petrol,Auto,"EMI ₹7,147/m*",₹3.66 lakh
Volkswagen Ameo,Volkswagen,2016,"67,291 km",Petrol,Manual,"EMI ₹9,518/m*",₹4.28 lakh
Hyundai Grand i10,Hyundai,2014,"81,419 km",Diesel,Manual,"EMI ₹15,461/m*",₹3.28 lakh
Honda Jazz,Honda,2017,"71,229 km",Petrol,Manual,"EMI ₹9,457/m*",₹4.84 lakh
Mahindra Kuv100,Mahindra,2017,"91,898 km",Petrol,Manual,"EMI ₹5,894/m*",₹3.01 lakh
Volkswagen Polo,Volkswagen,2015,"65,152 km",Petrol,Auto,"EMI ₹11,545/m*",₹4.38 lakh
Honda Jazz,Honda,2016,"72,685 km",Petrol,Auto,"EMI ₹9,409/m*",₹4.23 lakh
Hyundai i10,Hyundai,2013,"79,492 km",Petrol,Manual,"EMI ₹13,146/m*",₹2.79 lakh
Maruti Swift,Maruti,2018,"30,281 km",Petrol,Auto,"EMI ₹9,423/m*",₹5.34 lakh
Hyundai i10,Hyundai,2013,"68,100 km",Petrol,Manual,"EMI ₹13,421/m*",₹2.85 lakh
Maruti Vitara Brezza,Maruti,2018,"55,196 km",Diesel,Auto,"EMI ₹14,663/m*",₹7.50 lakh
KIA SONET,KIA,2022,"24,322 km",Diesel,Manual,"EMI ₹15,838/m*",₹9.25 lakh
Skoda KUSHAQ,Skoda,2022,"32,356 km",Petrol,Manual,"EMI ₹14,537/m*",₹8.49 lakh
Hyundai Eon,Hyundai,2014,"40,419 km",Petrol,Manual,"EMI ₹7,871/m*",₹2.37 lakh
Ford Classic,Ford,2013,"87,098 km",Diesel,Manual,"EMI ₹20,020/m*",₹2.25 lakh
Mahindra XUV500,Mahindra,2016,"64,362 km",Diesel,Manual,"EMI ₹20,676/m*",₹8.00 lakh
Maruti Ciaz,Maruti,2015,"51,463 km",Petrol,Manual,"EMI ₹13,677/m*",₹5.19 lakh
Maruti Vitara Brezza,Maruti,2019,"69,559 km",Diesel,Manual,"EMI ₹15,153/m*",₹8.85 lakh
Honda Jazz,Honda,2016,"61,368 km",Petrol,Manual,"EMI ₹9,146/m*",₹4.11 lakh
Toyota Etios Liva,Toyota,2015,"38,768 km",Petrol,Manual,"EMI ₹10,036/m*",₹3.81 lakh
Hyundai Xcent,Hyundai,2014,"1,09,221 km",Petrol,Manual,"EMI ₹9,001/m*",₹2.71 lakh
Hyundai Grand i10,Hyundai,2014,"36,801 km",Petrol,Manual,"EMI ₹10,134/m*",₹3.05 lakh
Maruti Dzire,Maruti,2018,"41,032 km",Petrol,Auto,"EMI ₹9,279/m*",₹5.26 lakh
Maruti Ciaz,Maruti,2017,"75,373 km",Petrol,Manual,"EMI ₹10,557/m*",₹5.40 lakh
Maruti Baleno,Maruti,2018,"85,550 km",Petrol,Manual,"EMI ₹9,646/m*",₹5.46 lakh
Maruti Swift Dzire,Maruti,2014,"68,309 km",Petrol,Manual,"EMI ₹11,737/m*",₹3.53 lakh
Hyundai Grand i10,Hyundai,2015,"62,331 km",Petrol,Auto,"EMI ₹10,636/m*",₹4.04 lakh
Maruti Swift,Maruti,2016,"18,988 km",Petrol,Manual,"EMI ₹10,640/m*",₹4.78 lakh
Maruti Dzire,Maruti,2018,"59,430 km",Petrol,Auto,"EMI ₹9,896/m*",₹5.61 lakh
Skoda KUSHAQ,Skoda,2021,"86,733 km",Petrol,Manual,"EMI ₹15,222/m*",₹8.89 lakh
Maruti Dzire,Maruti,2018,"30,785 km",Petrol,Manual,"EMI ₹10,139/m*",₹5.74 lakh
KIA SELTOS,KIA,2022,"26,183 km",Petrol,Manual,"EMI ₹20,530/m*",₹11.99 lakh
Maruti Baleno,Maruti,2016,"83,182 km",Petrol,Manual,"EMI ₹10,525/m*",₹4.73 lakh
Maruti Wagon R 1.0,Maruti,2016,"43,312 km",Petrol,Manual,"EMI ₹7,580/m*",₹3.41 lakh
Hyundai Grand i10,Hyundai,2017,"45,620 km",Petrol,Manual,"EMI ₹7,220/m*",₹3.69 lakh
Maruti Ciaz,Maruti,2017,"76,249 km",Petrol,Manual,"EMI ₹11,094/m*",₹5.67 lakh
Maruti Dzire,Maruti,2020,"41,988 km",Petrol,Manual,"EMI ₹8,978/m*",₹5.09 lakh
Renault Kiger,Renault,2021,"36,867 km",Petrol,Auto,"EMI ₹8,297/m*",₹4.70 lakh
Maruti Ciaz,Maruti,2016,"52,851 km",Petrol,Manual,"EMI ₹10,136/m*",₹4.56 lakh
Hyundai NEW SANTRO,Hyundai,2019,"31,054 km",Petrol,Manual,"EMI ₹6,602/m*",₹3.74 lakh
Hyundai Elite i20,Hyundai,2018,"53,812 km",Petrol,Auto,"EMI ₹8,650/m*",₹4.90 lakh
Hyundai Verna,Hyundai,2020,"91,811 km",Petrol,Auto,"EMI ₹14,263/m*",₹8.33 lakh
Maruti Vitara Brezza,Maruti,2019,"82,253 km",Diesel,Auto,"EMI ₹13,768/m*",₹7.80 lakh
Tata TIAGO NRG,Tata,2021,"34,041 km",Petrol,Auto,"EMI ₹8,637/m*",₹4.89 lakh
Volkswagen Vento,Volkswagen,2016,"1,19,043 km",Diesel,Manual,"EMI ₹13,886/m*",₹5.27 lakh
Honda City,Honda,2016,"1,29,335 km",Petrol,Auto,"EMI ₹10,534/m*",₹4.74 lakh
Maruti Baleno,Maruti,2018,"98,712 km",Petrol,Auto,"EMI ₹7,732/m*",₹4.38 lakh
Tata Curvv,Tata,2025,"13,302 km",Petrol,Manual,"EMI ₹20,461/m*",₹11.95 lakh
Maruti BREZZA,Maruti,2022,"10,563 km",Petrol,Auto,"EMI ₹15,128/m*",₹8.84 lakh
Tata Tiago,Tata,2016,"82,759 km",Petrol,Manual,"EMI ₹7,215/m*",₹3.24 lakh
Tata Tiago,Tata,2016,"57,688 km",Petrol,Manual,"EMI ₹6,406/m*",₹2.88 lakh
Honda Jazz,Honda,2017,"56,139 km",Petrol,Auto,"EMI ₹9,149/m*",₹4.68 lakh
Hyundai Grand i10,Hyundai,2014,"55,667 km",Petrol,Manual,"EMI ₹8,470/m*",₹2.55 lakh
Chevrolet Sail UVA,Chevrolet,2013,"85,778 km",Diesel,Manual,"EMI ₹17,414/m*",₹1.96 lakh
Hyundai Grand i10,Hyundai,2016,"39,911 km",Petrol,Manual,"EMI ₹8,408/m*",₹3.78 lakh
Tata PUNCH,Tata,2022,"84,424 km",Petrol,Manual,"EMI ₹10,288/m*",₹5.83 lakh
Renault Duster,Renault,2015,"76,908 km",Diesel,Manual,"EMI ₹14,190/m*",₹4.27 lakh
Renault Kwid,Renault,2022,"17,975 km",Petrol,Auto,"EMI ₹7,746/m*",₹4.39 lakh
Maruti Alto 800,Maruti,2015,"88,606 km",Petrol,Manual,"EMI ₹4,872/m*",₹1.85 lakh
Hyundai Elite i20,Hyundai,2017,"33,805 km",Petrol,Auto,"EMI ₹8,362/m*",₹4.28 lakh
Honda Jazz,Honda,2016,"83,306 km",Petrol,Manual,"EMI ₹7,969/m*",₹3.58 lakh
Nissan MAGNITE,Nissan,2025,"2,391 km",Petrol,Auto,"EMI ₹12,004/m*",₹6.80 lakh
KIA SONET,KIA,2022,"46,589 km",Diesel,Auto,"EMI ₹21,232/m*",₹12.40 lakh
Nissan MAGNITE,Nissan,2021,"69,890 km",Petrol,Manual,"EMI ₹8,209/m*",₹4.65 lakh
Maruti Baleno,Maruti,2017,"99,529 km",Petrol,Manual,"EMI ₹10,069/m*",₹5.15 lakh
Honda Amaze,Honda,2016,"77,809 km",Petrol,Manual,"EMI ₹8,746/m*",₹3.93 lakh
Toyota Glanza,Toyota,2022,"62,831 km",Petrol,Manual,"EMI ₹9,169/m*",₹5.19 lakh
Hyundai Creta,Hyundai,2019,"61,822 km",Petrol,Manual,"EMI ₹13,059/m*",₹7.40 lakh
Hyundai Elite i20,Hyundai,2017,"81,441 km",Petrol,Manual,"EMI ₹9,149/m*",₹4.68 lakh
Honda WR-V,Honda,2017,"98,677 km",Diesel,Manual,"EMI ₹11,834/m*",₹5.32 lakh
Hyundai VENUE,Hyundai,2022,"58,032 km",Petrol,Manual,"EMI ₹12,922/m*",₹7.32 lakh
Renault Duster,Renault,2019,"37,645 km",Diesel,Manual,"EMI ₹15,410/m*",₹9.00 lakh
Maruti Swift,Maruti,2018,"61,367 km",Petrol,Auto,"EMI ₹8,305/m*",₹4.70 lakh
Honda Brio,Honda,2018,"62,024 km",Petrol,Manual,"EMI ₹6,196/m*",₹3.51 lakh
Hyundai NEW I20,Hyundai,2022,"51,522 km",Petrol,Manual,"EMI ₹12,357/m*",₹7.00 lakh
Toyota YARIS,Toyota,2020,"49,011 km",Petrol,Manual,"EMI ₹9,480/m*",₹5.37 lakh
Nissan Kicks,Nissan,2019,"48,512 km",Diesel,Manual,"EMI ₹10,138/m*",₹5.74 lakh
Hyundai GRAND I10 NIOS,Hyundai,2022,"39,614 km",Petrol,Manual,"EMI ₹10,496/m*",₹5.95 lakh
Tata Tiago,Tata,2024,"1,773 km",Petrol,Manual,"EMI ₹9,883/m*",₹5.60 lakh
Maruti Baleno,Maruti,2016,"46,313 km",Petrol,Manual,"EMI ₹8,720/m*",₹3.92 lakh
Hyundai Eon,Hyundai,2014,"84,097 km",Petrol,Manual,"EMI ₹4,816/m*",₹1.45 lakh
Chevrolet Beat,Chevrolet,2013,"53,420 km",Petrol,Manual,"EMI ₹6,826/m*",₹1.45 lakh
Hyundai Elite i20,Hyundai,2016,"1,13,330 km",Diesel,Manual,"EMI ₹11,561/m*",₹4.39 lakh
MG HECTOR,MG,2019,"95,164 km",Diesel,Manual,"EMI ₹14,349/m*",₹8.38 lakh
Mahindra XUV300,Mahindra,2021,"80,378 km",Petrol,Manual,"EMI ₹12,410/m*",₹7.03 lakh
Mahindra Thar,Mahindra,2021,"34,806 km",Petrol,Auto,"EMI ₹20,123/m*",₹11.75 lakh
Hyundai Verna,Hyundai,2016,"95,846 km",Petrol,Auto,"EMI ₹13,185/m*",₹5.93 lakh
Renault Kwid,Renault,2017,"85,764 km",Petrol,Manual,"EMI ₹4,027/m*",₹2.06 lakh
Honda City,Honda,2016,"1,18,172 km",Petrol,Auto,"EMI ₹8,581/m*",₹3.86 lakh
Toyota Innova Crysta,Toyota,2022,"22,173 km",Petrol,Auto,"EMI ₹29,349/m*",₹17.14 lakh
Hyundai NEW SANTRO,Hyundai,2019,"36,924 km",Petrol,Manual,"EMI ₹5,119/m*",₹2.90 lakh
Hyundai Creta N Line,Hyundai,2024,"21,118 km",Petrol,Auto,"EMI ₹32,588/m*",₹19.03 lakh
Tata NEXON,Tata,2021,"28,382 km",Petrol,Auto,"EMI ₹12,930/m*",₹7.32 lakh
Maruti S Cross,Maruti,2017,"87,011 km",Diesel,Manual,"EMI ₹12,613/m*",₹5.67 lakh
Renault Kwid,Renault,2016,"61,912 km",Petrol,Manual,"EMI ₹4,783/m*",₹2.15 lakh
Maruti Alto K10,Maruti,2016,"85,465 km",Petrol,Manual,"EMI ₹5,885/m*",₹2.65 lakh
Hyundai Eon,Hyundai,2015,"82,924 km",Petrol,Manual,"EMI ₹5,082/m*",₹1.93 lakh
Skoda Rapid,Skoda,2019,"1,17,061 km",Petrol,Manual,"EMI ₹14,854/m*",₹6.68 lakh
Hyundai NEW SANTRO,Hyundai,2020,"46,872 km",Petrol,Manual,"EMI ₹5,460/m*",₹3.09 lakh
Maruti Swift,Maruti,2018,"66,524 km",Petrol,Manual,"EMI ₹7,908/m*",₹4.48 lakh
Toyota Innova Crysta,Toyota,2020,"74,069 km",Diesel,Manual,"EMI ₹35,957/m*",₹21.00 lakh
Hyundai Verna,Hyundai,2014,"41,907 km",Petrol,Manual,"EMI ₹13,843/m*",₹4.17 lakh
Tata ALTROZ,Tata,2022,"24,918 km",Petrol,Auto,"EMI ₹12,886/m*",₹7.30 lakh
Hyundai Elite i20,Hyundai,2014,"1,22,146 km",Petrol,Manual,"EMI ₹10,816/m*",₹3.26 lakh
Toyota Urban Cruiser Taisor,Toyota,2024,"21,390 km",Petrol,Manual,"EMI ₹15,753/m*",₹9.20 lakh
Hyundai Creta,Hyundai,2017,"1,39,997 km",Petrol,Auto,"EMI ₹15,532/m*",₹6.98 lakh
Tata Tiago,Tata,2019,"69,193 km",Petrol,Manual,"EMI ₹7,154/m*",₹4.05 lakh
Tata Tiago,Tata,2019,"37,452 km",Petrol,Manual,"EMI ₹6,320/m*",₹3.58 lakh
Nissan Kicks,Nissan,2019,"65,368 km",Diesel,Manual,"EMI ₹10,292/m*",₹5.83 lakh
Hyundai NEW I20,Hyundai,2022,"11,382 km",Petrol,Manual,"EMI ₹11,545/m*",₹6.54 lakh
Hyundai VENUE,Hyundai,2022,"1,01,922 km",Petrol,Manual,"EMI ₹12,907/m*",₹5.80 lakh
Maruti Vitara Brezza,Maruti,2020,"1,02,607 km",Petrol,Manual,"EMI ₹14,388/m*",₹6.47 lakh
Hyundai VENUE,Hyundai,2021,"50,645 km",Diesel,Manual,"EMI ₹12,745/m*",₹7.22 lakh
Maruti Swift,Maruti,2013,"1,08,127 km",Petrol,Manual,"EMI ₹13,651/m*",₹2.90 lakh
Maruti Wagon R 1.0,Maruti,2012,"37,326 km",Petrol,Manual,"EMI ₹18,481/m*",₹2.08 lakh
Maruti Swift,Maruti,2016,"1,21,707 km",Petrol,Manual,"EMI ₹7,868/m*",₹3.54 lakh
Tata ALTROZ,Tata,2022,"80,230 km",Petrol,Manual,"EMI ₹10,362/m*",₹5.87 lakh
Hyundai Elite i20,Hyundai,2018,"1,20,685 km",Petrol,Manual,"EMI ₹9,387/m*",₹4.22 lakh
Mahindra Thar,Mahindra,2021,"40,490 km",Petrol,Auto,"EMI ₹16,866/m*",₹9.85 lakh
Renault Duster,Renault,2017,"88,940 km",Diesel,Auto,"EMI ₹10,722/m*",₹4.82 lakh
Hyundai VENUE,Hyundai,2019,"56,567 km",Petrol,Auto,"EMI ₹10,945/m*",₹6.20 lakh
Hyundai Elite i20,Hyundai,2018,"95,805 km",Petrol,Manual,"EMI ₹8,226/m*",₹4.66 lakh
Maruti Swift,Maruti,2018,"46,412 km",Petrol,Auto,"EMI ₹7,591/m*",₹4.30 lakh
Maruti Celerio,Maruti,2015,"81,580 km",Petrol,Auto,"EMI ₹6,399/m*",₹2.43 lakh
Hyundai Verna,Hyundai,2019,"84,490 km",Petrol,Manual,"EMI ₹11,074/m*",₹6.27 lakh
Nissan MAGNITE,Nissan,2023,"46,300 km",Petrol,Manual,"EMI ₹9,550/m*",₹5.41 lakh
Hyundai Elite i20,Hyundai,2018,"23,926 km",Petrol,Auto,"EMI ₹8,791/m*",₹4.98 lakh
MG HECTOR,MG,2021,"35,992 km",Diesel,Manual,"EMI ₹18,852/m*",₹11.01 lakh
Hyundai Elite i20,Hyundai,2017,"54,576 km",Petrol,Manual,"EMI ₹7,214/m*",₹3.69 lakh
Maruti Ciaz,Maruti,2015,"74,839 km",Petrol,Manual,"EMI ₹11,060/m*",₹4.20 lakh
Maruti Vitara Brezza,Maruti,2016,"1,33,214 km",Diesel,Manual,"EMI ₹13,904/m*",₹5.28 lakh
Renault Kwid,Renault,2022,"49,570 km",Petrol,Manual,"EMI ₹6,090/m*",₹3.45 lakh
Tata NEXON,Tata,2022,"21,723 km",Petrol,Manual,"EMI ₹11,651/m*",₹6.60 lakh
Tata Tiago,Tata,2016,"68,731 km",Petrol,Manual,"EMI ₹6,651/m*",₹2.99 lakh
Hyundai VENUE,Hyundai,2020,"58,065 km",Petrol,Manual,"EMI ₹11,404/m*",₹6.46 lakh
Hyundai GRAND I10 NIOS,Hyundai,2020,"18,511 km",Petrol,Manual,"EMI ₹9,621/m*",₹5.45 lakh
Hyundai VENUE,Hyundai,2022,"19,024 km",Petrol,Manual,"EMI ₹12,763/m*",₹7.23 lakh
Hyundai Grand i10,Hyundai,2017,"86,420 km",Petrol,Manual,"EMI ₹6,041/m*",₹3.09 lakh
Maruti Alto 800,Maruti,2014,"69,527 km",Petrol,Manual,"EMI ₹7,681/m*",₹2.31 lakh
Toyota Glanza,Toyota,2022,"14,530 km",Petrol,Auto,"EMI ₹12,712/m*",₹7.20 lakh
Honda City,Honda,2019,"44,916 km",Petrol,Auto,"EMI ₹12,110/m*",₹6.86 lakh
Datsun Go,Datsun,2014,"59,457 km",Petrol,Manual,"EMI ₹5,613/m*",₹1.69 lakh
Maruti Celerio,Maruti,2018,"26,317 km",Petrol,Auto,"EMI ₹6,178/m*",₹3.50 lakh
Hyundai VENUE,Hyundai,2019,"83,501 km",Petrol,Manual,"EMI ₹12,343/m*",₹6.99 lakh
Tata NEXON,Tata,2024,"19,882 km",Petrol,Manual,"EMI ₹13,458/m*",₹7.62 lakh
Volkswagen Polo,Volkswagen,2021,"32,836 km",Petrol,Auto,"EMI ₹13,928/m*",₹7.89 lakh
Hyundai VENUE,Hyundai,2021,"20,372 km",Petrol,Manual,"EMI ₹13,779/m*",₹7.81 lakh
Renault Kiger,Renault,2022,"48,818 km",Petrol,Auto,"EMI ₹9,974/m*",₹5.65 lakh
Hyundai Creta,Hyundai,2019,"38,773 km",Petrol,Manual,"EMI ₹14,084/m*",₹7.98 lakh
MG ASTOR,MG,2022,"17,450 km",Petrol,Auto,"EMI ₹20,290/m*",₹11.85 lakh
Maruti Dzire,Maruti,2017,"75,698 km",Petrol,Manual,"EMI ₹8,895/m*",₹4.55 lakh
Ford Ecosport,Ford,2015,"58,975 km",Petrol,Manual,"EMI ₹9,875/m*",₹3.75 lakh
Hyundai VENUE,Hyundai,2021,"35,525 km",Petrol,Manual,"EMI ₹11,810/m*",₹6.69 lakh
Ford Ecosport,Ford,2014,"98,086 km",Diesel,Manual,"EMI ₹17,747/m*",₹3.77 lakh
Ford New Figo,Ford,2015,"1,17,596 km",Diesel,Manual,"EMI ₹9,405/m*",₹2.83 lakh
Toyota URBAN CRUISER HYRYDER,Toyota,2023,"33,241 km",Hybrid,Auto,"EMI ₹24,965/m*",₹14.58 lakh
Maruti Grand Vitara,Maruti,2023,"51,190 km",Petrol,Auto,"EMI ₹17,705/m*",₹10.34 lakh
Chevrolet Sail,Chevrolet,2016,"47,752 km",Petrol,Manual,"EMI ₹6,252/m*",₹2.81 lakh
Volkswagen Polo,Volkswagen,2017,"82,301 km",Petrol,Manual,"EMI ₹8,074/m*",₹4.13 lakh
Maruti Baleno,Maruti,2017,"26,954 km",Petrol,Auto,"EMI ₹10,303/m*",₹5.27 lakh
Maruti S PRESSO,Maruti,2022,"40,904 km",Petrol,Manual,"EMI ₹5,772/m*",₹3.27 lakh
Maruti S Cross,Maruti,2022,"13,393 km",Petrol,Auto,"EMI ₹13,946/m*",₹7.90 lakh
Mahindra XUV500,Mahindra,2012,"1,39,724 km",Diesel,Manual,"EMI ₹13,946/m*",₹3.98 lakh
Mahindra XUV300,Mahindra,2019,"75,257 km",Petrol,Manual,"EMI ₹9,179/m*",₹5.20 lakh
Hyundai NEW I20,Hyundai,2022,"26,568 km",Petrol,Manual,"EMI ₹12,145/m*",₹6.88 lakh
KIA SELTOS,KIA,2022,"31,621 km",Petrol,Manual,"EMI ₹15,667/m*",₹9.15 lakh
MG HECTOR,MG,2020,"39,286 km",Petrol,Manual,"EMI ₹17,105/m*",₹9.99 lakh
Maruti S Cross,Maruti,2017,"1,32,347 km",Diesel,Manual,"EMI ₹9,365/m*",₹4.21 lakh
Hyundai Grand i10,Hyundai,2019,"25,161 km",Petrol,Manual,"EMI ₹7,246/m*",₹4.10 lakh
Renault Kwid,Renault,2017,"49,297 km",Petrol,Auto,"EMI ₹5,470/m*",₹2.80 lakh
Maruti IGNIS,Maruti,2022,"46,564 km",Petrol,Manual,"EMI ₹7,972/m*",₹4.52 lakh
Honda Amaze,Honda,2023,"11,458 km",Petrol,Manual,"EMI ₹11,721/m*",₹6.64 lakh
Tata ALTROZ,Tata,2020,"53,590 km",Petrol,Manual,"EMI ₹9,425/m*",₹5.34 lakh
Hyundai Elite i20,Hyundai,2015,"94,350 km",Petrol,Manual,"EMI ₹9,691/m*",₹3.68 lakh
Hyundai Grand i10,Hyundai,2014,"63,419 km",Petrol,Manual,"EMI ₹9,300/m*",₹2.80 lakh
Maruti Wagon R 1.0,Maruti,2018,"57,355 km",Petrol,Auto,"EMI ₹5,684/m*",₹3.22 lakh
Maruti Baleno,Maruti,2017,"86,212 km",Diesel,Manual,"EMI ₹11,007/m*",₹4.95 lakh
Honda Amaze,Honda,2018,"38,309 km",Petrol,Auto,"EMI ₹8,756/m*",₹4.96 lakh
Tata NEXON,Tata,2018,"25,476 km",Diesel,Manual,"EMI ₹13,861/m*",₹7.09 lakh
Maruti Ciaz,Maruti,2018,"58,883 km",Petrol,Auto,"EMI ₹9,826/m*",₹5.57 lakh
Datsun Redi Go,Datsun,2016,"70,807 km",Petrol,Manual,"EMI ₹3,604/m*",₹1.62 lakh
Hyundai NEW I20 N LINE,Hyundai,2022,"20,683 km",Petrol,Manual,"EMI ₹14,105/m*",₹7.99 lakh
Hyundai Creta,Hyundai,2017,"99,631 km",Petrol,Manual,"EMI ₹13,275/m*",₹6.79 lakh
Maruti S Cross,Maruti,2022,"89,654 km",Petrol,Manual,"EMI ₹11,774/m*",₹6.67 lakh
Hyundai Creta,Hyundai,2020,"73,011 km",Diesel,Manual,"EMI ₹15,838/m*",₹9.25 lakh
Maruti Swift Dzire,Maruti,2014,"58,960 km",Petrol,Manual,"EMI ₹11,260/m*",₹3.39 lakh
Skoda KUSHAQ,Skoda,2022,"27,752 km",Petrol,Auto,"EMI ₹21,831/m*",₹12.75 lakh
KIA SELTOS,KIA,2019,"1,21,642 km",Petrol,Manual,"EMI ₹14,815/m*",₹6.66 lakh
Nissan Sunny,Nissan,2013,"25,906 km",Petrol,Manual,"EMI ₹11,439/m*",₹2.43 lakh
Ford Ecosport,Ford,2014,"99,778 km",Diesel,Manual,"EMI ₹17,700/m*",₹3.76 lakh
Renault Kwid,Renault,2018,"77,765 km",Petrol,Manual,"EMI ₹4,131/m*",₹2.34 lakh
Maruti IGNIS,Maruti,2017,"74,559 km",Petrol,Manual,"EMI ₹7,194/m*",₹3.68 lakh
Tata TIGOR,Tata,2017,"91,995 km",Petrol,Manual,"EMI ₹6,784/m*",₹3.47 lakh
Hyundai VENUE,Hyundai,2019,"80,802 km",Petrol,Auto,"EMI ₹10,856/m*",₹6.15 lakh
Renault Kwid,Renault,2017,"75,780 km",Petrol,Auto,"EMI ₹4,888/m*",₹2.50 lakh
Ford Ecosport,Ford,2014,"1,18,840 km",Diesel,Manual,"EMI ₹15,817/m*",₹3.36 lakh
Hyundai Creta,Hyundai,2020,"67,600 km",Petrol,Auto,"EMI ₹18,167/m*",₹10.61 lakh
Honda City,Honda,2017,"57,720 km",Petrol,Auto,"EMI ₹12,375/m*",₹6.33 lakh
Maruti Vitara Brezza,Maruti,2017,"74,011 km",Diesel,Manual,"EMI ₹15,126/m*",₹6.80 lakh
Maruti Swift,Maruti,2014,"80,033 km",Petrol,Manual,"EMI ₹11,492/m*",₹3.46 lakh
Maruti Swift,Maruti,2023,"14,177 km",CNG,Manual,"EMI ₹11,474/m*",₹6.50 lakh
Hyundai Elite i20,Hyundai,2018,"71,713 km",Petrol,Manual,"EMI ₹8,735/m*",₹4.95 lakh
Maruti Swift,Maruti,2015,"82,853 km",Petrol,Manual,"EMI ₹9,559/m*",₹3.63 lakh
Maruti Swift,Maruti,2020,"30,409 km",Petrol,Auto,"EMI ₹10,501/m*",₹5.95 lakh
Hyundai Elite i20,Hyundai,2015,"1,00,261 km",Diesel,Manual,"EMI ₹13,551/m*",₹4.08 lakh
Tata Tiago,Tata,2018,"45,239 km",Petrol,Auto,"EMI ₹6,708/m*",₹3.80 lakh
Ford Figo,Ford,2015,"77,456 km",Petrol,Manual,"EMI ₹7,011/m*",₹2.66 lakh
Maruti Baleno,Maruti,2020,"33,370 km",Petrol,Manual,"EMI ₹10,150/m*",₹5.75 lakh
Hyundai VENUE,Hyundai,2021,"48,742 km",Petrol,Manual,"EMI ₹11,121/m*",₹6.30 lakh
KIA SELTOS,KIA,2021,"77,664 km",Petrol,Manual,"EMI ₹17,834/m*",₹10.42 lakh
Maruti Alto,Maruti,2019,"14,377 km",Petrol,Manual,"EMI ₹3,954/m*",₹2.24 lakh
Ford New Figo,Ford,2016,"79,879 km",Petrol,Manual,"EMI ₹7,007/m*",₹3.15 lakh
Tata Tiago,Tata,2021,"38,116 km",Petrol,Manual,"EMI ₹7,679/m*",₹4.35 lakh
Hyundai Elite i20,Hyundai,2018,"43,038 km",Petrol,Manual,"EMI ₹7,505/m*",₹4.25 lakh
Hyundai VENUE,Hyundai,2020,"82,463 km",Petrol,Manual,"EMI ₹10,875/m*",₹6.16 lakh
Hyundai Elite i20,Hyundai,2018,"41,039 km",Petrol,Auto,"EMI ₹9,091/m*",₹5.15 lakh
Hyundai Elite i20,Hyundai,2019,"40,041 km",Petrol,Auto,"EMI ₹10,609/m*",₹6.01 lakh
Volkswagen Polo,Volkswagen,2012,"67,695 km",Diesel,Manual,"EMI ₹10,609/m*",₹2.48 lakh
Honda City,Honda,2017,"88,154 km",Petrol,Manual,"EMI ₹10,205/m*",₹5.22 lakh
Toyota Glanza,Toyota,2022,"35,951 km",Petrol,Auto,"EMI ₹12,022/m*",₹6.81 lakh
Maruti Ertiga,Maruti,2021,"52,323 km",Petrol,Auto,"EMI ₹14,334/m*",₹8.37 lakh
Mahindra Thar,Mahindra,2021,"40,167 km",Petrol,Manual,"EMI ₹17,696/m*",₹10.33 lakh
Ford Ecosport,Ford,2019,"1,00,313 km",Petrol,Manual,"EMI ₹12,045/m*",₹5.41 lakh
Hyundai Verna,Hyundai,2014,"99,204 km",Petrol,Manual,"EMI ₹10,130/m*",₹3.05 lakh
KIA SELTOS,KIA,2020,"95,645 km",Diesel,Manual,"EMI ₹17,896/m*",₹10.45 lakh
Maruti Baleno,Maruti,2020,"36,850 km",Petrol,Auto,"EMI ₹10,853/m*",₹6.15 lakh
Toyota YARIS,Toyota,2018,"77,860 km",Petrol,Auto,"EMI ₹9,145/m*",₹5.18 lakh
Maruti Baleno,Maruti,2016,"63,690 km",Petrol,Manual,"EMI ₹9,676/m*",₹4.35 lakh
Volkswagen TAIGUN,Volkswagen,2023,"48,669 km",Petrol,Manual,"EMI ₹15,736/m*",₹9.19 lakh
Toyota Etios Liva,Toyota,2013,"62,440 km",Petrol,Manual,"EMI ₹12,333/m*",₹2.62 lakh
Hyundai Sonata,Hyundai,2013,"64,799 km",Petrol,Auto,"EMI ₹21,216/m*",₹4.51 lakh
Maruti Alto K10,Maruti,2012,"70,350 km",Petrol,Manual,"EMI ₹14,749/m*",₹1.66 lakh
Hyundai VENUE,Hyundai,2021,"78,644 km",Petrol,Manual,"EMI ₹12,022/m*",₹6.81 lakh
Honda Jazz,Honda,2015,"80,054 km",Petrol,Auto,"EMI ₹9,296/m*",₹3.53 lakh
Hyundai Grand i10,Hyundai,2015,"37,228 km",Petrol,Manual,"EMI ₹9,217/m*",₹3.50 lakh
Mahindra TUV300,Mahindra,2017,"73,350 km",Diesel,Manual,"EMI ₹13,258/m*",₹5.96 lakh
Mahindra XUV500,Mahindra,2015,"83,012 km",Diesel,Manual,"EMI ₹25,715/m*",₹7.74 lakh
Ford FREESTYLE,Ford,2020,"32,553 km",Diesel,Manual,"EMI ₹9,003/m*",₹5.10 lakh
Maruti Swift,Maruti,2018,"67,158 km",Petrol,Auto,"EMI ₹7,961/m*",₹4.51 lakh
Hyundai Creta,Hyundai,2016,"36,776 km",Petrol,Manual,"EMI ₹13,903/m*",₹6.25 lakh
Honda City,Honda,2019,"31,348 km",Petrol,Manual,"EMI ₹13,667/m*",₹7.74 lakh
Tata NEXON,Tata,2018,"76,932 km",Petrol,Auto,"EMI ₹10,503/m*",₹5.95 lakh
Maruti Vitara Brezza,Maruti,2019,"28,376 km",Diesel,Manual,"EMI ₹14,092/m*",₹8.23 lakh
Maruti Swift,Maruti,2016,"1,02,156 km",Petrol,Manual,"EMI ₹7,779/m*",₹3.50 lakh
Maruti Alto K10,Maruti,2018,"72,039 km",Petrol,Manual,"EMI ₹4,766/m*",₹2.70 lakh
Ford Ecosport,Ford,2021,"24,455 km",Petrol,Manual,"EMI ₹13,646/m*",₹7.73 lakh
Tata NEXON,Tata,2021,"25,273 km",Petrol,Manual,"EMI ₹12,322/m*",₹6.98 lakh
Tata Tiago,Tata,2023,"24,278 km",Petrol,Auto,"EMI ₹10,221/m*",₹5.79 lakh
Maruti S PRESSO,Maruti,2023,"10,940 km",Petrol,Manual,"EMI ₹6,690/m*",₹3.79 lakh
Honda BR-V,Honda,2018,"72,048 km",Petrol,Auto,"EMI ₹12,180/m*",₹6.90 lakh
Renault TRIBER,Renault,2020,"33,241 km",Petrol,Auto,"EMI ₹8,950/m*",₹5.07 lakh
Honda City,Honda,2018,"33,547 km",Petrol,Manual,"EMI ₹11,827/m*",₹6.70 lakh
Hyundai GRAND I10 NIOS,Hyundai,2022,"14,118 km",Petrol,Auto,"EMI ₹9,850/m*",₹5.58 lakh
Ford Ecosport,Ford,2020,"59,041 km",Diesel,Manual,"EMI ₹12,022/m*",₹6.81 lakh
Maruti Ciaz,Maruti,2016,"89,367 km",Petrol,Manual,"EMI ₹9,810/m*",₹4.41 lakh
Nissan Terrano,Nissan,2014,"1,24,832 km",Petrol,Manual,"EMI ₹10,894/m*",₹3.28 lakh
Hyundai Elite i20,Hyundai,2018,"66,903 km",Petrol,Manual,"EMI ₹7,940/m*",₹4.50 lakh
Hyundai Eon,Hyundai,2014,"51,648 km",Petrol,Manual,"EMI ₹6,483/m*",₹1.95 lakh
Maruti Swift,Maruti,2023,"31,440 km",Petrol,Auto,"EMI ₹11,651/m*",₹6.60 lakh
Tata TIAGO NRG,Tata,2023,"48,348 km",Petrol,Auto,"EMI ₹9,991/m*",₹5.66 lakh
Tata NEXON,Tata,2022,"61,053 km",Petrol,Manual,"EMI ₹12,763/m*",₹7.23 lakh
Ford Figo Aspire,Ford,2017,"42,174 km",Petrol,Manual,"EMI ₹7,656/m*",₹3.92 lakh
Maruti Swift,Maruti,2014,"84,501 km",Diesel,Manual,"EMI ₹17,182/m*",₹3.65 lakh
Mahindra TUV300,Mahindra,2017,"30,609 km",Diesel,Manual,"EMI ₹12,457/m*",₹5.60 lakh
Hyundai Elite i20,Hyundai,2020,"63,436 km",Petrol,Manual,"EMI ₹9,446/m*",₹5.35 lakh
Hyundai NEW SANTRO,Hyundai,2019,"1,33,250 km",Petrol,Auto,"EMI ₹8,289/m*",₹3.73 lakh
Maruti Dzire,Maruti,2019,"32,100 km",Petrol,Auto,"EMI ₹9,268/m*",₹5.25 lakh
Maruti Baleno,Maruti,2018,"41,827 km",Petrol,Auto,"EMI ₹8,261/m*",₹4.68 lakh
Tata Nano,Tata,2016,"17,041 km",Petrol,Auto,"EMI ₹4,071/m*",₹1.83 lakh
Ford Figo,Ford,2012,"63,222 km",Petrol,Manual,"EMI ₹17,770/m*",₹2.00 lakh
Tata NEXON,Tata,2019,"27,633 km",Petrol,Manual,"EMI ₹10,062/m*",₹5.70 lakh
KIA SELTOS,KIA,2020,"66,607 km",Diesel,Auto,"EMI ₹18,800/m*",₹10.98 lakh
Hyundai Elite i20,Hyundai,2018,"6,952 km",Diesel,Manual,"EMI ₹12,980/m*",₹6.64 lakh
KIA SONET,KIA,2021,"62,570 km",Diesel,Manual,"EMI ₹14,105/m*",₹7.99 lakh
Renault Kwid,Renault,2016,"47,594 km",Petrol,Manual,"EMI ₹5,561/m*",₹2.50 lakh
Tata TIGOR,Tata,2021,"51,686 km",Petrol,Manual,"EMI ₹8,120/m*",₹4.60 lakh
Honda WR-V,Honda,2017,"55,521 km",Petrol,Manual,"EMI ₹9,583/m*",₹4.90 lakh
Tata Tiago,Tata,2017,"69,993 km",Petrol,Auto,"EMI ₹7,234/m*",₹3.70 lakh
Maruti Ertiga,Maruti,2015,"65,078 km",Petrol,Manual,"EMI ₹13,562/m*",₹5.15 lakh
Renault Pulse,Renault,2013,"1,09,711 km",Petrol,Manual,"EMI ₹13,727/m*",₹2.92 lakh
Maruti Swift,Maruti,2017,"56,556 km",Diesel,Manual,"EMI ₹11,100/m*",₹4.99 lakh
KIA SONET,KIA,2020,"32,564 km",Petrol,Manual,"EMI ₹12,445/m*",₹7.05 lakh
Hyundai Creta,Hyundai,2016,"87,605 km",Diesel,Manual,"EMI ₹19,588/m*",₹7.44 lakh
Tata Tiago,Tata,2017,"90,075 km",Petrol,Manual,"EMI ₹6,237/m*",₹3.19 lakh
Tata Tiago,Tata,2016,"46,127 km",Petrol,Manual,"EMI ₹7,654/m*",₹3.44 lakh
KIA SONET,KIA,2021,"39,387 km",Petrol,Auto,"EMI ₹14,725/m*",₹8.60 lakh
Tata ALTROZ,Tata,2021,"79,407 km",Diesel,Manual,"EMI ₹10,856/m*",₹6.15 lakh
Maruti Swift,Maruti,2020,"49,503 km",Petrol,Manual,"EMI ₹10,820/m*",₹6.13 lakh
Hyundai Grand i10,Hyundai,2019,"78,244 km",Petrol,Manual,"EMI ₹7,467/m*",₹4.23 lakh
Hyundai i10,Hyundai,2012,"62,134 km",Petrol,Manual,"EMI ₹18,303/m*",₹2.06 lakh
Renault Duster,Renault,2019,"67,120 km",Diesel,Auto,"EMI ₹11,364/m*",₹6.44 lakh
Mahindra XUV500,Mahindra,2018,"52,365 km",Diesel,Manual,"EMI ₹21,885/m*",₹11.50 lakh
KIA SONET,KIA,2023,"13,804 km",Diesel,Auto,"EMI ₹17,859/m*",₹10.43 lakh
Honda Brio,Honda,2014,"1,03,862 km",Petrol,Auto,"EMI ₹8,669/m*",₹2.61 lakh
Honda City,Honda,2014,"1,03,662 km",Petrol,Auto,"EMI ₹14,913/m*",₹4.49 lakh
Maruti Celerio,Maruti,2014,"70,588 km",Petrol,Manual,"EMI ₹10,130/m*",₹3.05 lakh
Hyundai NEW SANTRO,Hyundai,2019,"15,889 km",Petrol,Manual,"EMI ₹6,037/m*",₹3.42 lakh
Hyundai Eon,Hyundai,2013,"43,596 km",Petrol,Manual,"EMI ₹9,705/m*",₹2.06 lakh
Maruti Vitara Brezza,Maruti,2022,"77,009 km",Petrol,Auto,"EMI ₹13,398/m*",₹7.59 lakh
Hyundai AURA,Hyundai,2022,"14,943 km",Petrol,Auto,"EMI ₹11,121/m*",₹6.30 lakh
Volkswagen Vento,Volkswagen,2013,"51,652 km",Petrol,Manual,"EMI ₹15,111/m*",₹3.21 lakh
Hyundai Elite i20,Hyundai,2017,"50,672 km",Petrol,Manual,"EMI ₹9,931/m*",₹5.08 lakh
Tata Tiago,Tata,2016,"69,684 km",Diesel,Manual,"EMI ₹9,880/m*",₹3.75 lakh
Hyundai Elite i20,Hyundai,2016,"79,884 km",Petrol,Manual,"EMI ₹10,232/m*",₹4.60 lakh
Honda Amaze,Honda,2018,"29,472 km",Diesel,Manual,"EMI ₹12,121/m*",₹6.20 lakh
Maruti Baleno,Maruti,2020,"50,806 km",Petrol,Manual,"EMI ₹9,468/m*",₹5.36 lakh
Maruti Wagon R Stingray,Maruti,2014,"99,934 km",Petrol,Manual,"EMI ₹8,328/m*",₹2.51 lakh
Tata TIGOR,Tata,2019,"81,313 km",Petrol,Auto,"EMI ₹8,809/m*",₹4.99 lakh
Skoda KUSHAQ,Skoda,2021,"32,205 km",Petrol,Auto,"EMI ₹16,164/m*",₹9.44 lakh
Renault Kwid,Renault,2016,"86,090 km",Petrol,Manual,"EMI ₹4,961/m*",₹2.23 lakh
Renault Kwid,Renault,2018,"57,335 km",Petrol,Manual,"EMI ₹4,554/m*",₹2.58 lakh
Renault TRIBER,Renault,2024,"51,144 km",Petrol,Manual,"EMI ₹10,415/m*",₹5.90 lakh
Hyundai Verna,Hyundai,2012,"79,823 km",Petrol,Manual,"EMI ₹27,543/m*",₹3.10 lakh
Skoda Octavia,Skoda,2015,"1,08,836 km",Petrol,Auto,"EMI ₹17,196/m*",₹6.53 lakh
Hyundai ALCAZAR,Hyundai,2022,"80,331 km",Diesel,Manual,"EMI ₹22,824/m*",₹13.33 lakh
Maruti Swift,Maruti,2020,"83,525 km",Petrol,Manual,"EMI ₹10,596/m*",₹6.00 lakh
Maruti XL6,Maruti,2020,"74,374 km",Petrol,Auto,"EMI ₹14,139/m*",₹8.26 lakh
Honda City,Honda,2015,"51,571 km",Petrol,Manual,"EMI ₹12,782/m*",₹4.85 lakh
Maruti Wagon R 1.0,Maruti,2016,"63,564 km",Petrol,Manual,"EMI ₹6,874/m*",₹3.09 lakh
Maruti Swift Dzire,Maruti,2013,"90,181 km",Diesel,Manual,"EMI ₹29,409/m*",₹3.31 lakh
KIA SELTOS,KIA,2021,"21,130 km",Petrol,Manual,"EMI ₹16,734/m*",₹9.77 lakh
Hyundai Eon,Hyundai,2014,"29,859 km",Petrol,Manual,"EMI ₹6,643/m*",₹2.00 lakh
Maruti Baleno,Maruti,2018,"78,999 km",Petrol,Manual,"EMI ₹8,968/m*",₹5.08 lakh
Maruti Baleno,Maruti,2023,"29,137 km",Petrol,Manual,"EMI ₹12,533/m*",₹7.10 lakh
Maruti Ertiga,Maruti,2017,"47,964 km",Diesel,Manual,"EMI ₹15,715/m*",₹7.06 lakh
KIA SONET,KIA,2024,"6,896 km",Petrol,Auto,"EMI ₹18,578/m*",₹10.85 lakh
Honda City,Honda,2015,"65,425 km",Diesel,Manual,"EMI ₹17,799/m*",₹5.36 lakh
Hyundai Creta,Hyundai,2017,"80,850 km",Petrol,Manual,"EMI ₹11,900/m*",₹6.09 lakh
Nissan MAGNITE,Nissan,2022,"27,479 km",Petrol,Auto,"EMI ₹12,180/m*",₹6.90 lakh
Ford Figo,Ford,2014,"54,003 km",Petrol,Manual,"EMI ₹6,975/m*",₹2.10 lakh
Hyundai VENUE,Hyundai,2020,"37,133 km",Petrol,Manual,"EMI ₹11,810/m*",₹6.69 lakh
Maruti S PRESSO,Maruti,2020,"28,742 km",Petrol,Manual,"EMI ₹6,090/m*",₹3.45 lakh
Volkswagen Polo,Volkswagen,2013,"83,205 km",Diesel,Manual,"EMI ₹35,152/m*",₹3.96 lakh
Hyundai Creta,Hyundai,2022,"46,460 km",Petrol,Manual,"EMI ₹17,414/m*",₹10.17 lakh
Hyundai i20 Active,Hyundai,2016,"79,914 km",Petrol,Manual,"EMI ₹10,299/m*",₹4.63 lakh
Honda Jazz,Honda,2015,"52,403 km",Petrol,Manual,"EMI ₹10,112/m*",₹3.84 lakh
Maruti Dzire,Maruti,2019,"51,894 km",Petrol,Manual,"EMI ₹9,861/m*",₹5.59 lakh
Ford Ecosport,Ford,2017,"42,467 km",Petrol,Auto,"EMI ₹11,676/m*",₹5.97 lakh
Maruti XL6,Maruti,2021,"54,293 km",Petrol,Manual,"EMI ₹14,845/m*",₹8.67 lakh
Hyundai GRAND I10 NIOS,Hyundai,2020,"70,161 km",Petrol,Auto,"EMI ₹8,734/m*",₹4.95 lakh
Hyundai i10,Hyundai,2013,"1,33,436 km",Petrol,Manual,"EMI ₹8,379/m*",₹1.78 lakh
Hyundai Grand i10,Hyundai,2016,"54,873 km",Petrol,Manual,"EMI ₹8,764/m*",₹3.94 lakh
Maruti S Cross,Maruti,2021,"33,046 km",Petrol,Manual,"EMI ₹12,180/m*",₹6.90 lakh
Renault Duster,Renault,2016,"52,815 km",Petrol,Manual,"EMI ₹10,688/m*",₹4.80 lakh
Hyundai Grand i10,Hyundai,2015,"66,688 km",Petrol,Manual,"EMI ₹8,558/m*",₹3.25 lakh
Hyundai GRAND I10 NIOS,Hyundai,2023,"39,170 km",Petrol,Manual,"EMI ₹9,427/m*",₹5.34 lakh
Ford FREESTYLE,Ford,2018,"89,710 km",Diesel,Manual,"EMI ₹8,465/m*",₹4.33 lakh
Honda Jazz,Honda,2019,"34,565 km",Petrol,Auto,"EMI ₹10,239/m*",₹5.80 lakh
Mahindra XUV700,Mahindra,2022,"69,334 km",Diesel,Manual,"EMI ₹26,540/m*",₹15.50 lakh
Tata TIGOR,Tata,2018,"83,165 km",Petrol,Auto,"EMI ₹7,202/m*",₹4.08 lakh
Renault Duster,Renault,2018,"88,316 km",Diesel,Manual,"EMI ₹11,046/m*",₹5.65 lakh
Maruti Celerio,Maruti,2017,"42,701 km",Petrol,Auto,"EMI ₹7,214/m*",₹3.69 lakh
Hyundai Elite i20,Hyundai,2016,"46,436 km",Petrol,Manual,"EMI ₹10,010/m*",₹4.50 lakh
MG HECTOR,MG,2019,"49,240 km",Petrol,Auto,"EMI ₹17,619/m*",₹10.29 lakh
Honda City,Honda,2017,"43,945 km",Petrol,Manual,"EMI ₹9,990/m*",₹5.11 lakh
KIA SELTOS,KIA,2020,"40,936 km",Diesel,Manual,"EMI ₹18,489/m*",₹10.80 lakh
Maruti Celerio,Maruti,2021,"37,247 km",Petrol,Manual,"EMI ₹7,220/m*",₹4.09 lakh
Mahindra Thar,Mahindra,2021,"25,942 km",Petrol,Auto,"EMI ₹20,752/m*",₹12.12 lakh
Toyota Etios Liva,Toyota,2012,"96,531 km",Petrol,Manual,"EMI ₹25,715/m*",₹2.89 lakh
Tata ALTROZ,Tata,2023,"17,167 km",Petrol,Auto,"EMI ₹12,180/m*",₹6.90 lakh
Nissan Sunny,Nissan,2012,"1,17,959 km",Diesel,Manual,"EMI ₹12,180/m*",₹2.23 lakh
Maruti Celerio,Maruti,2017,"73,344 km",Petrol,Manual,"EMI ₹7,625/m*",₹3.90 lakh
Maruti S Cross,Maruti,2021,"1,06,818 km",Petrol,Manual,"EMI ₹15,006/m*",₹6.75 lakh
Hyundai Verna,Hyundai,2014,"97,400 km",Diesel,Manual,"EMI ₹19,818/m*",₹4.21 lakh
Maruti Ertiga,Maruti,2021,"91,770 km",Petrol,Auto,"EMI ₹13,646/m*",₹7.73 lakh
Ford Ecosport,Ford,2015,"92,849 km",Petrol,Manual,"EMI ₹10,613/m*",₹4.03 lakh
Honda Amaze,Honda,2023,"32,339 km",Petrol,Auto,"EMI ₹12,581/m*",₹7.13 lakh
Ford Ecosport,Ford,2017,"1,36,621 km",Diesel,Manual,"EMI ₹9,877/m*",₹4.44 lakh
Honda Brio,Honda,2016,"54,165 km",Petrol,Manual,"EMI ₹6,762/m*",₹3.04 lakh
Honda Amaze,Honda,2013,"67,212 km",Diesel,Manual,"EMI ₹26,832/m*",₹3.02 lakh
Tata Zest,Tata,2014,"76,499 km",Petrol,Manual,"EMI ₹9,931/m*",₹2.99 lakh
Volkswagen Vento,Volkswagen,2012,"1,31,892 km",Diesel,Manual,"EMI ₹9,931/m*",₹2.66 lakh
Maruti Ertiga,Maruti,2013,"74,135 km",Petrol,Manual,"EMI ₹23,529/m*",₹5.00 lakh
Maruti Swift Dzire,Maruti,2013,"1,21,170 km",Diesel,Manual,"EMI ₹27,987/m*",₹3.15 lakh
Tata NEXON,Tata,2023,"42,318 km",Petrol,Manual,"EMI ₹16,489/m*",₹9.63 lakh
Ford Ecosport,Ford,2019,"25,638 km",Petrol,Auto,"EMI ₹11,580/m*",₹6.56 lakh
Mahindra XUV500,Mahindra,2014,"83,252 km",Diesel,Manual,"EMI ₹25,192/m*",₹5.35 lakh
Volkswagen Cross Polo,Volkswagen,2013,"45,994 km",Diesel,Manual,"EMI ₹33,247/m*",₹3.74 lakh
Hyundai Elite i20,Hyundai,2016,"1,08,138 km",Petrol,Manual,"EMI ₹9,053/m*",₹4.07 lakh
Hyundai VENUE,Hyundai,2021,"31,299 km",Petrol,Manual,"EMI ₹11,985/m*",₹6.79 lakh
Ford Ecosport,Ford,2016,"76,965 km",Diesel,Manual,"EMI ₹14,089/m*",₹5.35 lakh
Maruti Vitara Brezza,Maruti,2019,"1,53,338 km",Diesel,Auto,"EMI ₹13,797/m*",₹6.20 lakh
Hyundai Verna,Hyundai,2017,"79,333 km",Petrol,Manual,"EMI ₹12,156/m*",₹6.22 lakh
Hyundai VENUE,Hyundai,2021,"30,184 km",Petrol,Manual,"EMI ₹13,734/m*",₹7.78 lakh
Honda Jazz,Honda,2015,"79,887 km",Diesel,Manual,"EMI ₹12,954/m*",₹3.90 lakh
Hyundai i20 Active,Hyundai,2016,"91,318 km",Petrol,Manual,"EMI ₹9,943/m*",₹4.47 lakh
Renault Kiger,Renault,2023,"16,636 km",Petrol,Auto,"EMI ₹11,368/m*",₹6.44 lakh
Ford Ecosport,Ford,2017,"1,17,230 km",Diesel,Manual,"EMI ₹9,854/m*",₹4.43 lakh
Tata PUNCH,Tata,2023,"21,477 km",Petrol,Auto,"EMI ₹12,286/m*",₹6.96 lakh
Honda Amaze,Honda,2023,"5,709 km",Petrol,Auto,"EMI ₹13,942/m*",₹7.90 lakh
Ford Ecosport,Ford,2014,"82,073 km",Petrol,Manual,"EMI ₹12,621/m*",₹3.80 lakh
Maruti Celerio,Maruti,2016,"62,424 km",Petrol,Auto,"EMI ₹6,651/m*",₹2.99 lakh
Maruti Swift,Maruti,2014,"1,07,171 km",Diesel,Manual,"EMI ₹16,429/m*",₹3.49 lakh
Tata NEXON,Tata,2022,"96,854 km",Petrol,Auto,"EMI ₹13,045/m*",₹7.39 lakh
Honda Brio,Honda,2013,"53,389 km",Petrol,Manual,"EMI ₹12,009/m*",₹2.55 lakh
Renault Kwid,Renault,2017,"75,218 km",Petrol,Auto,"EMI ₹5,650/m*",₹2.89 lakh
Tata TIAGO NRG,Tata,2023,"24,350 km",Petrol,Auto,"EMI ₹10,155/m*",₹5.75 lakh
Maruti Ertiga,Maruti,2023,"26,021 km",Petrol,Manual,"EMI ₹17,465/m*",₹10.20 lakh
Maruti Wagon R 1.0,Maruti,2014,"55,241 km",Petrol,Manual,"EMI ₹9,638/m*",₹2.90 lakh
Tata NEXON,Tata,2018,"54,652 km",Petrol,Auto,"EMI ₹10,031/m*",₹5.68 lakh
Ford Ecosport,Ford,2013,"1,36,524 km",Diesel,Manual,"EMI ₹27,721/m*",₹3.12 lakh
Maruti Ciaz,Maruti,2018,"53,489 km",Petrol,Manual,"EMI ₹11,121/m*",₹6.30 lakh
Maruti Swift,Maruti,2012,"78,442 km",Diesel,Manual,"EMI ₹11,121/m*",₹3.99 lakh
Ford Ecosport,Ford,2018,"30,377 km",Petrol,Auto,"EMI ₹12,622/m*",₹7.15 lakh
Volkswagen Polo,Volkswagen,2014,"86,989 km",Diesel,Manual,"EMI ₹20,785/m*",₹4.42 lakh
Tata PUNCH,Tata,2024,"8,776 km",Petrol,Manual,"EMI ₹13,591/m*",₹7.70 lakh
Skoda KUSHAQ,Skoda,2021,"56,564 km",Petrol,Manual,"EMI ₹15,855/m*",₹9.26 lakh
Datsun Redi Go,Datsun,2018,"61,404 km",Petrol,Auto,"EMI ₹4,151/m*",₹2.35 lakh
Maruti Swift,Maruti,2018,"38,503 km",Petrol,Auto,"EMI ₹9,474/m*",₹5.37 lakh
KIA SONET,KIA,2021,"62,086 km",Petrol,Manual,"EMI ₹12,710/m*",₹7.20 lakh
Maruti XL6,Maruti,2020,"11,644 km",Petrol,Auto,"EMI ₹15,753/m*",₹9.20 lakh
Ford Ecosport,Ford,2015,"92,380 km",Diesel,Manual,"EMI ₹13,855/m*",₹4.17 lakh
Maruti Ertiga,Maruti,2015,"96,863 km",Diesel,Manual,"EMI ₹22,011/m*",₹6.63 lakh
Volkswagen Vento,Volkswagen,2017,"76,300 km",Petrol,Auto,"EMI ₹11,635/m*",₹5.95 lakh
Hyundai Elite i20,Hyundai,2020,"61,932 km",Petrol,Manual,"EMI ₹8,579/m*",₹4.86 lakh
KIA SELTOS,KIA,2019,"35,942 km",Petrol,Auto,"EMI ₹18,064/m*",₹10.55 lakh
Hyundai NEW I20,Hyundai,2021,"60,448 km",Petrol,Auto,"EMI ₹12,528/m*",₹7.10 lakh
Maruti Swift,Maruti,2021,"36,985 km",Petrol,Manual,"EMI ₹10,171/m*",₹5.76 lakh
Maruti Wagon R 1.0,Maruti,2016,"1,09,211 km",Petrol,Auto,"EMI ₹6,562/m*",₹2.95 lakh
Hyundai Creta,Hyundai,2016,"41,701 km",Petrol,Manual,"EMI ₹16,483/m*",₹7.41 lakh
Honda WR-V,Honda,2017,"72,856 km",Petrol,Manual,"EMI ₹9,756/m*",₹4.99 lakh
Hyundai NEW SANTRO,Hyundai,2021,"59,142 km",Petrol,Manual,"EMI ₹7,043/m*",₹3.99 lakh
KIA SELTOS,KIA,2022,"41,191 km",Petrol,Auto,"EMI ₹22,002/m*",₹12.85 lakh
Hyundai Elite i20,Hyundai,2017,"1,06,073 km",Petrol,Manual,"EMI ₹9,854/m*",₹4.43 lakh
Hyundai Creta,Hyundai,2019,"34,528 km",Petrol,Auto,"EMI ₹16,472/m*",₹9.62 lakh
Skoda Rapid,Skoda,2018,"1,32,014 km",Diesel,Auto,"EMI ₹11,523/m*",₹5.18 lakh
Hyundai Elite i20,Hyundai,2018,"49,656 km",Petrol,Auto,"EMI ₹9,762/m*",₹5.53 lakh
Honda City,Honda,2018,"1,47,264 km",Diesel,Manual,"EMI ₹13,680/m*",₹6.15 lakh
Maruti Swift,Maruti,2013,"83,014 km",Diesel,Manual,"EMI ₹32,746/m*",₹3.69 lakh
Hyundai Grand i10,Hyundai,2019,"45,169 km",Petrol,Manual,"EMI ₹8,035/m*",₹4.55 lakh
Maruti Swift,Maruti,2013,"99,768 km",Petrol,Manual,"EMI ₹14,593/m*",₹3.10 lakh
Skoda Rapid,Skoda,2012,"1,10,617 km",Diesel,Manual,"EMI ₹14,593/m*",₹2.80 lakh
Hyundai Verna,Hyundai,2019,"48,411 km",Petrol,Manual,"EMI ₹13,698/m*",₹8.00 lakh
Maruti Swift Dzire,Maruti,2013,"49,948 km",Petrol,Manual,"EMI ₹17,827/m*",₹3.79 lakh
Hyundai Elite i20,Hyundai,2019,"49,919 km",Petrol,Manual,"EMI ₹10,326/m*",₹5.85 lakh
Renault Kwid,Renault,2016,"88,138 km",Petrol,Manual,"EMI ₹4,649/m*",₹2.09 lakh
Tata NEXON,Tata,2020,"62,762 km",Petrol,Manual,"EMI ₹12,004/m*",₹6.80 lakh
Maruti Wagon R 1.0,Maruti,2017,"27,997 km",Petrol,Auto,"EMI ₹7,181/m*",₹3.67 lakh
Hyundai Verna,Hyundai,2016,"1,26,756 km",Diesel,Auto,"EMI ₹12,272/m*",₹4.66 lakh
Renault Duster,Renault,2014,"1,15,188 km",Diesel,Manual,"EMI ₹16,334/m*",₹3.47 lakh
Maruti Wagon R 1.0,Maruti,2018,"33,300 km",Petrol,Manual,"EMI ₹6,620/m*",₹3.75 lakh
Mahindra XUV300,Mahindra,2019,"80,336 km",Diesel,Manual,"EMI ₹14,130/m*",₹8.25 lakh
Maruti Celerio,Maruti,2022,"19,852 km",Petrol,Auto,"EMI ₹9,889/m*",₹5.60 lakh
Tata Hexa,Tata,2018,"90,947 km",Diesel,Auto,"EMI ₹15,627/m*",₹8.21 lakh
Maruti Alto 800,Maruti,2016,"76,945 km",Petrol,Manual,"EMI ₹5,672/m*",₹2.55 lakh
Hyundai Elite i20,Hyundai,2014,"92,759 km",Petrol,Manual,"EMI ₹13,419/m*",₹4.04 lakh
Maruti Wagon R 1.0,Maruti,2016,"40,016 km",Petrol,Auto,"EMI ₹7,363/m*",₹3.31 lakh
Maruti Alto K10,Maruti,2015,"35,233 km",Petrol,Manual,"EMI ₹7,005/m*",₹2.66 lakh
Hyundai Grand i10,Hyundai,2015,"59,367 km",Petrol,Manual,"EMI ₹9,875/m*",₹3.75 lakh
Honda Jazz,Honda,2017,"91,101 km",Petrol,Manual,"EMI ₹8,113/m*",₹4.15 lakh
Hyundai i10,Hyundai,2013,"72,934 km",Petrol,Manual,"EMI ₹11,627/m*",₹2.47 lakh
Renault Duster,Renault,2016,"97,900 km",Diesel,Manual,"EMI ₹14,858/m*",₹5.64 lakh
Hyundai i10,Hyundai,2014,"50,067 km",Petrol,Manual,"EMI ₹8,769/m*",₹2.64 lakh
Hyundai Creta,Hyundai,2016,"75,687 km",Petrol,Manual,"EMI ₹14,503/m*",₹6.52 lakh
Honda City,Honda,2014,"75,390 km",Petrol,Manual,"EMI ₹14,780/m*",₹4.45 lakh
Nissan Micra Active,Nissan,2018,"71,323 km",Petrol,Manual,"EMI ₹4,819/m*",₹2.73 lakh
Datsun Redi Go,Datsun,2019,"25,042 km",Petrol,Manual,"EMI ₹4,237/m*",₹2.40 lakh
Maruti BREZZA,Maruti,2023,"65,858 km",Petrol,Manual,"EMI ₹16,438/m*",₹9.60 lakh
Datsun Redi Go,Datsun,2021,"21,289 km",Petrol,Manual,"EMI ₹6,055/m*",₹3.43 lakh
Volkswagen Polo,Volkswagen,2013,"73,040 km",Diesel,Manual,"EMI ₹27,365/m*",₹3.08 lakh
Hyundai Verna,Hyundai,2016,"60,245 km",Petrol,Auto,"EMI ₹11,478/m*",₹5.16 lakh
Maruti Swift,Maruti,2019,"36,267 km",Petrol,Auto,"EMI ₹9,532/m*",₹5.40 lakh
Maruti Ertiga,Maruti,2017,"35,639 km",Petrol,Manual,"EMI ₹12,708/m*",₹6.50 lakh
Tata NEXON,Tata,2022,"36,504 km",Petrol,Manual,"EMI ₹14,034/m*",₹7.95 lakh
Renault Kwid,Renault,2016,"74,479 km",Petrol,Manual,"EMI ₹4,671/m*",₹2.10 lakh
KIA SONET,KIA,2022,"71,501 km",Diesel,Manual,"EMI ₹15,591/m*",₹9.11 lakh
Maruti Alto K10,Maruti,2015,"35,900 km",Petrol,Manual,"EMI ₹6,583/m*",₹2.50 lakh
Ford FREESTYLE,Ford,2019,"28,920 km",Petrol,Manual,"EMI ₹8,438/m*",₹4.78 lakh
Hyundai NEW I20,Hyundai,2022,"1,00,478 km",Petrol,Manual,"EMI ₹14,882/m*",₹6.69 lakh
Maruti Wagon R 1.0,Maruti,2016,"85,608 km",Petrol,Auto,"EMI ₹6,451/m*",₹2.90 lakh
Maruti S Cross,Maruti,2016,"83,840 km",Diesel,Manual,"EMI ₹12,772/m*",₹4.85 lakh
Honda Jazz,Honda,2015,"51,622 km",Petrol,Manual,"EMI ₹9,589/m*",₹3.64 lakh
Maruti Wagon R 1.0,Maruti,2017,"79,888 km",Petrol,Auto,"EMI ₹6,647/m*",₹3.40 lakh
Ford New Figo,Ford,2020,"64,216 km",Petrol,Manual,"EMI ₹8,826/m*",₹5.00 lakh
Maruti Swift,Maruti,2022,"2,718 km",Petrol,Auto,"EMI ₹11,332/m*",₹6.42 lakh
Maruti Dzire,Maruti,2018,"71,880 km",Petrol,Manual,"EMI ₹9,444/m*",₹5.35 lakh
MG HECTOR,MG,2020,"67,311 km",Petrol,Auto,"EMI ₹18,064/m*",₹10.55 lakh
Maruti Wagon R 1.0,Maruti,2016,"51,228 km",Petrol,Auto,"EMI ₹7,786/m*",₹3.50 lakh
Tata NEXON,Tata,2018,"93,528 km",Diesel,Manual,"EMI ₹10,282/m*",₹5.26 lakh
Mahindra BOLERO NEO,Mahindra,2021,"79,488 km",Diesel,Manual,"EMI ₹13,240/m*",₹7.50 lakh
Mahindra XUV500,Mahindra,2015,"1,33,742 km",Diesel,Manual,"EMI ₹19,098/m*",₹5.75 lakh
Hyundai Creta,Hyundai,2016,"48,769 km",Petrol,Manual,"EMI ₹14,036/m*",₹6.31 lakh
Maruti Ertiga,Maruti,2015,"71,844 km",Petrol,Manual,"EMI ₹14,224/m*",₹5.40 lakh
Hyundai NEW I20,Hyundai,2021,"84,622 km",Petrol,Manual,"EMI ₹11,271/m*",₹6.38 lakh
Tata Hexa,Tata,2017,"95,880 km",Diesel,Auto,"EMI ₹17,777/m*",₹7.99 lakh
Renault Kwid,Renault,2017,"29,536 km",Petrol,Auto,"EMI ₹6,367/m*",₹3.26 lakh
Maruti Baleno,Maruti,2019,"1,11,531 km",Petrol,Manual,"EMI ₹12,012/m*",₹5.40 lakh
Hyundai Creta,Hyundai,2017,"1,08,638 km",Petrol,Auto,"EMI ₹16,016/m*",₹7.20 lakh
Mahindra XUV500,Mahindra,2018,"90,668 km",Diesel,Manual,"EMI ₹16,560/m*",₹8.70 lakh
Ford Ecosport,Ford,2015,"86,543 km",Petrol,Manual,"EMI ₹11,587/m*",₹4.40 lakh
Maruti Baleno,Maruti,2016,"72,365 km",Petrol,Manual,"EMI ₹9,298/m*",₹4.18 lakh
Mahindra BOLERO NEO,Mahindra,2021,"14,978 km",Diesel,Manual,"EMI ₹13,930/m*",₹8.14 lakh
Honda BR-V,Honda,2018,"84,091 km",Petrol,Manual,"EMI ₹11,414/m*",₹6.47 lakh
Tata Zest,Tata,2016,"73,552 km",Diesel,Manual,"EMI ₹10,218/m*",₹3.88 lakh
Hyundai i20,Hyundai,2012,"71,643 km",Petrol,Manual,"EMI ₹25,618/m*",₹2.88 lakh
Hyundai Grand i10,Hyundai,2019,"13,658 km",Petrol,Auto,"EMI ₹9,232/m*",₹5.23 lakh
Hyundai NEW SANTRO,Hyundai,2019,"88,198 km",Petrol,Auto,"EMI ₹6,832/m*",₹3.87 lakh
KIA SELTOS,KIA,2019,"81,333 km",Petrol,Auto,"EMI ₹16,438/m*",₹9.60 lakh
Maruti Swift,Maruti,2019,"33,840 km",Petrol,Auto,"EMI ₹10,856/m*",₹6.15 lakh
Hyundai Creta,Hyundai,2018,"80,514 km",Diesel,Manual,"EMI ₹17,321/m*",₹9.10 lakh
Maruti Baleno,Maruti,2018,"29,492 km",Petrol,Manual,"EMI ₹9,356/m*",₹5.30 lakh
Hyundai GRAND I10 NIOS,Hyundai,2021,"25,793 km",Petrol,Auto,"EMI ₹9,938/m*",₹5.63 lakh
Hyundai Xcent,Hyundai,2015,"39,050 km",Petrol,Manual,"EMI ₹8,111/m*",₹3.08 lakh
Maruti Celerio,Maruti,2016,"56,789 km",Petrol,Auto,"EMI ₹7,229/m*",₹3.25 lakh
Jeep Compass,Jeep,2021,"18,138 km",Petrol,Auto,"EMI ₹28,321/m*",₹16.54 lakh
Honda Amaze,Honda,2015,"1,43,226 km",Petrol,Manual,"EMI ₹8,163/m*",₹3.10 lakh
Maruti Celerio,Maruti,2015,"62,090 km",Petrol,Auto,"EMI ₹8,532/m*",₹3.24 lakh
Hyundai Creta,Hyundai,2020,"61,144 km",Diesel,Auto,"EMI ₹22,156/m*",₹12.94 lakh
Datsun Redi Go,Datsun,2018,"18,994 km",Petrol,Manual,"EMI ₹3,959/m*",₹2.24 lakh
Hyundai i20,Hyundai,2012,"94,844 km",Diesel,Manual,"EMI ₹3,959/m*",₹2.99 lakh
Hyundai AURA,Hyundai,2021,"93,864 km",Petrol,Auto,"EMI ₹8,697/m*",₹4.93 lakh
Hyundai Elite i20,Hyundai,2015,"42,962 km",Petrol,Manual,"EMI ₹12,640/m*",₹4.80 lakh
Hyundai Verna,Hyundai,2012,"1,00,626 km",Petrol,Manual,"EMI ₹29,764/m*",₹3.35 lakh
Hyundai VENUE,Hyundai,2019,"19,029 km",Petrol,Auto,"EMI ₹13,504/m*",₹7.65 lakh
Ford Ecosport,Ford,2016,"74,404 km",Petrol,Auto,"EMI ₹11,033/m*",₹4.96 lakh
Tata TIGOR,Tata,2018,"43,225 km",Petrol,Auto,"EMI ₹8,297/m*",₹4.70 lakh
Maruti Baleno,Maruti,2018,"77,261 km",Petrol,Manual,"EMI ₹9,250/m*",₹5.24 lakh
Renault Duster,Renault,2016,"77,608 km",Diesel,Auto,"EMI ₹14,220/m*",₹5.40 lakh
Maruti Wagon R Stingray,Maruti,2013,"52,037 km",Petrol,Manual,"EMI ₹12,992/m*",₹2.76 lakh
Maruti Swift,Maruti,2012,"1,47,682 km",Diesel,Manual,"EMI ₹12,992/m*",₹3.90 lakh
Maruti Alto 800,Maruti,2016,"50,117 km",Petrol,Manual,"EMI ₹5,049/m*",₹2.27 lakh
Tata ALTROZ,Tata,2021,"44,227 km",Diesel,Manual,"EMI ₹12,010/m*",₹6.80 lakh
Maruti S Cross,Maruti,2017,"94,317 km",Diesel,Manual,"EMI ₹12,479/m*",₹5.61 lakh
Skoda KUSHAQ,Skoda,2024,"17,862 km",Petrol,Manual,"EMI ₹21,917/m*",₹12.80 lakh
Nissan Micra,Nissan,2014,"1,02,607 km",Petrol,Auto,"EMI ₹7,639/m*",₹2.30 lakh
Hyundai VENUE,Hyundai,2020,"40,844 km",Petrol,Auto,"EMI ₹13,381/m*",₹7.58 lakh
Maruti IGNIS,Maruti,2018,"72,879 km",Petrol,Auto,"EMI ₹8,383/m*",₹4.75 lakh
Toyota Glanza,Toyota,2021,"45,673 km",Petrol,Manual,"EMI ₹11,801/m*",₹6.69 lakh
Maruti Ertiga,Maruti,2016,"76,179 km",Petrol,Manual,"EMI ₹13,814/m*",₹6.21 lakh
Mahindra Bolero,Mahindra,2012,"1,07,666 km",Diesel,Manual,"EMI ₹13,814/m*",₹4.21 lakh
Toyota Glanza,Toyota,2023,"12,325 km",Petrol,Auto,"EMI ₹12,886/m*",₹7.30 lakh
MG HECTOR,MG,2020,"45,740 km",Petrol,Auto,"EMI ₹19,208/m*",₹11.22 lakh
Hyundai i10,Hyundai,2013,"40,837 km",Petrol,Manual,"EMI ₹12,616/m*",₹2.68 lakh
Maruti Ertiga,Maruti,2016,"97,856 km",Diesel,Manual,"EMI ₹18,065/m*",₹6.86 lakh
Hyundai GRAND I10 NIOS,Hyundai,2021,"20,693 km",Petrol,Manual,"EMI ₹9,328/m*",₹5.28 lakh
Mahindra XUV300,Mahindra,2021,"55,687 km",Petrol,Manual,"EMI ₹13,722/m*",₹7.77 lakh
Maruti Ertiga,Maruti,2017,"1,41,312 km",Diesel,Manual,"EMI ₹15,415/m*",₹6.93 lakh
Ford Ecosport,Ford,2015,"1,48,543 km",Petrol,Auto,"EMI ₹10,586/m*",₹4.02 lakh
Maruti Baleno,Maruti,2018,"1,10,979 km",Diesel,Manual,"EMI ₹12,012/m*",₹5.40 lakh
Ford FREESTYLE,Ford,2021,"42,627 km",Petrol,Manual,"EMI ₹9,868/m*",₹5.59 lakh
Honda City,Honda,2014,"1,03,840 km",Petrol,Manual,"EMI ₹12,987/m*",₹3.91 lakh
Maruti Ciaz,Maruti,2017,"1,04,416 km",Petrol,Auto,"EMI ₹10,321/m*",₹4.64 lakh
Maruti S PRESSO,Maruti,2022,"8,373 km",Petrol,Manual,"EMI ₹6,849/m*",₹3.88 lakh
Hyundai Xcent,Hyundai,2015,"89,931 km",Petrol,Auto,"EMI ₹8,927/m*",₹3.39 lakh
Hyundai Grand i10,Hyundai,2019,"52,431 km",Petrol,Auto,"EMI ₹8,279/m*",₹4.69 lakh
Tata NEXON,Tata,2020,"32,463 km",Petrol,Manual,"EMI ₹13,240/m*",₹7.50 lakh
Tata NEXON,Tata,2021,"44,589 km",Petrol,Manual,"EMI ₹12,110/m*",₹6.86 lakh
Hyundai Xcent,Hyundai,2015,"71,654 km",Petrol,Manual,"EMI ₹8,822/m*",₹3.35 lakh
Ford Ecosport,Ford,2016,"72,482 km",Diesel,Manual,"EMI ₹14,484/m*",₹5.50 lakh
Honda City,Honda,2014,"82,405 km",Petrol,Auto,"EMI ₹15,893/m*",₹4.78 lakh
Mahindra XUV500,Mahindra,2017,"90,298 km",Diesel,Auto,"EMI ₹17,894/m*",₹8.23 lakh
Volkswagen Vento,Volkswagen,2014,"64,278 km",Petrol,Manual,"EMI ₹13,120/m*",₹3.95 lakh
Maruti Ertiga,Maruti,2014,"67,372 km",Petrol,Manual,"EMI ₹18,766/m*",₹5.65 lakh
Maruti Celerio,Maruti,2020,"18,949 km",Petrol,Manual,"EMI ₹7,403/m*",₹4.19 lakh
Renault Kwid,Renault,2018,"40,966 km",Petrol,Manual,"EMI ₹5,649/m*",₹3.20 lakh
KIA SONET,KIA,2023,"18,163 km",Diesel,Manual,"EMI ₹16,403/m*",₹9.58 lakh
Tata NEXON,Tata,2019,"63,470 km",Petrol,Auto,"EMI ₹11,245/m*",₹6.37 lakh
Maruti Ciaz,Maruti,2018,"99,109 km",Petrol,Manual,"EMI ₹9,709/m*",₹5.50 lakh
Renault Kwid,Renault,2020,"1,19,976 km",Petrol,Auto,"EMI ₹7,914/m*",₹3.56 lakh
Hyundai Creta,Hyundai,2017,"86,080 km",Petrol,Auto,"EMI ₹15,293/m*",₹7.82 lakh
Renault Duster,Renault,2014,"90,221 km",Diesel,Manual,"EMI ₹18,782/m*",₹3.99 lakh
Maruti Ertiga,Maruti,2014,"54,724 km",Petrol,Manual,"EMI ₹17,888/m*",₹5.39 lakh
Tata Tiago,Tata,2021,"29,725 km",Petrol,Auto,"EMI ₹9,480/m*",₹5.37 lakh
Maruti Swift Dzire,Maruti,2014,"73,898 km",Petrol,Auto,"EMI ₹12,068/m*",₹3.63 lakh
Maruti Swift,Maruti,2019,"65,898 km",Petrol,Auto,"EMI ₹9,498/m*",₹5.38 lakh
KIA SONET,KIA,2020,"31,346 km",Petrol,Manual,"EMI ₹13,632/m*",₹7.72 lakh
Honda Jazz,Honda,2018,"47,411 km",Petrol,Auto,"EMI ₹11,474/m*",₹6.50 lakh
Maruti Dzire,Maruti,2017,"35,349 km",Petrol,Auto,"EMI ₹9,716/m*",₹4.97 lakh
Tata Tiago,Tata,2023,"1,390 km",Petrol,Manual,"EMI ₹9,462/m*",₹5.36 lakh
Honda Jazz,Honda,2016,"89,309 km",Petrol,Auto,"EMI ₹9,100/m*",₹4.09 lakh
Mahindra XUV500,Mahindra,2014,"71,221 km",Diesel,Manual,"EMI ₹30,598/m*",₹6.50 lakh
Hyundai Elite i20,Hyundai,2017,"67,173 km",Petrol,Manual,"EMI ₹9,853/m*",₹5.04 lakh
Maruti Baleno,Maruti,2019,"56,774 km",Petrol,Manual,"EMI ₹9,582/m*",₹5.43 lakh
Maruti Ciaz,Maruti,2018,"75,843 km",Petrol,Manual,"EMI ₹9,815/m*",₹5.56 lakh
Skoda Rapid,Skoda,2013,"89,400 km",Diesel,Manual,"EMI ₹30,421/m*",₹3.42 lakh
Volkswagen Vento,Volkswagen,2014,"48,605 km",Petrol,Auto,"EMI ₹13,461/m*",₹4.05 lakh
Maruti Baleno,Maruti,2018,"77,435 km",Petrol,Manual,"EMI ₹10,103/m*",₹5.72 lakh
Mahindra Kuv100,Mahindra,2016,"73,673 km",Diesel,Manual,"EMI ₹8,558/m*",₹3.25 lakh
Honda Amaze,Honda,2014,"31,379 km",Petrol,Manual,"EMI ₹10,598/m*",₹3.19 lakh
Maruti Ciaz,Maruti,2018,"1,22,682 km",Petrol,Manual,"EMI ₹11,122/m*",₹5.00 lakh
Toyota Glanza,Toyota,2019,"73,903 km",Petrol,Auto,"EMI ₹10,535/m*",₹5.97 lakh
Ford FREESTYLE,Ford,2018,"74,993 km",Petrol,Manual,"EMI ₹8,120/m*",₹4.60 lakh
Mahindra XUV300,Mahindra,2019,"1,23,093 km",Diesel,Auto,"EMI ₹15,396/m*",₹6.92 lakh
Honda Amaze,Honda,2014,"1,44,908 km",Petrol,Manual,"EMI ₹9,001/m*",₹2.71 lakh
Renault Kiger,Renault,2023,"19,721 km",Petrol,Auto,"EMI ₹13,234/m*",₹7.50 lakh
Maruti Grand Vitara,Maruti,2022,"52,705 km",Petrol,Auto,"EMI ₹22,944/m*",₹13.40 lakh
Maruti Dzire,Maruti,2018,"66,191 km",Petrol,Manual,"EMI ₹8,596/m*",₹4.87 lakh
Skoda KUSHAQ,Skoda,2021,"45,878 km",Petrol,Manual,"EMI ₹18,321/m*",₹10.70 lakh
KIA SELTOS,KIA,2019,"89,791 km",Diesel,Auto,"EMI ₹17,431/m*",₹10.18 lakh
Hyundai Verna,Hyundai,2014,"85,241 km",Petrol,Auto,"EMI ₹13,612/m*",₹4.10 lakh
KIA SELTOS,KIA,2019,"28,337 km",Petrol,Auto,"EMI ₹19,006/m*",₹11.10 lakh
Maruti Swift,Maruti,2020,"75,747 km",Petrol,Auto,"EMI ₹10,009/m*",₹5.67 lakh
Maruti Ciaz,Maruti,2016,"98,888 km",Petrol,Auto,"EMI ₹10,321/m*",₹4.64 lakh
Tata NEXON,Tata,2021,"48,463 km",Diesel,Auto,"EMI ₹15,941/m*",₹9.31 lakh
Mahindra XUV500,Mahindra,2016,"99,902 km",Diesel,Auto,"EMI ₹21,555/m*",₹8.34 lakh
Honda City,Honda,2015,"52,346 km",Petrol,Auto,"EMI ₹14,936/m*",₹5.67 lakh
Renault TRIBER,Renault,2020,"39,239 km",Petrol,Auto,"EMI ₹10,341/m*",₹5.86 lakh
Renault Scala,Renault,2013,"74,643 km",Diesel,Manual,"EMI ₹24,789/m*",₹2.79 lakh
Maruti Swift Dzire,Maruti,2014,"96,897 km",Diesel,Manual,"EMI ₹17,794/m*",₹3.78 lakh
Honda Brio,Honda,2015,"1,01,243 km",Petrol,Auto,"EMI ₹8,954/m*",₹3.40 lakh
Hyundai Creta,Hyundai,2019,"76,513 km",Petrol,Auto,"EMI ₹15,581/m*",₹9.10 lakh
Hyundai i10,Hyundai,2013,"32,151 km",Petrol,Manual,"EMI ₹12,618/m*",₹2.68 lakh
Maruti Swift,Maruti,2017,"70,066 km",Petrol,Manual,"EMI ₹9,345/m*",₹4.78 lakh
Maruti Swift,Maruti,2013,"1,29,666 km",Diesel,Manual,"EMI ₹30,386/m*",₹3.42 lakh
Honda City,Honda,2015,"1,11,049 km",Petrol,Auto,"EMI ₹10,797/m*",₹4.10 lakh
Maruti Ertiga,Maruti,2017,"15,474 km",Petrol,Auto,"EMI ₹14,402/m*",₹7.37 lakh
Maruti IGNIS,Maruti,2018,"1,00,168 km",Petrol,Auto,"EMI ₹8,787/m*",₹3.95 lakh
Maruti Ertiga,Maruti,2016,"60,376 km",Diesel,Manual,"EMI ₹18,170/m*",₹6.90 lakh
Maruti IGNIS,Maruti,2018,"75,397 km",Petrol,Auto,"EMI ₹8,229/m*",₹4.66 lakh
Hyundai NEW SANTRO,Hyundai,2018,"57,764 km",Petrol,Auto,"EMI ₹6,885/m*",₹3.90 lakh
Tata NEXON,Tata,2022,"20,462 km",Petrol,Manual,"EMI ₹13,972/m*",₹8.16 lakh
Mahindra XUV500,Mahindra,2017,"78,236 km",Diesel,Auto,"EMI ₹22,286/m*",₹10.25 lakh
KIA SONET,KIA,2021,"51,600 km",Diesel,Manual,"EMI ₹14,023/m*",₹8.19 lakh
KIA SELTOS,KIA,2019,"59,139 km",Petrol,Auto,"EMI ₹16,266/m*",₹9.50 lakh
KIA SELTOS,KIA,2021,"48,395 km",Petrol,Manual,"EMI ₹16,690/m*",₹9.75 lakh
Hyundai Verna,Hyundai,2014,"1,01,092 km",Petrol,Manual,"EMI ₹13,518/m*",₹4.07 lakh
Mahindra XUV500,Mahindra,2021,"21,439 km",Diesel,Manual,"EMI ₹25,461/m*",₹14.87 lakh
Tata NEXON,Tata,2019,"37,426 km",Petrol,Auto,"EMI ₹11,457/m*",₹6.49 lakh
Hyundai Xcent,Hyundai,2014,"1,09,489 km",Petrol,Auto,"EMI ₹9,998/m*",₹3.01 lakh
Mahindra XUV500,Mahindra,2016,"1,15,749 km",Diesel,Auto,"EMI ₹20,962/m*",₹7.96 lakh
Hyundai Elite i20,Hyundai,2016,"1,00,088 km",Petrol,Manual,"EMI ₹9,654/m*",₹4.34 lakh
Volkswagen Vento,Volkswagen,2014,"1,05,619 km",Petrol,Manual,"EMI ₹12,123/m*",₹3.65 lakh
Tata NEXON,Tata,2023,"21,859 km",Petrol,Auto,"EMI ₹14,600/m*",₹8.53 lakh
Skoda Rapid,Skoda,2014,"1,15,272 km",Diesel,Manual,"EMI ₹14,593/m*",₹3.10 lakh
KIA SONET,KIA,2020,"46,976 km",Diesel,Manual,"EMI ₹13,716/m*",₹7.77 lakh
Maruti Baleno,Maruti,2018,"51,561 km",Petrol,Auto,"EMI ₹10,672/m*",₹6.05 lakh
Honda Brio,Honda,2017,"84,842 km",Petrol,Auto,"EMI ₹7,818/m*",₹4.00 lakh
Maruti Ertiga,Maruti,2016,"86,019 km",Petrol,Manual,"EMI ₹14,236/m*",₹6.40 lakh
Honda City,Honda,2018,"74,431 km",Petrol,Manual,"EMI ₹11,651/m*",₹6.60 lakh
Ford Ecosport,Ford,2013,"73,821 km",Diesel,Manual,"EMI ₹33,779/m*",₹3.80 lakh
Hyundai VENUE,Hyundai,2021,"47,760 km",Petrol,Auto,"EMI ₹14,928/m*",₹8.72 lakh
Hyundai Xcent,Hyundai,2015,"80,603 km",Petrol,Auto,"EMI ₹9,138/m*",₹3.47 lakh
KIA SONET,KIA,2021,"98,661 km",Diesel,Manual,"EMI ₹13,151/m*",₹7.45 lakh
Mahindra XUV500,Mahindra,2015,"77,461 km",Diesel,Manual,"EMI ₹27,435/m*",₹8.38 lakh
Maruti IGNIS,Maruti,2017,"79,590 km",Petrol,Auto,"EMI ₹8,999/m*",₹4.60 lakh
Ford FREESTYLE,Ford,2021,"21,759 km",Petrol,Manual,"EMI ₹10,227/m*",₹5.79 lakh
Tata Tiago,Tata,2020,"1,14,057 km",Petrol,Manual,"EMI ₹9,687/m*",₹4.35 lakh
Honda City,Honda,2015,"1,07,354 km",Petrol,Auto,"EMI ₹11,060/m*",₹4.20 lakh
Ford Ecosport,Ford,2014,"81,627 km",Diesel,Manual,"EMI ₹20,427/m*",₹4.34 lakh
Tata Tiago,Tata,2019,"43,152 km",Petrol,Manual,"EMI ₹7,326/m*",₹4.15 lakh
Hyundai NEW SANTRO,Hyundai,2018,"74,553 km",Petrol,Manual,"EMI ₹6,479/m*",₹3.67 lakh
Hyundai Creta,Hyundai,2017,"93,076 km",Petrol,Manual,"EMI ₹13,802/m*",₹7.06 lakh
Volkswagen Vento,Volkswagen,2014,"1,13,524 km",Petrol,Auto,"EMI ₹12,655/m*",₹3.81 lakh
Tata NEXON,Tata,2021,"77,782 km",Petrol,Manual,"EMI ₹13,063/m*",₹7.40 lakh
Hyundai Eon,Hyundai,2018,"1,09,456 km",Petrol,Manual,"EMI ₹5,806/m*",₹2.61 lakh
Maruti Dzire,Maruti,2018,"32,548 km",Petrol,Auto,"EMI ₹10,002/m*",₹5.67 lakh
KIA SONET,KIA,2021,"34,880 km",Diesel,Manual,"EMI ₹14,691/m*",₹8.58 lakh
Honda Jazz,Honda,2017,"22,707 km",Petrol,Auto,"EMI ₹10,093/m*",₹5.16 lakh
Skoda Rapid,Skoda,2013,"1,02,515 km",Diesel,Manual,"EMI ₹33,590/m*",₹3.78 lakh
Renault Duster,Renault,2015,"99,005 km",Diesel,Manual,"EMI ₹15,007/m*",₹4.52 lakh
Maruti Ciaz,Maruti,2018,"1,11,327 km",Petrol,Manual,"EMI ₹11,001/m*",₹4.95 lakh
Maruti Swift,Maruti,2013,"1,28,567 km",Diesel,Manual,"EMI ₹31,881/m*",₹3.59 lakh
Tata ALTROZ,Tata,2023,"30,753 km",Petrol,Auto,"EMI ₹12,710/m*",₹7.20 lakh
Hyundai Grand i10,Hyundai,2018,"61,118 km",Petrol,Auto,"EMI ₹8,209/m*",₹4.65 lakh
Maruti Baleno,Maruti,2018,"70,115 km",Petrol,Auto,"EMI ₹9,911/m*",₹5.61 lakh
Tata NEXON,Tata,2022,"27,912 km",Diesel,Manual,"EMI ₹16,677/m*",₹9.74 lakh
Hyundai Creta,Hyundai,2016,"87,878 km",Petrol,Auto,"EMI ₹14,988/m*",₹6.74 lakh
KIA SELTOS,KIA,2019,"87,807 km",Diesel,Auto,"EMI ₹15,732/m*",₹9.19 lakh
Maruti Ertiga,Maruti,2016,"71,956 km",Diesel,Manual,"EMI ₹19,750/m*",₹7.50 lakh
Renault TRIBER,Renault,2023,"39,158 km",Petrol,Manual,"EMI ₹10,856/m*",₹6.15 lakh
Maruti Baleno,Maruti,2018,"1,05,302 km",Petrol,Manual,"EMI ₹9,676/m*",₹4.35 lakh
Volkswagen Vento,Volkswagen,2014,"82,675 km",Diesel,Auto,"EMI ₹17,899/m*",₹3.80 lakh
Tata NEXON,Tata,2023,"40,612 km",Petrol,Auto,"EMI ₹14,040/m*",₹8.20 lakh
Hyundai VENUE,Hyundai,2020,"74,766 km",Petrol,Auto,"EMI ₹12,286/m*",₹6.96 lakh
KIA SONET,KIA,2021,"36,731 km",Petrol,Auto,"EMI ₹14,229/m*",₹8.31 lakh
Honda Amaze,Honda,2014,"48,418 km",Petrol,Manual,"EMI ₹11,060/m*",₹3.33 lakh
Hyundai GRAND I10 NIOS,Hyundai,2022,"54,956 km",Petrol,Auto,"EMI ₹10,559/m*",₹5.98 lakh
Honda City,Honda,2016,"74,454 km",CNG,Auto,"EMI ₹20,759/m*",₹6.25 lakh
Tata NEXON,Tata,2023,"15,361 km",Petrol,Auto,"EMI ₹17,105/m*",₹9.99 lakh
Ford Ecosport,Ford,2017,"83,122 km",Diesel,Manual,"EMI ₹12,731/m*",₹5.72 lakh
Honda Amaze,Honda,2023,"23,392 km",Petrol,Auto,"EMI ₹13,593/m*",₹7.70 lakh
Mahindra XUV500,Mahindra,2015,"1,16,382 km",Diesel,Manual,"EMI ₹21,456/m*",₹6.46 lakh
KIA SONET,KIA,2021,"67,346 km",Diesel,Auto,"EMI ₹13,972/m*",₹8.16 lakh
Hyundai Grand i10,Hyundai,2017,"29,408 km",Petrol,Auto,"EMI ₹9,756/m*",₹4.99 lakh
Tata Tiago,Tata,2022,"39,779 km",Petrol,Manual,"EMI ₹9,691/m*",₹5.49 lakh
Hyundai Creta,Hyundai,2018,"49,948 km",Petrol,Auto,"EMI ₹14,537/m*",₹8.49 lakh
KIA SONET,KIA,2022,"21,481 km",Petrol,Manual,"EMI ₹14,725/m*",₹8.60 lakh
Maruti S Cross,Maruti,2015,"1,24,371 km",Diesel,Manual,"EMI ₹16,538/m*",₹4.98 lakh
Maruti Ertiga,Maruti,2018,"95,323 km",Petrol,Manual,"EMI ₹12,166/m*",₹6.89 lakh
KIA SELTOS,KIA,2021,"81,929 km",Diesel,Auto,"EMI ₹18,813/m*",₹10.99 lakh
Ford FREESTYLE,Ford,2021,"52,791 km",Petrol,Manual,"EMI ₹9,656/m*",₹5.47 lakh
Hyundai VENUE,Hyundai,2019,"61,795 km",Petrol,Auto,"EMI ₹12,837/m*",₹7.27 lakh
KIA SONET,KIA,2023,"21,456 km",Petrol,Manual,"EMI ₹16,266/m*",₹9.50 lakh
Hyundai Verna,Hyundai,2018,"59,644 km",Petrol,Manual,"EMI ₹12,586/m*",₹7.13 lakh
KIA SONET,KIA,2020,"50,236 km",Petrol,Manual,"EMI ₹13,905/m*",₹8.12 lakh
Skoda Rapid,Skoda,2018,"1,24,743 km",Diesel,Auto,"EMI ₹11,478/m*",₹5.16 lakh
Hyundai Elite i20,Hyundai,2018,"50,297 km",Petrol,Auto,"EMI ₹10,909/m*",₹6.18 lakh
KIA SONET,KIA,2020,"41,767 km",Petrol,Manual,"EMI ₹12,816/m*",₹7.26 lakh
Maruti Ciaz,Maruti,2018,"59,584 km",Petrol,Auto,"EMI ₹11,141/m*",₹6.31 lakh
KIA SELTOS,KIA,2022,"62,878 km",Diesel,Auto,"EMI ₹23,629/m*",₹13.80 lakh
KIA SONET,KIA,2022,"82,623 km",Diesel,Auto,"EMI ₹15,410/m*",₹9.00 lakh
Hyundai i20 Active,Hyundai,2018,"44,751 km",Petrol,Manual,"EMI ₹10,189/m*",₹5.77 lakh
KIA SELTOS,KIA,2020,"38,487 km",Petrol,Manual,"EMI ₹19,477/m*",₹11.38 lakh
Honda Brio,Honda,2013,"62,317 km",Petrol,Manual,"EMI ₹15,083/m*",₹3.20 lakh
Maruti Celerio,Maruti,2024,"3,757 km",Petrol,Auto,"EMI ₹10,587/m*",₹6.00 lakh
Maruti Baleno,Maruti,2017,"60,090 km",Petrol,Auto,"EMI ₹10,245/m*",₹5.24 lakh
KIA SELTOS,KIA,2023,"30,518 km",Petrol,Manual,"EMI ₹20,875/m*",₹12.19 lakh
Hyundai NEW I20,Hyundai,2023,"33,057 km",Petrol,Manual,"EMI ₹13,515/m*",₹7.66 lakh
Tata NEXON,Tata,2024,"29,422 km",Petrol,Auto,"EMI ₹18,846/m*",₹11.01 lakh
Toyota Etios,Toyota,2014,"73,527 km",Diesel,Manual,"EMI ₹20,590/m*",₹4.37 lakh
Honda WR-V,Honda,2018,"1,46,506 km",Diesel,Manual,"EMI ₹12,847/m*",₹5.78 lakh
Hyundai Verna,Hyundai,2015,"70,903 km",Petrol,Manual,"EMI ₹9,897/m*",₹3.76 lakh
Honda Amaze,Honda,2018,"89,553 km",Diesel,Auto,"EMI ₹11,142/m*",₹5.70 lakh
Honda Jazz,Honda,2021,"42,338 km",Petrol,Manual,"EMI ₹12,076/m*",₹6.84 lakh
Hyundai VENUE,Hyundai,2020,"35,314 km",Petrol,Manual,"EMI ₹11,903/m*",₹6.74 lakh
Tata Tiago,Tata,2021,"91,487 km",Petrol,Manual,"EMI ₹7,843/m*",₹4.44 lakh
Mahindra Thar,Mahindra,2023,"8,888 km",Petrol,Auto,"EMI ₹22,105/m*",₹12.91 lakh
Maruti Alto K10,Maruti,2018,"21,851 km",Petrol,Auto,"EMI ₹6,016/m*",₹3.41 lakh
Honda BR-V,Honda,2017,"79,081 km",Petrol,Auto,"EMI ₹13,188/m*",₹6.75 lakh
Maruti Baleno,Maruti,2018,"78,638 km",Petrol,Auto,"EMI ₹10,074/m*",₹5.71 lakh
KIA SELTOS,KIA,2022,"21,865 km",Petrol,Manual,"EMI ₹23,956/m*",₹13.99 lakh
Volkswagen Polo,Volkswagen,2017,"32,071 km",Petrol,Manual,"EMI ₹13,392/m*",₹6.85 lakh
Hyundai Grand i10,Hyundai,2015,"60,738 km",Petrol,Auto,"EMI ₹10,373/m*",₹3.94 lakh
KIA SONET,KIA,2021,"27,095 km",Petrol,Manual,"EMI ₹13,226/m*",₹7.49 lakh
Renault Kwid,Renault,2019,"29,160 km",Petrol,Auto,"EMI ₹6,510/m*",₹3.69 lakh
Honda Mobilio,Honda,2015,"56,023 km",Petrol,Manual,"EMI ₹12,546/m*",₹4.76 lakh
Hyundai VENUE,Hyundai,2019,"48,216 km",Petrol,Manual,"EMI ₹12,561/m*",₹7.12 lakh
Hyundai Eon,Hyundai,2012,"42,944 km",Petrol,Manual,"EMI ₹15,282/m*",₹1.72 lakh
Tata NEXON,Tata,2019,"43,820 km",Petrol,Manual,"EMI ₹7,061/m*",₹4.00 lakh
Renault Kwid,Renault,2016,"56,622 km",Petrol,Manual,"EMI ₹5,339/m*",₹2.40 lakh
Volkswagen Polo,Volkswagen,2013,"1,00,850 km",Diesel,Manual,"EMI ₹19,280/m*",₹2.17 lakh
Hyundai i10,Hyundai,2012,"39,745 km",Petrol,Manual,"EMI ₹24,967/m*",₹2.81 lakh
Volkswagen Polo,Volkswagen,2012,"87,820 km",Diesel,Manual,"EMI ₹24,967/m*",₹2.20 lakh
Ford Ecosport,Ford,2014,"1,02,140 km",Diesel,Manual,"EMI ₹9,885/m*",₹2.10 lakh
Renault TRIBER,Renault,2020,"40,319 km",Petrol,Auto,"EMI ₹8,650/m*",₹4.90 lakh
Ford Figo Aspire,Ford,2017,"44,167 km",Petrol,Manual,"EMI ₹7,820/m*",₹4.00 lakh
Maruti Ertiga,Maruti,2024,"19,252 km",Petrol,Manual,"EMI ₹19,246/m*",₹11.24 lakh
Tata TIGOR,Tata,2018,"63,634 km",Petrol,Manual,"EMI ₹7,026/m*",₹3.98 lakh
Maruti Baleno,Maruti,2023,"13,770 km",Petrol,Manual,"EMI ₹10,556/m*",₹5.98 lakh
Hyundai i10,Hyundai,2012,"44,682 km",Petrol,Manual,"EMI ₹26,921/m*",₹3.03 lakh
Volkswagen Ameo,Volkswagen,2016,"78,239 km",Petrol,Manual,"EMI ₹9,943/m*",₹4.47 lakh
Maruti Baleno,Maruti,2016,"78,904 km",Petrol,Manual,"EMI ₹6,896/m*",₹3.10 lakh
Maruti Ertiga,Maruti,2013,"93,174 km",Petrol,Manual,"EMI ₹28,056/m*",₹5.96 lakh
Nissan Terrano,Nissan,2014,"1,17,390 km",Diesel,Manual,"EMI ₹19,018/m*",₹4.04 lakh
Renault Kwid,Renault,2019,"30,753 km",Petrol,Auto,"EMI ₹6,743/m*",₹3.82 lakh
Maruti Swift,Maruti,2016,"60,336 km",Diesel,Manual,"EMI ₹13,562/m*",₹5.15 lakh
Ford Ecosport,Ford,2014,"3,01,913 km",Petrol,Auto,"EMI ₹12,455/m*",₹3.75 lakh
Hyundai Elite i20,Hyundai,2018,"59,620 km",Petrol,Manual,"EMI ₹9,268/m*",₹5.25 lakh
Maruti Ritz,Maruti,2013,"98,178 km",Diesel,Manual,"EMI ₹32,341/m*",₹3.64 lakh
Maruti Baleno,Maruti,2018,"1,09,859 km",Petrol,Manual,"EMI ₹10,655/m*",₹4.79 lakh
Honda City,Honda,2017,"1,00,283 km",Petrol,Manual,"EMI ₹14,348/m*",₹6.45 lakh
Maruti Swift,Maruti,2019,"89,804 km",Petrol,Manual,"EMI ₹9,709/m*",₹5.50 lakh
Tata NEXON,Tata,2019,"34,306 km",Petrol,Auto,"EMI ₹11,368/m*",₹6.44 lakh
Maruti Baleno,Maruti,2019,"72,422 km",Petrol,Manual,"EMI ₹7,767/m*",₹4.40 lakh
Volkswagen Polo,Volkswagen,2012,"86,991 km",Diesel,Manual,"EMI ₹7,767/m*",₹2.15 lakh
Honda Jazz,Honda,2017,"45,572 km",Petrol,Auto,"EMI ₹8,993/m*",₹4.60 lakh
Renault Duster,Renault,2013,"1,72,312 km",Diesel,Manual,"EMI ₹13,061/m*",₹1.47 lakh
Volkswagen Polo,Volkswagen,2016,"72,101 km",Petrol,Manual,"EMI ₹9,832/m*",₹4.42 lakh
Hyundai Verna,Hyundai,2017,"81,894 km",Petrol,Manual,"EMI ₹12,629/m*",₹6.46 lakh
Mahindra XUV500,Mahindra,2015,"1,27,050 km",Diesel,Manual,"EMI ₹11,559/m*",₹3.48 lakh
Hyundai Elite i20,Hyundai,2015,"42,117 km",Petrol,Manual,"EMI ₹13,852/m*",₹5.26 lakh
Hyundai Elite i20,Hyundai,2016,"65,177 km",Petrol,Manual,"EMI ₹7,363/m*",₹3.31 lakh
Tata Manza,Tata,2011,"88,608 km",Diesel,Manual,"EMI ₹7,363/m*",₹1.86 lakh
Hyundai Grand i10,Hyundai,2017,"37,926 km",Petrol,Manual,"EMI ₹9,169/m*",₹4.69 lakh
Ford Ecosport,Ford,2015,"68,313 km",Petrol,Manual,"EMI ₹12,035/m*",₹4.57 lakh
Hyundai Elite i20,Hyundai,2016,"75,070 km",Diesel,Manual,"EMI ₹13,457/m*",₹5.11 lakh
Honda Jazz,Honda,2015,"50,149 km",Petrol,Manual,"EMI ₹10,850/m*",₹4.12 lakh
Maruti Swift,Maruti,2022,"48,624 km",Petrol,Auto,"EMI ₹10,856/m*",₹6.15 lakh
Ford Ecosport,Ford,2013,"1,12,600 km",Petrol,Manual,"EMI ₹19,300/m*",₹4.10 lakh
Honda Jazz,Honda,2016,"59,539 km",Petrol,Manual,"EMI ₹7,118/m*",₹3.20 lakh
Tata ALTROZ,Tata,2021,"25,008 km",Petrol,Manual,"EMI ₹8,526/m*",₹4.83 lakh
Volkswagen Polo,Volkswagen,2013,"1,21,617 km",Diesel,Manual,"EMI ₹28,432/m*",₹3.20 lakh
Maruti Ertiga,Maruti,2021,"80,021 km",Petrol,Manual,"EMI ₹18,133/m*",₹10.59 lakh
Hyundai Creta,Hyundai,2017,"1,30,275 km",Diesel,Manual,"EMI ₹16,127/m*",₹7.25 lakh
Hyundai Verna,Hyundai,2012,"58,165 km",Petrol,Manual,"EMI ₹22,212/m*",₹2.50 lakh
Renault Duster,Renault,2015,"90,551 km",Diesel,Manual,"EMI ₹7,008/m*",₹2.11 lakh
Tata Nano,Tata,2015,"29,425 km",Petrol,Auto,"EMI ₹4,951/m*",₹1.88 lakh
Skoda Fabia,Skoda,2011,"89,488 km",Petrol,Manual,"EMI ₹4,951/m*",₹1.93 lakh
Hyundai Grand i10,Hyundai,2014,"48,379 km",Petrol,Auto,"EMI ₹14,780/m*",₹4.45 lakh
Hyundai Verna,Hyundai,2017,"66,015 km",Diesel,Auto,"EMI ₹16,305/m*",₹7.33 lakh
Maruti Swift,Maruti,2019,"17,963 km",Petrol,Manual,"EMI ₹7,591/m*",₹4.30 lakh
Hyundai GRAND I10 NIOS,Hyundai,2020,"47,334 km",Petrol,Manual,"EMI ₹9,603/m*",₹5.44 lakh
Tata NEXON,Tata,2021,"22,140 km",Petrol,Manual,"EMI ₹15,924/m*",₹9.30 lakh
Maruti Swift Dzire,Maruti,2012,"71,235 km",Petrol,Manual,"EMI ₹15,815/m*",₹1.78 lakh
Maruti Ertiga,Maruti,2016,"89,285 km",Diesel,Manual,"EMI ₹19,987/m*",₹7.59 lakh
Maruti Wagon R 1.0,Maruti,2016,"69,332 km",Petrol,Auto,"EMI ₹5,116/m*",₹2.30 lakh
Ford New Figo,Ford,2017,"51,942 km",Petrol,Auto,"EMI ₹6,217/m*",₹3.18 lakh
Ford New Figo,Ford,2017,"43,282 km",Petrol,Manual,"EMI ₹7,781/m*",₹3.98 lakh
KIA SONET,KIA,2020,"43,644 km",Petrol,Manual,"EMI ₹11,298/m*",₹6.40 lakh
Ford Ecosport,Ford,2018,"75,137 km",Diesel,Manual,"EMI ₹9,462/m*",₹4.84 lakh
Maruti Vitara Brezza,Maruti,2021,"17,109 km",Petrol,Manual,"EMI ₹17,294/m*",₹10.10 lakh
Tata NEXON,Tata,2021,"50,227 km",Petrol,Manual,"EMI ₹15,239/m*",₹8.90 lakh
Tata Tiago,Tata,2021,"41,875 km",Petrol,Manual,"EMI ₹6,690/m*",₹3.79 lakh
Hyundai Grand i10,Hyundai,2017,"77,252 km",Petrol,Manual,"EMI ₹6,340/m*",₹2.85 lakh
Maruti Ritz,Maruti,2011,"46,799 km",Petrol,Manual,"EMI ₹6,340/m*",₹2.80 lakh
Hyundai Creta,Hyundai,2017,"1,10,800 km",Petrol,Manual,"EMI ₹19,286/m*",₹8.87 lakh
Maruti Celerio,Maruti,2022,"34,628 km",Petrol,Manual,"EMI ₹10,768/m*",₹6.10 lakh
Maruti Alto 800,Maruti,2013,"1,12,403 km",Petrol,Manual,"EMI ₹9,415/m*",₹2.00 lakh
Volkswagen Polo,Volkswagen,2016,"75,015 km",Petrol,Auto,"EMI ₹12,924/m*",₹5.81 lakh
Renault TRIBER,Renault,2021,"1,08,426 km",Petrol,Manual,"EMI ₹7,585/m*",₹3.41 lakh
Honda BR-V,Honda,2017,"64,322 km",Petrol,Manual,"EMI ₹12,375/m*",₹6.33 lakh
Renault Kwid,Renault,2019,"45,297 km",Petrol,Manual,"EMI ₹4,431/m*",₹2.51 lakh
Renault Kwid,Renault,2017,"14,372 km",Petrol,Manual,"EMI ₹4,008/m*",₹2.05 lakh
Maruti Alto 800,Maruti,2016,"1,10,876 km",Petrol,Manual,"EMI ₹5,227/m*",₹2.35 lakh
Renault Duster,Renault,2016,"53,119 km",Diesel,Manual,"EMI ₹15,669/m*",₹5.95 lakh
Maruti Alto 800,Maruti,2013,"88,335 km",Petrol,Manual,"EMI ₹10,968/m*",₹2.33 lakh
KIA CARENS,KIA,2024,"38,195 km",Diesel,Auto,"EMI ₹22,174/m*",₹12.95 lakh
Hyundai Grand i10,Hyundai,2018,"82,064 km",Diesel,Manual,"EMI ₹5,376/m*",₹2.75 lakh
Hyundai Verna,Hyundai,2015,"1,24,985 km",Diesel,Manual,"EMI ₹11,226/m*",₹3.38 lakh
Volkswagen VIRTUS,Volkswagen,2022,"19,799 km",Petrol,Auto,"EMI ₹24,417/m*",₹14.26 lakh
Maruti Alto K10,Maruti,2012,"55,720 km",Petrol,Manual,"EMI ₹23,190/m*",₹2.61 lakh
Hyundai Verna,Hyundai,2013,"1,55,587 km",Diesel,Manual,"EMI ₹20,346/m*",₹2.29 lakh
Honda Civic,Honda,2019,"52,175 km",Petrol,Auto,"EMI ₹25,153/m*",₹14.69 lakh
Mahindra XUV500,Mahindra,2016,"64,308 km",Diesel,Auto,"EMI ₹27,034/m*",₹10.46 lakh
Ford Figo,Ford,2013,"9,458 km",Petrol,Manual,"EMI ₹5,602/m*",₹1.19 lakh
Mahindra XUV500,Mahindra,2013,"96,308 km",Diesel,Manual,"EMI ₹51,088/m*",₹5.75 lakh
Volkswagen Polo,Volkswagen,2019,"63,277 km",Petrol,Manual,"EMI ₹7,944/m*",₹4.50 lakh
Toyota Etios,Toyota,2014,"45,247 km",Petrol,Manual,"EMI ₹12,555/m*",₹3.78 lakh
Maruti Alto 800,Maruti,2016,"1,03,554 km",Petrol,Manual,"EMI ₹6,028/m*",₹2.71 lakh
Renault Kwid,Renault,2015,"48,701 km",Petrol,Manual,"EMI ₹7,294/m*",₹2.77 lakh
Maruti Celerio,Maruti,2017,"84,633 km",Petrol,Auto,"EMI ₹5,474/m*",₹2.80 lakh
Hyundai Eon,Hyundai,2012,"1,10,864 km",Petrol,Manual,"EMI ₹13,327/m*",₹1.50 lakh
Nissan MAGNITE,Nissan,2021,"23,914 km",Petrol,Manual,"EMI ₹8,826/m*",₹5.00 lakh
Volkswagen Vento,Volkswagen,2015,"55,756 km",Petrol,Auto,"EMI ₹7,752/m*",₹2.94 lakh
Volkswagen Polo,Volkswagen,2015,"1,06,895 km",Petrol,Auto,"EMI ₹8,532/m*",₹3.24 lakh
Hyundai i10,Hyundai,2012,"1,17,101 km",Petrol,Manual,"EMI ₹22,034/m*",₹2.48 lakh
Mahindra XUV 3XO,Mahindra,2024,"5,531 km",Petrol,Manual,"EMI ₹18,818/m*",₹10.99 lakh
Renault Kwid,Renault,2016,"95,338 km",Petrol,Auto,"EMI ₹6,073/m*",₹2.73 lakh
Maruti Alto K10,Maruti,2012,"63,640 km",Petrol,Manual,"EMI ₹22,834/m*",₹2.57 lakh
Maruti Dzire,Maruti,2019,"45,465 km",Petrol,Manual,"EMI ₹7,220/m*",₹4.09 lakh
Toyota Urban Cruiser Taisor,Toyota,2025,"6,168 km",Petrol,Auto,"EMI ₹14,982/m*",₹8.75 lakh
Tata TIGOR,Tata,2017,"51,534 km",Petrol,Manual,"EMI ₹6,197/m*",₹3.17 lakh
Volkswagen TAIGUN,Volkswagen,2022,"12,042 km",Petrol,Manual,"EMI ₹13,646/m*",₹7.73 lakh
Renault Duster,Renault,2015,"95,000 km",Diesel,Manual,"EMI ₹10,695/m*",₹3.22 lakh
Tata TIGOR,Tata,2018,"67,633 km",Petrol,Auto,"EMI ₹9,109/m*",₹5.16 lakh
Maruti FRONX,Maruti,2023,"13,162 km",Petrol,Auto,"EMI ₹14,554/m*",₹8.50 lakh
Maruti Alto K10,Maruti,2013,"57,933 km",Petrol,Manual,"EMI ₹11,543/m*",₹2.45 lakh
Ford Fiesta,Ford,2011,"52,583 km",Petrol,Manual,"EMI ₹11,543/m*",₹2.24 lakh
Hyundai Accent,Hyundai,2012,"33,687 km",Petrol,Manual,"EMI ₹18,125/m*",₹2.04 lakh
Ssangyong Rexton,Ssangyong,2013,"1,21,724 km",Diesel,Auto,"EMI ₹19,724/m*",₹2.22 lakh
Skoda SLAVIA,Skoda,2023,"6,562 km",Petrol,Manual,"EMI ₹22,482/m*",₹13.13 lakh
Maruti Swift,Maruti,2013,"91,816 km",Petrol,Manual,"EMI ₹11,674/m*",₹2.48 lakh
Hyundai Verna,Hyundai,2015,"98,309 km",Diesel,Manual,"EMI ₹20,427/m*",₹6.15 lakh
Maruti Alto K10,Maruti,2012,"96,512 km",Petrol,Manual,"EMI ₹16,348/m*",₹1.84 lakh
Tata NEXON,Tata,2024,"8,998 km",Petrol,Auto,"EMI ₹18,578/m*",₹10.85 lakh
Maruti Alto K10,Maruti,2012,"69,722 km",Petrol,Manual,"EMI ₹18,658/m*",₹2.10 lakh
Renault Kwid,Renault,2017,"45,731 km",Petrol,Manual,"EMI ₹4,379/m*",₹2.24 lakh
Maruti Swift,Maruti,2018,"74,707 km",Petrol,Manual,"EMI ₹10,133/m*",₹5.74 lakh
Maruti Swift,Maruti,2014,"1,21,492 km",Petrol,Manual,"EMI ₹12,455/m*",₹3.75 lakh
Hyundai i10,Hyundai,2012,"51,010 km",Petrol,Manual,"EMI ₹26,655/m*",₹3.00 lakh
Tata Hexa,Tata,2018,"1,58,461 km",Diesel,Manual,"EMI ₹11,812/m*",₹5.31 lakh
Mahindra E2O,Mahindra,2017,"63,942 km",Electric,Auto,"EMI ₹4,399/m*",₹2.25 lakh
Maruti Grand Vitara,Maruti,2023,"28,233 km",Petrol,Manual,"EMI ₹16,866/m*",₹9.85 lakh
Tata Zest,Tata,2014,"63,221 km",Petrol,Manual,"EMI ₹5,281/m*",₹1.59 lakh
Tata Safari,Tata,2011,"2,02,146 km",Diesel,Manual,"EMI ₹5,281/m*",₹3.30 lakh
Tata ALTROZ,Tata,2020,"27,506 km",Petrol,Manual,"EMI ₹9,780/m*",₹5.54 lakh
Hyundai VENUE,Hyundai,2021,"40,100 km",Petrol,Auto,"EMI ₹16,266/m*",₹9.50 lakh
Skoda Yeti,Skoda,2012,"1,47,758 km",Diesel,Manual,"EMI ₹16,266/m*",₹4.45 lakh
Hyundai Santro Xing,Hyundai,2013,"61,882 km",Petrol,Manual,"EMI ₹10,356/m*",₹2.20 lakh
Hyundai VENUE,Hyundai,2019,"71,656 km",Petrol,Auto,"EMI ₹15,102/m*",₹8.82 lakh
Maruti Ciaz,Maruti,2018,"88,752 km",Diesel,Manual,"EMI ₹10,753/m*",₹5.50 lakh
KIA SONET,KIA,2021,"33,338 km",Diesel,Auto,"EMI ₹19,691/m*",₹11.50 lakh
Hyundai Santa Fe,Hyundai,2013,"1,75,149 km",Diesel,Manual,"EMI ₹36,428/m*",₹4.10 lakh
Maruti Swift,Maruti,2013,"1,00,625 km",Petrol,Manual,"EMI ₹17,653/m*",₹3.75 lakh
Maruti Swift Dzire,Maruti,2013,"65,854 km",Petrol,Manual,"EMI ₹11,203/m*",₹2.38 lakh
Hyundai New Elantra,Hyundai,2015,"1,79,765 km",Diesel,Manual,"EMI ₹10,230/m*",₹3.08 lakh
Renault Duster,Renault,2013,"77,002 km",Petrol,Manual,"EMI ₹13,369/m*",₹2.84 lakh
Tata NEXON,Tata,2018,"75,818 km",Petrol,Manual,"EMI ₹12,498/m*",₹7.08 lakh
Tata Manza,Tata,2011,"1,16,101 km",Diesel,Manual,"EMI ₹12,498/m*",₹2.21 lakh
Maruti IGNIS,Maruti,2017,"70,340 km",Petrol,Manual,"EMI ₹7,136/m*",₹3.65 lakh
Chevrolet Sail,Chevrolet,2016,"87,257 km",Petrol,Manual,"EMI ₹3,848/m*",₹1.73 lakh
KIA SONET,KIA,2022,"38,180 km",Diesel,Auto,"EMI ₹20,667/m*",₹12.07 lakh
Maruti Ertiga,Maruti,2013,"1,83,925 km",Diesel,Manual,"EMI ₹33,229/m*",₹3.74 lakh
Tata ALTROZ,Tata,2022,"8,519 km",Petrol,Manual,"EMI ₹10,327/m*",₹5.85 lakh
Maruti Swift,Maruti,2011,"1,11,000 km",Petrol,Manual,"EMI ₹10,327/m*",₹1.43 lakh
Toyota Innova,Toyota,2015,"1,54,826 km",Diesel,Manual,"EMI ₹21,058/m*",₹6.34 lakh
Tata NEXON,Tata,2020,"81,816 km",Diesel,Manual,"EMI ₹11,898/m*",₹6.74 lakh
Hyundai Verna,Hyundai,2013,"90,457 km",Diesel,Manual,"EMI ₹27,010/m*",₹3.04 lakh
Datsun Redi Go,Datsun,2018,"1,32,854 km",Petrol,Manual,"EMI ₹4,449/m*",₹2.00 lakh
Ford Figo Aspire,Ford,2019,"41,164 km",Petrol,Manual,"EMI ₹8,279/m*",₹4.69 lakh
Maruti Ciaz,Maruti,2015,"64,318 km",Petrol,Manual,"EMI ₹8,875/m*",₹3.37 lakh
Mahindra Kuv100,Mahindra,2016,"28,502 km",Petrol,Manual,"EMI ₹5,049/m*",₹2.27 lakh
Renault Kwid,Renault,2017,"79,092 km",Petrol,Auto,"EMI ₹5,904/m*",₹3.02 lakh
Tata PUNCH,Tata,2022,"25,383 km",Petrol,Auto,"EMI ₹13,240/m*",₹7.50 lakh
Renault Kwid,Renault,2016,"72,511 km",Petrol,Manual,"EMI ₹5,561/m*",₹2.50 lakh
Renault Duster,Renault,2020,"48,227 km",Petrol,Manual,"EMI ₹12,375/m*",₹7.01 lakh
Maruti Dzire,Maruti,2024,"62,421 km",Petrol,Manual,"EMI ₹11,721/m*",₹6.64 lakh
Maruti Alto 800,Maruti,2015,"1,19,823 km",Petrol,Manual,"EMI ₹4,608/m*",₹1.75 lakh
Volkswagen Vento,Volkswagen,2011,"55,867 km",Petrol,Manual,"EMI ₹4,608/m*",₹2.20 lakh
Mahindra XUV500,Mahindra,2012,"1,09,807 km",Diesel,Manual,"EMI ₹4,608/m*",₹3.54 lakh
Hyundai i20,Hyundai,2012,"1,20,117 km",Petrol,Manual,"EMI ₹19,636/m*",₹2.21 lakh
Volkswagen Polo,Volkswagen,2013,"1,06,483 km",Diesel,Manual,"EMI ₹25,766/m*",₹2.90 lakh
Tata NEXON,Tata,2018,"80,200 km",Diesel,Auto,"EMI ₹15,361/m*",₹8.07 lakh
Hyundai Eon,Hyundai,2014,"1,39,298 km",Petrol,Manual,"EMI ₹5,447/m*",₹1.64 lakh
Ford Ecosport,Ford,2014,"78,334 km",Diesel,Manual,"EMI ₹14,640/m*",₹3.11 lakh
Honda Amaze,Honda,2018,"66,922 km",Petrol,Manual,"EMI ₹7,591/m*",₹4.30 lakh
Tata Hexa,Tata,2017,"1,24,332 km",Diesel,Auto,"EMI ₹15,571/m*",₹7.00 lakh
Ford Figo,Ford,2012,"1,18,472 km",Diesel,Manual,"EMI ₹15,571/m*",₹2.05 lakh
Maruti Alto K10,Maruti,2013,"34,248 km",Petrol,Manual,"EMI ₹13,981/m*",₹2.97 lakh
Maruti Swift,Maruti,2019,"41,643 km",Petrol,Auto,"EMI ₹11,474/m*",₹6.50 lakh
Hyundai Santro Xing,Hyundai,2006,"77,795 km",Petrol,Manual,"EMI ₹11,474/m*",₹1.20 lakh
Maruti Baleno,Maruti,2016,"1,09,003 km",Petrol,Manual,"EMI ₹12,234/m*",₹5.50 lakh
Chevrolet Spark,Chevrolet,2011,"54,329 km",Petrol,Manual,"EMI ₹12,234/m*",₹0.57 lakh
Mahindra TUV300,Mahindra,2016,"52,473 km",Diesel,Manual,"EMI ₹13,404/m*",₹5.09 lakh
Skoda Rapid,Skoda,2013,"63,497 km",Petrol,Manual,"EMI ₹12,945/m*",₹2.75 lakh
Hyundai Eon,Hyundai,2011,"86,493 km",Petrol,Manual,"EMI ₹12,945/m*",₹1.87 lakh
Skoda Fabia,Skoda,2011,"72,776 km",Petrol,Manual,"EMI ₹12,945/m*",₹2.17 lakh
KIA SELTOS,KIA,2020,"44,713 km",Petrol,Auto,"EMI ₹23,629/m*",₹13.80 lakh
Fiat Linea,Fiat,2013,"1,01,325 km",Petrol,Manual,"EMI ₹9,885/m*",₹2.10 lakh
Hyundai Verna,Hyundai,2012,"1,48,930 km",Diesel,Manual,"EMI ₹9,885/m*",₹2.00 lakh
Mahindra XUV500,Mahindra,2016,"75,187 km",Diesel,Manual,"EMI ₹14,510/m*",₹5.51 lakh
Tata Tiago,Tata,2021,"42,160 km",Petrol,Manual,"EMI ₹6,708/m*",₹3.80 lakh
KIA SELTOS,KIA,2023,"64,144 km",Diesel,Manual,"EMI ₹16,266/m*",₹9.50 lakh
Audi A4,Audi,2017,"55,912 km",Petrol,Auto,"EMI ₹29,636/m*",₹15.57 lakh
Ford Figo,Ford,2011,"70,624 km",Diesel,Manual,"EMI ₹29,636/m*",₹1.50 lakh
Tata NEXON,Tata,2018,"1,49,755 km",Diesel,Manual,"EMI ₹14,726/m*",₹6.62 lakh
Hyundai Verna,Hyundai,2011,"89,321 km",Petrol,Auto,"EMI ₹14,726/m*",₹2.25 lakh
BMW 5 Series,BMW,2011,"1,02,503 km",Diesel,Auto,"EMI ₹14,726/m*",₹4.32 lakh
Chevrolet Cruze,Chevrolet,2012,"1,12,951 km",Diesel,Auto,"EMI ₹14,726/m*",₹3.73 lakh
Hyundai i10,Hyundai,2012,"33,843 km",Petrol,Auto,"EMI ₹26,655/m*",₹3.00 lakh
Hyundai Eon,Hyundai,2014,"54,359 km",Petrol,Manual,"EMI ₹6,975/m*",₹2.10 lakh
Hyundai Eon,Hyundai,2014,"38,636 km",Petrol,Manual,"EMI ₹7,739/m*",₹2.33 lakh
Renault Kwid,Renault,2018,"68,391 km",Petrol,Auto,"EMI ₹5,861/m*",₹3.32 lakh
Ford Figo,Ford,2012,"75,786 km",Petrol,Manual,"EMI ₹12,883/m*",₹1.45 lakh
Ford Figo,Ford,2014,"77,055 km",Petrol,Manual,"EMI ₹6,610/m*",₹1.99 lakh
Volkswagen Vento,Volkswagen,2012,"1,42,696 km",Diesel,Manual,"EMI ₹6,610/m*",₹2.87 lakh
Hyundai i10,Hyundai,2013,"98,698 km",Petrol,Manual,"EMI ₹14,122/m*",₹3.00 lakh
Tata Tiago,Tata,2017,"52,833 km",Petrol,Auto,"EMI ₹8,700/m*",₹4.45 lakh
Hyundai Elite i20,Hyundai,2018,"95,798 km",Petrol,Manual,"EMI ₹8,297/m*",₹4.70 lakh
Hyundai Elite i20,Hyundai,2015,"77,082 km",Diesel,Manual,"EMI ₹13,784/m*",₹4.15 lakh
Tata Nano,Tata,2011,"50,000 km",Petrol,Manual,"EMI ₹13,784/m*",₹0.66 lakh
Ford Figo,Ford,2012,"1,61,580 km",Diesel,Manual,"EMI ₹13,784/m*",₹1.99 lakh
Maruti OMNI E,Maruti,2012,"56,795 km",Petrol,Manual,"EMI ₹20,613/m*",₹2.32 lakh
Hyundai i20,Hyundai,2011,"38,431 km",Petrol,Manual,"EMI ₹20,613/m*",₹2.29 lakh
Chevrolet Beat,Chevrolet,2014,"1,23,825 km",Diesel,Manual,"EMI ₹4,425/m*",₹0.94 lakh
Hyundai i10,Hyundai,2013,"1,08,772 km",Petrol,Manual,"EMI ₹15,016/m*",₹3.19 lakh
Maruti Baleno,Maruti,2016,"47,819 km",Petrol,Manual,"EMI ₹8,164/m*",₹3.67 lakh
Renault Kwid,Renault,2020,"38,960 km",Petrol,Auto,"EMI ₹6,620/m*",₹3.75 lakh
Hyundai Verna,Hyundai,2010,"45,302 km",Petrol,Manual,"EMI ₹6,620/m*",₹1.94 lakh
Tata Manza,Tata,2012,"69,585 km",Diesel,Manual,"EMI ₹6,620/m*",₹2.13 lakh
Hyundai i20,Hyundai,2012,"83,887 km",Diesel,Manual,"EMI ₹6,620/m*",₹2.69 lakh
Maruti Swift Dzire,Maruti,2013,"1,16,683 km",Petrol,Manual,"EMI ₹16,805/m*",₹3.57 lakh
Hyundai Eon,Hyundai,2015,"47,359 km",Petrol,Manual,"EMI ₹4,345/m*",₹1.65 lakh
Tata NEXON,Tata,2020,"23,568 km",Petrol,Manual,"EMI ₹9,374/m*",₹5.31 lakh
Hyundai Eon,Hyundai,2011,"1,00,014 km",Petrol,Manual,"EMI ₹9,374/m*",₹1.54 lakh
Maruti Eeco,Maruti,2023,"28,694 km",Petrol,Manual,"EMI ₹10,556/m*",₹5.98 lakh
Maruti Alto,Maruti,2021,"19,387 km",Petrol,Manual,"EMI ₹5,825/m*",₹3.30 lakh
Volkswagen Vento,Volkswagen,2012,"1,56,706 km",Diesel,Manual,"EMI ₹5,825/m*",₹2.65 lakh
Volkswagen Vento,Volkswagen,2013,"1,28,245 km",Petrol,Manual,"EMI ₹16,711/m*",₹3.55 lakh
Tata NEXON,Tata,2020,"70,295 km",Petrol,Manual,"EMI ₹12,880/m*",₹5.79 lakh
Maruti Swift,Maruti,2019,"55,114 km",Petrol,Manual,"EMI ₹11,192/m*",₹6.34 lakh
Fiat Grand Punto,Fiat,2011,"92,083 km",Diesel,Manual,"EMI ₹11,192/m*",₹1.20 lakh
Hyundai i10,Hyundai,2013,"95,963 km",Petrol,Manual,"EMI ₹12,333/m*",₹2.62 lakh
Hyundai Verna,Hyundai,2018,"36,270 km",Diesel,Manual,"EMI ₹16,046/m*",₹8.43 lakh
Hyundai i10,Hyundai,2011,"1,02,741 km",Petrol,Auto,"EMI ₹16,046/m*",₹1.76 lakh
Renault Kwid,Renault,2016,"54,129 km",Petrol,Manual,"EMI ₹5,450/m*",₹2.45 lakh
Maruti Swift,Maruti,2024,"13,562 km",Petrol,Manual,"EMI ₹12,798/m*",₹7.25 lakh
Tata Indica EV2,Tata,2011,"1,22,849 km",Diesel,Manual,"EMI ₹12,798/m*",₹1.27 lakh
Fiat Linea,Fiat,2011,"78,309 km",Diesel,Manual,"EMI ₹12,798/m*",₹0.88 lakh
Honda City,Honda,2016,"96,469 km",Petrol,Auto,"EMI ₹13,858/m*",₹6.23 lakh
Hyundai i10,Hyundai,2012,"38,297 km",Petrol,Auto,"EMI ₹30,742/m*",₹3.46 lakh
Maruti Swift Dzire,Maruti,2013,"1,29,773 km",Diesel,Manual,"EMI ₹24,967/m*",₹2.81 lakh
Tata Indica EV2,Tata,2012,"2,12,878 km",Diesel,Manual,"EMI ₹24,967/m*",₹1.37 lakh
Maruti Swift Dzire,Maruti,2012,"1,57,955 km",Diesel,Manual,"EMI ₹24,967/m*",₹2.50 lakh
Maruti Swift,Maruti,2024,"56,608 km",Petrol,Manual,"EMI ₹11,739/m*",₹6.65 lakh
Nissan Sunny,Nissan,2013,"96,135 km",Petrol,Manual,"EMI ₹7,155/m*",₹1.52 lakh
Hyundai NEW I20,Hyundai,2021,"83,623 km",Diesel,Manual,"EMI ₹12,092/m*",₹6.85 lakh
Tata Zest,Tata,2014,"80,778 km",Petrol,Manual,"EMI ₹8,901/m*",₹2.68 lakh
Honda Accord,Honda,2011,"95,081 km",Petrol,Auto,"EMI ₹8,901/m*",₹4.24 lakh
Hyundai i10,Hyundai,2010,"1,12,858 km",Petrol,Manual,"EMI ₹8,901/m*",₹2.03 lakh
KIA SELTOS,KIA,2020,"52,119 km",Petrol,Manual,"EMI ₹14,212/m*",₹8.30 lakh
Hyundai i20 Active,Hyundai,2016,"93,191 km",Petrol,Manual,"EMI ₹8,141/m*",₹3.66 lakh
Renault Kwid,Renault,2016,"45,333 km",Petrol,Manual,"EMI ₹5,561/m*",₹2.50 lakh
Tata Tiago,Tata,2017,"60,481 km",Petrol,Auto,"EMI ₹8,186/m*",₹3.68 lakh
Honda Brio,Honda,2013,"97,030 km",Petrol,Auto,"EMI ₹14,122/m*",₹3.00 lakh
Maruti Wagon R 1.0,Maruti,2012,"73,685 km",Petrol,Manual,"EMI ₹16,170/m*",₹1.82 lakh
Chevrolet Sail,Chevrolet,2013,"73,555 km",Diesel,Manual,"EMI ₹11,639/m*",₹1.31 lakh
Skoda Rapid,Skoda,2013,"1,21,935 km",Diesel,Manual,"EMI ₹32,074/m*",₹3.61 lakh
Ford Figo,Ford,2012,"86,456 km",Diesel,Manual,"EMI ₹32,074/m*",₹1.78 lakh
Tata NEXON,Tata,2020,"56,892 km",Petrol,Manual,"EMI ₹9,285/m*",₹5.26 lakh
Hyundai i10,Hyundai,2012,"42,123 km",Petrol,Manual,"EMI ₹27,543/m*",₹3.10 lakh
Hyundai i20,Hyundai,2011,"1,10,400 km",Petrol,Manual,"EMI ₹27,543/m*",₹2.06 lakh
Tata Zest,Tata,2016,"68,584 km",Petrol,Manual,"EMI ₹8,119/m*",₹3.65 lakh
Honda Jazz,Honda,2012,"61,372 km",Petrol,Manual,"EMI ₹22,212/m*",₹2.50 lakh
Maruti Swift,Maruti,2013,"89,444 km",Diesel,Manual,"EMI ₹37,761/m*",₹4.25 lakh
Hyundai Verna,Hyundai,2012,"63,885 km",Diesel,Manual,"EMI ₹37,761/m*",₹3.49 lakh
Toyota Corolla Altis,Toyota,2008,"84,287 km",Petrol,Auto,"EMI ₹37,761/m*",₹2.45 lakh
Maruti Wagon R 1.0,Maruti,2011,"1,11,350 km",Petrol,Manual,"EMI ₹37,761/m*",₹2.28 lakh
Hyundai NEW I20,Hyundai,2021,"69,561 km",Petrol,Manual,"EMI ₹11,474/m*",₹6.50 lakh
Datsun Redi Go,Datsun,2018,"61,071 km",Petrol,Auto,"EMI ₹6,006/m*",₹2.70 lakh
Maruti Baleno,Maruti,2017,"1,44,244 km",Petrol,Manual,"EMI ₹11,078/m*",₹4.98 lakh
Honda Civic,Honda,2012,"79,315 km",Petrol,Auto,"EMI ₹31,097/m*",₹3.50 lakh
Honda Amaze,Honda,2018,"37,055 km",Petrol,Auto,"EMI ₹8,473/m*",₹4.80 lakh
Maruti Ciaz,Maruti,2015,"1,07,211 km",Petrol,Manual,"EMI ₹12,166/m*",₹4.62 lakh
Tata Tiago,Tata,2017,"17,000 km",Petrol,Manual,"EMI ₹7,370/m*",₹3.77 lakh
Maruti Swift,Maruti,2019,"1,44,734 km",Diesel,Manual,"EMI ₹14,392/m*",₹6.47 lakh
Maruti Swift,Maruti,2013,"1,42,331 km",Diesel,Manual,"EMI ₹35,095/m*",₹3.95 lakh
Maruti Swift,Maruti,2018,"73,739 km",Petrol,Auto,"EMI ₹11,245/m*",₹6.37 lakh
Honda Amaze,Honda,2014,"77,466 km",Diesel,Manual,"EMI ₹15,299/m*",₹3.25 lakh
Maruti OMNI E,Maruti,2016,"64,984 km",Petrol,Manual,"EMI ₹5,450/m*",₹2.45 lakh
Hyundai i20,Hyundai,2011,"1,54,487 km",Diesel,Manual,"EMI ₹5,450/m*",₹1.83 lakh
Renault Kwid,Renault,2017,"58,214 km",Petrol,Auto,"EMI ₹5,181/m*",₹2.65 lakh
Tata Indica Vista,Tata,2010,"1,57,796 km",Diesel,Manual,"EMI ₹5,181/m*",₹0.78 lakh
Tata Nano,Tata,2012,"29,611 km",Petrol,Manual,"EMI ₹6,219/m*",₹0.70 lakh
Volkswagen Polo,Volkswagen,2020,"30,339 km",Petrol,Manual,"EMI ₹10,592/m*",₹6.00 lakh
Tata Zest,Tata,2014,"1,13,007 km",Diesel,Manual,"EMI ₹12,474/m*",₹2.65 lakh
Hyundai Eon,Hyundai,2017,"67,315 km",Petrol,Manual,"EMI ₹5,583/m*",₹2.51 lakh
Maruti Celerio,Maruti,2015,"53,950 km",Petrol,Auto,"EMI ₹9,480/m*",₹3.60 lakh
Maruti Swift Dzire,Maruti,2012,"2,23,184 km",Diesel,Manual,"EMI ₹9,480/m*",₹3.86 lakh
Honda Amaze,Honda,2016,"52,926 km",Petrol,Manual,"EMI ₹7,407/m*",₹3.33 lakh
Volkswagen Vento,Volkswagen,2016,"1,67,296 km",Diesel,Manual,"EMI ₹10,086/m*",₹3.83 lakh
Renault Kwid,Renault,2019,"49,722 km",Petrol,Auto,"EMI ₹6,796/m*",₹3.85 lakh
Hyundai Grand i10,Hyundai,2015,"55,997 km",Petrol,Manual,"EMI ₹6,952/m*",₹2.64 lakh
Renault Kwid,Renault,2018,"30,076 km",Petrol,Auto,"EMI ₹5,949/m*",₹3.37 lakh
Maruti Celerio,Maruti,2015,"73,007 km",Petrol,Auto,"EMI ₹9,981/m*",₹3.79 lakh
Mahindra XUV500,Mahindra,2014,"1,45,048 km",Diesel,Manual,"EMI ₹28,856/m*",₹6.13 lakh
Hyundai Verna,Hyundai,2018,"76,484 km",Diesel,Manual,"EMI ₹12,844/m*",₹6.57 lakh
Hyundai i10,Hyundai,2013,"32,231 km",Petrol,Manual,"EMI ₹17,700/m*",₹3.76 lakh
Maruti Swift,Maruti,2018,"48,575 km",Diesel,Auto,"EMI ₹11,711/m*",₹5.99 lakh
Tata TIGOR,Tata,2018,"17,491 km",Petrol,Manual,"EMI ₹6,973/m*",₹3.95 lakh
Nissan MAGNITE,Nissan,2021,"23,171 km",Petrol,Manual,"EMI ₹9,003/m*",₹5.10 lakh
Chevrolet Spark,Chevrolet,2011,"67,539 km",Petrol,Manual,"EMI ₹9,003/m*",₹0.82 lakh
Hyundai GRAND I10 NIOS,Hyundai,2022,"24,704 km",Petrol,Manual,"EMI ₹8,632/m*",₹4.89 lakh
Maruti Alto K10,Maruti,2018,"52,955 km",Petrol,Auto,"EMI ₹6,849/m*",₹3.88 lakh
Maruti Celerio,Maruti,2014,"73,925 km",Petrol,Auto,"EMI ₹12,854/m*",₹3.87 lakh
Maruti Swift,Maruti,2016,"72,574 km",Petrol,Manual,"EMI ₹7,763/m*",₹3.49 lakh
Volkswagen Polo,Volkswagen,2014,"62,551 km",Petrol,Auto,"EMI ₹15,445/m*",₹4.65 lakh
Hyundai i10,Hyundai,2014,"1,02,993 km",Petrol,Manual,"EMI ₹7,772/m*",₹2.34 lakh
Maruti Celerio,Maruti,2015,"1,44,598 km",Petrol,Manual,"EMI ₹7,900/m*",₹3.00 lakh
Maruti New Wagon-R,Maruti,2019,"43,647 km",Petrol,Manual,"EMI ₹8,456/m*",₹4.79 lakh
Tata NEXON,Tata,2019,"1,52,603 km",Diesel,Manual,"EMI ₹11,189/m*",₹5.03 lakh
Hyundai Verna,Hyundai,2012,"1,14,450 km",Diesel,Manual,"EMI ₹11,189/m*",₹3.90 lakh
Tata Bolt,Tata,2015,"58,307 km",Petrol,Manual,"EMI ₹7,900/m*",₹3.00 lakh
Volkswagen Vento,Volkswagen,2011,"81,609 km",Diesel,Manual,"EMI ₹7,900/m*",₹2.33 lakh
Tata Manza,Tata,2011,"90,678 km",Diesel,Manual,"EMI ₹7,900/m*",₹1.91 lakh
Ford Figo,Ford,2012,"73,961 km",Diesel,Manual,"EMI ₹7,900/m*",₹2.05 lakh
Renault TRIBER,Renault,2020,"16,550 km",Petrol,Auto,"EMI ₹11,474/m*",₹6.50 lakh
Renault Duster,Renault,2013,"1,02,931 km",Diesel,Manual,"EMI ₹37,228/m*",₹4.19 lakh
Ford Figo,Ford,2012,"1,01,101 km",Diesel,Manual,"EMI ₹37,228/m*",₹1.74 lakh
Ford Figo,Ford,2011,"83,534 km",Petrol,Manual,"EMI ₹37,228/m*",₹1.05 lakh
Jeep Compass,Jeep,2018,"87,300 km",Diesel,Manual,"EMI ₹17,131/m*",₹9.00 lakh
Maruti Swift,Maruti,2018,"1,21,289 km",Diesel,Auto,"EMI ₹12,902/m*",₹5.80 lakh
Datsun Redi Go,Datsun,2018,"29,616 km",Petrol,Auto,"EMI ₹4,855/m*",₹2.75 lakh
Renault Fluence,Renault,2011,"95,539 km",Petrol,Auto,"EMI ₹4,855/m*",₹2.22 lakh
Nissan Terrano,Nissan,2016,"99,000 km",Diesel,Manual,"EMI ₹10,560/m*",₹4.01 lakh
Maruti Swift,Maruti,2018,"20,786 km",Petrol,Manual,"EMI ₹11,086/m*",₹6.28 lakh
Chevrolet Aveo,Chevrolet,2010,"1,25,066 km",Petrol,Manual,"EMI ₹11,086/m*",₹2.18 lakh
Maruti SX4,Maruti,2013,"44,922 km",Petrol,Manual,"EMI ₹7,249/m*",₹1.54 lakh
Nissan Teana,Nissan,2011,"1,21,366 km",Petrol,Auto,"EMI ₹7,249/m*",₹2.28 lakh
Maruti Wagon R Duo,Maruti,2011,"75,522 km",Petrol,Manual,"EMI ₹7,249/m*",₹2.27 lakh
Volkswagen Polo,Volkswagen,2014,"1,00,385 km",Diesel,Manual,"EMI ₹16,570/m*",₹3.52 lakh
Maruti Swift,Maruti,2020,"70,680 km",Petrol,Manual,"EMI ₹9,921/m*",₹5.62 lakh
Hyundai i10,Hyundai,2012,"58,149 km",Petrol,Manual,"EMI ₹23,655/m*",₹2.66 lakh
Hyundai Grand i10,Hyundai,2015,"58,717 km",Petrol,Manual,"EMI ₹11,534/m*",₹4.38 lakh
Maruti Baleno,Maruti,2018,"78,765 km",Petrol,Manual,"EMI ₹7,396/m*",₹4.19 lakh
Mahindra XUV500,Mahindra,2012,"1,47,951 km",Diesel,Manual,"EMI ₹7,396/m*",₹3.79 lakh
Hyundai i20,Hyundai,2013,"1,31,114 km",Diesel,Manual,"EMI ₹25,766/m*",₹2.90 lakh
Maruti Swift,Maruti,2015,"66,105 km",Petrol,Manual,"EMI ₹12,114/m*",₹4.60 lakh
Maruti Ritz,Maruti,2014,"89,789 km",Petrol,Manual,"EMI ₹11,625/m*",₹3.50 lakh
Renault Kwid,Renault,2016,"39,471 km",Petrol,Manual,"EMI ₹5,672/m*",₹2.55 lakh
Volkswagen Ameo,Volkswagen,2016,"55,248 km",Petrol,Manual,"EMI ₹9,409/m*",₹4.23 lakh
Honda City,Honda,2010,"1,60,776 km",Petrol,Manual,"EMI ₹9,409/m*",₹2.29 lakh
Volkswagen Polo,Volkswagen,2011,"80,213 km",Petrol,Manual,"EMI ₹9,409/m*",₹2.47 lakh
Tata NEXON,Tata,2022,"31,239 km",Petrol,Manual,"EMI ₹14,212/m*",₹8.30 lakh
Hyundai GRAND I10 NIOS,Hyundai,2019,"33,685 km",Petrol,Manual,"EMI ₹9,091/m*",₹5.15 lakh
Volkswagen Vento,Volkswagen,2012,"2,30,573 km",Diesel,Manual,"EMI ₹9,091/m*",₹2.50 lakh
KIA CARENS,KIA,2023,"14,825 km",Petrol,Manual,"EMI ₹26,811/m*",₹15.66 lakh
Volkswagen Polo,Volkswagen,2011,"24,718 km",Petrol,Manual,"EMI ₹26,811/m*",₹2.62 lakh
Maruti Swift,Maruti,2014,"1,32,687 km",Diesel,Manual,"EMI ₹18,924/m*",₹4.02 lakh
Maruti Wagon R 1.0,Maruti,2013,"23,154 km",Petrol,Manual,"EMI ₹12,004/m*",₹2.55 lakh
Ford Ecosport,Ford,2017,"92,296 km",Petrol,Auto,"EMI ₹13,783/m*",₹7.05 lakh
Maruti Alto K10,Maruti,2011,"57,232 km",Petrol,Manual,"EMI ₹13,783/m*",₹1.08 lakh
Tata Nano,Tata,2014,"42,828 km",Petrol,Manual,"EMI ₹3,521/m*",₹1.06 lakh
Hyundai Grand i10,Hyundai,2019,"46,471 km",Petrol,Manual,"EMI ₹9,709/m*",₹5.50 lakh
Volkswagen Vento,Volkswagen,2013,"1,10,042 km",Diesel,Manual,"EMI ₹29,320/m*",₹3.30 lakh
Honda BR-V,Honda,2016,"48,555 km",Petrol,Manual,"EMI ₹10,900/m*",₹4.90 lakh
Maruti Alto 800,Maruti,2015,"36,432 km",Petrol,Manual,"EMI ₹6,662/m*",₹2.53 lakh
Maruti Baleno,Maruti,2018,"75,511 km",Petrol,Manual,"EMI ₹7,185/m*",₹4.07 lakh
Mahindra TUV300,Mahindra,2016,"1,17,465 km",Diesel,Manual,"EMI ₹13,588/m*",₹5.16 lakh
Ford Figo,Ford,2012,"47,489 km",Diesel,Manual,"EMI ₹13,588/m*",₹2.08 lakh
Tata NEXON,Tata,2021,"26,113 km",Petrol,Manual,"EMI ₹16,095/m*",₹9.40 lakh
Maruti Celerio,Maruti,2015,"77,246 km",Petrol,Auto,"EMI ₹7,768/m*",₹2.95 lakh
Hyundai Creta,Hyundai,2018,"35,861 km",Petrol,Manual,"EMI ₹12,145/m*",₹6.88 lakh
Volkswagen Polo,Volkswagen,2013,"1,05,000 km",Diesel,Manual,"EMI ₹23,367/m*",₹2.63 lakh
Hyundai i20,Hyundai,2012,"76,402 km",Petrol,Manual,"EMI ₹32,430/m*",₹3.65 lakh
Hyundai Grand i10,Hyundai,2015,"82,105 km",Petrol,Manual,"EMI ₹7,887/m*",₹3.00 lakh
Maruti Alto K10,Maruti,2015,"94,603 km",Petrol,Manual,"EMI ₹6,715/m*",₹2.55 lakh
Hyundai i20,Hyundai,2013,"77,931 km",Petrol,Manual,"EMI ₹12,333/m*",₹2.62 lakh
Tata Harrier,Tata,2019,"1,15,044 km",Diesel,Manual,"EMI ₹21,587/m*",₹9.93 lakh
Renault Kwid,Renault,2023,"24,075 km",Petrol,Auto,"EMI ₹8,314/m*",₹4.71 lakh
Maruti Dzire,Maruti,2017,"14,125 km",Petrol,Auto,"EMI ₹9,971/m*",₹5.10 lakh
Maruti Ciaz,Maruti,2016,"57,593 km",Diesel,Manual,"EMI ₹12,640/m*",₹4.80 lakh
Maruti Alto K10,Maruti,2015,"40,417 km",Petrol,Auto,"EMI ₹7,110/m*",₹2.70 lakh
Mahindra TUV300,Mahindra,2016,"1,56,636 km",Diesel,Manual,"EMI ₹12,509/m*",₹4.75 lakh
Mahindra E2O,Mahindra,2015,"63,285 km",Electric,Auto,"EMI ₹4,529/m*",₹1.72 lakh
Honda City,Honda,2011,"71,614 km",Petrol,Manual,"EMI ₹4,529/m*",₹2.52 lakh
Hyundai Elite i20,Hyundai,2017,"76,473 km",Petrol,Manual,"EMI ₹11,046/m*",₹5.65 lakh
Hyundai i20,Hyundai,2013,"58,282 km",Petrol,Manual,"EMI ₹18,594/m*",₹3.95 lakh
Maruti Ertiga,Maruti,2022,"29,888 km",Petrol,Manual,"EMI ₹19,691/m*",₹11.50 lakh
Tata TIGOR,Tata,2017,"57,331 km",Petrol,Manual,"EMI ₹6,745/m*",₹3.45 lakh
Honda Jazz,Honda,2017,"50,248 km",Petrol,Manual,"EMI ₹9,189/m*",₹4.70 lakh
Maruti Vitara Brezza,Maruti,2017,"54,848 km",Diesel,Manual,"EMI ₹16,394/m*",₹7.37 lakh
Maruti Wagon R 1.0,Maruti,2015,"77,642 km",Petrol,Manual,"EMI ₹7,637/m*",₹2.90 lakh
Tata NEXON,Tata,2021,"36,685 km",Petrol,Manual,"EMI ₹14,554/m*",₹8.50 lakh
Honda City,Honda,2015,"1,15,280 km",Petrol,Manual,"EMI ₹13,852/m*",₹5.26 lakh
Ford Ecosport,Ford,2014,"97,185 km",Diesel,Manual,"EMI ₹22,313/m*",₹4.74 lakh
Maruti A Star,Maruti,2012,"61,437 km",Petrol,Manual,"EMI ₹17,770/m*",₹2.00 lakh
Hyundai AURA,Hyundai,2020,"85,288 km",Diesel,Auto,"EMI ₹9,903/m*",₹5.61 lakh
Maruti Wagon R 1.0,Maruti,2018,"64,687 km",Petrol,Auto,"EMI ₹7,767/m*",₹4.40 lakh
Honda BR-V,Honda,2016,"1,07,632 km",Diesel,Manual,"EMI ₹11,640/m*",₹4.42 lakh
Mahindra XUV700,Mahindra,2023,"11,038 km",Diesel,Manual,"EMI ₹27,601/m*",₹16.12 lakh
Mahindra TUV300,Mahindra,2016,"75,471 km",Diesel,Auto,"EMI ₹12,904/m*",₹4.90 lakh
Maruti Swift,Maruti,2010,"1,31,030 km",Petrol,Manual,"EMI ₹12,904/m*",₹2.32 lakh
Nissan Sunny,Nissan,2012,"15,863 km",Petrol,Manual,"EMI ₹25,322/m*",₹2.85 lakh
Hyundai Verna,Hyundai,2020,"33,959 km",Diesel,Manual,"EMI ₹15,410/m*",₹9.00 lakh
Maruti JIMNY,Maruti,2023,"30,207 km",Petrol,Auto,"EMI ₹18,749/m*",₹10.95 lakh
Maruti Baleno,Maruti,2020,"89,892 km",Petrol,Manual,"EMI ₹10,274/m*",₹5.82 lakh
Ford Ecosport,Ford,2014,"1,12,726 km",Diesel,Manual,"EMI ₹26,267/m*",₹5.58 lakh
Maruti Celerio,Maruti,2015,"37,137 km",Petrol,Manual,"EMI ₹8,927/m*",₹3.39 lakh
Hyundai i10,Hyundai,2010,"50,795 km",Petrol,Manual,"EMI ₹8,927/m*",₹2.05 lakh
Maruti Swift,Maruti,2022,"46,350 km",Petrol,Auto,"EMI ₹13,769/m*",₹7.80 lakh
Hyundai Grand i10,Hyundai,2016,"43,189 km",Petrol,Manual,"EMI ₹7,252/m*",₹3.26 lakh
Hyundai Verna,Hyundai,2011,"94,363 km",Petrol,Manual,"EMI ₹7,252/m*",₹2.74 lakh
Renault Lodgy,Renault,2015,"1,13,483 km",Diesel,Manual,"EMI ₹13,053/m*",₹3.93 lakh
Tata Harrier,Tata,2020,"1,45,790 km",Diesel,Auto,"EMI ₹25,678/m*",₹11.81 lakh
Tata NEXON,Tata,2022,"28,877 km",Petrol,Manual,"EMI ₹15,667/m*",₹9.15 lakh
Tata NEXON,Tata,2021,"63,114 km",Petrol,Manual,"EMI ₹13,955/m*",₹8.15 lakh
Hyundai Grand i10,Hyundai,2018,"1,02,695 km",Petrol,Manual,"EMI ₹9,810/m*",₹4.41 lakh
Skoda Rapid,Skoda,2012,"1,57,767 km",Diesel,Manual,"EMI ₹9,810/m*",₹2.00 lakh
Hyundai Grand i10,Hyundai,2016,"63,318 km",Petrol,Manual,"EMI ₹9,343/m*",₹4.20 lakh
Maruti Baleno,Maruti,2016,"1,03,797 km",Petrol,Manual,"EMI ₹10,299/m*",₹4.63 lakh
Skoda Rapid,Skoda,2015,"1,85,788 km",Diesel,Manual,"EMI ₹9,632/m*",₹2.90 lakh
Hyundai i10,Hyundai,2011,"60,333 km",Petrol,Auto,"EMI ₹9,632/m*",₹1.44 lakh
Maruti Wagon R 1.0,Maruti,2016,"70,708 km",Petrol,Auto,"EMI ₹7,941/m*",₹3.57 lakh
Volkswagen Ameo,Volkswagen,2018,"63,062 km",Petrol,Manual,"EMI ₹7,538/m*",₹4.27 lakh
Skoda Fabia,Skoda,2010,"1,03,128 km",Petrol,Manual,"EMI ₹7,538/m*",₹1.36 lakh
Maruti Swift,Maruti,2014,"87,546 km",Petrol,Manual,"EMI ₹15,245/m*",₹4.59 lakh
Renault Duster,Renault,2012,"94,783 km",Diesel,Manual,"EMI ₹15,245/m*",₹2.59 lakh
Nissan Terrano,Nissan,2016,"97,790 km",Petrol,Manual,"EMI ₹7,786/m*",₹3.50 lakh
Maruti Swift Dzire,Maruti,2014,"73,581 km",Petrol,Manual,"EMI ₹15,810/m*",₹4.76 lakh
Volkswagen Vento,Volkswagen,2012,"1,13,442 km",Diesel,Manual,"EMI ₹15,810/m*",₹2.50 lakh
Ford Fiesta Classic,Ford,2011,"1,30,275 km",Petrol,Manual,"EMI ₹15,810/m*",₹1.60 lakh
Renault Kwid,Renault,2017,"40,348 km",Petrol,Manual,"EMI ₹4,888/m*",₹2.50 lakh
Audi A6,Audi,2013,"60,746 km",Diesel,Auto,"EMI ₹80,427/m*",₹9.10 lakh
Hyundai Eon,Hyundai,2018,"45,256 km",Petrol,Manual,"EMI ₹5,119/m*",₹2.90 lakh
Tata NEXON,Tata,2021,"23,449 km",Petrol,Manual,"EMI ₹17,722/m*",₹10.35 lakh
Maruti Alto,Maruti,2011,"70,845 km",Petrol,Manual,"EMI ₹17,722/m*",₹1.40 lakh
Maruti Swift Dzire,Maruti,2014,"87,154 km",Petrol,Manual,"EMI ₹12,954/m*",₹3.90 lakh
Fiat Grand Punto,Fiat,2012,"1,00,350 km",Diesel,Manual,"EMI ₹12,954/m*",₹1.37 lakh
Tata NEXON,Tata,2021,"1,57,601 km",Diesel,Auto,"EMI ₹19,416/m*",₹8.93 lakh
Volkswagen Passat,Volkswagen,2012,"1,00,001 km",Diesel,Auto,"EMI ₹19,416/m*",₹4.89 lakh
Hyundai Santro Xing,Hyundai,2011,"68,941 km",Petrol,Manual,"EMI ₹19,416/m*",₹1.91 lakh
KIA SYROS,KIA,2025,"2,507 km",Petrol,Manual,"EMI ₹20,615/m*",₹12.04 lakh
Chevrolet Spark,Chevrolet,2013,"43,683 km",Petrol,Manual,"EMI ₹6,214/m*",₹1.32 lakh
Hyundai i10,Hyundai,2011,"75,309 km",Petrol,Manual,"EMI ₹6,214/m*",₹2.17 lakh
Renault Pulse,Renault,2012,"1,06,000 km",Diesel,Manual,"EMI ₹6,214/m*",₹2.34 lakh
Mahindra XUV500,Mahindra,2020,"38,135 km",Diesel,Manual,"EMI ₹15,085/m*",₹8.81 lakh
Volkswagen Vento,Volkswagen,2011,"1,04,743 km",Petrol,Auto,"EMI ₹15,085/m*",₹2.64 lakh
Ford Figo,Ford,2010,"1,65,731 km",Diesel,Manual,"EMI ₹15,085/m*",₹0.78 lakh
Maruti Alto K10,Maruti,2018,"9,984 km",Petrol,Auto,"EMI ₹6,355/m*",₹3.60 lakh
Hyundai GRAND I10 NIOS,Hyundai,2022,"24,816 km",Petrol,Manual,"EMI ₹8,685/m*",₹4.92 lakh
Honda Amaze,Honda,2013,"1,26,351 km",Petrol,Manual,"EMI ₹11,298/m*",₹2.40 lakh
Maruti A Star,Maruti,2011,"85,083 km",Petrol,Auto,"EMI ₹11,298/m*",₹2.00 lakh
Tata Nano,Tata,2011,"31,571 km",Petrol,Manual,"EMI ₹11,298/m*",₹0.58 lakh
Hyundai Verna,Hyundai,2012,"1,34,855 km",Diesel,Manual,"EMI ₹11,298/m*",₹3.60 lakh
Maruti Wagon R 1.0,Maruti,2011,"72,040 km",Petrol,Manual,"EMI ₹11,298/m*",₹2.64 lakh
Honda Amaze,Honda,2014,"1,39,821 km",Diesel,Manual,"EMI ₹15,958/m*",₹3.39 lakh
Toyota Etios Liva,Toyota,2013,"94,096 km",Petrol,Manual,"EMI ₹16,946/m*",₹3.60 lakh
Maruti Grand Vitara,Maruti,2024,"31,472 km",Petrol,Manual,"EMI ₹18,595/m*",₹10.86 lakh
Hyundai i10,Hyundai,2011,"81,947 km",Petrol,Manual,"EMI ₹18,595/m*",₹1.49 lakh
Hyundai Creta,Hyundai,2016,"1,29,851 km",Petrol,Manual,"EMI ₹16,683/m*",₹7.50 lakh
Hyundai Elite i20,Hyundai,2015,"95,500 km",Petrol,Manual,"EMI ₹9,217/m*",₹3.50 lakh
Tata Indica EV2,Tata,2011,"77,963 km",Diesel,Manual,"EMI ₹9,217/m*",₹1.35 lakh
Volkswagen Ameo,Volkswagen,2017,"1,57,788 km",Diesel,Manual,"EMI ₹8,408/m*",₹3.78 lakh
Maruti Ertiga,Maruti,2022,"24,345 km",Petrol,Manual,"EMI ₹16,181/m*",₹9.45 lakh
Renault Kwid,Renault,2017,"64,262 km",Petrol,Auto,"EMI ₹5,376/m*",₹2.75 lakh
Tata Indica Vista,Tata,2011,"1,58,160 km",Diesel,Manual,"EMI ₹5,376/m*",₹1.10 lakh
Maruti Eeco,Maruti,2011,"59,830 km",Petrol,Manual,"EMI ₹5,376/m*",₹2.00 lakh
Hyundai Elite i20,Hyundai,2016,"82,291 km",Petrol,Manual,"EMI ₹11,322/m*",₹5.09 lakh
Maruti Swift,Maruti,2018,"48,926 km",Petrol,Manual,"EMI ₹10,592/m*",₹6.00 lakh
Maruti Vitara Brezza,Maruti,2016,"1,57,767 km",Diesel,Manual,"EMI ₹14,931/m*",₹5.67 lakh
Honda BR-V,Honda,2016,"59,712 km",Petrol,Manual,"EMI ₹12,346/m*",₹5.55 lakh
Maruti Swift,Maruti,2018,"90,661 km",Diesel,Auto,"EMI ₹12,571/m*",₹6.43 lakh
Maruti Alto K10,Maruti,2011,"1,35,072 km",Petrol,Manual,"EMI ₹12,571/m*",₹1.39 lakh
Volkswagen Vento,Volkswagen,2013,"1,49,000 km",Diesel,Manual,"EMI ₹22,212/m*",₹2.50 lakh
Skoda Rapid,Skoda,2012,"1,93,801 km",Diesel,Manual,"EMI ₹22,212/m*",₹2.32 lakh
Ford FREESTYLE,Ford,2018,"35,913 km",Diesel,Manual,"EMI ₹12,082/m*",₹6.18 lakh
Hyundai i20,Hyundai,2010,"1,95,106 km",Petrol,Manual,"EMI ₹12,082/m*",₹2.00 lakh
Maruti Alto,Maruti,2020,"26,306 km",Petrol,Manual,"EMI ₹6,567/m*",₹3.72 lakh
Maruti XL6,Maruti,2020,"78,672 km",Petrol,Manual,"EMI ₹14,554/m*",₹8.50 lakh
Hyundai Elite i20,Hyundai,2017,"80,240 km",Petrol,Manual,"EMI ₹10,459/m*",₹5.35 lakh
Volkswagen Polo,Volkswagen,2014,"70,428 km",Petrol,Manual,"EMI ₹13,618/m*",₹4.10 lakh
Maruti Swift,Maruti,2018,"33,500 km",Petrol,Manual,"EMI ₹11,474/m*",₹6.50 lakh
Volkswagen Vento,Volkswagen,2012,"1,19,832 km",Diesel,Manual,"EMI ₹11,474/m*",₹2.54 lakh
Hyundai Creta,Hyundai,2015,"1,20,828 km",Diesel,Manual,"EMI ₹26,191/m*",₹8.00 lakh
CITROEN C3,CITROEN,2023,"14,322 km",Petrol,Manual,"EMI ₹10,062/m*",₹5.70 lakh
Hyundai i10,Hyundai,2014,"85,080 km",Petrol,Manual,"EMI ₹9,167/m*",₹2.76 lakh
Honda Jazz,Honda,2016,"62,161 km",Petrol,Manual,"EMI ₹9,009/m*",₹4.05 lakh
Maruti Celerio,Maruti,2016,"71,337 km",Petrol,Auto,"EMI ₹9,676/m*",₹4.35 lakh
Mahindra Kuv100,Mahindra,2017,"74,000 km",Petrol,Manual,"EMI ₹5,142/m*",₹2.63 lakh
Mahindra Quanto,Mahindra,2013,"48,500 km",Diesel,Manual,"EMI ₹22,237/m*",₹2.50 lakh
Maruti SX4,Maruti,2012,"1,19,388 km",Diesel,Manual,"EMI ₹22,237/m*",₹1.25 lakh
Maruti Ritz,Maruti,2013,"90,424 km",Diesel,Manual,"EMI ₹29,054/m*",₹3.27 lakh
Hyundai i20,Hyundai,2012,"1,41,951 km",Diesel,Manual,"EMI ₹29,054/m*",₹3.10 lakh
Maruti Alto K10,Maruti,2017,"59,922 km",Petrol,Manual,"EMI ₹6,979/m*",₹3.57 lakh
Hyundai i20,Hyundai,2011,"1,76,529 km",Petrol,Manual,"EMI ₹6,979/m*",₹1.92 lakh
Hyundai Creta,Hyundai,2017,"51,009 km",Petrol,Manual,"EMI ₹18,958/m*",₹9.96 lakh
Volkswagen Polo,Volkswagen,2018,"74,162 km",Petrol,Manual,"EMI ₹9,356/m*",₹5.30 lakh
Ford Figo,Ford,2013,"1,18,104 km",Diesel,Manual,"EMI ₹19,636/m*",₹2.21 lakh
Honda Amaze,Honda,2013,"63,375 km",Diesel,Manual,"EMI ₹23,811/m*",₹2.68 lakh
Skoda Rapid,Skoda,2017,"83,376 km",Diesel,Manual,"EMI ₹14,615/m*",₹6.57 lakh
Hyundai i20,Hyundai,2014,"79,646 km",Petrol,Manual,"EMI ₹9,732/m*",₹2.93 lakh
Tata Indica EV2,Tata,2011,"1,57,411 km",Diesel,Manual,"EMI ₹9,732/m*",₹1.00 lakh
Maruti Baleno,Maruti,2018,"57,558 km",Petrol,Manual,"EMI ₹10,327/m*",₹5.85 lakh
Maruti Alto K10,Maruti,2011,"50,609 km",Petrol,Manual,"EMI ₹10,327/m*",₹1.64 lakh
Maruti Baleno,Maruti,2018,"51,603 km",Petrol,Manual,"EMI ₹11,474/m*",₹6.50 lakh
Maruti SX4,Maruti,2012,"86,804 km",Diesel,Manual,"EMI ₹11,474/m*",₹1.85 lakh
Maruti Baleno,Maruti,2017,"1,11,793 km",Petrol,Manual,"EMI ₹11,122/m*",₹5.00 lakh
Ford Ecosport,Ford,2014,"74,428 km",Diesel,Manual,"EMI ₹19,300/m*",₹4.10 lakh
Hyundai GRAND I10 NIOS,Hyundai,2022,"14,929 km",Petrol,Auto,"EMI ₹10,592/m*",₹6.00 lakh
Honda Brio,Honda,2012,"1,26,034 km",Petrol,Manual,"EMI ₹17,770/m*",₹2.00 lakh
Hyundai i10,Hyundai,2013,"63,843 km",Petrol,Auto,"EMI ₹12,710/m*",₹2.70 lakh
Chevrolet Beat,Chevrolet,2011,"76,993 km",Diesel,Manual,"EMI ₹12,710/m*",₹1.15 lakh
Hyundai i20,Hyundai,2012,"1,25,770 km",Diesel,Manual,"EMI ₹12,710/m*",₹3.72 lakh
Volkswagen Vento,Volkswagen,2012,"1,41,203 km",Diesel,Manual,"EMI ₹12,710/m*",₹2.50 lakh
KIA CARENS,KIA,2023,"24,811 km",Diesel,Manual,"EMI ₹25,769/m*",₹15.05 lakh
Honda Brio,Honda,2012,"71,075 km",Petrol,Manual,"EMI ₹25,411/m*",₹2.86 lakh
Ford Figo Aspire,Ford,2017,"56,850 km",Petrol,Manual,"EMI ₹7,820/m*",₹4.00 lakh
Maruti Baleno,Maruti,2017,"61,262 km",Petrol,Manual,"EMI ₹10,440/m*",₹5.34 lakh
Maruti Celerio,Maruti,2014,"99,043 km",Petrol,Auto,"EMI ₹8,304/m*",₹2.50 lakh
Renault Kwid,Renault,2016,"32,196 km",Petrol,Auto,"EMI ₹6,673/m*",₹3.00 lakh
Fiat Linea,Fiat,2010,"1,07,900 km",Petrol,Manual,"EMI ₹6,673/m*",₹1.63 lakh
Maruti Swift,Maruti,2018,"52,192 km",Petrol,Manual,"EMI ₹10,592/m*",₹6.00 lakh
Maruti Swift,Maruti,2011,"72,593 km",Petrol,Manual,"EMI ₹10,592/m*",₹2.60 lakh
Maruti Swift,Maruti,2018,"90,515 km",Petrol,Manual,"EMI ₹10,044/m*",₹5.69 lakh
Toyota Etios,Toyota,2012,"72,985 km",Diesel,Manual,"EMI ₹10,044/m*",₹2.76 lakh
Renault Kiger,Renault,2022,"34,982 km",Petrol,Auto,"EMI ₹9,285/m*",₹5.26 lakh
Honda Amaze,Honda,2015,"1,20,060 km",Petrol,Manual,"EMI ₹9,033/m*",₹3.43 lakh
Tata Indica Vista,Tata,2012,"1,13,964 km",Diesel,Manual,"EMI ₹9,033/m*",₹1.52 lakh
Fiat Grand Punto,Fiat,2010,"1,00,255 km",Petrol,Manual,"EMI ₹9,033/m*",₹0.88 lakh
Maruti Ertiga,Maruti,2016,"62,289 km",Diesel,Manual,"EMI ₹22,563/m*",₹8.73 lakh
Maruti Swift,Maruti,2012,"2,46,392 km",Diesel,Manual,"EMI ₹22,563/m*",₹3.40 lakh
Toyota Etios,Toyota,2011,"95,787 km",Petrol,Manual,"EMI ₹22,563/m*",₹2.44 lakh
Maruti Swift Dzire,Maruti,2014,"1,38,575 km",Petrol,Manual,"EMI ₹9,931/m*",₹2.99 lakh
Honda Jazz,Honda,2015,"93,691 km",Petrol,Manual,"EMI ₹8,901/m*",₹3.38 lakh
Volkswagen Polo,Volkswagen,2020,"48,712 km",Petrol,Manual,"EMI ₹13,822/m*",₹7.83 lakh
Skoda KUSHAQ,Skoda,2022,"36,421 km",Petrol,Manual,"EMI ₹18,869/m*",₹11.02 lakh
Tata TIGOR,Tata,2022,"61,122 km",Petrol,Manual,"EMI ₹11,404/m*",₹6.46 lakh
Renault TRIBER,Renault,2020,"60,768 km",Petrol,Manual,"EMI ₹10,715/m*",₹6.07 lakh
Tata Nano,Tata,2012,"82,965 km",Petrol,Manual,"EMI ₹5,953/m*",₹0.67 lakh
Hyundai Creta,Hyundai,2016,"63,060 km",Petrol,Manual,"EMI ₹19,960/m*",₹9.18 lakh
Ford Figo,Ford,2010,"1,24,052 km",Petrol,Manual,"EMI ₹19,960/m*",₹1.52 lakh
Skoda Fabia,Skoda,2011,"1,06,135 km",Petrol,Manual,"EMI ₹19,960/m*",₹2.25 lakh
Hyundai Grand i10,Hyundai,2014,"65,218 km",Petrol,Auto,"EMI ₹9,831/m*",₹2.96 lakh
Honda Amaze,Honda,2014,"2,39,107 km",Diesel,Manual,"EMI ₹11,863/m*",₹2.52 lakh
Toyota Glanza,Toyota,2024,"12,969 km",Petrol,Auto,"EMI ₹15,188/m*",₹8.87 lakh
Toyota Corolla Altis,Toyota,2011,"29,413 km",Petrol,Manual,"EMI ₹15,188/m*",₹3.50 lakh
Hyundai NEW I20,Hyundai,2022,"33,463 km",Petrol,Manual,"EMI ₹13,681/m*",₹7.75 lakh
Hyundai Verna,Hyundai,2012,"1,10,007 km",Petrol,Manual,"EMI ₹32,963/m*",₹3.71 lakh
Tata NEXON,Tata,2019,"83,476 km",Petrol,Auto,"EMI ₹11,916/m*",₹6.75 lakh
Mahindra XUV 3XO,Mahindra,2025,"6,008 km",Petrol,Auto,"EMI ₹23,732/m*",₹13.86 lakh
Renault Kwid,Renault,2022,"23,162 km",Petrol,Auto,"EMI ₹8,826/m*",₹5.00 lakh
Skoda Rapid,Skoda,2012,"91,355 km",Diesel,Manual,"EMI ₹8,826/m*",₹2.21 lakh
Hyundai i10,Hyundai,2011,"80,594 km",Petrol,Manual,"EMI ₹8,826/m*",₹1.89 lakh
Hyundai i20,Hyundai,2013,"66,881 km",Petrol,Manual,"EMI ₹14,122/m*",₹3.00 lakh
Maruti Swift Dzire,Maruti,2014,"95,166 km",Petrol,Manual,"EMI ₹10,031/m*",₹3.02 lakh
Hyundai GRAND I10 NIOS,Hyundai,2021,"38,115 km",Petrol,Manual,"EMI ₹8,473/m*",₹4.80 lakh
Hyundai i20 Active,Hyundai,2017,"39,604 km",Petrol,Manual,"EMI ₹10,323/m*",₹5.28 lakh
Maruti Celerio,Maruti,2015,"25,207 km",Petrol,Auto,"EMI ₹9,217/m*",₹3.50 lakh
Maruti S Cross,Maruti,2015,"1,31,715 km",Diesel,Manual,"EMI ₹18,733/m*",₹5.64 lakh
Renault Duster,Renault,2012,"97,174 km",Diesel,Manual,"EMI ₹18,733/m*",₹2.90 lakh
Maruti Swift Dzire,Maruti,2016,"70,318 km",Petrol,Manual,"EMI ₹7,585/m*",₹3.41 lakh
Tata Nano,Tata,2012,"82,342 km",Petrol,Manual,"EMI ₹6,042/m*",₹0.68 lakh
Tata NEXON,Tata,2018,"82,559 km",Petrol,Manual,"EMI ₹10,715/m*",₹6.07 lakh
Tata Zest,Tata,2015,"1,05,441 km",Petrol,Manual,"EMI ₹9,559/m*",₹3.63 lakh
Maruti Baleno,Maruti,2016,"76,765 km",Petrol,Manual,"EMI ₹8,030/m*",₹3.61 lakh
Maruti Swift Dzire,Maruti,2015,"49,957 km",Petrol,Manual,"EMI ₹13,773/m*",₹5.23 lakh
Honda WR-V,Honda,2021,"52,384 km",Petrol,Manual,"EMI ₹12,286/m*",₹6.96 lakh
Tata TIGOR,Tata,2020,"20,178 km",Petrol,Auto,"EMI ₹8,120/m*",₹4.60 lakh
Renault Kwid,Renault,2017,"29,229 km",Petrol,Auto,"EMI ₹6,999/m*",₹3.58 lakh
Skoda Rapid,Skoda,2013,"1,01,557 km",Petrol,Manual,"EMI ₹15,723/m*",₹3.34 lakh
Hyundai Xcent,Hyundai,2015,"1,83,143 km",Petrol,Manual,"EMI ₹8,558/m*",₹3.25 lakh
Ford Fiesta,Ford,2011,"79,349 km",Petrol,Manual,"EMI ₹8,558/m*",₹1.70 lakh
Tata NEXON,Tata,2019,"91,001 km",Diesel,Auto,"EMI ₹9,480/m*",₹5.37 lakh
Volkswagen Polo,Volkswagen,2016,"1,01,146 km",Petrol,Manual,"EMI ₹8,564/m*",₹3.85 lakh
Tata NEXON EV,Tata,2024,"28,801 km",Electric,Auto,"EMI ₹23,971/m*",₹14.00 lakh
Honda Amaze,Honda,2019,"64,934 km",Petrol,Manual,"EMI ₹8,950/m*",₹5.07 lakh
Tata Nano,Tata,2014,"1,14,216 km",Petrol,Manual,"EMI ₹3,222/m*",₹0.97 lakh
Mahindra XUV500,Mahindra,2014,"7,00,001 km",Diesel,Manual,"EMI ₹28,244/m*",₹6.00 lakh
Hyundai VENUE,Hyundai,2021,"6,970 km",Petrol,Manual,"EMI ₹12,357/m*",₹7.00 lakh
Hyundai Verna,Hyundai,2019,"39,000 km",Petrol,Manual,"EMI ₹14,126/m*",₹8.25 lakh
Maruti Swift,Maruti,2018,"58,270 km",Petrol,Auto,"EMI ₹9,833/m*",₹5.57 lakh
Hyundai i10,Hyundai,2013,"50,220 km",Petrol,Auto,"EMI ₹11,768/m*",₹2.50 lakh
Hyundai i10,Hyundai,2010,"76,140 km",Petrol,Manual,"EMI ₹11,768/m*",₹1.44 lakh
Maruti Swift,Maruti,2013,"1,91,122 km",Diesel,Manual,"EMI ₹34,918/m*",₹3.93 lakh
Hyundai Verna,Hyundai,2016,"43,031 km",Petrol,Manual,"EMI ₹12,234/m*",₹5.50 lakh
Ford Figo,Ford,2014,"1,04,238 km",Diesel,Manual,"EMI ₹13,369/m*",₹2.84 lakh
Renault TRIBER,Renault,2023,"46,996 km",Petrol,Manual,"EMI ₹11,474/m*",₹6.50 lakh
Maruti Alto 800,Maruti,2015,"68,985 km",Petrol,Manual,"EMI ₹5,267/m*",₹2.00 lakh
Tata NEXON,Tata,2022,"34,043 km",Petrol,Manual,"EMI ₹15,838/m*",₹9.25 lakh
Hyundai Creta,Hyundai,2018,"1,10,810 km",Petrol,Manual,"EMI ₹16,683/m*",₹7.50 lakh
Tata Nano,Tata,2015,"16,437 km",Petrol,Auto,"EMI ₹5,767/m*",₹2.19 lakh
Renault Lodgy,Renault,2015,"45,947 km",Diesel,Manual,"EMI ₹14,747/m*",₹4.44 lakh
Renault Scala,Renault,2013,"89,437 km",Diesel,Manual,"EMI ₹22,212/m*",₹2.50 lakh
Maruti Alto K10,Maruti,2011,"47,659 km",Petrol,Manual,"EMI ₹22,212/m*",₹2.05 lakh
Tata PUNCH EV,Tata,2024,"11,438 km",Electric,Auto,"EMI ₹17,687/m*",₹10.33 lakh
Hyundai Elite i20,Hyundai,2020,"17,496 km",Petrol,Manual,"EMI ₹11,315/m*",₹6.41 lakh
Tata Tiago,Tata,2022,"27,816 km",Petrol,Auto,"EMI ₹9,021/m*",₹5.11 lakh
Hyundai i10,Hyundai,2011,"85,263 km",Petrol,Manual,"EMI ₹9,021/m*",₹2.01 lakh
Maruti Swift,Maruti,2013,"1,13,438 km",Petrol,Manual,"EMI ₹13,934/m*",₹2.96 lakh
Volkswagen Ameo,Volkswagen,2017,"1,10,071 km",Diesel,Manual,"EMI ₹9,521/m*",₹4.28 lakh
Ford Ecosport,Ford,2014,"97,097 km",Petrol,Auto,"EMI ₹12,156/m*",₹3.66 lakh
Hyundai VENUE,Hyundai,2020,"19,920 km",Petrol,Manual,"EMI ₹12,710/m*",₹7.20 lakh
Honda City,Honda,2015,"75,481 km",Petrol,Manual,"EMI ₹12,114/m*",₹4.60 lakh
Tata NEXON,Tata,2018,"58,452 km",Diesel,Manual,"EMI ₹14,467/m*",₹7.40 lakh
Renault TRIBER,Renault,2022,"30,247 km",Petrol,Manual,"EMI ₹11,474/m*",₹6.50 lakh
Hyundai i20,Hyundai,2013,"86,878 km",Petrol,Manual,"EMI ₹16,005/m*",₹3.40 lakh
Mahindra XUV500,Mahindra,2016,"97,578 km",Diesel,Auto,"EMI ₹29,955/m*",₹11.59 lakh
Maruti Baleno,Maruti,2020,"11,269 km",Petrol,Manual,"EMI ₹11,774/m*",₹6.67 lakh
Maruti New Wagon-R,Maruti,2022,"16,044 km",Petrol,Manual,"EMI ₹10,839/m*",₹6.14 lakh
Toyota Etios Liva,Toyota,2013,"38,270 km",Petrol,Manual,"EMI ₹18,312/m*",₹3.89 lakh
Ford Fiesta,Ford,2011,"1,62,095 km",Diesel,Manual,"EMI ₹18,312/m*",₹1.41 lakh
Hyundai i10,Hyundai,2010,"51,285 km",Petrol,Manual,"EMI ₹18,312/m*",₹2.52 lakh
Hyundai i10,Hyundai,2014,"49,539 km",Petrol,Manual,"EMI ₹10,629/m*",₹3.20 lakh
Maruti Baleno,Maruti,2016,"57,408 km",Petrol,Auto,"EMI ₹11,411/m*",₹5.13 lakh
Ford Ecosport,Ford,2014,"1,07,094 km",Diesel,Manual,"EMI ₹21,277/m*",₹4.52 lakh
Maruti Celerio,Maruti,2014,"1,00,355 km",Petrol,Manual,"EMI ₹9,134/m*",₹2.75 lakh
Renault Duster,Renault,2013,"1,04,450 km",Diesel,Manual,"EMI ₹33,318/m*",₹3.75 lakh
Hyundai Grand i10,Hyundai,2014,"1,03,161 km",Petrol,Manual,"EMI ₹11,326/m*",₹3.41 lakh
Maruti Swift,Maruti,2015,"53,879 km",Petrol,Manual,"EMI ₹11,850/m*",₹4.50 lakh
Honda Brio,Honda,2012,"39,417 km",Petrol,Manual,"EMI ₹26,210/m*",₹2.95 lakh
Hyundai Verna,Hyundai,2013,"80,749 km",Petrol,Auto,"EMI ₹21,701/m*",₹4.61 lakh
Mahindra XUV500,Mahindra,2015,"84,397 km",Diesel,Manual,"EMI ₹19,929/m*",₹6.00 lakh
Tata NEXON,Tata,2018,"51,806 km",Petrol,Manual,"EMI ₹10,062/m*",₹5.70 lakh
Hyundai Xcent,Hyundai,2014,"72,551 km",Petrol,Manual,"EMI ₹9,732/m*",₹2.93 lakh
Honda Jazz,Honda,2016,"22,324 km",Petrol,Auto,"EMI ₹10,789/m*",₹4.85 lakh
Maruti Ertiga,Maruti,2013,"1,38,903 km",Diesel,Manual,"EMI ₹48,156/m*",₹5.42 lakh
Skoda Superb,Skoda,2016,"1,60,407 km",Petrol,Auto,"EMI ₹14,459/m*",₹6.50 lakh
Mahindra TUV300,Mahindra,2016,"66,845 km",Diesel,Manual,"EMI ₹13,825/m*",₹5.25 lakh
Hyundai Elite i20,Hyundai,2020,"45,297 km",Petrol,Manual,"EMI ₹13,345/m*",₹7.56 lakh
Hyundai AURA,Hyundai,2020,"7,997 km",Petrol,Manual,"EMI ₹11,827/m*",₹6.70 lakh
Hyundai i10,Hyundai,2013,"1,13,368 km",Petrol,Manual,"EMI ₹14,122/m*",₹3.00 lakh
Hyundai i20,Hyundai,2011,"54,207 km",Petrol,Manual,"EMI ₹14,122/m*",₹2.89 lakh
Maruti Vitara Brezza,Maruti,2017,"97,292 km",Diesel,Manual,"EMI ₹14,704/m*",₹6.61 lakh
Hyundai i20,Hyundai,2010,"88,753 km",Petrol,Manual,"EMI ₹14,704/m*",₹1.20 lakh
Hyundai Elite i20,Hyundai,2019,"54,298 km",Petrol,Manual,"EMI ₹10,592/m*",₹6.00 lakh
Maruti Ciaz,Maruti,2014,"83,018 km",Petrol,Auto,"EMI ₹10,728/m*",₹3.23 lakh
Renault Fluence,Renault,2013,"94,942 km",Diesel,Manual,"EMI ₹24,522/m*",₹2.76 lakh
Volkswagen Polo,Volkswagen,2014,"1,30,650 km",Diesel,Manual,"EMI ₹21,183/m*",₹4.50 lakh
Hyundai Verna,Hyundai,2011,"87,474 km",Petrol,Manual,"EMI ₹21,183/m*",₹2.86 lakh
Hyundai i20,Hyundai,2010,"2,62,000 km",Petrol,Manual,"EMI ₹21,183/m*",₹2.62 lakh
Tata NEXON,Tata,2020,"37,749 km",Petrol,Auto,"EMI ₹13,063/m*",₹7.40 lakh
Maruti Wagon R 1.0,Maruti,2010,"1,58,950 km",Petrol,Manual,"EMI ₹13,063/m*",₹1.60 lakh
Ford Classic,Ford,2012,"1,05,314 km",Diesel,Manual,"EMI ₹13,063/m*",₹1.60 lakh
Tata NEXON,Tata,2018,"84,741 km",Diesel,Manual,"EMI ₹12,981/m*",₹6.64 lakh
Hyundai i20,Hyundai,2014,"93,136 km",Petrol,Manual,"EMI ₹13,053/m*",₹3.93 lakh
Maruti Alto K10,Maruti,2011,"47,609 km",Petrol,Manual,"EMI ₹13,053/m*",₹2.05 lakh
Renault Kwid,Renault,2021,"27,498 km",Petrol,Auto,"EMI ₹7,096/m*",₹4.02 lakh
Hyundai Elite i20,Hyundai,2018,"38,566 km",Petrol,Manual,"EMI ₹12,533/m*",₹7.10 lakh
Honda Amaze,Honda,2015,"58,532 km",Petrol,Manual,"EMI ₹8,137/m*",₹3.09 lakh
BMW 5 Series,BMW,2014,"60,040 km",Diesel,Auto,"EMI ₹81,424/m*",₹17.47 lakh
Maruti XL6,Maruti,2022,"38,158 km",Petrol,Manual,"EMI ₹18,492/m*",₹10.80 lakh
Hyundai Creta,Hyundai,2016,"1,24,337 km",Petrol,Manual,"EMI ₹18,046/m*",₹8.30 lakh
Maruti Swift Dzire,Maruti,2011,"1,11,876 km",Petrol,Manual,"EMI ₹18,046/m*",₹2.67 lakh
Tata NEXON,Tata,2020,"62,561 km",Petrol,Manual,"EMI ₹10,998/m*",₹6.23 lakh
Ford Classic,Ford,2012,"1,17,270 km",Diesel,Manual,"EMI ₹10,998/m*",₹2.00 lakh
Maruti SX4,Maruti,2011,"22,506 km",Petrol,Manual,"EMI ₹10,998/m*",₹2.76 lakh
Maruti Ritz,Maruti,2011,"51,244 km",Petrol,Manual,"EMI ₹10,998/m*",₹2.50 lakh
Renault Duster,Renault,2015,"1,35,327 km",Diesel,Manual,"EMI ₹16,225/m*",₹4.88 lakh
Maruti Wagon R 1.0,Maruti,2011,"1,52,559 km",Petrol,Manual,"EMI ₹16,225/m*",₹2.60 lakh
Ford New Figo,Ford,2019,"47,274 km",Petrol,Manual,"EMI ₹7,538/m*",₹4.27 lakh
Mahindra XUV500,Mahindra,2017,"1,53,386 km",Diesel,Manual,"EMI ₹13,680/m*",₹6.15 lakh
Maruti A Star,Maruti,2012,"75,000 km",Petrol,Manual,"EMI ₹14,428/m*",₹1.62 lakh
Maruti Celerio,Maruti,2014,"61,208 km",Petrol,Auto,"EMI ₹9,865/m*",₹2.97 lakh
Hyundai AURA,Hyundai,2020,"33,177 km",Petrol,Auto,"EMI ₹11,068/m*",₹6.27 lakh
Maruti Alto K10,Maruti,2025,"5,415 km",Petrol,Manual,"EMI ₹9,179/m*",₹5.20 lakh
Hyundai Elite i20,Hyundai,2018,"51,975 km",Petrol,Auto,"EMI ₹13,458/m*",₹6.05 lakh
Maruti Ertiga,Maruti,2015,"1,60,967 km",Diesel,Manual,"EMI ₹15,445/m*",₹4.65 lakh
Hyundai i20,Hyundai,2014,"65,058 km",Petrol,Manual,"EMI ₹13,618/m*",₹4.10 lakh
Maruti Celerio,Maruti,2015,"75,821 km",Petrol,Manual,"EMI ₹9,217/m*",₹3.50 lakh
Maruti Celerio,Maruti,2015,"1,23,209 km",Petrol,Manual,"EMI ₹9,349/m*",₹3.55 lakh
Honda City,Honda,2016,"53,345 km",Petrol,Auto,"EMI ₹9,298/m*",₹4.18 lakh
Tata Tiago,Tata,2017,"71,255 km",Petrol,Manual,"EMI ₹7,625/m*",₹3.90 lakh
Tata NEXON,Tata,2018,"57,817 km",Petrol,Manual,"EMI ₹10,744/m*",₹6.09 lakh
Maruti Swift,Maruti,2015,"1,39,694 km",Diesel,Manual,"EMI ₹13,053/m*",₹3.93 lakh
Fiat Grand Punto,Fiat,2011,"1,33,993 km",Diesel,Manual,"EMI ₹13,053/m*",₹1.64 lakh
Hyundai Elite i20,Hyundai,2017,"74,831 km",Petrol,Manual,"EMI ₹9,654/m*",₹4.34 lakh
Mahindra Thar,Mahindra,2023,"4,237 km",Petrol,Auto,"EMI ₹22,619/m*",₹13.21 lakh
Mahindra KUV 100 NXT,Mahindra,2018,"95,755 km",Diesel,Manual,"EMI ₹6,237/m*",₹3.19 lakh
Mahindra XUV500,Mahindra,2012,"1,70,777 km",Diesel,Manual,"EMI ₹6,237/m*",₹5.14 lakh
CITROEN C3,CITROEN,2022,"48,973 km",Petrol,Manual,"EMI ₹8,826/m*",₹5.00 lakh
Volkswagen Ameo,Volkswagen,2017,"25,076 km",Petrol,Manual,"EMI ₹9,912/m*",₹5.07 lakh
Nissan Micra,Nissan,2012,"1,11,323 km",Petrol,Manual,"EMI ₹14,216/m*",₹1.60 lakh
Maruti Baleno,Maruti,2023,"39,829 km",Petrol,Auto,"EMI ₹14,383/m*",₹8.40 lakh
Maruti Celerio,Maruti,2018,"99,189 km",Petrol,Manual,"EMI ₹7,732/m*",₹4.38 lakh
Hyundai Eon,Hyundai,2011,"61,250 km",Petrol,Manual,"EMI ₹7,732/m*",₹1.62 lakh
Hyundai Elite i20,Hyundai,2016,"59,091 km",Petrol,Manual,"EMI ₹11,478/m*",₹5.16 lakh
Maruti Celerio,Maruti,2015,"72,958 km",Petrol,Auto,"EMI ₹8,295/m*",₹3.15 lakh
Hyundai i20 Active,Hyundai,2015,"91,276 km",Diesel,Manual,"EMI ₹16,076/m*",₹4.84 lakh
Hyundai Grand i10,Hyundai,2015,"23,508 km",Petrol,Manual,"EMI ₹11,692/m*",₹4.44 lakh
Toyota Fortuner,Toyota,2012,"1,55,203 km",Diesel,Auto,"EMI ₹11,692/m*",₹8.66 lakh
Maruti Swift,Maruti,2016,"42,188 km",Diesel,Manual,"EMI ₹14,299/m*",₹5.43 lakh
Tata NEXON,Tata,2021,"8,324 km",Petrol,Manual,"EMI ₹10,998/m*",₹6.23 lakh
Maruti Alto,Maruti,2012,"54,000 km",Petrol,Manual,"EMI ₹21,235/m*",₹2.39 lakh
Renault Kwid,Renault,2023,"53,974 km",Petrol,Manual,"EMI ₹7,926/m*",₹4.49 lakh
Hyundai Elite i20,Hyundai,2019,"1,12,287 km",Petrol,Auto,"EMI ₹14,837/m*",₹6.67 lakh
Maruti Alto,Maruti,2011,"77,339 km",Petrol,Manual,"EMI ₹14,837/m*",₹2.00 lakh
Hyundai Verna,Hyundai,2015,"67,268 km",Petrol,Manual,"EMI ₹11,324/m*",₹4.30 lakh
Hyundai NEW I20,Hyundai,2022,"86,522 km",Petrol,Manual,"EMI ₹11,262/m*",₹6.38 lakh
Ford Ecosport,Ford,2015,"96,283 km",Petrol,Auto,"EMI ₹9,954/m*",₹3.78 lakh
Tata Tiago,Tata,2016,"74,955 km",Petrol,Manual,"EMI ₹7,318/m*",₹3.29 lakh
Tata Safari,Tata,2021,"53,479 km",Diesel,Manual,"EMI ₹23,646/m*",₹13.81 lakh
Tata Tiago,Tata,2018,"62,211 km",Petrol,Manual,"EMI ₹6,090/m*",₹3.45 lakh
Maruti Baleno,Maruti,2017,"36,490 km",Petrol,Manual,"EMI ₹9,853/m*",₹5.04 lakh
Hyundai Creta,Hyundai,2016,"1,14,504 km",Petrol,Auto,"EMI ₹16,683/m*",₹7.50 lakh
Maruti Swift Dzire,Maruti,2014,"58,173 km",Petrol,Manual,"EMI ₹11,957/m*",₹3.60 lakh
Honda City,Honda,2014,"1,07,276 km",Petrol,Manual,"EMI ₹11,426/m*",₹3.44 lakh
Maruti Swift,Maruti,2013,"1,11,254 km",Diesel,Manual,"EMI ₹29,675/m*",₹3.34 lakh
Maruti Dzire,Maruti,2017,"89,491 km",Petrol,Auto,"EMI ₹8,798/m*",₹4.50 lakh
Honda City,Honda,2012,"60,450 km",Petrol,Manual,"EMI ₹27,543/m*",₹3.10 lakh
Mahindra XUV500,Mahindra,2018,"23,000 km",Diesel,Auto,"EMI ₹25,277/m*",₹13.28 lakh
Toyota YARIS,Toyota,2021,"15,728 km",Petrol,Manual,"EMI ₹13,769/m*",₹7.80 lakh
Tata Manza,Tata,2013,"1,04,915 km",Diesel,Manual,"EMI ₹22,390/m*",₹2.52 lakh
Renault TRIBER,Renault,2023,"18,151 km",Petrol,Manual,"EMI ₹12,533/m*",₹7.10 lakh
Hyundai Grand i10,Hyundai,2018,"42,260 km",Petrol,Manual,"EMI ₹8,509/m*",₹4.82 lakh
Maruti S PRESSO,Maruti,2020,"16,893 km",Petrol,Auto,"EMI ₹9,038/m*",₹5.12 lakh
Maruti OMNI E,Maruti,2014,"52,224 km",Petrol,Manual,"EMI ₹8,702/m*",₹2.62 lakh
Hyundai i20,Hyundai,2011,"52,994 km",Petrol,Manual,"EMI ₹8,702/m*",₹2.41 lakh
Mahindra XUV500,Mahindra,2012,"82,383 km",Diesel,Manual,"EMI ₹8,702/m*",₹5.15 lakh
Maruti Ritz,Maruti,2010,"1,82,198 km",Diesel,Manual,"EMI ₹8,702/m*",₹1.77 lakh
Honda City,Honda,2015,"74,395 km",Petrol,Manual,"EMI ₹14,352/m*",₹5.45 lakh
Maruti Alto,Maruti,2019,"92,201 km",Petrol,Manual,"EMI ₹5,719/m*",₹3.24 lakh
Maruti Swift,Maruti,2014,"57,462 km",Diesel,Manual,"EMI ₹24,196/m*",₹5.14 lakh
Tata Tiago,Tata,2017,"78,027 km",Petrol,Manual,"EMI ₹7,331/m*",₹3.75 lakh
Maruti Baleno,Maruti,2019,"52,829 km",Petrol,Manual,"EMI ₹11,227/m*",₹6.36 lakh
Hyundai Grand i10,Hyundai,2017,"83,261 km",Petrol,Manual,"EMI ₹7,370/m*",₹3.77 lakh
Hyundai Elite i20,Hyundai,2019,"55,915 km",Petrol,Manual,"EMI ₹12,180/m*",₹6.90 lakh
Maruti Baleno,Maruti,2021,"65,569 km",Petrol,Manual,"EMI ₹11,121/m*",₹6.30 lakh
Volkswagen Vento,Volkswagen,2021,"6,761 km",Petrol,Auto,"EMI ₹18,715/m*",₹10.93 lakh
Mahindra XUV500,Mahindra,2020,"48,268 km",Diesel,Manual,"EMI ₹26,968/m*",₹15.75 lakh
Maruti Celerio,Maruti,2018,"96,846 km",Petrol,Auto,"EMI ₹7,767/m*",₹4.40 lakh
Hyundai Grand i10,Hyundai,2016,"57,776 km",Petrol,Manual,"EMI ₹8,453/m*",₹3.80 lakh
Skoda Rapid,Skoda,2018,"1,17,567 km",Petrol,Auto,"EMI ₹15,082/m*",₹6.78 lakh
Honda Amaze,Honda,2016,"69,607 km",Petrol,Manual,"EMI ₹8,453/m*",₹3.80 lakh
Hyundai Creta,Hyundai,2016,"95,211 km",Petrol,Manual,"EMI ₹15,571/m*",₹7.00 lakh
Honda City,Honda,2024,"6,816 km",Petrol,Manual,"EMI ₹17,927/m*",₹10.47 lakh
Honda City,Honda,2012,"91,897 km",Petrol,Manual,"EMI ₹32,341/m*",₹3.64 lakh
Tata Tiago,Tata,2021,"46,543 km",Petrol,Manual,"EMI ₹8,209/m*",₹4.65 lakh
Hyundai Elite i20,Hyundai,2016,"70,161 km",Diesel,Manual,"EMI ₹15,142/m*",₹5.75 lakh
Hyundai GRAND I10 NIOS,Hyundai,2020,"25,857 km",Petrol,Manual,"EMI ₹8,826/m*",₹5.00 lakh
Maruti New Wagon-R,Maruti,2019,"93,005 km",Petrol,Auto,"EMI ₹7,979/m*",₹4.52 lakh
Tata Tiago,Tata,2016,"51,018 km",Petrol,Manual,"EMI ₹7,852/m*",₹3.53 lakh
Maruti Swift Dzire,Maruti,2015,"50,370 km",Petrol,Manual,"EMI ₹12,956/m*",₹4.92 lakh
Hyundai Grand i10,Hyundai,2015,"1,15,315 km",Petrol,Manual,"EMI ₹9,981/m*",₹3.79 lakh
Mahindra XUV500,Mahindra,2017,"1,62,597 km",Diesel,Auto,"EMI ₹19,568/m*",₹9.00 lakh
Renault TRIBER,Renault,2024,"35,716 km",Petrol,Manual,"EMI ₹11,351/m*",₹6.43 lakh
Honda WR-V,Honda,2018,"42,913 km",Petrol,Manual,"EMI ₹10,768/m*",₹6.10 lakh
Hyundai VENUE,Hyundai,2022,"24,210 km",Diesel,Manual,"EMI ₹15,410/m*",₹9.00 lakh
Maruti Celerio,Maruti,2022,"61,848 km",Petrol,Manual,"EMI ₹8,562/m*",₹4.85 lakh
Maruti Baleno,Maruti,2022,"29,780 km",Petrol,Auto,"EMI ₹11,104/m*",₹6.29 lakh
Ford Figo Aspire,Ford,2015,"92,134 km",Diesel,Manual,"EMI ₹10,728/m*",₹3.23 lakh
Volkswagen Polo,Volkswagen,2017,"42,175 km",Petrol,Manual,"EMI ₹12,023/m*",₹6.15 lakh
Maruti Ritz,Maruti,2011,"81,327 km",Petrol,Manual,"EMI ₹12,023/m*",₹2.37 lakh
Hyundai Verna,Hyundai,2021,"86,016 km",Petrol,Manual,"EMI ₹15,564/m*",₹9.09 lakh
Hyundai Elite i20,Hyundai,2018,"46,040 km",Petrol,Manual,"EMI ₹10,362/m*",₹5.87 lakh
Maruti Swift,Maruti,2011,"88,005 km",Petrol,Manual,"EMI ₹10,362/m*",₹2.66 lakh
Maruti Dzire,Maruti,2019,"94,339 km",Petrol,Manual,"EMI ₹11,015/m*",₹6.24 lakh
Hyundai i20,Hyundai,2010,"71,372 km",Petrol,Manual,"EMI ₹11,015/m*",₹2.49 lakh
Maruti Ritz,Maruti,2012,"68,618 km",Diesel,Manual,"EMI ₹11,015/m*",₹2.86 lakh
Mahindra XUV500,Mahindra,2017,"1,13,639 km",Diesel,Manual,"EMI ₹17,440/m*",₹7.84 lakh
Maruti Baleno,Maruti,2016,"54,472 km",Petrol,Manual,"EMI ₹10,010/m*",₹4.50 lakh
Honda BR-V,Honda,2018,"84,850 km",Petrol,Manual,"EMI ₹11,333/m*",₹6.42 lakh
Maruti Celerio,Maruti,2018,"59,912 km",Petrol,Manual,"EMI ₹7,573/m*",₹4.29 lakh
Skoda Rapid,Skoda,2017,"92,112 km",Diesel,Auto,"EMI ₹13,903/m*",₹6.25 lakh
Honda City,Honda,2020,"28,890 km",Petrol,Manual,"EMI ₹15,736/m*",₹9.19 lakh
Maruti Alto K10,Maruti,2024,"15,255 km",Petrol,Manual,"EMI ₹8,791/m*",₹4.98 lakh
Maruti Swift Dzire,Maruti,2015,"31,603 km",Petrol,Manual,"EMI ₹11,824/m*",₹4.49 lakh
Mitsubishi Pajero Sport,Mitsubishi,2015,"1,55,300 km",Diesel,Auto,"EMI ₹29,465/m*",₹9.00 lakh
Hyundai Creta,Hyundai,2020,"40,362 km",Petrol,Manual,"EMI ₹21,643/m*",₹12.64 lakh
Hyundai Elite i20,Hyundai,2016,"44,894 km",Petrol,Manual,"EMI ₹12,079/m*",₹5.43 lakh
Toyota Innova,Toyota,2012,"1,18,032 km",Diesel,Manual,"EMI ₹12,079/m*",₹7.37 lakh
Honda City,Honda,2016,"58,584 km",Petrol,Manual,"EMI ₹12,346/m*",₹5.55 lakh
Hyundai Xcent,Hyundai,2016,"1,34,000 km",Petrol,Manual,"EMI ₹6,762/m*",₹3.04 lakh
Hyundai Grand i10,Hyundai,2016,"33,015 km",Petrol,Manual,"EMI ₹10,010/m*",₹4.50 lakh
Maruti Swift,Maruti,2012,"1,44,472 km",Diesel,Manual,"EMI ₹10,010/m*",₹4.18 lakh
Maruti Alto K10,Maruti,2011,"1,32,552 km",Petrol,Manual,"EMI ₹10,010/m*",₹1.52 lakh
MG HECTOR,MG,2022,"23,996 km",Petrol,Auto,"EMI ₹23,663/m*",₹13.82 lakh
Maruti Baleno,Maruti,2021,"44,554 km",Petrol,Manual,"EMI ₹11,051/m*",₹6.26 lakh
Skoda Fabia,Skoda,2011,"81,791 km",Petrol,Manual,"EMI ₹11,051/m*",₹1.88 lakh
Maruti Baleno,Maruti,2021,"54,098 km",Petrol,Manual,"EMI ₹11,580/m*",₹6.56 lakh
Hyundai Creta,Hyundai,2015,"1,22,204 km",Diesel,Auto,"EMI ₹21,589/m*",₹6.50 lakh
Honda Amaze,Honda,2014,"50,209 km",Petrol,Auto,"EMI ₹11,957/m*",₹3.60 lakh
Maruti Swift,Maruti,2019,"45,000 km",Petrol,Manual,"EMI ₹11,898/m*",₹6.74 lakh
Maruti Alto K10,Maruti,2015,"54,269 km",Petrol,Auto,"EMI ₹7,795/m*",₹2.96 lakh
KIA CARENS,KIA,2022,"67,864 km",Diesel,Auto,"EMI ₹27,447/m*",₹16.03 lakh
Ford Ecosport,Ford,2014,"98,580 km",Diesel,Manual,"EMI ₹18,641/m*",₹3.96 lakh
Hyundai Grand i10,Hyundai,2014,"27,211 km",Petrol,Manual,"EMI ₹11,293/m*",₹3.40 lakh
Hyundai i10,Hyundai,2011,"1,02,526 km",Petrol,Manual,"EMI ₹11,293/m*",₹1.21 lakh
Tata NEXON,Tata,2021,"20,645 km",Petrol,Auto,"EMI ₹15,924/m*",₹9.30 lakh
Hyundai VENUE,Hyundai,2020,"32,361 km",Petrol,Auto,"EMI ₹13,681/m*",₹7.75 lakh
Skoda Rapid,Skoda,2012,"1,51,851 km",Diesel,Manual,"EMI ₹13,681/m*",₹2.27 lakh
Maruti Swift,Maruti,2018,"38,130 km",Petrol,Auto,"EMI ₹9,268/m*",₹5.25 lakh
Hyundai Santro Xing,Hyundai,2010,"98,548 km",Petrol,Manual,"EMI ₹9,268/m*",₹1.71 lakh
Volkswagen Polo,Volkswagen,2011,"57,965 km",Petrol,Manual,"EMI ₹9,268/m*",₹2.92 lakh
Hyundai Grand i10,Hyundai,2018,"31,260 km",Petrol,Auto,"EMI ₹7,679/m*",₹4.35 lakh
Honda City,Honda,2015,"52,176 km",Petrol,Auto,"EMI ₹13,167/m*",₹5.00 lakh
Maruti Wagon R 1.0,Maruti,2014,"24,359 km",Petrol,Manual,"EMI ₹11,758/m*",₹3.54 lakh
Hyundai Verna,Hyundai,2011,"1,02,981 km",Petrol,Manual,"EMI ₹11,758/m*",₹2.72 lakh
Renault Kwid,Renault,2021,"37,728 km",Petrol,Auto,"EMI ₹7,061/m*",₹4.00 lakh
KIA SELTOS,KIA,2019,"44,565 km",Petrol,Manual,"EMI ₹15,684/m*",₹9.16 lakh
Maruti Alto K10,Maruti,2015,"48,503 km",Petrol,Manual,"EMI ₹7,479/m*",₹2.84 lakh
Tata NEXON,Tata,2023,"12,300 km",Petrol,Auto,"EMI ₹17,003/m*",₹9.93 lakh
Hyundai Verna,Hyundai,2014,"51,530 km",Petrol,Manual,"EMI ₹16,607/m*",₹5.00 lakh
Maruti Vitara Brezza,Maruti,2019,"74,919 km",Diesel,Manual,"EMI ₹13,345/m*",₹7.56 lakh
CITROEN C3,CITROEN,2023,"14,286 km",Petrol,Manual,"EMI ₹9,285/m*",₹5.26 lakh
Honda City,Honda,2014,"1,10,407 km",Petrol,Manual,"EMI ₹12,621/m*",₹3.80 lakh
Hyundai Grand i10,Hyundai,2013,"61,312 km",Petrol,Auto,"EMI ₹16,946/m*",₹3.60 lakh
Maruti Alto,Maruti,2022,"63,463 km",Petrol,Manual,"EMI ₹6,426/m*",₹3.64 lakh
Honda WR-V,Honda,2017,"83,570 km",Petrol,Manual,"EMI ₹11,926/m*",₹6.10 lakh
Mahindra Thar,Mahindra,2021,"15,089 km",Petrol,Auto,"EMI ₹24,605/m*",₹14.37 lakh
Fiat Grand Punto,Fiat,2013,"1,41,086 km",Diesel,Manual,"EMI ₹14,660/m*",₹1.65 lakh
Hyundai Verna,Hyundai,2015,"98,074 km",Diesel,Manual,"EMI ₹16,840/m*",₹5.07 lakh
Tata ALTROZ,Tata,2021,"7,074 km",Petrol,Manual,"EMI ₹11,845/m*",₹6.71 lakh
Renault Duster,Renault,2014,"96,789 km",Diesel,Manual,"EMI ₹22,360/m*",₹4.75 lakh
Maruti IGNIS,Maruti,2021,"16,900 km",Petrol,Manual,"EMI ₹9,886/m*",₹5.60 lakh
Maruti Baleno,Maruti,2023,"19,127 km",Petrol,Auto,"EMI ₹13,240/m*",₹7.50 lakh
Honda Brio,Honda,2015,"64,776 km",Petrol,Manual,"EMI ₹8,479/m*",₹3.22 lakh
Maruti Swift,Maruti,2020,"31,809 km",Petrol,Manual,"EMI ₹11,739/m*",₹6.65 lakh
Ford Ecosport,Ford,2018,"1,08,858 km",Diesel,Manual,"EMI ₹13,347/m*",₹6.00 lakh
Maruti Ertiga,Maruti,2019,"41,305 km",Petrol,Auto,"EMI ₹16,112/m*",₹9.41 lakh
Honda Amaze,Honda,2015,"35,690 km",Petrol,Manual,"EMI ₹11,192/m*",₹4.25 lakh
Hyundai Grand i10,Hyundai,2017,"35,953 km",Petrol,Manual,"EMI ₹9,853/m*",₹5.04 lakh
Hyundai i20,Hyundai,2012,"47,927 km",Petrol,Manual,"EMI ₹31,186/m*",₹3.51 lakh
Maruti Dzire,Maruti,2019,"63,289 km",Petrol,Auto,"EMI ₹10,203/m*",₹5.78 lakh
Toyota Etios Liva,Toyota,2011,"69,767 km",Petrol,Manual,"EMI ₹10,203/m*",₹3.06 lakh
Ford Figo,Ford,2011,"1,00,440 km",Petrol,Manual,"EMI ₹10,203/m*",₹1.37 lakh
Ford Ecosport,Ford,2016,"68,372 km",Diesel,Manual,"EMI ₹15,142/m*",₹5.75 lakh
Hyundai GRAND I10 NIOS,Hyundai,2020,"67,409 km",Petrol,Auto,"EMI ₹8,826/m*",₹5.00 lakh
Tata NEXON,Tata,2023,"11,600 km",Petrol,Manual,"EMI ₹15,410/m*",₹9.00 lakh
Tata ALTROZ,Tata,2022,"11,140 km",Petrol,Auto,"EMI ₹12,710/m*",₹7.20 lakh
Skoda Rapid,Skoda,2019,"57,391 km",Petrol,Manual,"EMI ₹12,145/m*",₹6.88 lakh
Mahindra XUV500,Mahindra,2016,"1,15,199 km",Diesel,Auto,"EMI ₹26,569/m*",₹10.28 lakh
Hyundai Xcent,Hyundai,2014,"71,261 km",Diesel,Manual,"EMI ₹17,888/m*",₹3.80 lakh
Hyundai GRAND I10 NIOS,Hyundai,2023,"13,615 km",Petrol,Manual,"EMI ₹11,474/m*",₹6.50 lakh
Hyundai VENUE,Hyundai,2021,"39,800 km",Petrol,Manual,"EMI ₹13,240/m*",₹7.50 lakh
Mahindra XUV500,Mahindra,2018,"35,057 km",Diesel,Manual,"EMI ₹19,453/m*",₹10.22 lakh
Maruti Swift,Maruti,2020,"96,726 km",Petrol,Manual,"EMI ₹10,715/m*",₹6.07 lakh
Ford Ecosport,Ford,2015,"54,357 km",Petrol,Manual,"EMI ₹12,983/m*",₹4.93 lakh
Hyundai i20 Active,Hyundai,2015,"47,439 km",Petrol,Manual,"EMI ₹12,614/m*",₹4.79 lakh
Toyota Innova,Toyota,2015,"1,09,399 km",Diesel,Manual,"EMI ₹27,173/m*",₹8.30 lakh
Maruti Celerio,Maruti,2015,"77,179 km",Petrol,Auto,"EMI ₹8,058/m*",₹3.06 lakh
Renault TRIBER,Renault,2023,"7,840 km",Petrol,Manual,"EMI ₹12,216/m*",₹6.92 lakh
Skoda Rapid,Skoda,2015,"2,33,270 km",Diesel,Auto,"EMI ₹12,854/m*",₹3.87 lakh
Hyundai Grand i10,Hyundai,2014,"47,904 km",Petrol,Manual,"EMI ₹13,286/m*",₹4.00 lakh
Maruti Eeco,Maruti,2021,"38,787 km",Petrol,Manual,"EMI ₹7,308/m*",₹4.14 lakh
Maruti Swift,Maruti,2014,"83,768 km",Diesel,Manual,"EMI ₹19,112/m*",₹4.06 lakh
Mahindra XUV500,Mahindra,2017,"75,531 km",Diesel,Manual,"EMI ₹19,394/m*",₹8.92 lakh
Hyundai Grand i10,Hyundai,2018,"56,260 km",Petrol,Auto,"EMI ₹9,744/m*",₹5.52 lakh
Maruti XL6,Maruti,2022,"41,474 km",Petrol,Manual,"EMI ₹18,492/m*",₹10.80 lakh
Renault Duster,Renault,2017,"1,11,348 km",Diesel,Manual,"EMI ₹11,523/m*",₹5.18 lakh
Honda Amaze,Honda,2013,"50,344 km",Diesel,Manual,"EMI ₹33,496/m*",₹3.77 lakh
Hyundai Elite i20,Hyundai,2015,"1,55,948 km",Diesel,Manual,"EMI ₹15,710/m*",₹4.73 lakh
Hyundai NEW SANTRO,Hyundai,2019,"81,565 km",Petrol,Manual,"EMI ₹8,385/m*",₹4.75 lakh
Hyundai Grand i10,Hyundai,2017,"36,384 km",Petrol,Manual,"EMI ₹8,680/m*",₹4.44 lakh
Maruti Ciaz,Maruti,2018,"1,18,745 km",Petrol,Auto,"EMI ₹13,480/m*",₹6.06 lakh
Skoda Octavia,Skoda,2018,"86,000 km",Petrol,Auto,"EMI ₹24,828/m*",₹14.50 lakh
KIA CARENS,KIA,2023,"23,141 km",Petrol,Manual,"EMI ₹20,547/m*",₹12.00 lakh
Hyundai Elite i20,Hyundai,2016,"1,33,078 km",Diesel,Manual,"EMI ₹13,852/m*",₹5.26 lakh
Maruti Alto K10,Maruti,2018,"32,967 km",Petrol,Auto,"EMI ₹7,326/m*",₹4.15 lakh
Ford Figo,Ford,2011,"61,088 km",Petrol,Manual,"EMI ₹7,326/m*",₹1.70 lakh
Maruti Swift,Maruti,2015,"92,169 km",Diesel,Manual,"EMI ₹17,305/m*",₹5.21 lakh
Honda Amaze,Honda,2015,"89,498 km",Diesel,Manual,"EMI ₹11,758/m*",₹3.54 lakh
Renault Kwid,Renault,2021,"27,903 km",Petrol,Auto,"EMI ₹6,885/m*",₹3.90 lakh
Maruti Baleno,Maruti,2017,"1,56,569 km",Diesel,Manual,"EMI ₹12,457/m*",₹5.60 lakh
Hyundai EXTER,Hyundai,2023,"25,807 km",Petrol,Auto,"EMI ₹13,999/m*",₹7.93 lakh
Tata NEXON,Tata,2024,"6,960 km",Petrol,Auto,"EMI ₹21,317/m*",₹12.45 lakh
Tata ALTROZ,Tata,2021,"70,000 km",Petrol,Manual,"EMI ₹10,945/m*",₹6.20 lakh
Hyundai Grand i10,Hyundai,2016,"47,369 km",Petrol,Manual,"EMI ₹9,165/m*",₹4.12 lakh
MG ASTOR,MG,2023,"28,600 km",Petrol,Auto,"EMI ₹22,413/m*",₹13.09 lakh
Ford Fiesta,Ford,2011,"92,868 km",Diesel,Manual,"EMI ₹22,413/m*",₹2.93 lakh
Hyundai Verna,Hyundai,2016,"1,01,456 km",Petrol,Manual,"EMI ₹11,923/m*",₹5.36 lakh
Renault Duster,Renault,2015,"1,65,696 km",Diesel,Manual,"EMI ₹18,002/m*",₹5.42 lakh
Maruti Alto K10,Maruti,2017,"46,945 km",Petrol,Auto,"EMI ₹6,256/m*",₹3.20 lakh
Maruti Swift,Maruti,2012,"1,54,526 km",Diesel,Manual,"EMI ₹6,256/m*",₹3.05 lakh
Hyundai Grand i10,Hyundai,2014,"77,872 km",Petrol,Auto,"EMI ₹13,286/m*",₹4.00 lakh
Renault Kwid,Renault,2018,"28,274 km",Petrol,Auto,"EMI ₹6,284/m*",₹3.56 lakh
Hyundai Grand i10,Hyundai,2017,"45,068 km",Petrol,Manual,"EMI ₹8,407/m*",₹4.30 lakh
Renault TRIBER,Renault,2019,"90,336 km",Petrol,Manual,"EMI ₹8,826/m*",₹5.00 lakh
KIA SONET,KIA,2020,"63,785 km",Petrol,Manual,"EMI ₹11,209/m*",₹6.35 lakh
Ford Figo Aspire,Ford,2021,"47,227 km",Petrol,Manual,"EMI ₹8,773/m*",₹4.97 lakh
Maruti Swift,Maruti,2015,"2,00,468 km",Diesel,Manual,"EMI ₹12,854/m*",₹3.87 lakh
Renault TRIBER,Renault,2021,"20,160 km",Petrol,Auto,"EMI ₹8,791/m*",₹4.98 lakh
Maruti Swift Dzire,Maruti,2012,"1,00,603 km",Petrol,Manual,"EMI ₹27,987/m*",₹3.15 lakh
Hyundai Grand i10,Hyundai,2017,"37,316 km",Petrol,Manual,"EMI ₹9,931/m*",₹5.08 lakh
Maruti Dzire,Maruti,2020,"90,707 km",Petrol,Manual,"EMI ₹11,386/m*",₹6.45 lakh
Hyundai Grand i10,Hyundai,2018,"51,849 km",Petrol,Auto,"EMI ₹8,597/m*",₹4.87 lakh
Hyundai Creta,Hyundai,2016,"1,06,725 km",Diesel,Manual,"EMI ₹23,855/m*",₹9.23 lakh
Renault Kwid,Renault,2017,"33,742 km",Petrol,Manual,"EMI ₹6,021/m*",₹3.08 lakh
Hyundai Grand i10,Hyundai,2019,"37,590 km",Petrol,Auto,"EMI ₹8,032/m*",₹4.55 lakh
Hyundai VENUE,Hyundai,2022,"38,474 km",Petrol,Manual,"EMI ₹12,869/m*",₹7.29 lakh
Hyundai Grand i10,Hyundai,2014,"50,364 km",Petrol,Manual,"EMI ₹11,625/m*",₹3.50 lakh
Hyundai Creta,Hyundai,2017,"87,026 km",Diesel,Manual,"EMI ₹17,751/m*",₹7.98 lakh
Maruti Swift,Maruti,2012,"1,55,527 km",Diesel,Manual,"EMI ₹17,751/m*",₹2.50 lakh
BMW X1,BMW,2016,"65,254 km",Diesel,Auto,"EMI ₹44,971/m*",₹17.40 lakh
Hyundai i20,Hyundai,2010,"1,18,057 km",Diesel,Manual,"EMI ₹44,971/m*",₹2.39 lakh
Renault Duster,Renault,2016,"53,962 km",Diesel,Manual,"EMI ₹15,537/m*",₹5.90 lakh
Ford Ecosport,Ford,2016,"1,12,504 km",Diesel,Manual,"EMI ₹18,144/m*",₹6.89 lakh
Renault Kwid,Renault,2022,"2,931 km",Petrol,Manual,"EMI ₹9,285/m*",₹5.26 lakh
Honda City,Honda,2015,"96,339 km",Petrol,Manual,"EMI ₹9,875/m*",₹3.75 lakh
Honda City,Honda,2021,"10,068 km",Petrol,Manual,"EMI ₹16,951/m*",₹9.90 lakh
Tata NEXON,Tata,2022,"12,660 km",Petrol,Auto,"EMI ₹16,266/m*",₹9.50 lakh
Hyundai i10,Hyundai,2011,"37,842 km",Petrol,Manual,"EMI ₹16,266/m*",₹2.00 lakh
Mahindra XUV700,Mahindra,2022,"40,384 km",Petrol,Auto,"EMI ₹29,485/m*",₹17.22 lakh
Skoda Rapid,Skoda,2017,"1,39,339 km",Diesel,Auto,"EMI ₹13,324/m*",₹5.99 lakh
Volkswagen Polo,Volkswagen,2015,"90,493 km",Petrol,Manual,"EMI ₹10,165/m*",₹3.86 lakh
Hyundai Xcent,Hyundai,2015,"97,225 km",Petrol,Manual,"EMI ₹8,954/m*",₹3.40 lakh
KIA CARENS,KIA,2023,"34,507 km",Petrol,Manual,"EMI ₹21,300/m*",₹12.44 lakh
Hyundai VENUE,Hyundai,2024,"11,551 km",Petrol,Manual,"EMI ₹16,044/m*",₹9.37 lakh
Maruti Baleno,Maruti,2022,"70,763 km",Petrol,Manual,"EMI ₹11,474/m*",₹6.50 lakh
Hyundai Xcent,Hyundai,2015,"35,956 km",Petrol,Manual,"EMI ₹8,954/m*",₹3.40 lakh
Ford Ecosport,Ford,2017,"20,500 km",Petrol,Auto,"EMI ₹12,512/m*",₹6.40 lakh
Maruti Swift Dzire,Maruti,2011,"1,63,432 km",Diesel,Manual,"EMI ₹12,512/m*",₹2.75 lakh
Hyundai Grand i10,Hyundai,2016,"80,524 km",Petrol,Manual,"EMI ₹8,675/m*",₹3.90 lakh
Hyundai Creta,Hyundai,2021,"14,510 km",Petrol,Auto,"EMI ₹23,115/m*",₹13.50 lakh
Tata Tiago,Tata,2016,"18,098 km",Petrol,Manual,"EMI ₹9,254/m*",₹4.16 lakh
Hyundai Elite i20,Hyundai,2014,"49,596 km",Petrol,Manual,"EMI ₹13,751/m*",₹4.14 lakh
Honda City,Honda,2016,"6,22,940 km",Petrol,Auto,"EMI ₹10,277/m*",₹4.62 lakh
Nissan MAGNITE,Nissan,2021,"84,798 km",Petrol,Manual,"EMI ₹8,650/m*",₹4.90 lakh
Hyundai Creta,Hyundai,2019,"74,407 km",Petrol,Manual,"EMI ₹14,400/m*",₹8.41 lakh
Maruti Swift,Maruti,2011,"1,33,620 km",Petrol,Manual,"EMI ₹14,400/m*",₹2.50 lakh
Hyundai Elite i20,Hyundai,2018,"41,577 km",Petrol,Manual,"EMI ₹9,797/m*",₹5.55 lakh
Hyundai AURA,Hyundai,2021,"49,282 km",Petrol,Manual,"EMI ₹10,433/m*",₹5.91 lakh
Hyundai AURA,Hyundai,2020,"89,918 km",Diesel,Manual,"EMI ₹10,256/m*",₹5.81 lakh
Renault Duster,Renault,2014,"1,38,398 km",Diesel,Manual,"EMI ₹22,313/m*",₹4.74 lakh
Skoda Rapid,Skoda,2014,"48,017 km",Diesel,Manual,"EMI ₹20,430/m*",₹4.34 lakh
Nissan Micra,Nissan,2017,"53,000 km",Petrol,Auto,"EMI ₹10,107/m*",₹5.17 lakh
Hyundai Creta,Hyundai,2017,"1,03,149 km",Diesel,Manual,"EMI ₹19,568/m*",₹9.00 lakh
Mahindra XUV500,Mahindra,2013,"1,01,556 km",Diesel,Manual,"EMI ₹39,982/m*",₹4.50 lakh
Maruti Dzire,Maruti,2022,"19,899 km",Petrol,Manual,"EMI ₹12,357/m*",₹7.00 lakh
Tata NEXON,Tata,2022,"5,901 km",Petrol,Manual,"EMI ₹15,479/m*",₹9.04 lakh
Honda Jazz,Honda,2015,"66,059 km",Petrol,Manual,"EMI ₹10,270/m*",₹3.90 lakh
Maruti Ciaz,Maruti,2019,"2,53,835 km",Diesel,Manual,"EMI ₹14,837/m*",₹6.67 lakh
Hyundai AURA,Hyundai,2023,"27,438 km",Petrol,Manual,"EMI ₹12,145/m*",₹6.88 lakh
Mahindra XUV500,Mahindra,2015,"74,001 km",Diesel,Manual,"EMI ₹26,224/m*",₹8.01 lakh
Hyundai Elite i20,Hyundai,2016,"1,27,875 km",Diesel,Manual,"EMI ₹12,035/m*",₹4.57 lakh
Hyundai Creta,Hyundai,2016,"1,02,749 km",Petrol,Manual,"EMI ₹15,571/m*",₹7.00 lakh
Maruti Swift,Maruti,2012,"56,924 km",Diesel,Manual,"EMI ₹15,571/m*",₹3.38 lakh
Mahindra XUV300,Mahindra,2023,"13,525 km",Petrol,Manual,"EMI ₹14,040/m*",₹8.20 lakh
Hyundai i20,Hyundai,2011,"42,791 km",Petrol,Manual,"EMI ₹14,040/m*",₹2.47 lakh
Hyundai Verna,Hyundai,2014,"71,499 km",Petrol,Manual,"EMI ₹14,946/m*",₹4.50 lakh
Tata NEXON,Tata,2023,"9,988 km",Petrol,Manual,"EMI ₹17,122/m*",₹10.00 lakh
Mahindra XUV500,Mahindra,2018,"82,387 km",Diesel,Auto,"EMI ₹17,816/m*",₹9.36 lakh
Maruti Swift Dzire,Maruti,2016,"1,33,675 km",Petrol,Manual,"EMI ₹8,942/m*",₹4.02 lakh
KIA SONET,KIA,2021,"10,150 km",Petrol,Manual,"EMI ₹12,957/m*",₹7.34 lakh
Renault TRIBER,Renault,2023,"10,634 km",Petrol,Manual,"EMI ₹12,375/m*",₹7.01 lakh
Maruti XL6,Maruti,2023,"15,412 km",Petrol,Manual,"EMI ₹20,547/m*",₹12.00 lakh
Hyundai GRAND I10 NIOS,Hyundai,2023,"31,137 km",Petrol,Auto,"EMI ₹12,357/m*",₹7.00 lakh
Maruti Swift,Maruti,2019,"52,112 km",Petrol,Manual,"EMI ₹9,815/m*",₹5.56 lakh
Maruti S PRESSO,Maruti,2021,"21,156 km",Petrol,Auto,"EMI ₹8,261/m*",₹4.68 lakh
Ford FREESTYLE,Ford,2020,"46,249 km",Petrol,Manual,"EMI ₹9,501/m*",₹5.38 lakh
Hyundai i20,Hyundai,2012,"80,856 km",Diesel,Manual,"EMI ₹9,501/m*",₹4.10 lakh
Maruti XL6,Maruti,2022,"26,054 km",Petrol,Auto,"EMI ₹22,242/m*",₹12.99 lakh
Skoda SLAVIA,Skoda,2022,"30,786 km",Petrol,Manual,"EMI ₹18,064/m*",₹10.55 lakh
Hyundai i10,Hyundai,2010,"81,267 km",Petrol,Manual,"EMI ₹18,064/m*",₹1.68 lakh
Skoda Rapid,Skoda,2019,"80,028 km",Petrol,Manual,"EMI ₹12,883/m*",₹7.30 lakh
Fiat Punto EVO,Fiat,2015,"79,448 km",Diesel,Manual,"EMI ₹11,592/m*",₹3.49 lakh
Hyundai Creta,Hyundai,2020,"1,13,026 km",Diesel,Auto,"EMI ₹28,809/m*",₹13.25 lakh
Hyundai Grand i10,Hyundai,2015,"79,969 km",Petrol,Manual,"EMI ₹10,560/m*",₹4.01 lakh
Honda Amaze,Honda,2023,"28,023 km",Petrol,Manual,"EMI ₹11,386/m*",₹6.45 lakh
Mahindra XUV500,Mahindra,2017,"1,20,650 km",Diesel,Manual,"EMI ₹17,937/m*",₹8.25 lakh
Renault Duster,Renault,2018,"1,56,357 km",Diesel,Auto,"EMI ₹12,346/m*",₹5.55 lakh
Tata Tiago,Tata,2023,"10,099 km",Petrol,Auto,"EMI ₹12,463/m*",₹7.06 lakh
Maruti Baleno,Maruti,2023,"9,199 km",Petrol,Auto,"EMI ₹14,212/m*",₹8.30 lakh
Hyundai Verna,Hyundai,2016,"53,440 km",Petrol,Manual,"EMI ₹13,525/m*",₹6.08 lakh
Honda City,Honda,2015,"81,275 km",Petrol,Auto,"EMI ₹17,117/m*",₹6.50 lakh
Mahindra Quanto,Mahindra,2012,"30,781 km",Diesel,Manual,"EMI ₹17,117/m*",₹2.52 lakh
Skoda KUSHAQ,Skoda,2022,"55,454 km",Petrol,Auto,"EMI ₹21,403/m*",₹12.50 lakh
Ford Ecosport,Ford,2017,"69,954 km",Petrol,Manual,"EMI ₹13,253/m*",₹6.78 lakh
Hyundai Grand i10,Hyundai,2013,"39,908 km",Petrol,Manual,"EMI ₹15,299/m*",₹3.25 lakh
Hyundai Elite i20,Hyundai,2016,"55,106 km",Petrol,Manual,"EMI ₹10,655/m*",₹4.79 lakh
Hyundai Creta,Hyundai,2017,"62,576 km",Petrol,Manual,"EMI ₹15,327/m*",₹7.84 lakh
Skoda Octavia,Skoda,2016,"50,433 km",Petrol,Auto,"EMI ₹17,394/m*",₹8.00 lakh
KIA SONET,KIA,2021,"89,600 km",Petrol,Manual,"EMI ₹12,357/m*",₹7.00 lakh
Hyundai Grand i10,Hyundai,2017,"29,815 km",Petrol,Auto,"EMI ₹10,616/m*",₹5.43 lakh
Maruti Ertiga,Maruti,2013,"1,27,894 km",Diesel,Manual,"EMI ₹48,867/m*",₹5.50 lakh
Hyundai Creta,Hyundai,2016,"86,353 km",Diesel,Manual,"EMI ₹17,802/m*",₹6.76 lakh
Maruti Swift,Maruti,2019,"98,989 km",Petrol,Auto,"EMI ₹9,091/m*",₹5.15 lakh
Toyota Etios Liva,Toyota,2017,"73,743 km",Petrol,Manual,"EMI ₹9,540/m*",₹4.88 lakh
Honda Amaze,Honda,2018,"80,212 km",Petrol,Manual,"EMI ₹8,685/m*",₹4.92 lakh
Maruti Baleno,Maruti,2017,"53,634 km",Petrol,Manual,"EMI ₹10,283/m*",₹5.26 lakh
Maruti Baleno,Maruti,2016,"64,744 km",Petrol,Manual,"EMI ₹10,566/m*",₹4.75 lakh
Hyundai ALCAZAR,Hyundai,2025,"14,213 km",Petrol,Auto,"EMI ₹34,279/m*",₹20.02 lakh
Honda City,Honda,2015,"78,296 km",Petrol,Auto,"EMI ₹16,590/m*",₹6.30 lakh
Hyundai Tucson,Hyundai,2017,"70,686 km",Diesel,Auto,"EMI ₹25,265/m*",₹11.62 lakh
Honda City,Honda,2011,"83,391 km",Petrol,Manual,"EMI ₹25,265/m*",₹3.00 lakh
Ford Ecosport,Ford,2017,"39,691 km",Petrol,Manual,"EMI ₹12,414/m*",₹6.35 lakh
Maruti Baleno,Maruti,2018,"32,419 km",Petrol,Manual,"EMI ₹9,480/m*",₹5.37 lakh
BMW 3 Series,BMW,2013,"1,36,031 km",Diesel,Auto,"EMI ₹77,157/m*",₹8.73 lakh
Ford Ecosport,Ford,2014,"1,02,557 km",Diesel,Manual,"EMI ₹23,725/m*",₹5.04 lakh
Tata ALTROZ,Tata,2022,"46,967 km",Petrol,Manual,"EMI ₹11,739/m*",₹6.65 lakh
Nissan MAGNITE,Nissan,2022,"32,552 km",Petrol,Auto,"EMI ₹13,751/m*",₹7.79 lakh
Maruti XL6,Maruti,2023,"16,512 km",Petrol,Manual,"EMI ₹22,499/m*",₹13.14 lakh
Hyundai Creta,Hyundai,2017,"47,783 km",Petrol,Manual,"EMI ₹16,712/m*",₹8.78 lakh
Maruti Swift,Maruti,2024,"2,430 km",Petrol,Auto,"EMI ₹14,229/m*",₹8.31 lakh
KIA CARENS,KIA,2023,"55,098 km",Diesel,Manual,"EMI ₹21,831/m*",₹12.75 lakh
Hyundai Elite i20,Hyundai,2016,"39,172 km",Petrol,Manual,"EMI ₹12,590/m*",₹5.66 lakh
Mahindra MARAZZO,Mahindra,2019,"92,199 km",Diesel,Manual,"EMI ₹14,246/m*",₹8.32 lakh
Maruti Baleno,Maruti,2023,"48,027 km",Petrol,Manual,"EMI ₹14,040/m*",₹8.20 lakh
Mahindra XUV300,Mahindra,2023,"38,986 km",Petrol,Auto,"EMI ₹19,674/m*",₹11.49 lakh
Maruti Baleno,Maruti,2022,"37,612 km",Petrol,Manual,"EMI ₹13,593/m*",₹7.70 lakh
Mahindra Bolero,Mahindra,2020,"1,38,905 km",Diesel,Manual,"EMI ₹17,459/m*",₹8.03 lakh
Maruti Baleno,Maruti,2015,"26,962 km",Petrol,Auto,"EMI ₹13,167/m*",₹5.00 lakh
Hyundai i20,Hyundai,2013,"97,076 km",Diesel,Manual,"EMI ₹31,173/m*",₹3.51 lakh
Tata NEXON,Tata,2023,"10,906 km",Petrol,Auto,"EMI ₹23,167/m*",₹13.53 lakh
Honda Amaze,Honda,2023,"13,001 km",Petrol,Auto,"EMI ₹14,725/m*",₹8.60 lakh
Maruti Wagon R 1.0,Maruti,2011,"69,996 km",Petrol,Manual,"EMI ₹14,725/m*",₹2.21 lakh
Mahindra Thar,Mahindra,2018,"63,792 km",Diesel,Manual,"EMI ₹12,004/m*",₹6.14 lakh
KIA SONET,KIA,2023,"40,841 km",Petrol,Manual,"EMI ₹17,979/m*",₹10.50 lakh
Ford Ecosport,Ford,2013,"76,011 km",Petrol,Manual,"EMI ₹15,487/m*",₹3.29 lakh
Skoda SLAVIA,Skoda,2022,"25,513 km",Petrol,Auto,"EMI ₹25,718/m*",₹15.02 lakh
Hyundai EXTER,Hyundai,2023,"24,513 km",Petrol,Auto,"EMI ₹14,451/m*",₹8.44 lakh
Maruti Dzire,Maruti,2017,"90,076 km",Petrol,Auto,"EMI ₹10,186/m*",₹5.21 lakh
Maruti Swift Dzire,Maruti,2013,"1,40,978 km",Diesel,Manual,"EMI ₹31,986/m*",₹3.60 lakh
Maruti Wagon R 1.0,Maruti,2017,"48,417 km",Petrol,Auto,"EMI ₹7,546/m*",₹3.86 lakh
Hyundai Grand i10,Hyundai,2015,"86,488 km",Petrol,Manual,"EMI ₹9,217/m*",₹3.50 lakh
Maruti Ciaz,Maruti,2017,"1,04,837 km",Petrol,Manual,"EMI ₹11,100/m*",₹4.99 lakh
Hyundai NEW I20,Hyundai,2022,"16,936 km",Petrol,Manual,"EMI ₹13,240/m*",₹7.50 lakh
Hyundai Elite i20,Hyundai,2016,"1,19,761 km",Petrol,Manual,"EMI ₹10,789/m*",₹4.85 lakh
Mahindra XUV500,Mahindra,2019,"68,926 km",Diesel,Manual,"EMI ₹21,882/m*",₹12.78 lakh
Honda WR-V,Honda,2019,"54,317 km",Petrol,Manual,"EMI ₹12,357/m*",₹7.00 lakh
Mahindra XUV500,Mahindra,2016,"1,11,089 km",Diesel,Manual,"EMI ₹16,511/m*",₹6.27 lakh
Hyundai Creta,Hyundai,2016,"1,75,968 km",Diesel,Auto,"EMI ₹20,784/m*",₹8.04 lakh
Ford Ecosport,Ford,2015,"92,641 km",Diesel,Manual,"EMI ₹17,471/m*",₹5.26 lakh
KIA CARENS,KIA,2022,"79,995 km",Diesel,Manual,"EMI ₹23,989/m*",₹14.01 lakh
Renault Duster,Renault,2018,"1,26,631 km",Diesel,Auto,"EMI ₹14,459/m*",₹6.50 lakh
Maruti S PRESSO,Maruti,2020,"23,494 km",Petrol,Auto,"EMI ₹7,944/m*",₹4.50 lakh
Hyundai Grand i10,Hyundai,2016,"32,141 km",Petrol,Auto,"EMI ₹10,010/m*",₹4.50 lakh
Renault TRIBER,Renault,2022,"17,033 km",Petrol,Manual,"EMI ₹11,933/m*",₹6.76 lakh
Maruti Swift Dzire,Maruti,2012,"1,36,179 km",Diesel,Manual,"EMI ₹11,933/m*",₹3.58 lakh
Honda City,Honda,2013,"57,173 km",Petrol,Manual,"EMI ₹16,476/m*",₹3.50 lakh
Mahindra XUV300,Mahindra,2021,"24,126 km",Petrol,Auto,"EMI ₹11,651/m*",₹6.60 lakh
Maruti Ertiga,Maruti,2014,"1,29,220 km",Diesel,Manual,"EMI ₹26,597/m*",₹5.65 lakh
Skoda Rapid,Skoda,2015,"2,02,157 km",Diesel,Auto,"EMI ₹14,747/m*",₹4.44 lakh
Mahindra Thar,Mahindra,2023,"17,053 km",Diesel,Auto,"EMI ₹31,813/m*",₹18.58 lakh
Tata NEXON,Tata,2020,"54,349 km",Diesel,Manual,"EMI ₹14,554/m*",₹8.50 lakh
Hyundai Creta,Hyundai,2016,"79,853 km",Petrol,Manual,"EMI ₹19,046/m*",₹8.76 lakh
Hyundai i20,Hyundai,2014,"74,096 km",Petrol,Manual,"EMI ₹13,219/m*",₹3.98 lakh
Hyundai Elite i20,Hyundai,2017,"1,45,769 km",Diesel,Manual,"EMI ₹10,321/m*",₹4.64 lakh
Nissan Sunny,Nissan,2011,"78,872 km",Petrol,Manual,"EMI ₹10,321/m*",₹3.17 lakh
Tata NEXON,Tata,2022,"29,158 km",Petrol,Manual,"EMI ₹14,040/m*",₹8.20 lakh
Maruti Dzire,Maruti,2020,"79,286 km",Petrol,Manual,"EMI ₹10,327/m*",₹5.85 lakh
Hyundai i20,Hyundai,2012,"31,811 km",Petrol,Manual,"EMI ₹35,540/m*",₹4.00 lakh
Hyundai NEW SANTRO,Hyundai,2018,"32,791 km",Petrol,Auto,"EMI ₹7,061/m*",₹4.00 lakh
Tata NEXON,Tata,2023,"11,537 km",Petrol,Auto,"EMI ₹20,033/m*",₹11.70 lakh
Mahindra XUV300,Mahindra,2023,"18,441 km",Petrol,Auto,"EMI ₹20,564/m*",₹12.01 lakh
MG HECTOR PLUS,MG,2021,"60,339 km",Diesel,Manual,"EMI ₹18,835/m*",₹11.00 lakh
Honda Jazz,Honda,2012,"1,88,638 km",Petrol,Manual,"EMI ₹25,677/m*",₹2.89 lakh
KIA SELTOS,KIA,2022,"29,483 km",Petrol,Auto,"EMI ₹21,557/m*",₹12.59 lakh
Volkswagen Polo,Volkswagen,2011,"1,40,446 km",Petrol,Manual,"EMI ₹21,557/m*",₹2.65 lakh
Hyundai Xcent,Hyundai,2016,"9,829 km",Petrol,Manual,"EMI ₹7,763/m*",₹3.49 lakh
Hyundai Elite i20,Hyundai,2020,"59,242 km",Petrol,Manual,"EMI ₹11,104/m*",₹6.29 lakh
Hyundai Grand i10,Hyundai,2015,"33,274 km",Petrol,Manual,"EMI ₹10,534/m*",₹4.00 lakh
KIA CARENS,KIA,2022,"36,538 km",Petrol,Manual,"EMI ₹19,092/m*",₹11.15 lakh
Tata NEXON,Tata,2022,"38,833 km",Petrol,Manual,"EMI ₹16,266/m*",₹9.50 lakh
Hyundai Grand i10,Hyundai,2016,"77,460 km",Petrol,Manual,"EMI ₹10,433/m*",₹4.69 lakh
Hyundai NEW SANTRO,Hyundai,2019,"55,230 km",Petrol,Manual,"EMI ₹5,702/m*",₹3.23 lakh
Skoda Rapid,Skoda,2012,"2,24,628 km",Diesel,Manual,"EMI ₹5,702/m*",₹2.37 lakh
Maruti Swift,Maruti,2019,"34,002 km",Petrol,Auto,"EMI ₹9,709/m*",₹5.50 lakh
Ford Ecosport,Ford,2014,"75,493 km",Petrol,Manual,"EMI ₹13,983/m*",₹4.21 lakh
Hyundai Verna,Hyundai,2018,"68,332 km",Petrol,Manual,"EMI ₹13,769/m*",₹7.80 lakh
Hyundai Grand i10,Hyundai,2019,"39,413 km",Petrol,Manual,"EMI ₹8,120/m*",₹4.60 lakh
Maruti XL6,Maruti,2020,"1,68,550 km",Petrol,Auto,"EMI ₹18,481/m*",₹8.50 lakh
Maruti XL6,Maruti,2023,"30,981 km",Petrol,Manual,"EMI ₹22,619/m*",₹13.21 lakh
Honda City,Honda,2010,"99,270 km",Petrol,Manual,"EMI ₹22,619/m*",₹3.08 lakh
Maruti Swift Dzire,Maruti,2015,"57,491 km",Petrol,Manual,"EMI ₹12,772/m*",₹4.85 lakh
Maruti Baleno,Maruti,2016,"88,621 km",Petrol,Manual,"EMI ₹10,010/m*",₹4.50 lakh
Honda City,Honda,2012,"1,28,493 km",Petrol,Auto,"EMI ₹27,454/m*",₹3.09 lakh
Maruti Vitara Brezza,Maruti,2021,"55,470 km",Petrol,Manual,"EMI ₹13,451/m*",₹7.62 lakh
Mahindra Thar,Mahindra,2021,"51,000 km",Diesel,Auto,"EMI ₹20,615/m*",₹12.04 lakh
Renault Kiger,Renault,2023,"22,497 km",Petrol,Auto,"EMI ₹10,592/m*",₹6.00 lakh
Ford FREESTYLE,Ford,2021,"42,725 km",Petrol,Manual,"EMI ₹11,863/m*",₹6.72 lakh
Hyundai Elite i20,Hyundai,2016,"58,008 km",Petrol,Manual,"EMI ₹10,522/m*",₹4.73 lakh
Hyundai Grand i10,Hyundai,2014,"33,337 km",Petrol,Auto,"EMI ₹15,411/m*",₹4.64 lakh
Hyundai Creta,Hyundai,2018,"78,780 km",Petrol,Manual,"EMI ₹13,857/m*",₹7.85 lakh
Honda City,Honda,2014,"85,345 km",Petrol,Manual,"EMI ₹14,946/m*",₹4.50 lakh
Renault Duster,Renault,2016,"77,142 km",Diesel,Auto,"EMI ₹14,484/m*",₹5.50 lakh
Maruti Baleno,Maruti,2020,"44,493 km",Petrol,Manual,"EMI ₹11,457/m*",₹6.49 lakh
Mahindra XUV500,Mahindra,2021,"1,60,010 km",Diesel,Manual,"EMI ₹23,786/m*",₹10.94 lakh
KIA SELTOS,KIA,2023,"37,389 km",Petrol,Manual,"EMI ₹19,691/m*",₹11.50 lakh
Maruti Baleno,Maruti,2018,"1,26,321 km",Petrol,Manual,"EMI ₹11,968/m*",₹5.38 lakh
Maruti Grand Vitara,Maruti,2024,"17,816 km",Petrol,Manual,"EMI ₹20,478/m*",₹11.96 lakh
Hyundai Grand i10,Hyundai,2017,"63,986 km",Petrol,Manual,"EMI ₹8,407/m*",₹4.30 lakh
Maruti Baleno,Maruti,2021,"28,398 km",Petrol,Manual,"EMI ₹12,357/m*",₹7.00 lakh
KIA SELTOS,KIA,2022,"38,047 km",Petrol,Manual,"EMI ₹24,828/m*",₹14.50 lakh
Maruti S Cross,Maruti,2019,"1,19,133 km",Diesel,Manual,"EMI ₹14,815/m*",₹6.66 lakh
Ford Ecosport,Ford,2014,"68,912 km",Diesel,Manual,"EMI ₹22,595/m*",₹4.80 lakh
Hyundai NEW I20 N LINE,Hyundai,2024,"11,968 km",Petrol,Auto,"EMI ₹16,386/m*",₹9.57 lakh
Maruti XL6,Maruti,2021,"39,786 km",Petrol,Manual,"EMI ₹17,773/m*",₹10.38 lakh
Renault Kiger,Renault,2022,"87,987 km",Petrol,Manual,"EMI ₹10,239/m*",₹5.80 lakh
KIA SONET,KIA,2021,"32,068 km",Petrol,Manual,"EMI ₹13,857/m*",₹7.85 lakh
Maruti Ritz,Maruti,2012,"66,309 km",Petrol,Manual,"EMI ₹25,322/m*",₹2.85 lakh
Hyundai Elite i20,Hyundai,2016,"38,935 km",Petrol,Manual,"EMI ₹11,345/m*",₹5.10 lakh
Audi Q5,Audi,2012,"55,311 km",Diesel,Auto,"EMI ₹11,345/m*",₹8.06 lakh
Maruti Vitara Brezza,Maruti,2018,"94,969 km",Diesel,Manual,"EMI ₹12,610/m*",₹6.45 lakh
Maruti Ciaz,Maruti,2021,"73,881 km",Petrol,Manual,"EMI ₹13,187/m*",₹7.47 lakh
Mahindra XUV500,Mahindra,2015,"62,000 km",Diesel,Manual,"EMI ₹26,073/m*",₹7.85 lakh
Maruti Ertiga,Maruti,2020,"60,556 km",Petrol,Manual,"EMI ₹14,897/m*",₹8.70 lakh
Renault Duster,Renault,2018,"1,01,063 km",Diesel,Auto,"EMI ₹15,883/m*",₹7.14 lakh
Maruti Wagon R 1.0,Maruti,2011,"38,568 km",Petrol,Manual,"EMI ₹15,883/m*",₹2.50 lakh
Renault Duster,Renault,2017,"1,02,890 km",Diesel,Auto,"EMI ₹11,122/m*",₹5.00 lakh
Honda Jazz,Honda,2015,"46,167 km",Petrol,Auto,"EMI ₹11,824/m*",₹4.49 lakh
Honda Jazz,Honda,2012,"46,109 km",Petrol,Manual,"EMI ₹27,987/m*",₹3.15 lakh
Tata NEXON,Tata,2023,"33,859 km",Diesel,Manual,"EMI ₹17,379/m*",₹10.15 lakh
Honda Amaze,Honda,2020,"27,862 km",Petrol,Manual,"EMI ₹9,797/m*",₹5.55 lakh
Hyundai VENUE,Hyundai,2022,"22,257 km",Diesel,Manual,"EMI ₹18,749/m*",₹10.95 lakh
Honda City,Honda,2012,"70,469 km",Petrol,Manual,"EMI ₹31,630/m*",₹3.56 lakh
Honda Jazz,Honda,2015,"37,934 km",Petrol,Manual,"EMI ₹13,009/m*",₹4.94 lakh
Maruti Ciaz,Maruti,2018,"56,564 km",Petrol,Manual,"EMI ₹11,969/m*",₹6.78 lakh
Maruti Swift,Maruti,2012,"36,367 km",Petrol,Manual,"EMI ₹27,365/m*",₹3.08 lakh
Maruti Baleno,Maruti,2018,"78,365 km",Petrol,Auto,"EMI ₹9,356/m*",₹5.30 lakh
KIA CARENS,KIA,2022,"39,697 km",Petrol,Manual,"EMI ₹23,509/m*",₹13.73 lakh
Mahindra Xylo,Mahindra,2018,"85,231 km",Diesel,Manual,"EMI ₹8,641/m*",₹4.42 lakh
Renault Duster,Renault,2019,"45,023 km",Petrol,Manual,"EMI ₹13,434/m*",₹7.61 lakh
Renault Duster,Renault,2013,"67,051 km",Petrol,Manual,"EMI ₹15,958/m*",₹3.39 lakh
KIA SONET,KIA,2023,"74,703 km",Diesel,Manual,"EMI ₹18,167/m*",₹10.61 lakh
Hyundai Creta,Hyundai,2017,"1,28,534 km",Petrol,Manual,"EMI ₹14,459/m*",₹6.50 lakh
Hyundai i20 Active,Hyundai,2016,"1,22,044 km",Petrol,Manual,"EMI ₹12,613/m*",₹5.67 lakh
Honda City,Honda,2013,"66,082 km",Petrol,Manual,"EMI ₹18,453/m*",₹3.92 lakh
KIA SONET,KIA,2022,"71,137 km",Diesel,Manual,"EMI ₹17,979/m*",₹10.50 lakh
Volkswagen TAIGUN,Volkswagen,2022,"25,930 km",Petrol,Manual,"EMI ₹16,352/m*",₹9.55 lakh
Hyundai NEW I20,Hyundai,2024,839 km,Petrol,Auto,"EMI ₹16,951/m*",₹9.90 lakh
Maruti Celerio,Maruti,2021,"9,924 km",Petrol,Manual,"EMI ₹9,532/m*",₹5.40 lakh
Maruti Ciaz,Maruti,2016,"77,925 km",Diesel,Manual,"EMI ₹17,433/m*",₹6.62 lakh
Tata Aria,Tata,2011,"1,71,461 km",Diesel,Manual,"EMI ₹17,433/m*",₹3.12 lakh
Hyundai Creta,Hyundai,2015,"1,14,687 km",Diesel,Manual,"EMI ₹18,069/m*",₹5.44 lakh
Maruti Eeco,Maruti,2019,"38,278 km",Petrol,Manual,"EMI ₹7,944/m*",₹4.50 lakh
Hyundai Creta,Hyundai,2017,"56,065 km",Petrol,Manual,"EMI ₹13,685/m*",₹7.00 lakh
Hyundai Creta,Hyundai,2018,"91,798 km",Diesel,Manual,"EMI ₹16,826/m*",₹8.84 lakh
Tata Tiago,Tata,2021,"26,233 km",Petrol,Auto,"EMI ₹10,009/m*",₹5.67 lakh
Maruti Ertiga,Maruti,2017,"38,085 km",Petrol,Manual,"EMI ₹16,598/m*",₹8.72 lakh
Hyundai GRAND I10 NIOS,Hyundai,2020,"41,301 km",Petrol,Auto,"EMI ₹10,486/m*",₹5.94 lakh
Ford Figo Aspire,Ford,2015,"1,00,923 km",Petrol,Auto,"EMI ₹9,164/m*",₹3.48 lakh
Maruti Celerio,Maruti,2016,"25,667 km",Petrol,Manual,"EMI ₹10,566/m*",₹4.75 lakh
Renault Duster,Renault,2014,"36,910 km",Diesel,Manual,"EMI ₹27,397/m*",₹5.82 lakh
Mahindra Thar,Mahindra,2023,"36,608 km",Diesel,Manual,"EMI ₹20,615/m*",₹12.04 lakh
Mahindra XUV500,Mahindra,2016,"1,01,692 km",Diesel,Auto,"EMI ₹20,409/m*",₹7.75 lakh
Honda City,Honda,2013,"79,369 km",Petrol,Manual,"EMI ₹15,958/m*",₹3.39 lakh
Jeep Compass,Jeep,2018,"86,259 km",Diesel,Manual,"EMI ₹17,131/m*",₹9.00 lakh
Maruti Swift,Maruti,2022,"64,201 km",Petrol,Manual,"EMI ₹11,880/m*",₹6.73 lakh
Ford Ecosport,Ford,2019,"65,933 km",Petrol,Manual,"EMI ₹13,970/m*",₹6.28 lakh
KIA SONET,KIA,2022,"71,366 km",Diesel,Manual,"EMI ₹17,927/m*",₹10.47 lakh
Nissan MAGNITE,Nissan,2024,"18,951 km",Petrol,Auto,"EMI ₹13,963/m*",₹7.91 lakh
Honda City,Honda,2015,"1,86,027 km",Diesel,Manual,"EMI ₹14,349/m*",₹4.32 lakh
CITROEN C3,CITROEN,2023,"14,481 km",Petrol,Manual,"EMI ₹10,415/m*",₹5.90 lakh
Maruti S Cross,Maruti,2020,"81,819 km",Diesel,Manual,"EMI ₹14,016/m*",₹7.94 lakh
KIA SELTOS,KIA,2023,"38,048 km",Petrol,Manual,"EMI ₹20,033/m*",₹11.70 lakh
Toyota Fortuner,Toyota,2013,"1,24,600 km",Diesel,Manual,"EMI ₹102,876/m*",₹11.64 lakh
Hyundai GRAND I10 NIOS,Hyundai,2020,"44,654 km",Petrol,Auto,"EMI ₹9,921/m*",₹5.62 lakh
Tata NEXON,Tata,2021,"19,779 km",Petrol,Manual,"EMI ₹13,804/m*",₹7.82 lakh
KIA SONET,KIA,2022,"88,997 km",Diesel,Manual,"EMI ₹17,979/m*",₹10.50 lakh
Hyundai Verna,Hyundai,2017,"63,065 km",Petrol,Manual,"EMI ₹12,864/m*",₹6.58 lakh
Maruti Swift,Maruti,2021,"40,261 km",Petrol,Manual,"EMI ₹11,033/m*",₹6.25 lakh
KIA CARENS,KIA,2022,"1,16,444 km",Diesel,Manual,"EMI ₹27,417/m*",₹12.61 lakh
Hyundai Creta,Hyundai,2021,"83,409 km",Diesel,Manual,"EMI ₹19,828/m*",₹11.58 lakh
KIA SONET,KIA,2021,"42,087 km",Diesel,Manual,"EMI ₹16,472/m*",₹9.62 lakh
Maruti Ciaz,Maruti,2018,"48,597 km",Petrol,Manual,"EMI ₹10,945/m*",₹6.20 lakh
Honda City,Honda,2017,"89,345 km",Petrol,Auto,"EMI ₹14,291/m*",₹7.31 lakh
Hyundai NEW I20,Hyundai,2024,"17,315 km",Petrol,Auto,"EMI ₹16,181/m*",₹9.45 lakh
Tata NEXON,Tata,2023,"11,568 km",Petrol,Auto,"EMI ₹14,948/m*",₹8.73 lakh
Mahindra XUV500,Mahindra,2017,"71,892 km",Diesel,Auto,"EMI ₹21,742/m*",₹10.00 lakh
KIA SONET,KIA,2022,"56,005 km",Diesel,Manual,"EMI ₹18,167/m*",₹10.61 lakh
Renault Duster,Renault,2021,"55,056 km",Petrol,Manual,"EMI ₹14,503/m*",₹8.47 lakh
Maruti Ertiga,Maruti,2014,"58,562 km",Petrol,Manual,"EMI ₹18,135/m*",₹5.46 lakh
Hyundai Elite i20,Hyundai,2019,"52,619 km",Petrol,Manual,"EMI ₹10,592/m*",₹6.00 lakh
Maruti Baleno,Maruti,2023,"28,946 km",Petrol,Auto,"EMI ₹13,893/m*",₹7.87 lakh
Hyundai Creta,Hyundai,2017,"55,571 km",Petrol,Manual,"EMI ₹15,227/m*",₹8.00 lakh
Renault Duster,Renault,2017,"61,540 km",Petrol,Manual,"EMI ₹11,144/m*",₹5.70 lakh
Volkswagen Vento,Volkswagen,2017,"1,06,109 km",Petrol,Auto,"EMI ₹15,593/m*",₹7.01 lakh
Maruti Baleno,Maruti,2022,"6,590 km",Petrol,Manual,"EMI ₹14,931/m*",₹8.72 lakh
Maruti Grand Vitara,Maruti,2025,680 km,Petrol,Auto,"EMI ₹22,841/m*",₹13.34 lakh
Tata Tiago,Tata,2020,"68,763 km",Petrol,Auto,"EMI ₹8,562/m*",₹4.85 lakh
Hyundai VENUE,Hyundai,2020,"40,397 km",Petrol,Manual,"EMI ₹12,886/m*",₹7.30 lakh
Maruti Baleno,Maruti,2022,"41,567 km",Petrol,Auto,"EMI ₹13,222/m*",₹7.49 lakh
KIA SELTOS,KIA,2019,"58,509 km",Petrol,Auto,"EMI ₹18,116/m*",₹10.58 lakh
Hyundai i20,Hyundai,2014,"43,987 km",Petrol,Manual,"EMI ₹13,950/m*",₹4.20 lakh
Volkswagen Vento,Volkswagen,2011,"75,100 km",Petrol,Manual,"EMI ₹13,950/m*",₹3.31 lakh
Ford Ecosport,Ford,2015,"1,17,209 km",Petrol,Manual,"EMI ₹10,718/m*",₹4.07 lakh
Maruti Eeco,Maruti,2022,"75,726 km",Petrol,Manual,"EMI ₹8,544/m*",₹4.84 lakh
Honda Amaze,Honda,2021,"31,650 km",Petrol,Auto,"EMI ₹12,533/m*",₹7.10 lakh
Tata Harrier,Tata,2019,"71,993 km",Diesel,Manual,"EMI ₹19,485/m*",₹11.38 lakh
Honda Brio,Honda,2014,"62,354 km",Petrol,Auto,"EMI ₹12,688/m*",₹3.82 lakh
Tata PUNCH,Tata,2021,"22,820 km",Petrol,Manual,"EMI ₹13,434/m*",₹7.61 lakh
Hyundai NEW I20,Hyundai,2022,"26,612 km",Petrol,Manual,"EMI ₹13,240/m*",₹7.50 lakh
Skoda Octavia,Skoda,2014,"1,62,000 km",Diesel,Auto,"EMI ₹25,843/m*",₹5.49 lakh
Maruti Baleno,Maruti,2018,"32,438 km",Petrol,Manual,"EMI ₹11,015/m*",₹6.24 lakh
Honda Jazz,Honda,2016,"97,987 km",Petrol,Manual,"EMI ₹9,454/m*",₹4.25 lakh
Tata TIGOR,Tata,2020,"71,477 km",Petrol,Auto,"EMI ₹8,720/m*",₹4.94 lakh
Toyota Glanza,Toyota,2019,"51,143 km",Petrol,Manual,"EMI ₹11,598/m*",₹6.57 lakh
Maruti Eeco,Maruti,2011,"58,000 km",Petrol,Manual,"EMI ₹11,598/m*",₹3.42 lakh
Honda City,Honda,2013,"1,00,988 km",Petrol,Manual,"EMI ₹17,888/m*",₹3.80 lakh
Hyundai Elite i20,Hyundai,2015,"93,050 km",Diesel,Manual,"EMI ₹17,537/m*",₹5.28 lakh
Renault TRIBER,Renault,2020,"90,120 km",Petrol,Manual,"EMI ₹9,868/m*",₹5.59 lakh
Volkswagen Vento,Volkswagen,2016,"1,01,481 km",Diesel,Auto,"EMI ₹15,458/m*",₹5.87 lakh
Mahindra XUV300,Mahindra,2022,"15,101 km",Petrol,Manual,"EMI ₹13,363/m*",₹7.57 lakh
Honda City,Honda,2014,"1,61,364 km",Diesel,Manual,"EMI ₹19,535/m*",₹4.15 lakh
Hyundai Creta,Hyundai,2017,"87,798 km",Diesel,Manual,"EMI ₹17,128/m*",₹7.70 lakh
Hyundai Creta,Hyundai,2018,"2,08,012 km",Diesel,Auto,"EMI ₹16,683/m*",₹7.50 lakh
Hyundai NEW I20,Hyundai,2022,"30,460 km",Petrol,Manual,"EMI ₹13,769/m*",₹7.80 lakh
Maruti Grand Vitara,Maruti,2023,"48,882 km",Petrol,Manual,"EMI ₹20,119/m*",₹11.75 lakh
Maruti Grand Vitara,Maruti,2023,"5,093 km",Petrol,Manual,"EMI ₹19,691/m*",₹11.50 lakh
Toyota URBAN CRUISER,Toyota,2022,"15,006 km",Petrol,Auto,"EMI ₹15,462/m*",₹9.03 lakh
Hyundai Grand i10,Hyundai,2019,"32,368 km",Petrol,Manual,"EMI ₹9,074/m*",₹5.14 lakh
Hyundai Creta,Hyundai,2017,"74,373 km",Petrol,Manual,"EMI ₹14,663/m*",₹7.50 lakh
KIA SONET,KIA,2021,"45,398 km",Petrol,Manual,"EMI ₹13,416/m*",₹7.60 lakh
Maruti Swift,Maruti,2014,"42,643 km",Petrol,Manual,"EMI ₹13,186/m*",₹3.97 lakh
Tata PUNCH,Tata,2021,"30,857 km",Petrol,Auto,"EMI ₹12,357/m*",₹7.00 lakh
Honda Mobilio,Honda,2014,"92,527 km",Diesel,Manual,"EMI ₹20,430/m*",₹4.34 lakh
Mahindra XUV500,Mahindra,2015,"1,16,612 km",Diesel,Manual,"EMI ₹24,911/m*",₹7.50 lakh
Hyundai VENUE N LINE,Hyundai,2023,"24,705 km",Petrol,Auto,"EMI ₹18,835/m*",₹11.00 lakh
Hyundai Creta,Hyundai,2016,"46,911 km",Petrol,Manual,"EMI ₹14,459/m*",₹6.50 lakh
Audi A4,Audi,2013,"1,60,172 km",Diesel,Auto,"EMI ₹67,792/m*",₹7.63 lakh
Mahindra XUV500,Mahindra,2017,"62,331 km",Diesel,Manual,"EMI ₹24,547/m*",₹11.29 lakh
Maruti Swift,Maruti,2023,"21,328 km",Petrol,Manual,"EMI ₹12,586/m*",₹7.13 lakh
Maruti Ertiga,Maruti,2012,"1,15,732 km",Diesel,Manual,"EMI ₹12,586/m*",₹4.55 lakh
Hyundai Elite i20,Hyundai,2016,"1,14,690 km",Diesel,Manual,"EMI ₹12,377/m*",₹4.70 lakh
Tata NEXON EV,Tata,2020,"8,482 km",Electric,Auto,"EMI ₹14,554/m*",₹8.50 lakh
Hyundai VENUE,Hyundai,2021,"15,471 km",Petrol,Auto,"EMI ₹16,078/m*",₹9.39 lakh
Hyundai VENUE,Hyundai,2022,"48,000 km",Petrol,Manual,"EMI ₹14,554/m*",₹8.50 lakh
Renault Duster,Renault,2014,"1,52,038 km",Diesel,Manual,"EMI ₹23,537/m*",₹5.00 lakh
Mahindra Thar,Mahindra,2023,"47,568 km",Diesel,Manual,"EMI ₹25,564/m*",₹14.93 lakh
Hyundai Creta,Hyundai,2021,"29,293 km",Petrol,Auto,"EMI ₹23,886/m*",₹13.95 lakh
Hyundai Grand i10,Hyundai,2016,"70,390 km",Petrol,Auto,"EMI ₹9,454/m*",₹4.25 lakh
Maruti Swift,Maruti,2023,"12,777 km",Petrol,Manual,"EMI ₹14,554/m*",₹8.50 lakh
Ford Ecosport,Ford,2018,"70,245 km",Petrol,Manual,"EMI ₹12,392/m*",₹7.02 lakh
KIA SELTOS,KIA,2022,"15,500 km",Petrol,Auto,"EMI ₹20,872/m*",₹12.19 lakh
Hyundai VENUE,Hyundai,2021,"42,844 km",Petrol,Manual,"EMI ₹12,728/m*",₹7.21 lakh
Hyundai Elite i20,Hyundai,2017,"35,076 km",Petrol,Manual,"EMI ₹12,669/m*",₹6.48 lakh
Hyundai Elite i20,Hyundai,2016,"95,216 km",Diesel,Manual,"EMI ₹14,220/m*",₹5.40 lakh
Hyundai Creta,Hyundai,2018,"1,13,086 km",Petrol,Auto,"EMI ₹17,017/m*",₹7.65 lakh
Hyundai NEW I20,Hyundai,2023,"22,356 km",Petrol,Manual,"EMI ₹13,910/m*",₹7.88 lakh
Maruti Celerio,Maruti,2019,"27,649 km",Petrol,Auto,"EMI ₹8,244/m*",₹4.67 lakh
MG HECTOR PLUS,MG,2023,"58,851 km",Diesel,Manual,"EMI ₹26,968/m*",₹15.75 lakh
Maruti Baleno,Maruti,2016,"1,06,629 km",Diesel,Manual,"EMI ₹12,851/m*",₹4.88 lakh
Renault Kiger,Renault,2023,"9,944 km",Petrol,Auto,"EMI ₹11,474/m*",₹6.50 lakh
KIA SONET,KIA,2020,"39,376 km",Petrol,Manual,"EMI ₹13,240/m*",₹7.50 lakh
KIA CARENS,KIA,2023,"28,832 km",Petrol,Auto,"EMI ₹23,971/m*",₹14.00 lakh
Renault Duster,Renault,2016,"63,129 km",Diesel,Manual,"EMI ₹17,670/m*",₹6.71 lakh
MG HECTOR,MG,2019,"82,432 km",Petrol,Auto,"EMI ₹13,698/m*",₹8.00 lakh
Hyundai NEW I20,Hyundai,2022,"35,379 km",Petrol,Manual,"EMI ₹13,857/m*",₹7.85 lakh
KIA SONET,KIA,2022,"40,932 km",Diesel,Manual,"EMI ₹18,955/m*",₹11.07 lakh
Ford Ecosport,Ford,2015,"1,16,125 km",Petrol,Manual,"EMI ₹11,060/m*",₹4.20 lakh
Mercedes Benz B Class,Mercedes,2012,"14,652 km",Petrol,Auto,"EMI ₹81,311/m*",₹9.20 lakh
Maruti Grand Vitara,Maruti,2023,"90,419 km",Petrol,Manual,"EMI ₹15,898/m*",₹9.29 lakh
Mahindra Thar,Mahindra,2021,"55,524 km",Diesel,Manual,"EMI ₹21,609/m*",₹12.62 lakh
Toyota Glanza,Toyota,2021,"1,25,318 km",Petrol,Manual,"EMI ₹13,102/m*",₹5.89 lakh
BMW X3,BMW,2012,"94,150 km",Diesel,Auto,"EMI ₹13,102/m*",₹8.67 lakh
Mahindra XUV500,Mahindra,2015,"94,624 km",Diesel,Manual,"EMI ₹30,120/m*",₹9.20 lakh
Hyundai NEW I20,Hyundai,2023,"31,161 km",Petrol,Manual,"EMI ₹13,769/m*",₹7.80 lakh
Audi A4,Audi,2011,"1,25,718 km",Diesel,Auto,"EMI ₹13,769/m*",₹6.62 lakh
Hyundai Verna,Hyundai,2015,"68,957 km",Petrol,Manual,"EMI ₹14,484/m*",₹5.50 lakh
Renault Duster,Renault,2015,"85,041 km",Diesel,Manual,"EMI ₹17,072/m*",₹5.14 lakh
KIA SONET,KIA,2022,"43,337 km",Petrol,Manual,"EMI ₹13,698/m*",₹8.00 lakh
Mahindra XUV700,Mahindra,2021,"77,880 km",Diesel,Auto,"EMI ₹27,738/m*",₹16.20 lakh
Tata NEXON,Tata,2022,"17,312 km",Petrol,Auto,"EMI ₹14,537/m*",₹8.49 lakh
KIA SELTOS,KIA,2019,"49,616 km",Petrol,Manual,"EMI ₹21,317/m*",₹12.45 lakh
Maruti Swift,Maruti,2023,"38,728 km",Petrol,Manual,"EMI ₹11,474/m*",₹6.50 lakh
Maruti Ertiga,Maruti,2017,"35,358 km",Petrol,Manual,"EMI ₹14,663/m*",₹7.50 lakh
Hyundai Creta,Hyundai,2016,"1,52,573 km",Diesel,Manual,"EMI ₹17,407/m*",₹6.61 lakh
MG HECTOR,MG,2019,"35,305 km",Petrol,Auto,"EMI ₹18,578/m*",₹10.85 lakh
Maruti Ertiga,Maruti,2021,"8,895 km",Petrol,Auto,"EMI ₹17,807/m*",₹10.40 lakh
Maruti S Cross,Maruti,2021,"99,533 km",Petrol,Manual,"EMI ₹12,145/m*",₹6.88 lakh
KIA SELTOS,KIA,2020,"52,154 km",Petrol,Auto,"EMI ₹18,835/m*",₹11.00 lakh
Maruti Vitara Brezza,Maruti,2018,"2,63,149 km",Diesel,Auto,"EMI ₹17,394/m*",₹8.00 lakh
Maruti IGNIS,Maruti,2022,"35,985 km",Petrol,Manual,"EMI ₹10,662/m*",₹6.04 lakh
Renault Duster,Renault,2018,"74,795 km",Diesel,Manual,"EMI ₹12,219/m*",₹6.25 lakh
Ford Ecosport,Ford,2020,"19,077 km",Petrol,Manual,"EMI ₹14,417/m*",₹8.42 lakh
Honda City,Honda,2013,"1,07,987 km",Petrol,Manual,"EMI ₹20,289/m*",₹4.31 lakh
Tata NEXON,Tata,2021,"25,250 km",Petrol,Manual,"EMI ₹14,052/m*",₹7.96 lakh
Mercedes Benz C Class,Mercedes,2011,"60,657 km",Diesel,Auto,"EMI ₹14,052/m*",₹8.50 lakh
KIA SONET,KIA,2025,"4,527 km",Petrol,Auto,"EMI ₹20,841/m*",₹12.17 lakh
Maruti Swift,Maruti,2015,"77,860 km",Petrol,Manual,"EMI ₹11,850/m*",₹4.50 lakh
Hyundai Grand i10,Hyundai,2017,"47,243 km",Petrol,Manual,"EMI ₹8,798/m*",₹4.50 lakh
Nissan Micra,Nissan,2016,"58,325 km",Petrol,Auto,"EMI ₹8,675/m*",₹3.90 lakh
Hyundai Creta,Hyundai,2020,"69,416 km",Petrol,Manual,"EMI ₹20,547/m*",₹12.00 lakh
MG COMET,MG,2025,"1,794 km",Electric,Auto,"EMI ₹13,522/m*",₹7.66 lakh
Hyundai Creta,Hyundai,2016,"88,678 km",Diesel,Manual,"EMI ₹20,676/m*",₹8.00 lakh
Hyundai VENUE,Hyundai,2020,"49,625 km",Petrol,Auto,"EMI ₹13,698/m*",₹8.00 lakh
Tata Tiago,Tata,2019,"22,573 km",Petrol,Manual,"EMI ₹7,326/m*",₹4.15 lakh
Mahindra XUV300,Mahindra,2023,"9,736 km",Petrol,Auto,"EMI ₹19,691/m*",₹11.50 lakh
Maruti Swift,Maruti,2023,"35,764 km",Petrol,Manual,"EMI ₹13,240/m*",₹7.50 lakh
Maruti IGNIS,Maruti,2022,"46,863 km",Petrol,Manual,"EMI ₹11,209/m*",₹6.35 lakh
Hyundai VENUE,Hyundai,2022,"27,001 km",Petrol,Manual,"EMI ₹13,398/m*",₹7.59 lakh
Jeep Compass,Jeep,2019,"42,854 km",Petrol,Auto,"EMI ₹21,420/m*",₹12.51 lakh
Hyundai Creta,Hyundai,2018,"78,530 km",Petrol,Manual,"EMI ₹13,769/m*",₹7.80 lakh
Renault Duster,Renault,2018,"1,04,207 km",Diesel,Manual,"EMI ₹15,660/m*",₹7.04 lakh
Maruti Swift,Maruti,2011,"1,91,299 km",Diesel,Manual,"EMI ₹15,660/m*",₹3.60 lakh
Maruti Swift,Maruti,2019,"56,143 km",Petrol,Auto,"EMI ₹10,327/m*",₹5.85 lakh
Volkswagen Polo,Volkswagen,2011,"89,415 km",Petrol,Manual,"EMI ₹10,327/m*",₹2.52 lakh
Hyundai VENUE,Hyundai,2022,"1,08,399 km",Diesel,Manual,"EMI ₹18,481/m*",₹8.50 lakh
Hyundai Creta,Hyundai,2018,"64,137 km",Petrol,Manual,"EMI ₹16,266/m*",₹9.50 lakh
Hyundai Elite i20,Hyundai,2016,"2,79,019 km",Diesel,Manual,"EMI ₹13,457/m*",₹5.11 lakh
Maruti Celerio,Maruti,2018,"31,436 km",Petrol,Manual,"EMI ₹8,720/m*",₹4.94 lakh
Tata Safari,Tata,2022,"20,898 km",Diesel,Manual,"EMI ₹28,303/m*",₹16.53 lakh
Maruti Celerio,Maruti,2016,"35,681 km",Petrol,Auto,"EMI ₹9,632/m*",₹4.33 lakh
Maruti Ertiga,Maruti,2017,"60,720 km",Petrol,Manual,"EMI ₹14,663/m*",₹7.50 lakh
Maruti Swift,Maruti,2011,"1,22,746 km",Diesel,Manual,"EMI ₹14,663/m*",₹3.51 lakh
Honda City,Honda,2013,"93,923 km",Petrol,Manual,"EMI ₹16,994/m*",₹3.61 lakh
Renault Duster,Renault,2017,"56,347 km",Petrol,Manual,"EMI ₹11,456/m*",₹5.86 lakh
Tata Safari,Tata,2022,"47,257 km",Diesel,Manual,"EMI ₹26,934/m*",₹15.73 lakh
Maruti IGNIS,Maruti,2022,"10,641 km",Petrol,Auto,"EMI ₹12,710/m*",₹7.20 lakh
Hyundai VENUE,Hyundai,2022,"30,354 km",Petrol,Manual,"EMI ₹15,239/m*",₹8.90 lakh
Toyota Innova Crysta,Toyota,2016,"56,718 km",Diesel,Manual,"EMI ₹46,108/m*",₹17.84 lakh
Toyota Fortuner,Toyota,2011,"1,17,399 km",Diesel,Manual,"EMI ₹46,108/m*",₹10.07 lakh
Tata PUNCH EV,Tata,2024,"21,615 km",Electric,Auto,"EMI ₹17,037/m*",₹9.95 lakh
Maruti Ciaz,Maruti,2018,"34,168 km",Petrol,Manual,"EMI ₹12,145/m*",₹6.88 lakh
Ssangyong Rexton,Ssangyong,2012,"87,080 km",Diesel,Auto,"EMI ₹12,145/m*",₹5.80 lakh
Maruti Vitara Brezza,Maruti,2018,"1,36,515 km",Diesel,Manual,"EMI ₹16,149/m*",₹7.26 lakh
Hyundai Grand i10,Hyundai,2017,"64,108 km",Petrol,Auto,"EMI ₹8,309/m*",₹4.25 lakh
Skoda Octavia,Skoda,2021,"31,388 km",Petrol,Auto,"EMI ₹37,875/m*",₹22.12 lakh
KIA CARENS,KIA,2022,"32,665 km",Petrol,Auto,"EMI ₹26,523/m*",₹15.49 lakh
Mahindra XUV300,Mahindra,2022,"7,787 km",Petrol,Auto,"EMI ₹13,681/m*",₹7.75 lakh
Hyundai Creta,Hyundai,2016,"10,389 km",Petrol,Auto,"EMI ₹21,177/m*",₹9.74 lakh
Renault Kiger,Renault,2021,"16,065 km",Petrol,Auto,"EMI ₹11,157/m*",₹6.32 lakh
Hyundai VENUE,Hyundai,2019,"33,047 km",Petrol,Auto,"EMI ₹14,434/m*",₹8.43 lakh
Tata ALTROZ,Tata,2023,"7,717 km",Petrol,Manual,"EMI ₹13,916/m*",₹8.13 lakh
Ford Ecosport,Ford,2018,"68,523 km",Petrol,Auto,"EMI ₹13,575/m*",₹7.69 lakh
Renault Kiger,Renault,2023,"24,746 km",Petrol,Auto,"EMI ₹12,057/m*",₹6.83 lakh
Hyundai i20 Active,Hyundai,2018,"44,768 km",Petrol,Manual,"EMI ₹11,474/m*",₹6.50 lakh
Tata Safari,Tata,2014,"85,186 km",Diesel,Manual,"EMI ₹19,771/m*",₹4.20 lakh
Audi A3,Audi,2014,"1,10,260 km",Diesel,Auto,"EMI ₹48,239/m*",₹10.35 lakh
KIA SELTOS,KIA,2023,"15,436 km",Petrol,Manual,"EMI ₹25,684/m*",₹15.00 lakh
Mahindra XUV300,Mahindra,2023,"41,995 km",Diesel,Manual,"EMI ₹18,663/m*",₹10.90 lakh
Mahindra TUV300,Mahindra,2018,"1,03,021 km",Diesel,Manual,"EMI ₹13,970/m*",₹6.28 lakh
Maruti BREZZA,Maruti,2022,"36,420 km",Petrol,Manual,"EMI ₹17,859/m*",₹10.43 lakh
Tata NEXON,Tata,2021,"45,333 km",Petrol,Manual,"EMI ₹13,681/m*",₹7.75 lakh
Honda City,Honda,2013,"87,381 km",Petrol,Manual,"EMI ₹17,794/m*",₹3.78 lakh
Maruti Ciaz,Maruti,2022,"39,854 km",Petrol,Manual,"EMI ₹14,075/m*",₹8.22 lakh
KIA SONET,KIA,2022,"11,026 km",Petrol,Manual,"EMI ₹17,277/m*",₹10.09 lakh
MG HECTOR,MG,2020,"51,834 km",Petrol,Manual,"EMI ₹17,979/m*",₹10.50 lakh
Maruti Ritz,Maruti,2011,"1,11,146 km",Diesel,Manual,"EMI ₹17,979/m*",₹3.31 lakh
Maruti New Wagon-R,Maruti,2023,"60,916 km",Petrol,Manual,"EMI ₹10,080/m*",₹5.71 lakh
KIA SONET,KIA,2020,"41,413 km",Petrol,Manual,"EMI ₹13,663/m*",₹7.74 lakh
Hyundai Creta,Hyundai,2019,"54,450 km",Petrol,Manual,"EMI ₹14,486/m*",₹8.46 lakh
Hyundai Creta,Hyundai,2018,"51,304 km",Petrol,Auto,"EMI ₹17,122/m*",₹10.00 lakh
Volkswagen Vento,Volkswagen,2019,"75,104 km",Petrol,Auto,"EMI ₹13,698/m*",₹8.00 lakh
Hyundai NEW SANTRO,Hyundai,2019,"23,068 km",Petrol,Auto,"EMI ₹8,826/m*",₹5.00 lakh
Maruti Eeco,Maruti,2019,"32,589 km",Petrol,Manual,"EMI ₹7,061/m*",₹4.00 lakh
Hyundai NEW I20,Hyundai,2022,"17,181 km",Petrol,Auto,"EMI ₹15,838/m*",₹9.25 lakh
Mahindra E20 Plus,Mahindra,2017,"24,462 km",Electric,Auto,"EMI ₹5,982/m*",₹3.06 lakh
KIA SELTOS,KIA,2019,"1,59,774 km",Petrol,Auto,"EMI ₹25,547/m*",₹11.75 lakh
Maruti BREZZA,Maruti,2024,"31,044 km",Petrol,Manual,"EMI ₹14,965/m*",₹8.74 lakh
Jeep Compass,Jeep,2019,"60,969 km",Petrol,Auto,"EMI ₹18,835/m*",₹11.00 lakh
Tata Harrier,Tata,2019,"1,12,278 km",Diesel,Manual,"EMI ₹24,286/m*",₹11.17 lakh
Hyundai Creta,Hyundai,2018,"33,048 km",Petrol,Auto,"EMI ₹17,533/m*",₹10.24 lakh
Maruti BREZZA,Maruti,2023,"34,101 km",Petrol,Manual,"EMI ₹14,879/m*",₹8.69 lakh
Hyundai Grand i10,Hyundai,2018,"50,564 km",Petrol,Auto,"EMI ₹8,032/m*",₹4.55 lakh
KIA SELTOS,KIA,2022,"30,183 km",Petrol,Manual,"EMI ₹24,828/m*",₹14.50 lakh
Maruti IGNIS,Maruti,2022,"16,781 km",Petrol,Manual,"EMI ₹11,474/m*",₹6.50 lakh
KIA SONET,KIA,2023,"12,676 km",Diesel,Manual,"EMI ₹16,266/m*",₹9.50 lakh
KIA SONET,KIA,2022,"45,757 km",Diesel,Auto,"EMI ₹17,122/m*",₹10.00 lakh
Toyota Glanza,Toyota,2021,"36,137 km",Petrol,Manual,"EMI ₹11,474/m*",₹6.50 lakh
Hyundai VENUE,Hyundai,2020,"63,015 km",Petrol,Manual,"EMI ₹12,886/m*",₹7.30 lakh
Renault Kiger,Renault,2021,"52,720 km",Petrol,Auto,"EMI ₹11,916/m*",₹6.75 lakh
Hyundai EXTER,Hyundai,2023,"14,475 km",Petrol,Manual,"EMI ₹14,366/m*",₹8.39 lakh
Hyundai NEW I20,Hyundai,2023,"14,485 km",Petrol,Auto,"EMI ₹15,359/m*",₹8.97 lakh
KIA SONET,KIA,2022,"13,345 km",Petrol,Manual,"EMI ₹15,410/m*",₹9.00 lakh
Hyundai Creta,Hyundai,2022,"47,214 km",Diesel,Manual,"EMI ₹24,828/m*",₹14.50 lakh
KIA SELTOS,KIA,2022,"16,153 km",Diesel,Manual,"EMI ₹19,691/m*",₹11.50 lakh
Hyundai VENUE,Hyundai,2022,"1,11,976 km",Diesel,Manual,"EMI ₹20,677/m*",₹9.51 lakh
Maruti Swift,Maruti,2019,"55,422 km",Petrol,Auto,"EMI ₹9,709/m*",₹5.50 lakh
KIA SONET,KIA,2020,"40,703 km",Petrol,Auto,"EMI ₹15,410/m*",₹9.00 lakh
Mahindra XUV300,Mahindra,2022,"23,495 km",Diesel,Auto,"EMI ₹20,547/m*",₹12.00 lakh
Mercedes Benz B Class,Mercedes,2012,"89,412 km",Petrol,Auto,"EMI ₹57,574/m*",₹6.48 lakh
KIA SELTOS,KIA,2023,"39,241 km",Petrol,Manual,"EMI ₹20,547/m*",₹12.00 lakh
Hyundai Creta,Hyundai,2020,"28,023 km",Petrol,Auto,"EMI ₹22,687/m*",₹13.25 lakh
Jeep Compass,Jeep,2018,"84,787 km",Petrol,Auto,"EMI ₹16,694/m*",₹9.75 lakh
Hyundai Verna,Hyundai,2018,"1,38,942 km",Petrol,Auto,"EMI ₹17,611/m*",₹8.10 lakh
KIA SONET,KIA,2023,"46,873 km",Diesel,Manual,"EMI ₹14,554/m*",₹8.50 lakh
Maruti BREZZA,Maruti,2023,"39,241 km",Petrol,Manual,"EMI ₹16,129/m*",₹9.42 lakh
Skoda Octavia,Skoda,2015,"1,28,725 km",Diesel,Auto,"EMI ₹26,518/m*",₹8.10 lakh
Maruti Dzire,Maruti,2022,"29,592 km",Petrol,Auto,"EMI ₹14,040/m*",₹8.20 lakh
KIA SONET,KIA,2023,"30,983 km",Petrol,Manual,"EMI ₹15,410/m*",₹9.00 lakh
Hyundai VENUE,Hyundai,2021,"54,500 km",Petrol,Auto,"EMI ₹15,753/m*",₹9.20 lakh
Ford Ecosport,Ford,2015,"59,800 km",Diesel,Manual,"EMI ₹16,939/m*",₹5.10 lakh
Hyundai VENUE,Hyundai,2021,"64,183 km",Petrol,Manual,"EMI ₹13,240/m*",₹7.50 lakh
MG ASTOR,MG,2024,"18,983 km",Petrol,Manual,"EMI ₹21,112/m*",₹12.33 lakh
Mahindra Scorpio,Mahindra,2011,"2,26,028 km",Diesel,Manual,"EMI ₹21,112/m*",₹3.44 lakh
MG HECTOR,MG,2021,"22,596 km",Petrol,Auto,"EMI ₹22,259/m*",₹13.00 lakh
Hyundai Creta,Hyundai,2016,"58,233 km",Petrol,Manual,"EMI ₹15,015/m*",₹6.75 lakh
Maruti Ertiga,Maruti,2020,"1,39,742 km",Petrol,Manual,"EMI ₹18,959/m*",₹8.72 lakh
Mahindra XUV500,Mahindra,2013,"1,36,356 km",Diesel,Manual,"EMI ₹46,646/m*",₹5.25 lakh
Hyundai VENUE,Hyundai,2022,"56,579 km",Petrol,Manual,"EMI ₹13,698/m*",₹8.00 lakh
Audi Q3,Audi,2018,"1,09,000 km",Diesel,Auto,"EMI ₹37,506/m*",₹17.25 lakh
Ford Ecosport,Ford,2021,"45,002 km",Petrol,Manual,"EMI ₹13,893/m*",₹7.87 lakh
Honda Amaze,Honda,2023,"24,343 km",Petrol,Auto,"EMI ₹13,698/m*",₹8.00 lakh
MG HECTOR,MG,2021,"59,512 km",Petrol,Auto,"EMI ₹21,454/m*",₹12.53 lakh
KIA SELTOS,KIA,2021,"49,000 km",Petrol,Manual,"EMI ₹18,835/m*",₹11.00 lakh
Ford Ecosport,Ford,2020,"92,960 km",Petrol,Auto,"EMI ₹13,540/m*",₹7.67 lakh
Tata Hexa,Tata,2017,"1,96,138 km",Diesel,Auto,"EMI ₹12,234/m*",₹5.50 lakh
Tata Hexa,Tata,2017,"64,379 km",Diesel,Auto,"EMI ₹19,025/m*",₹8.75 lakh
Hyundai NEW I20 N LINE,Hyundai,2021,"68,549 km",Petrol,Auto,"EMI ₹16,455/m*",₹9.61 lakh
Hyundai VENUE,Hyundai,2023,"20,086 km",Petrol,Manual,"EMI ₹15,564/m*",₹9.09 lakh
Mahindra XUV300,Mahindra,2021,"1,38,214 km",Diesel,Auto,"EMI ₹18,394/m*",₹8.46 lakh
Toyota URBAN CRUISER,Toyota,2021,"49,810 km",Petrol,Manual,"EMI ₹14,982/m*",₹8.75 lakh
Maruti Grand Vitara,Maruti,2023,"17,290 km",Petrol,Manual,"EMI ₹22,105/m*",₹12.91 lakh
KIA SONET,KIA,2022,"53,862 km",Diesel,Manual,"EMI ₹14,554/m*",₹8.50 lakh
Hyundai Creta,Hyundai,2024,"6,755 km",Petrol,Manual,"EMI ₹27,259/m*",₹15.92 lakh
Maruti Ertiga,Maruti,2020,"26,139 km",Petrol,Auto,"EMI ₹16,266/m*",₹9.50 lakh
Toyota URBAN CRUISER,Toyota,2021,"84,737 km",Petrol,Manual,"EMI ₹13,804/m*",₹7.82 lakh
KIA SONET,KIA,2022,"34,273 km",Petrol,Manual,"EMI ₹14,126/m*",₹8.25 lakh
KIA SELTOS,KIA,2021,"40,812 km",Petrol,Manual,"EMI ₹16,266/m*",₹9.50 lakh
KIA SELTOS,KIA,2021,"47,329 km",Diesel,Auto,"EMI ₹23,800/m*",₹13.90 lakh
Mahindra XUV500,Mahindra,2011,"1,43,114 km",Diesel,Manual,"EMI ₹23,800/m*",₹4.75 lakh
KIA SELTOS,KIA,2022,"40,938 km",Petrol,Manual,"EMI ₹20,170/m*",₹11.78 lakh
Skoda Yeti,Skoda,2012,"1,53,400 km",Diesel,Manual,"EMI ₹20,170/m*",₹6.13 lakh
Hyundai Creta,Hyundai,2018,"1,03,058 km",Diesel,Manual,"EMI ₹17,698/m*",₹8.14 lakh
MG HECTOR PLUS,MG,2021,"34,510 km",Petrol,Auto,"EMI ₹28,509/m*",₹16.65 lakh
Mahindra XUV300,Mahindra,2021,"73,885 km",Diesel,Manual,"EMI ₹17,122/m*",₹10.00 lakh
Hyundai Xcent,Hyundai,2019,"55,142 km",Petrol,Manual,"EMI ₹10,574/m*",₹5.99 lakh
Maruti XL6,Maruti,2019,"73,222 km",Petrol,Auto,"EMI ₹15,410/m*",₹9.00 lakh
Jeep Compass,Jeep,2019,"1,70,808 km",Diesel,Manual,"EMI ₹18,894/m*",₹8.69 lakh
KIA SONET,KIA,2024,"16,105 km",Petrol,Auto,"EMI ₹18,561/m*",₹10.84 lakh
Audi Q5,Audi,2013,"96,131 km",Diesel,Auto,"EMI ₹88,205/m*",₹9.98 lakh
Hyundai VENUE,Hyundai,2021,"30,336 km",Diesel,Manual,"EMI ₹17,431/m*",₹10.18 lakh
Mahindra Scorpio,Mahindra,2011,"1,80,110 km",Diesel,Manual,"EMI ₹17,431/m*",₹3.59 lakh
Audi Q3,Audi,2013,"1,24,450 km",Diesel,Auto,"EMI ₹79,809/m*",₹9.03 lakh
Maruti Swift,Maruti,2024,"18,413 km",Petrol,Manual,"EMI ₹15,290/m*",₹8.93 lakh
Hyundai GRAND I10 NIOS,Hyundai,2020,"49,925 km",Petrol,Auto,"EMI ₹10,503/m*",₹5.95 lakh
Maruti Alto K10,Maruti,2023,"27,590 km",Petrol,Manual,"EMI ₹8,297/m*",₹4.70 lakh
Volkswagen Ameo,Volkswagen,2018,"65,001 km",Petrol,Manual,"EMI ₹10,433/m*",₹5.91 lakh
Maruti New Wagon-R,Maruti,2025,"6,834 km",Petrol,Manual,"EMI ₹12,110/m*",₹6.86 lakh
MG HECTOR,MG,2021,"53,053 km",Petrol,Auto,"EMI ₹22,550/m*",₹13.17 lakh
KIA SONET,KIA,2022,"32,546 km",Petrol,Auto,"EMI ₹20,667/m*",₹12.07 lakh
KIA SELTOS,KIA,2022,"1,85,248 km",Diesel,Manual,"EMI ₹25,526/m*",₹11.74 lakh
Skoda Laura,Skoda,2013,"2,09,262 km",Diesel,Auto,"EMI ₹49,755/m*",₹5.60 lakh
Hyundai Creta,Hyundai,2022,"84,737 km",Diesel,Auto,"EMI ₹24,828/m*",₹14.50 lakh
MG HECTOR,MG,2021,"75,851 km",Diesel,Manual,"EMI ₹24,828/m*",₹14.50 lakh
MG HECTOR,MG,2021,"48,711 km",Petrol,Auto,"EMI ₹24,023/m*",₹14.03 lakh
Tata Aria,Tata,2014,"1,75,653 km",Diesel,Manual,"EMI ₹21,371/m*",₹4.54 lakh
Skoda KUSHAQ,Skoda,2021,"61,488 km",Petrol,Auto,"EMI ₹16,575/m*",₹9.68 lakh
Maruti Ertiga,Maruti,2021,"50,863 km",Petrol,Manual,"EMI ₹17,259/m*",₹10.08 lakh
Toyota Urban Cruiser Taisor,Toyota,2024,"6,164 km",Petrol,Auto,"EMI ₹19,348/m*",₹11.30 lakh
Nissan Micra,Nissan,2017,"73,852 km",Petrol,Auto,"EMI ₹9,345/m*",₹4.78 lakh
Maruti S Cross,Maruti,2015,"1,65,357 km",Diesel,Manual,"EMI ₹13,286/m*",₹4.00 lakh
Hyundai Santa Fe,Hyundai,2011,"1,05,406 km",Diesel,Manual,"EMI ₹13,286/m*",₹7.20 lakh
Renault Duster,Renault,2020,"29,751 km",Petrol,Manual,"EMI ₹16,403/m*",₹9.58 lakh
Mahindra XUV300,Mahindra,2022,"57,067 km",Diesel,Auto,"EMI ₹16,266/m*",₹9.50 lakh
Hyundai VENUE,Hyundai,2022,"37,814 km",Diesel,Manual,"EMI ₹17,910/m*",₹10.46 lakh
MG HECTOR,MG,2023,"33,539 km",Diesel,Manual,"EMI ₹29,194/m*",₹17.05 lakh
Skoda Rapid,Skoda,2016,"87,397 km",Diesel,Auto,"EMI ₹13,483/m*",₹5.12 lakh
Skoda Octavia,Skoda,2018,"2,10,044 km",Diesel,Auto,"EMI ₹27,178/m*",₹12.50 lakh
Ford Ecosport,Ford,2013,"1,59,594 km",Diesel,Manual,"EMI ₹37,938/m*",₹4.27 lakh
MG HECTOR PLUS,MG,2020,"64,204 km",Diesel,Manual,"EMI ₹24,006/m*",₹14.02 lakh
Hyundai Santa Fe,Hyundai,2012,"1,71,670 km",Diesel,Auto,"EMI ₹24,006/m*",₹7.36 lakh
Toyota Glanza,Toyota,2024,"17,622 km",Petrol,Auto,"EMI ₹13,972/m*",₹8.16 lakh
KIA SELTOS,KIA,2020,"34,851 km",Diesel,Manual,"EMI ₹17,311/m*",₹10.11 lakh
Mahindra XUV500,Mahindra,2013,"1,01,654 km",Diesel,Manual,"EMI ₹52,598/m*",₹5.92 lakh
Renault Duster,Renault,2013,"1,56,728 km",Diesel,Manual,"EMI ₹31,008/m*",₹3.49 lakh
Audi Q5,Audi,2012,"1,04,346 km",Diesel,Auto,"EMI ₹31,008/m*",₹9.37 lakh
Skoda Laura,Skoda,2013,"1,25,548 km",Diesel,Auto,"EMI ₹47,001/m*",₹5.29 lakh
Mercedes Benz C Class,Mercedes,2011,"60,476 km",Diesel,Auto,"EMI ₹47,001/m*",₹10.74 lakh
Hyundai VENUE,Hyundai,2021,"30,298 km",Petrol,Manual,"EMI ₹15,616/m*",₹9.12 lakh
KIA SELTOS,KIA,2019,"29,660 km",Petrol,Manual,"EMI ₹18,835/m*",₹11.00 lakh
Hyundai Creta,Hyundai,2020,"36,567 km",Diesel,Auto,"EMI ₹26,591/m*",₹15.53 lakh
Hyundai VENUE,Hyundai,2021,"52,434 km",Diesel,Manual,"EMI ₹17,037/m*",₹9.95 lakh
Mahindra XUV500,Mahindra,2013,"1,09,636 km",Diesel,Manual,"EMI ₹55,086/m*",₹6.20 lakh
Mahindra Xylo,Mahindra,2013,"1,48,398 km",Diesel,Manual,"EMI ₹34,207/m*",₹3.85 lakh
Maruti XL6,Maruti,2020,"51,719 km",Petrol,Manual,"EMI ₹16,934/m*",₹9.89 lakh
Tata Hexa,Tata,2017,"1,84,597 km",Diesel,Manual,"EMI ₹14,815/m*",₹6.66 lakh
MG HECTOR,MG,2023,"18,953 km",Petrol,Auto,"EMI ₹27,396/m*",₹16.00 lakh
KIA SONET,KIA,2020,"26,039 km",Petrol,Manual,"EMI ₹15,410/m*",₹9.00 lakh
KIA SELTOS,KIA,2021,"73,729 km",Diesel,Manual,"EMI ₹23,715/m*",₹13.85 lakh
KIA SELTOS,KIA,2020,"84,068 km",Diesel,Auto,"EMI ₹20,016/m*",₹11.69 lakh
Maruti Eeco,Maruti,2024,"24,917 km",Petrol,Manual,"EMI ₹9,797/m*",₹5.55 lakh
KIA SELTOS,KIA,2020,"43,119 km",Petrol,Auto,"EMI ₹23,132/m*",₹13.51 lakh
BMW X5,BMW,2014,"1,37,281 km",Diesel,Auto,"EMI ₹93,216/m*",₹20.00 lakh
Maruti BREZZA,Maruti,2023,"39,233 km",Petrol,Manual,"EMI ₹16,626/m*",₹9.71 lakh
Maruti New Wagon-R,Maruti,2025,609 km,Petrol,Auto,"EMI ₹13,451/m*",₹7.62 lakh
MG HECTOR,MG,2021,"53,642 km",Petrol,Manual,"EMI ₹20,770/m*",₹12.13 lakh
MG HECTOR PLUS,MG,2021,"63,526 km",Petrol,Manual,"EMI ₹22,636/m*",₹13.22 lakh
KIA SELTOS,KIA,2019,"71,394 km",Diesel,Manual,"EMI ₹15,547/m*",₹9.08 lakh
MG HECTOR,MG,2023,"58,800 km",Petrol,Manual,"EMI ₹25,667/m*",₹14.99 lakh
Maruti Swift,Maruti,2023,"59,781 km",Petrol,Manual,"EMI ₹13,698/m*",₹8.00 lakh
Mercedes Benz E Class,Mercedes,2010,"98,845 km",Diesel,Auto,"EMI ₹13,698/m*",₹11.30 lakh
Mahindra XUV300,Mahindra,2020,"81,639 km",Diesel,Auto,"EMI ₹14,143/m*",₹8.26 lakh
Maruti Swift,Maruti,2012,"50,704 km",Diesel,Manual,"EMI ₹14,143/m*",₹4.48 lakh
Hyundai Creta,Hyundai,2023,"20,917 km",Petrol,Auto,"EMI ₹27,227/m*",₹15.90 lakh
Nissan Terrano,Nissan,2015,"1,97,621 km",Diesel,Manual,"EMI ₹14,814/m*",₹4.46 lakh
MG HECTOR,MG,2019,"41,682 km",Petrol,Auto,"EMI ₹19,074/m*",₹11.14 lakh
MG HECTOR,MG,2019,"72,280 km",Petrol,Auto,"EMI ₹18,321/m*",₹10.70 lakh
Tata PUNCH EV,Tata,2024,"8,708 km",Electric,Auto,"EMI ₹18,646/m*",₹10.89 lakh
Skoda Octavia,Skoda,2017,"1,30,761 km",Petrol,Auto,"EMI ₹27,156/m*",₹12.49 lakh
KIA SELTOS,KIA,2019,"54,065 km",Petrol,Auto,"EMI ₹17,979/m*",₹10.50 lakh
Mahindra XUV500,Mahindra,2019,"81,224 km",Diesel,Manual,"EMI ₹20,975/m*",₹12.25 lakh
KIA SELTOS,KIA,2019,"75,609 km",Petrol,Auto,"EMI ₹17,122/m*",₹10.00 lakh
Tata Hexa,Tata,2017,"1,44,112 km",Diesel,Auto,"EMI ₹14,125/m*",₹6.35 lakh
Hyundai Creta,Hyundai,2019,"1,01,126 km",Diesel,Manual,"EMI ₹26,091/m*",₹12.00 lakh
Hyundai NEW I20 N LINE,Hyundai,2022,"22,625 km",Petrol,Auto,"EMI ₹19,092/m*",₹11.15 lakh
Hyundai Creta,Hyundai,2023,"47,800 km",Petrol,Auto,"EMI ₹29,964/m*",₹17.50 lakh
Maruti Baleno,Maruti,2024,"7,972 km",Petrol,Auto,"EMI ₹15,992/m*",₹9.34 lakh
Hyundai ALCAZAR,Hyundai,2021,"65,236 km",Diesel,Auto,"EMI ₹23,903/m*",₹13.96 lakh
Hyundai EXTER,Hyundai,2025,"10,519 km",Petrol,Manual,"EMI ₹15,427/m*",₹9.01 lakh
Mahindra XUV300,Mahindra,2022,"88,457 km",Diesel,Manual,"EMI ₹15,872/m*",₹9.27 lakh
MG HECTOR PLUS,MG,2020,"64,207 km",Diesel,Manual,"EMI ₹22,602/m*",₹13.20 lakh
MG ZS EV,MG,2024,"21,624 km",Electric,Auto,"EMI ₹28,252/m*",₹16.50 lakh
Toyota Innova,Toyota,2014,"1,20,288 km",Diesel,Manual,"EMI ₹48,193/m*",₹10.34 lakh
Renault Duster,Renault,2018,"68,806 km",Diesel,Auto,"EMI ₹14,878/m*",₹7.61 lakh
Skoda Octavia,Skoda,2018,"1,25,260 km",Diesel,Auto,"EMI ₹32,048/m*",₹14.74 lakh
Maruti BREZZA,Maruti,2024,"13,674 km",Petrol,Manual,"EMI ₹16,438/m*",₹9.60 lakh
Mercedes Benz S Class,Mercedes,2010,"1,09,193 km",Petrol,Auto,"EMI ₹16,438/m*",₹18.00 lakh
Toyota Innova,Toyota,2013,"2,33,460 km",Diesel,Manual,"EMI ₹74,771/m*",₹8.46 lakh
Mercedes Benz E Class,Mercedes,2012,"77,214 km",Diesel,Auto,"EMI ₹74,771/m*",₹12.69 lakh
Hyundai ALCAZAR,Hyundai,2021,"49,008 km",Diesel,Auto,"EMI ₹25,410/m*",₹14.84 lakh
Jeep Compass,Jeep,2020,"65,991 km",Diesel,Manual,"EMI ₹23,115/m*",₹13.50 lakh
Hyundai Creta,Hyundai,2022,"27,160 km",Petrol,Auto,"EMI ₹25,256/m*",₹14.75 lakh
Maruti Celerio,Maruti,2024,"19,415 km",Petrol,Manual,"EMI ₹11,474/m*",₹6.50 lakh
Tata NEXON EV,Tata,2022,"59,678 km",Electric,Auto,"EMI ₹21,043/m*",₹12.29 lakh
MG ZS EV,MG,2024,"43,265 km",Electric,Auto,"EMI ₹31,779/m*",₹18.56 lakh
MG ZS EV,MG,2023,"50,029 km",Electric,Auto,"EMI ₹22,259/m*",₹13.00 lakh
Maruti Dzire,Maruti,2021,"37,425 km",Petrol,Manual,"EMI ₹10,751/m*",₹6.09 lakh
Tata NEXON EV,Tata,2024,"8,259 km",Electric,Auto,"EMI ₹28,149/m*",₹16.44 lakh
Mahindra SCORPIO CLASSIC,Mahindra,2023,"11,811 km",Diesel,Manual,"EMI ₹31,231/m*",₹18.24 lakh
MG ZS EV,MG,2020,"62,960 km",Electric,Auto,"EMI ₹18,064/m*",₹10.55 lakh
Jeep Compass,Jeep,2020,"67,659 km",Diesel,Manual,"EMI ₹22,876/m*",₹13.36 lakh
Maruti BREZZA,Maruti,2024,"88,243 km",Petrol,Manual,"EMI ₹15,410/m*",₹9.00 lakh
Tata NEXON EV,Tata,2023,"10,681 km",Electric,Auto,"EMI ₹22,978/m*",₹13.42 lakh
Mahindra XUV300,Mahindra,2019,"46,000 km",Petrol,Manual,"EMI ₹13,981/m*",₹7.92 lakh
Mahindra XUV400,Mahindra,2023,"25,629 km",Electric,Auto,"EMI ₹20,461/m*",₹11.95 lakh
Tata NEXON EV,Tata,2021,"96,911 km",Electric,Auto,"EMI ₹16,266/m*",₹9.50 lakh
Tata Safari,Tata,2023,"14,955 km",Diesel,Manual,"EMI ₹30,940/m*",₹18.07 lakh
Mahindra Bolero,Mahindra,2022,"26,391 km",Diesel,Manual,"EMI ₹15,410/m*",₹9.00 lakh
KIA SONET,KIA,2021,"66,358 km",Diesel,Manual,"EMI ₹15,410/m*",₹9.00 lakh
Hyundai VENUE N LINE,Hyundai,2023,"31,442 km",Petrol,Auto,"EMI ₹21,283/m*",₹12.43 lakh
Tata Hexa,Tata,2017,"58,930 km",Diesel,Auto,"EMI ₹24,786/m*",₹11.40 lakh
Tata NEXON EV,Tata,2023,"55,444 km",Electric,Auto,"EMI ₹17,122/m*",₹10.00 lakh
MG HECTOR PLUS,MG,2020,"91,367 km",Diesel,Manual,"EMI ₹21,403/m*",₹12.50 lakh
MG HECTOR PLUS,MG,2020,"65,000 km",Diesel,Manual,"EMI ₹25,495/m*",₹14.89 lakh
Jeep Compass,Jeep,2020,"1,27,532 km",Diesel,Manual,"EMI ₹29,004/m*",₹13.34 lakh
Toyota Innova Crysta,Toyota,2019,"1,07,459 km",Diesel,Manual,"EMI ₹40,223/m*",₹18.50 lakh
Tata Tiago,Tata,2024,720 km,Petrol,Manual,"EMI ₹13,487/m*",₹7.64 lakh
Hyundai Grand i10,Hyundai,2014,"31,997 km",Petrol,Manual,"EMI ₹13,120/m*",₹3.95 lakh
Maruti S Cross,Maruti,2021,"44,282 km",Petrol,Auto,"EMI ₹14,546/m*",₹8.49 lakh
Honda Jazz,Honda,2015,"1,01,169 km",Petrol,Manual,"EMI ₹11,245/m*",₹4.27 lakh
Maruti XL6,Maruti,2023,"18,514 km",Petrol,Manual,"EMI ₹19,999/m*",₹11.68 lakh
Maruti Eeco,Maruti,2013,"1,58,499 km",Petrol,Manual,"EMI ₹13,887/m*",₹2.95 lakh
Skoda Superb,Skoda,2011,"75,261 km",Petrol,Auto,"EMI ₹13,887/m*",₹2.27 lakh
Renault Kwid,Renault,2016,"42,973 km",Petrol,Auto,"EMI ₹7,474/m*",₹3.36 lakh
Maruti Alto K10,Maruti,2024,"1,860 km",Petrol,Auto,"EMI ₹10,592/m*",₹6.00 lakh
Hyundai Creta,Hyundai,2019,"69,653 km",Diesel,Manual,"EMI ₹22,807/m*",₹13.32 lakh
KIA SONET,KIA,2024,"34,235 km",Diesel,Auto,"EMI ₹23,646/m*",₹13.81 lakh
Maruti Vitara Brezza,Maruti,2020,"13,323 km",Petrol,Manual,"EMI ₹14,554/m*",₹8.50 lakh
Renault TRIBER,Renault,2020,"40,050 km",Petrol,Manual,"EMI ₹10,292/m*",₹5.83 lakh
Honda Brio,Honda,2012,"93,928 km",Petrol,Manual,"EMI ₹21,324/m*",₹2.40 lakh
Ford Endeavour,Ford,2011,"83,826 km",Diesel,Auto,"EMI ₹21,324/m*",₹4.27 lakh
Jeep Compass,Jeep,2018,"76,710 km",Diesel,Manual,"EMI ₹18,691/m*",₹9.82 lakh
Ford Ecosport,Ford,2018,"45,887 km",Petrol,Auto,"EMI ₹14,092/m*",₹8.23 lakh
Toyota URBAN CRUISER,Toyota,2021,"1,00,654 km",Petrol,Manual,"EMI ₹15,860/m*",₹7.13 lakh
Mahindra XUV500,Mahindra,2017,"1,66,233 km",Diesel,Manual,"EMI ₹20,047/m*",₹9.22 lakh
Toyota URBAN CRUISER,Toyota,2020,"35,027 km",Petrol,Auto,"EMI ₹14,126/m*",₹8.25 lakh
MG ZS EV,MG,2023,"37,397 km",Electric,Auto,"EMI ₹30,341/m*",₹17.72 lakh
Maruti Swift,Maruti,2021,"38,787 km",Petrol,Manual,"EMI ₹11,132/m*",₹6.31 lakh
Renault Kwid,Renault,2022,"15,890 km",Petrol,Auto,"EMI ₹8,844/m*",₹5.01 lakh
Volkswagen Vento,Volkswagen,2016,"1,43,291 km",Petrol,Manual,"EMI ₹10,077/m*",₹4.53 lakh
Tata NEXON,Tata,2022,"36,536 km",Petrol,Manual,"EMI ₹16,711/m*",₹9.76 lakh
Tata NEXON,Tata,2025,"27,227 km",Petrol,Manual,"EMI ₹19,160/m*",₹11.19 lakh
Tata Tiago,Tata,2023,"7,927 km",Petrol,Auto,"EMI ₹11,752/m*",₹6.66 lakh
Hyundai i20,Hyundai,2011,"52,515 km",Petrol,Manual,"EMI ₹11,752/m*",₹3.26 lakh
Honda Civic,Honda,2019,"30,667 km",Petrol,Auto,"EMI ₹20,361/m*",₹11.89 lakh
Volkswagen Vento,Volkswagen,2016,"55,245 km",Petrol,Manual,"EMI ₹10,469/m*",₹4.71 lakh
MG ASTOR,MG,2022,"44,343 km",Petrol,Manual,"EMI ₹13,698/m*",₹8.00 lakh
Datsun Redi Go,Datsun,2017,"51,585 km",Petrol,Manual,"EMI ₹2,933/m*",₹1.50 lakh
Nissan Micra Active,Nissan,2013,"76,420 km",Petrol,Manual,"EMI ₹7,249/m*",₹1.54 lakh
Mahindra XUV700,Mahindra,2022,"36,333 km",Petrol,Manual,"EMI ₹19,434/m*",₹11.35 lakh
Hyundai Elite i20,Hyundai,2016,"64,361 km",Petrol,Manual,"EMI ₹9,076/m*",₹4.08 lakh
Renault Kiger,Renault,2021,"29,497 km",Petrol,Manual,"EMI ₹8,932/m*",₹5.06 lakh
Renault Duster,Renault,2021,"49,406 km",Petrol,Manual,"EMI ₹11,651/m*",₹6.60 lakh
Maruti Eeco,Maruti,2020,"96,092 km",Petrol,Manual,"EMI ₹6,416/m*",₹3.63 lakh
Ford Ecosport,Ford,2017,"81,708 km",Diesel,Manual,"EMI ₹8,431/m*",₹3.79 lakh
Honda Brio,Honda,2013,"1,19,328 km",Petrol,Manual,"EMI ₹8,426/m*",₹1.79 lakh
Tata Tiago,Tata,2017,"1,46,478 km",Petrol,Manual,"EMI ₹6,206/m*",₹2.79 lakh
Tata NEXON,Tata,2024,"39,150 km",Petrol,Manual,"EMI ₹13,328/m*",₹7.55 lakh
Hyundai Elite i20,Hyundai,2020,"26,114 km",Petrol,Manual,"EMI ₹9,709/m*",₹5.50 lakh
Maruti Wagon R 1.0,Maruti,2017,"72,272 km",CNG,Auto,"EMI ₹7,426/m*",₹2.82 lakh
Hyundai Creta,Hyundai,2017,"72,553 km",Diesel,Manual,"EMI ₹18,329/m*",₹8.43 lakh
Volkswagen VIRTUS,Volkswagen,2022,"61,366 km",Petrol,Manual,"EMI ₹15,890/m*",₹9.28 lakh
Honda City,Honda,2020,"41,023 km",Petrol,Manual,"EMI ₹14,383/m*",₹8.40 lakh
Volkswagen Ameo,Volkswagen,2016,"1,25,903 km",Diesel,Manual,"EMI ₹8,506/m*",₹3.23 lakh
Hyundai Verna,Hyundai,2017,"34,773 km",Petrol,Auto,"EMI ₹12,981/m*",₹6.64 lakh
Tata NEXON,Tata,2021,"41,837 km",Petrol,Auto,"EMI ₹12,710/m*",₹7.20 lakh
Maruti Baleno,Maruti,2021,"21,542 km",Petrol,Manual,"EMI ₹11,121/m*",₹6.30 lakh
Tata Nano,Tata,2016,"45,593 km",Petrol,Auto,"EMI ₹3,670/m*",₹1.65 lakh
Maruti Celerio,Maruti,2019,"62,707 km",Petrol,Auto,"EMI ₹5,861/m*",₹3.32 lakh
Mahindra Bolero,Mahindra,2024,"49,894 km",Diesel,Manual,"EMI ₹13,893/m*",₹7.87 lakh
Tata Tiago,Tata,2016,"70,149 km",Petrol,Manual,"EMI ₹6,377/m*",₹2.87 lakh
Renault Kwid,Renault,2016,"53,382 km",Petrol,Manual,"EMI ₹4,738/m*",₹2.13 lakh
Mahindra XUV700,Mahindra,2022,"65,429 km",Petrol,Manual,"EMI ₹24,240/m*",₹14.16 lakh
Renault Duster,Renault,2017,"77,297 km",Petrol,Auto,"EMI ₹8,817/m*",₹4.51 lakh
KIA CARENS,KIA,2022,"22,170 km",Diesel,Manual,"EMI ₹21,917/m*",₹12.80 lakh
Maruti Swift,Maruti,2021,"27,709 km",Petrol,Manual,"EMI ₹9,338/m*",₹5.29 lakh
Volkswagen Polo,Volkswagen,2021,"18,476 km",Petrol,Auto,"EMI ₹15,262/m*",₹8.91 lakh
Maruti Dzire,Maruti,2018,"36,225 km",Petrol,Auto,"EMI ₹7,838/m*",₹4.44 lakh
KIA CARENS,KIA,2022,"38,893 km",Diesel,Manual,"EMI ₹20,016/m*",₹11.69 lakh
Tata NEXON,Tata,2023,"17,001 km",Petrol,Manual,"EMI ₹13,893/m*",₹7.87 lakh
Hyundai VENUE,Hyundai,2019,"53,832 km",Petrol,Auto,"EMI ₹11,227/m*",₹6.36 lakh
Tata NEXON,Tata,2022,"61,567 km",Diesel,Manual,"EMI ₹13,989/m*",₹8.17 lakh
Hyundai Elite i20,Hyundai,2016,"89,473 km",Petrol,Manual,"EMI ₹9,454/m*",₹4.25 lakh
Tata TIGOR,Tata,2021,"22,399 km",Petrol,Auto,"EMI ₹8,826/m*",₹5.00 lakh
Mahindra XUV500,Mahindra,2017,"85,231 km",Diesel,Manual,"EMI ₹14,904/m*",₹6.70 lakh
Maruti Celerio,Maruti,2014,"50,403 km",Petrol,Auto,"EMI ₹8,270/m*",₹2.49 lakh
Hyundai Elite i20,Hyundai,2018,"85,489 km",Petrol,Manual,"EMI ₹8,156/m*",₹4.62 lakh
Renault Kwid,Renault,2017,"49,968 km",Petrol,Manual,"EMI ₹4,555/m*",₹2.33 lakh
Hyundai NEW SANTRO,Hyundai,2019,"14,964 km",Petrol,Manual,"EMI ₹6,874/m*",₹3.89 lakh
Mahindra XUV500,Mahindra,2014,"85,652 km",Diesel,Manual,"EMI ₹27,963/m*",₹5.94 lakh
Maruti Baleno,Maruti,2017,"50,387 km",Petrol,Manual,"EMI ₹9,139/m*",₹4.67 lakh
Ford New Figo,Ford,2017,"77,672 km",Petrol,Manual,"EMI ₹6,803/m*",₹3.48 lakh
Tata NEXON,Tata,2023,"35,232 km",Petrol,Manual,"EMI ₹13,504/m*",₹7.65 lakh
Renault Duster,Renault,2017,"68,204 km",Petrol,Auto,"EMI ₹9,775/m*",₹5.00 lakh
Skoda Rapid,Skoda,2020,"38,988 km",Petrol,Manual,"EMI ₹10,265/m*",₹5.82 lakh
Renault Kwid,Renault,2024,"5,049 km",Petrol,Auto,"EMI ₹8,650/m*",₹4.90 lakh
Maruti Baleno,Maruti,2022,"9,599 km",Petrol,Manual,"EMI ₹12,798/m*",₹7.25 lakh
Maruti Celerio,Maruti,2014,"98,847 km",Petrol,Auto,"EMI ₹8,138/m*",₹2.45 lakh
Maruti Vitara Brezza,Maruti,2016,"36,733 km",Diesel,Manual,"EMI ₹18,034/m*",₹6.85 lakh
Maruti S Cross,Maruti,2022,"35,461 km",Petrol,Manual,"EMI ₹12,922/m*",₹7.32 lakh
Honda City,Honda,2015,"68,157 km",Petrol,Manual,"EMI ₹13,319/m*",₹5.06 lakh
Maruti Baleno,Maruti,2023,"18,670 km",Petrol,Auto,"EMI ₹14,567/m*",₹8.51 lakh
Mahindra Kuv100,Mahindra,2016,"34,715 km",Petrol,Manual,"EMI ₹6,629/m*",₹2.98 lakh
Honda WR-V,Honda,2017,"1,44,831 km",Diesel,Manual,"EMI ₹10,505/m*",₹4.72 lakh
Volkswagen Ameo,Volkswagen,2016,"69,246 km",Diesel,Manual,"EMI ₹10,797/m*",₹4.10 lakh
Maruti Baleno,Maruti,2020,"48,405 km",Petrol,Manual,"EMI ₹9,744/m*",₹5.52 lakh
Maruti XL6,Maruti,2023,"23,919 km",Petrol,Manual,"EMI ₹18,945/m*",₹11.06 lakh
Hyundai GRAND I10 NIOS,Hyundai,2020,"41,712 km",Petrol,Auto,"EMI ₹8,893/m*",₹5.04 lakh
Maruti Ciaz,Maruti,2017,"61,983 km",Petrol,Manual,"EMI ₹9,767/m*",₹5.00 lakh
Maruti Baleno,Maruti,2022,"11,050 km",Petrol,Auto,"EMI ₹13,066/m*",₹7.40 lakh
Mahindra XUV300,Mahindra,2021,"81,586 km",Petrol,Auto,"EMI ₹11,086/m*",₹6.28 lakh
Maruti Dzire,Maruti,2018,"58,913 km",Petrol,Auto,"EMI ₹8,473/m*",₹4.80 lakh
Hyundai Creta,Hyundai,2021,"67,254 km",Diesel,Manual,"EMI ₹23,235/m*",₹13.57 lakh
Hyundai Verna,Hyundai,2019,"66,092 km",Petrol,Manual,"EMI ₹13,381/m*",₹7.58 lakh
Hyundai Grand i10,Hyundai,2020,"26,835 km",Petrol,Manual,"EMI ₹8,275/m*",₹4.69 lakh
Maruti Baleno,Maruti,2024,"10,455 km",Petrol,Manual,"EMI ₹13,593/m*",₹7.70 lakh
KIA SONET,KIA,2022,"27,304 km",Petrol,Manual,"EMI ₹12,710/m*",₹7.20 lakh
Maruti Baleno,Maruti,2016,"71,638 km",Petrol,Manual,"EMI ₹10,426/m*",₹4.69 lakh
Mahindra XUV500,Mahindra,2016,"82,399 km",Diesel,Auto,"EMI ₹20,593/m*",₹7.82 lakh
Hyundai VENUE,Hyundai,2021,"27,910 km",Petrol,Auto,"EMI ₹13,063/m*",₹7.40 lakh
Maruti IGNIS,Maruti,2020,"30,440 km",Petrol,Auto,"EMI ₹9,550/m*",₹5.41 lakh
Renault Kiger,Renault,2021,"18,089 km",Petrol,Manual,"EMI ₹9,735/m*",₹5.51 lakh
Honda Mobilio,Honda,2015,"3,891 km",Petrol,Manual,"EMI ₹12,691/m*",₹4.82 lakh
Mahindra XUV300,Mahindra,2021,"1,22,520 km",Petrol,Manual,"EMI ₹14,303/m*",₹6.43 lakh
Ford Figo,Ford,2014,"51,337 km",Petrol,Manual,"EMI ₹8,304/m*",₹2.50 lakh
Hyundai i20 Active,Hyundai,2018,"17,987 km",Petrol,Manual,"EMI ₹10,562/m*",₹5.98 lakh
Hyundai Elite i20,Hyundai,2016,"86,622 km",Petrol,Manual,"EMI ₹10,121/m*",₹4.55 lakh
KIA SONET,KIA,2021,"79,179 km",Diesel,Manual,"EMI ₹13,610/m*",₹7.71 lakh
Tata Zest,Tata,2015,"68,529 km",Petrol,Manual,"EMI ₹8,585/m*",₹3.26 lakh
Renault Kiger,Renault,2021,"46,990 km",Petrol,Manual,"EMI ₹8,864/m*",₹5.02 lakh
Ford Ecosport,Ford,2014,"1,18,961 km",Petrol,Manual,"EMI ₹12,945/m*",₹3.90 lakh
Maruti Celerio X,Maruti,2019,"49,809 km",Petrol,Auto,"EMI ₹6,832/m*",₹3.87 lakh
KIA SELTOS,KIA,2020,"57,595 km",Petrol,Auto,"EMI ₹16,232/m*",₹9.48 lakh
Maruti Celerio,Maruti,2014,"65,860 km",Petrol,Auto,"EMI ₹10,130/m*",₹3.05 lakh
Volkswagen Vento,Volkswagen,2016,"79,037 km",Petrol,Manual,"EMI ₹10,542/m*",₹4.74 lakh
Tata NEXON,Tata,2018,"45,073 km",Petrol,Auto,"EMI ₹11,618/m*",₹6.58 lakh
Maruti Swift,Maruti,2023,"13,554 km",Petrol,Auto,"EMI ₹13,173/m*",₹7.46 lakh
Skoda Rapid,Skoda,2013,"81,588 km",Diesel,Manual,"EMI ₹26,299/m*",₹2.96 lakh
Renault Kwid,Renault,2021,"24,931 km",Petrol,Manual,"EMI ₹6,898/m*",₹3.91 lakh
Tata NEXON,Tata,2018,"47,242 km",Petrol,Manual,"EMI ₹10,976/m*",₹6.22 lakh
Renault Kiger,Renault,2021,"31,963 km",Petrol,Manual,"EMI ₹11,072/m*",₹6.27 lakh
Maruti Baleno,Maruti,2019,"12,750 km",Petrol,Manual,"EMI ₹10,239/m*",₹5.80 lakh
Maruti Swift Dzire,Maruti,2014,"60,786 km",Diesel,Manual,"EMI ₹20,901/m*",₹4.44 lakh
Hyundai GRAND I10 NIOS,Hyundai,2020,"45,393 km",Petrol,Auto,"EMI ₹9,466/m*",₹5.36 lakh
Maruti Ciaz,Maruti,2018,"1,10,082 km",Petrol,Auto,"EMI ₹10,633/m*",₹4.78 lakh
Tata Tiago,Tata,2017,"56,990 km",Petrol,Auto,"EMI ₹7,696/m*",₹3.94 lakh
Honda Jazz,Honda,2018,"81,452 km",Petrol,Auto,"EMI ₹8,226/m*",₹4.66 lakh
Hyundai Grand i10,Hyundai,2014,"44,902 km",Petrol,Manual,"EMI ₹11,346/m*",₹3.42 lakh
Hyundai Elite i20,Hyundai,2019,"34,545 km",Petrol,Manual,"EMI ₹10,645/m*",₹6.03 lakh
Maruti Eeco,Maruti,2023,"6,638 km",Petrol,Manual,"EMI ₹9,169/m*",₹5.19 lakh
Maruti Celerio,Maruti,2019,"32,821 km",Petrol,Auto,"EMI ₹7,593/m*",₹4.30 lakh
Hyundai Elite i20,Hyundai,2017,"90,554 km",Petrol,Manual,"EMI ₹9,716/m*",₹4.97 lakh
Hyundai Verna,Hyundai,2018,"1,10,135 km",Diesel,Manual,"EMI ₹14,637/m*",₹6.58 lakh
Hyundai NEW I20,Hyundai,2024,"42,640 km",Petrol,Manual,"EMI ₹13,925/m*",₹7.89 lakh
Hyundai Creta,Hyundai,2017,"74,253 km",Petrol,Auto,"EMI ₹14,076/m*",₹7.20 lakh
Renault Duster,Renault,2017,"47,171 km",Petrol,Manual,"EMI ₹9,775/m*",₹5.00 lakh
Maruti Swift,Maruti,2023,"19,538 km",Petrol,Auto,"EMI ₹12,710/m*",₹7.20 lakh
Maruti S Cross,Maruti,2021,"88,075 km",Petrol,Auto,"EMI ₹12,322/m*",₹6.98 lakh
Hyundai VENUE,Hyundai,2019,"30,035 km",Petrol,Auto,"EMI ₹12,766/m*",₹7.23 lakh
Maruti Ertiga,Maruti,2016,"1,21,290 km",Petrol,Manual,"EMI ₹13,324/m*",₹5.99 lakh
KIA SONET,KIA,2021,"46,674 km",Diesel,Auto,"EMI ₹15,342/m*",₹8.96 lakh
Hyundai Grand i10,Hyundai,2015,"68,680 km",Petrol,Manual,"EMI ₹9,164/m*",₹3.48 lakh
KIA SONET,KIA,2021,"55,527 km",Diesel,Auto,"EMI ₹15,239/m*",₹8.90 lakh
KIA SONET,KIA,2023,"25,105 km",Diesel,Manual,"EMI ₹19,828/m*",₹11.58 lakh
KIA SONET,KIA,2023,"12,979 km",Petrol,Manual,"EMI ₹16,352/m*",₹9.55 lakh
KIA SELTOS,KIA,2019,"39,597 km",Petrol,Auto,"EMI ₹19,263/m*",₹11.25 lakh
