Car Name,Company,Year of Manufacture,Distance Driven,Fuel Type,Gear Type,EMI,Price
Maruti Alto 800,Maruti,2016,"1,22,426 km",Petrol,Manual,"EMI ₹2,914/m*",₹1.31 lakh
Renault Kwid,Renault,2018,"31,081 km",Petrol,Manual,"EMI ₹4,254/m*",₹2.41 lakh
Renault Kwid,Renault,2018,"32,954 km",Petrol,Auto,"EMI ₹5,513/m*",₹3.12 lakh
Renault Kwid,Renault,2016,"1,30,438 km",Petrol,Manual,"EMI ₹3,782/m*",₹1.70 lakh
Honda Jazz,Honda,2017,"31,267 km",Petrol,Manual,"EMI ₹8,934/m*",₹4.57 lakh
Hyundai i10,Hyundai,2013,"5,732 km",Petrol,Manual,"EMI ₹12,998/m*",₹2.76 lakh
Hyundai Verna,Hyundai,2018,"68,696 km",Petrol,Auto,"EMI ₹11,335/m*",₹6.42 lakh
Hyundai Grand i10,Hyundai,2016,"28,348 km",Petrol,Manual,"EMI ₹8,230/m*",₹3.70 lakh
Volkswagen Ameo,Volkswagen,2016,"78,203 km",Petrol,Manual,"EMI ₹8,876/m*",₹3.99 lakh
Maruti Alto 800,Maruti,2018,"22,521 km",Petrol,Manual,"EMI ₹4,947/m*",₹2.80 lakh
KIA SELTOS,KIA,2023,"49,208 km",Petrol,Manual,"EMI ₹16,609/m*",₹9.70 lakh
Hyundai Eon,Hyundai,2016,"44,154 km",Petrol,Manual,"EMI ₹5,372/m*",₹2.41 lakh
Nissan Kicks,Nissan,2020,"1,05,870 km",Petrol,Manual,"EMI ₹11,015/m*",₹4.95 lakh
Maruti Alto 800,Maruti,2017,"42,039 km",Petrol,Manual,"EMI ₹4,220/m*",₹2.16 lakh
Tata TIGOR,Tata,2022,"51,500 km",CNG,Manual,"EMI ₹9,675/m*",₹5.48 lakh
KIA SONET,KIA,2023,"66,402 km",Petrol,Manual,"EMI ₹12,710/m*",₹7.20 lakh
Maruti Celerio,Maruti,2017,"60,393 km",Petrol,Manual,"EMI ₹6,325/m*",₹3.24 lakh
Hyundai Grand i10,Hyundai,2014,"35,524 km",Petrol,Manual,"EMI ₹10,725/m*",₹3.23 lakh
Renault TRIBER,Renault,2020,"93,858 km",Petrol,Manual,"EMI ₹6,355/m*",₹3.60 lakh
Maruti Wagon R 1.0,Maruti,2015,"1,08,880 km",Petrol,Manual,"EMI ₹5,798/m*",₹2.20 lakh
Chevrolet Sail UVA,Chevrolet,2013,"48,283 km",Petrol,Manual,"EMI ₹9,838/m*",₹2.09 lakh
Maruti Ciaz,Maruti,2018,"99,844 km",Diesel,Manual,"EMI ₹10,551/m*",₹5.40 lakh
Mercedes Benz GLA Class,Mercedes,2014,"88,220 km",Diesel,Auto,"EMI ₹55,929/m*",₹12.00 lakh
Maruti Swift,Maruti,2019,"98,709 km",Petrol,Manual,"EMI ₹6,743/m*",₹3.82 lakh
Skoda Rapid,Skoda,2020,"58,571 km",Petrol,Manual,"EMI ₹10,311/m*",₹5.84 lakh
Maruti Alto 800,Maruti,2013,"60,385 km",Petrol,Manual,"EMI ₹8,476/m*",₹1.80 lakh
Maruti Celerio,Maruti,2021,"47,221 km",Petrol,Manual,"EMI ₹7,157/m*",₹4.05 lakh
Mahindra XUV500,Mahindra,2018,"1,18,011 km",Diesel,Manual,"EMI ₹17,128/m*",₹7.70 lakh
Nissan MAGNITE,Nissan,2021,"39,779 km",Petrol,Auto,"EMI ₹10,603/m*",₹6.01 lakh
Renault Kwid,Renault,2016,"96,269 km",Petrol,Manual,"EMI ₹3,626/m*",₹1.63 lakh
Renault Kwid,Renault,2017,"48,623 km",Petrol,Manual,"EMI ₹4,203/m*",₹2.15 lakh
Hyundai Verna,Hyundai,2012,"1,11,489 km",Diesel,Manual,"EMI ₹4,203/m*",₹2.55 lakh
Hyundai Elite i20,Hyundai,2015,"66,605 km",Petrol,Manual,"EMI ₹10,275/m*",₹3.90 lakh
Chevrolet Sail UVA,Chevrolet,2013,"28,442 km",Petrol,Manual,"EMI ₹12,239/m*",₹2.60 lakh
Hyundai GRAND I10 NIOS,Hyundai,2020,"12,551 km",Petrol,Auto,"EMI ₹9,467/m*",₹5.36 lakh
Hyundai Grand i10,Hyundai,2015,"62,969 km",Petrol,Manual,"EMI ₹9,182/m*",₹3.49 lakh
Tata ALTROZ,Tata,2021,"70,917 km",Petrol,Manual,"EMI ₹10,965/m*",₹6.21 lakh
Renault Kwid,Renault,2018,"63,313 km",Petrol,Manual,"EMI ₹3,742/m*",₹2.12 lakh
Hyundai i10,Hyundai,2012,"57,099 km",Petrol,Manual,"EMI ₹19,510/m*",₹2.20 lakh
Maruti Swift Dzire,Maruti,2013,"83,235 km",Petrol,Manual,"EMI ₹13,040/m*",₹2.77 lakh
Maruti Swift,Maruti,2020,"1,21,832 km",Petrol,Manual,"EMI ₹8,585/m*",₹3.86 lakh
Hyundai Verna,Hyundai,2014,"1,44,946 km",Diesel,Manual,"EMI ₹17,641/m*",₹3.75 lakh
Tata PUNCH,Tata,2023,"15,878 km",Petrol,Auto,"EMI ₹10,239/m*",₹5.80 lakh
Maruti S PRESSO,Maruti,2021,"57,072 km",Petrol,Auto,"EMI ₹6,833/m*",₹3.87 lakh
KIA SONET,KIA,2020,"71,317 km",Petrol,Manual,"EMI ₹10,592/m*",₹6.00 lakh
MG HECTOR PLUS,MG,2020,"78,476 km",Petrol,Auto,"EMI ₹20,290/m*",₹11.85 lakh
Honda City,Honda,2022,"66,454 km",Petrol,Auto,"EMI ₹18,891/m*",₹11.03 lakh
Tata ALTROZ,Tata,2021,"1,05,264 km",Diesel,Manual,"EMI ₹9,830/m*",₹4.42 lakh
Hyundai VENUE,Hyundai,2020,"36,635 km",Petrol,Manual,"EMI ₹12,527/m*",₹7.10 lakh
Maruti Baleno,Maruti,2023,"72,635 km",Petrol,Manual,"EMI ₹8,689/m*",₹4.92 lakh
Honda Brio,Honda,2013,"42,867 km",Petrol,Auto,"EMI ₹13,878/m*",₹2.95 lakh
KIA SELTOS,KIA,2022,"72,277 km",Diesel,Manual,"EMI ₹19,177/m*",₹11.20 lakh
Ford Ecosport,Ford,2018,"1,09,040 km",Diesel,Manual,"EMI ₹10,544/m*",₹4.74 lakh
Hyundai Elite i20,Hyundai,2017,"92,556 km",Petrol,Manual,"EMI ₹7,155/m*",₹3.66 lakh
Renault Kwid,Renault,2017,"44,636 km",Petrol,Auto,"EMI ₹4,262/m*",₹2.18 lakh
Maruti Ertiga,Maruti,2019,"65,538 km",Petrol,Auto,"EMI ₹13,426/m*",₹7.61 lakh
MG HECTOR,MG,2020,"64,185 km",Diesel,Manual,"EMI ₹16,501/m*",₹9.64 lakh
Nissan MAGNITE,Nissan,2022,"71,463 km",Petrol,Manual,"EMI ₹7,414/m*",₹4.20 lakh
Maruti Swift,Maruti,2014,"67,885 km",Petrol,Manual,"EMI ₹8,636/m*",₹2.60 lakh
Maruti Alto 800,Maruti,2017,"39,580 km",Petrol,Manual,"EMI ₹3,128/m*",₹1.60 lakh
Volkswagen Polo,Volkswagen,2019,"84,513 km",Petrol,Manual,"EMI ₹7,026/m*",₹3.98 lakh
Renault Kwid,Renault,2020,"52,389 km",Petrol,Manual,"EMI ₹5,049/m*",₹2.86 lakh
Maruti Swift,Maruti,2016,"1,38,068 km",Diesel,Manual,"EMI ₹9,507/m*",₹3.61 lakh
Maruti Wagon R 1.0,Maruti,2014,"93,275 km",Petrol,Manual,"EMI ₹5,945/m*",₹1.79 lakh
Tata Tiago,Tata,2020,"1,39,031 km",Petrol,Manual,"EMI ₹7,046/m*",₹3.17 lakh
KIA SONET,KIA,2022,"45,352 km",Diesel,Manual,"EMI ₹16,438/m*",₹9.60 lakh
Ford Figo Aspire,Ford,2016,"97,033 km",Petrol,Manual,"EMI ₹6,790/m*",₹3.05 lakh
Tata NEXON,Tata,2020,"81,631 km",Petrol,Manual,"EMI ₹9,619/m*",₹5.45 lakh
Datsun Redi Go,Datsun,2017,"35,257 km",Petrol,Manual,"EMI ₹2,757/m*",₹1.41 lakh
Tata Tiago,Tata,2016,"98,516 km",Diesel,Manual,"EMI ₹7,130/m*",₹2.71 lakh
Hyundai VENUE,Hyundai,2021,"78,960 km",Petrol,Manual,"EMI ₹11,033/m*",₹6.25 lakh
Hyundai VENUE,Hyundai,2021,"68,826 km",Petrol,Manual,"EMI ₹10,503/m*",₹5.95 lakh
Datsun Go Plus,Datsun,2017,"65,431 km",Petrol,Manual,"EMI ₹4,985/m*",₹2.55 lakh
Maruti Celerio,Maruti,2018,"1,45,741 km",CNG,Manual,"EMI ₹6,362/m*",₹2.86 lakh
Volkswagen Polo,Volkswagen,2020,"35,505 km",Petrol,Auto,"EMI ₹11,986/m*",₹6.79 lakh
Hyundai Elite i20,Hyundai,2017,"68,622 km",Diesel,Manual,"EMI ₹10,681/m*",₹4.80 lakh
Maruti Wagon R 1.0,Maruti,2015,"78,860 km",Petrol,Manual,"EMI ₹5,925/m*",₹2.25 lakh
Maruti Vitara Brezza,Maruti,2017,"1,39,659 km",Diesel,Manual,"EMI ₹12,307/m*",₹5.53 lakh
Tata Zest,Tata,2014,"77,853 km",Petrol,Manual,"EMI ₹8,104/m*",₹2.44 lakh
Nissan MAGNITE,Nissan,2021,"88,008 km",Petrol,Manual,"EMI ₹8,756/m*",₹4.96 lakh
Hyundai i10,Hyundai,2013,"65,984 km",Petrol,Manual,"EMI ₹9,415/m*",₹2.00 lakh
Honda Amaze,Honda,2016,"92,676 km",Diesel,Manual,"EMI ₹8,295/m*",₹3.15 lakh
Honda Amaze,Honda,2015,"81,143 km",Petrol,Manual,"EMI ₹7,479/m*",₹2.84 lakh
Honda BR-V,Honda,2018,"69,152 km",Petrol,Manual,"EMI ₹10,454/m*",₹5.92 lakh
Maruti S PRESSO,Maruti,2021,"1,17,149 km",Petrol,Auto,"EMI ₹5,917/m*",₹2.66 lakh
Maruti Alto 800,Maruti,2015,"72,506 km",Petrol,Manual,"EMI ₹4,872/m*",₹1.85 lakh
Renault Kwid,Renault,2019,"63,437 km",Petrol,Auto,"EMI ₹4,607/m*",₹2.61 lakh
Maruti Swift Dzire,Maruti,2013,"15,195 km",Diesel,Manual,"EMI ₹32,252/m*",₹3.63 lakh
Toyota Etios,Toyota,2014,"80,834 km",Diesel,Manual,"EMI ₹17,221/m*",₹3.66 lakh
Skoda Rapid,Skoda,2019,"28,310 km",Petrol,Manual,"EMI ₹10,536/m*",₹5.97 lakh
Hyundai NEW I20,Hyundai,2023,"33,459 km",Petrol,Auto,"EMI ₹12,286/m*",₹6.96 lakh
KIA SELTOS,KIA,2020,"92,058 km",Petrol,Manual,"EMI ₹13,063/m*",₹7.40 lakh
Maruti Alto 800,Maruti,2016,"78,236 km",Petrol,Manual,"EMI ₹4,338/m*",₹1.95 lakh
Maruti Swift Dzire,Maruti,2012,"97,772 km",Petrol,Manual,"EMI ₹18,036/m*",₹2.03 lakh
Honda City,Honda,2017,"31,952 km",Petrol,Manual,"EMI ₹11,535/m*",₹5.90 lakh
Maruti Alto 800,Maruti,2015,"1,05,458 km",Petrol,Manual,"EMI ₹3,871/m*",₹1.47 lakh
Maruti Baleno,Maruti,2018,"89,538 km",Petrol,Manual,"EMI ₹7,242/m*",₹4.10 lakh
Maruti XL6,Maruti,2020,"76,493 km",Petrol,Manual,"EMI ₹13,240/m*",₹7.50 lakh
Hyundai Elite i20,Hyundai,2015,"92,659 km",Diesel,Manual,"EMI ₹13,286/m*",₹4.00 lakh
Mahindra XUV700,Mahindra,2022,"49,147 km",Diesel,Manual,"EMI ₹25,341/m*",₹14.80 lakh
Hyundai Grand i10,Hyundai,2014,"71,303 km",Petrol,Manual,"EMI ₹9,267/m*",₹2.79 lakh
Nissan MAGNITE,Nissan,2023,"66,088 km",Petrol,Manual,"EMI ₹10,150/m*",₹5.75 lakh
Hyundai Elite i20,Hyundai,2017,"94,615 km",Petrol,Manual,"EMI ₹7,941/m*",₹4.06 lakh
Maruti Wagon R 1.0,Maruti,2013,"58,604 km",Petrol,Manual,"EMI ₹8,567/m*",₹1.82 lakh
Maruti Dzire,Maruti,2020,"77,670 km",Petrol,Auto,"EMI ₹8,261/m*",₹4.68 lakh
Renault TRIBER,Renault,2023,"22,597 km",Petrol,Manual,"EMI ₹9,444/m*",₹5.35 lakh
Datsun Redi Go,Datsun,2017,"50,126 km",Petrol,Manual,"EMI ₹3,421/m*",₹1.75 lakh
Maruti Alto K10,Maruti,2012,"48,478 km",Petrol,Manual,"EMI ₹12,972/m*",₹1.46 lakh
KIA SELTOS,KIA,2022,"55,677 km",Diesel,Manual,"EMI ₹14,640/m*",₹8.55 lakh
Maruti Swift Dzire,Maruti,2016,"1,09,162 km",Petrol,Manual,"EMI ₹8,119/m*",₹3.65 lakh
Honda Amaze,Honda,2020,"1,15,246 km",Diesel,Manual,"EMI ₹11,323/m*",₹5.09 lakh
Maruti Baleno,Maruti,2020,"85,909 km",Petrol,Auto,"EMI ₹8,456/m*",₹4.79 lakh
Maruti Swift,Maruti,2019,"72,472 km",Petrol,Auto,"EMI ₹8,120/m*",₹4.60 lakh
Hyundai VENUE,Hyundai,2019,"1,20,147 km",Petrol,Manual,"EMI ₹13,035/m*",₹5.86 lakh
Ford Ecosport,Ford,2016,"1,14,002 km",Diesel,Manual,"EMI ₹9,533/m*",₹3.62 lakh
Hyundai VENUE,Hyundai,2019,"38,173 km",CNG,Manual,"EMI ₹11,869/m*",₹6.07 lakh
Hyundai Grand i10,Hyundai,2018,"31,040 km",Petrol,Manual,"EMI ₹6,955/m*",₹3.94 lakh
Honda Brio,Honda,2014,"90,678 km",Petrol,Manual,"EMI ₹7,440/m*",₹2.24 lakh
Toyota Urban Cruiser Taisor,Toyota,2024,"25,618 km",Petrol,Auto,"EMI ₹16,209/m*",₹9.47 lakh
Hyundai GRAND I10 NIOS,Hyundai,2022,"35,137 km",Petrol,Manual,"EMI ₹9,618/m*",₹5.45 lakh
Volkswagen Vento,Volkswagen,2018,"67,039 km",Petrol,Auto,"EMI ₹10,751/m*",₹6.09 lakh
Honda WR-V,Honda,2018,"67,821 km",Petrol,Manual,"EMI ₹7,043/m*",₹3.99 lakh
Tata Tiago,Tata,2018,"1,21,475 km",Petrol,Manual,"EMI ₹6,473/m*",₹2.91 lakh
Mahindra XUV700,Mahindra,2022,"50,475 km",Petrol,Auto,"EMI ₹22,602/m*",₹13.20 lakh
Nissan Micra,Nissan,2017,"95,362 km",Petrol,Auto,"EMI ₹5,494/m*",₹2.81 lakh
Ford Figo Aspire,Ford,2020,"49,821 km",Diesel,Manual,"EMI ₹8,297/m*",₹4.70 lakh
Tata NEXON,Tata,2018,"78,154 km",Diesel,Manual,"EMI ₹11,179/m*",₹5.72 lakh
Hyundai VENUE,Hyundai,2021,"68,193 km",Petrol,Manual,"EMI ₹11,386/m*",₹6.45 lakh
KIA SONET,KIA,2021,"47,881 km",Petrol,Manual,"EMI ₹11,739/m*",₹6.65 lakh
Hyundai Xcent,Hyundai,2015,"1,14,980 km",Petrol,Manual,"EMI ₹8,954/m*",₹3.40 lakh
Tata NEXON,Tata,2019,"84,643 km",Petrol,Auto,"EMI ₹9,568/m*",₹5.42 lakh
Maruti S PRESSO,Maruti,2019,"14,562 km",Petrol,Auto,"EMI ₹5,614/m*",₹3.18 lakh
Honda City,Honda,2020,"60,811 km",Petrol,Auto,"EMI ₹14,742/m*",₹8.61 lakh
Volkswagen TAIGUN,Volkswagen,2021,"4,214 km",Petrol,Manual,"EMI ₹18,321/m*",₹10.70 lakh
Ford FREESTYLE,Ford,2020,"1,14,560 km",Petrol,Manual,"EMI ₹8,475/m*",₹3.81 lakh
Hyundai NEW SANTRO,Hyundai,2020,"34,108 km",Petrol,Manual,"EMI ₹6,267/m*",₹3.55 lakh
Hyundai GRAND I10 NIOS,Hyundai,2020,"1,01,840 km",Petrol,Auto,"EMI ₹9,343/m*",₹4.20 lakh
Maruti Vitara Brezza,Maruti,2019,"82,715 km",Diesel,Manual,"EMI ₹12,710/m*",₹7.20 lakh
Hyundai i10,Hyundai,2012,"63,545 km",Petrol,Manual,"EMI ₹16,259/m*",₹1.83 lakh
Tata NEXON,Tata,2018,"1,04,000 km",Diesel,Auto,"EMI ₹10,700/m*",₹4.81 lakh
Nissan Terrano,Nissan,2014,"1,47,366 km",Diesel,Manual,"EMI ₹15,534/m*",₹3.30 lakh
Maruti Ertiga,Maruti,2022,"16,466 km",Petrol,Auto,"EMI ₹16,425/m*",₹9.59 lakh
Nissan MAGNITE,Nissan,2022,"45,514 km",Petrol,Auto,"EMI ₹10,698/m*",₹6.06 lakh
Maruti Wagon R 1.0,Maruti,2017,"66,046 km",Petrol,Manual,"EMI ₹5,714/m*",₹2.92 lakh
Hyundai i10,Hyundai,2013,"71,155 km",Petrol,Manual,"EMI ₹11,062/m*",₹2.35 lakh
Maruti Dzire,Maruti,2019,"44,837 km",Diesel,Auto,"EMI ₹9,709/m*",₹5.50 lakh
Mahindra Thar,Mahindra,2023,"27,242 km",Petrol,Auto,"EMI ₹20,975/m*",₹12.25 lakh
Hyundai VENUE,Hyundai,2019,"63,227 km",Petrol,Manual,"EMI ₹11,383/m*",₹6.45 lakh
Maruti Celerio,Maruti,2015,"56,228 km",Petrol,Auto,"EMI ₹7,235/m*",₹2.75 lakh
Hyundai EXTER,Hyundai,2023,"36,887 km",Petrol,Auto,"EMI ₹13,257/m*",₹7.51 lakh
Ford FREESTYLE,Ford,2018,"1,11,118 km",Diesel,Manual,"EMI ₹8,920/m*",₹4.01 lakh
Maruti Wagon R 1.0,Maruti,2012,"81,230 km",Petrol,Manual,"EMI ₹15,371/m*",₹1.73 lakh
Renault Captur,Renault,2018,"63,053 km",Diesel,Manual,"EMI ₹9,756/m*",₹4.99 lakh
Maruti Swift Dzire,Maruti,2014,"72,483 km",Petrol,Manual,"EMI ₹10,994/m*",₹3.31 lakh
Maruti Swift,Maruti,2019,"61,441 km",Diesel,Auto,"EMI ₹10,433/m*",₹5.91 lakh
Maruti S Cross,Maruti,2018,"82,043 km",Diesel,Manual,"EMI ₹13,123/m*",₹6.71 lakh
Maruti Alto K10,Maruti,2017,"34,727 km",Petrol,Auto,"EMI ₹5,161/m*",₹2.64 lakh
Tata NEXON,Tata,2023,"43,754 km",Petrol,Manual,"EMI ₹15,992/m*",₹9.34 lakh
Maruti Swift Dzire,Maruti,2017,"74,134 km",Petrol,Manual,"EMI ₹8,504/m*",₹4.35 lakh
Hyundai GRAND I10 NIOS,Hyundai,2019,"1,05,170 km",Petrol,Manual,"EMI ₹8,965/m*",₹4.03 lakh
Hyundai Creta,Hyundai,2019,"53,091 km",Diesel,Auto,"EMI ₹14,105/m*",₹7.99 lakh
KIA SELTOS,KIA,2020,"58,895 km",Petrol,Manual,"EMI ₹15,239/m*",₹8.90 lakh
Maruti Swift,Maruti,2017,"48,231 km",Diesel,Manual,"EMI ₹9,676/m*",₹4.35 lakh
Hyundai Elite i20,Hyundai,2018,"75,401 km",Petrol,Auto,"EMI ₹8,526/m*",₹4.83 lakh
Tata NEXON,Tata,2023,"19,397 km",Petrol,Manual,"EMI ₹14,725/m*",₹8.60 lakh
Honda Amaze,Honda,2023,"16,246 km",Petrol,Auto,"EMI ₹12,410/m*",₹7.03 lakh
Maruti BREZZA,Maruti,2023,"70,672 km",CNG,Manual,"EMI ₹15,085/m*",₹8.81 lakh
Maruti Alto 800,Maruti,2012,"64,089 km",Petrol,Manual,"EMI ₹12,794/m*",₹1.44 lakh
Honda Amaze,Honda,2023,"49,814 km",Petrol,Manual,"EMI ₹10,662/m*",₹6.04 lakh
Renault Kwid,Renault,2017,"33,884 km",Petrol,Auto,"EMI ₹5,181/m*",₹2.65 lakh
Honda WR-V,Honda,2017,"1,00,165 km",Petrol,Manual,"EMI ₹9,387/m*",₹4.22 lakh
Maruti Ritz,Maruti,2013,"66,076 km",Petrol,Manual,"EMI ₹10,735/m*",₹2.28 lakh
Datsun Redi Go,Datsun,2018,"1,03,464 km",Petrol,Manual,"EMI ₹4,004/m*",₹1.80 lakh
Maruti Dzire,Maruti,2019,"46,580 km",Petrol,Manual,"EMI ₹8,961/m*",₹5.08 lakh
Nissan MAGNITE,Nissan,2024,"12,406 km",Petrol,Manual,"EMI ₹10,945/m*",₹6.20 lakh
Maruti New Wagon-R,Maruti,2019,"48,974 km",Petrol,Manual,"EMI ₹7,065/m*",₹4.00 lakh
Hyundai Grand i10,Hyundai,2015,"74,499 km",Petrol,Auto,"EMI ₹8,672/m*",₹3.29 lakh
Maruti A Star,Maruti,2013,"93,352 km",Petrol,Manual,"EMI ₹8,709/m*",₹1.85 lakh
Hyundai Verna,Hyundai,2018,"1,01,963 km",Diesel,Auto,"EMI ₹16,572/m*",₹7.45 lakh
Hyundai Eon,Hyundai,2017,"52,466 km",Petrol,Manual,"EMI ₹4,457/m*",₹2.28 lakh
Mahindra MARAZZO,Mahindra,2019,"73,962 km",Diesel,Manual,"EMI ₹10,203/m*",₹5.78 lakh
Maruti Vitara Brezza,Maruti,2020,"60,281 km",Petrol,Auto,"EMI ₹11,983/m*",₹6.79 lakh
Maruti Dzire,Maruti,2018,"40,523 km",Petrol,Manual,"EMI ₹8,332/m*",₹4.72 lakh
Hyundai Grand i10,Hyundai,2016,"87,020 km",Petrol,Manual,"EMI ₹6,562/m*",₹2.95 lakh
Maruti Swift,Maruti,2020,"80,297 km",Petrol,Auto,"EMI ₹8,826/m*",₹5.00 lakh
Maruti Baleno,Maruti,2020,"62,862 km",Petrol,Manual,"EMI ₹8,708/m*",₹4.93 lakh
Maruti Ertiga,Maruti,2017,"68,394 km",Diesel,Manual,"EMI ₹15,914/m*",₹7.15 lakh
Tata NEXON,Tata,2018,"31,121 km",Petrol,Manual,"EMI ₹9,762/m*",₹5.53 lakh
Datsun Redi Go,Datsun,2018,"69,854 km",Petrol,Manual,"EMI ₹3,566/m*",₹2.02 lakh
Renault Kwid,Renault,2016,"46,215 km",Petrol,Manual,"EMI ₹5,027/m*",₹2.26 lakh
Hyundai VENUE,Hyundai,2021,"52,318 km",Diesel,Manual,"EMI ₹15,051/m*",₹8.79 lakh
Hyundai Grand i10,Hyundai,2015,"42,737 km",Petrol,Auto,"EMI ₹9,059/m*",₹3.44 lakh
Mahindra Scorpio,Mahindra,2021,"24,774 km",Diesel,Manual,"EMI ₹16,775/m*",₹9.80 lakh
Renault Lodgy,Renault,2015,"88,555 km",Diesel,Manual,"EMI ₹10,924/m*",₹3.29 lakh
Mahindra Thar,Mahindra,2021,"40,525 km",Petrol,Auto,"EMI ₹17,122/m*",₹10.00 lakh
Hyundai Creta,Hyundai,2021,"47,970 km",Petrol,Auto,"EMI ₹20,547/m*",₹12.00 lakh
Renault Kwid,Renault,2018,"51,940 km",Petrol,Auto,"EMI ₹5,684/m*",₹3.22 lakh
Tata TIGOR,Tata,2017,"1,34,427 km",Petrol,Manual,"EMI ₹7,541/m*",₹3.39 lakh
Mahindra MARAZZO,Mahindra,2019,"77,798 km",Diesel,Manual,"EMI ₹9,974/m*",₹5.65 lakh
Toyota URBAN CRUISER,Toyota,2020,"1,45,579 km",Petrol,Auto,"EMI ₹14,704/m*",₹6.61 lakh
Maruti Baleno,Maruti,2018,"66,971 km",Petrol,Auto,"EMI ₹7,803/m*",₹4.42 lakh
Maruti Celerio,Maruti,2018,"44,980 km",Petrol,Auto,"EMI ₹6,055/m*",₹3.43 lakh
Tata NEXON,Tata,2019,"86,522 km",Diesel,Manual,"EMI ₹10,415/m*",₹5.90 lakh
Renault Kwid,Renault,2016,"46,196 km",Petrol,Manual,"EMI ₹5,530/m*",₹2.49 lakh
Maruti IGNIS,Maruti,2017,"1,03,288 km",Petrol,Auto,"EMI ₹7,541/m*",₹3.39 lakh
Hyundai Elite i20,Hyundai,2018,"70,303 km",Petrol,Manual,"EMI ₹8,103/m*",₹4.59 lakh
Tata ALTROZ,Tata,2021,"75,831 km",Diesel,Manual,"EMI ₹10,415/m*",₹5.90 lakh
Maruti Ciaz,Maruti,2016,"1,18,363 km",Diesel,Manual,"EMI ₹11,324/m*",₹4.30 lakh
Hyundai Grand i10,Hyundai,2014,"28,456 km",Petrol,Manual,"EMI ₹10,031/m*",₹3.02 lakh
Honda Amaze,Honda,2018,"65,631 km",Diesel,Auto,"EMI ₹10,357/m*",₹5.30 lakh
Hyundai Elite i20,Hyundai,2017,"1,03,531 km",Petrol,Manual,"EMI ₹9,343/m*",₹4.20 lakh
Honda Amaze,Honda,2015,"88,408 km",Petrol,Manual,"EMI ₹7,900/m*",₹3.00 lakh
Honda Amaze,Honda,2019,"71,087 km",Petrol,Manual,"EMI ₹8,052/m*",₹4.56 lakh
Maruti Wagon R 1.0,Maruti,2017,"35,880 km",Petrol,Manual,"EMI ₹6,139/m*",₹3.14 lakh
Maruti Vitara Brezza,Maruti,2020,"1,22,979 km",Petrol,Manual,"EMI ₹14,170/m*",₹6.37 lakh
Honda City,Honda,2016,"1,20,087 km",Diesel,Manual,"EMI ₹11,903/m*",₹4.52 lakh
Hyundai Elite i20,Hyundai,2019,"60,579 km",Petrol,Auto,"EMI ₹10,062/m*",₹5.70 lakh
Maruti Ciaz,Maruti,2019,"67,257 km",Petrol,Manual,"EMI ₹10,062/m*",₹5.70 lakh
Maruti Ciaz,Maruti,2018,"1,31,896 km",Petrol,Manual,"EMI ₹10,522/m*",₹4.73 lakh
Hyundai Elite i20,Hyundai,2017,"1,31,421 km",Diesel,Manual,"EMI ₹9,676/m*",₹4.35 lakh
Ford Ecosport,Ford,2020,"76,631 km",Diesel,Manual,"EMI ₹13,175/m*",₹7.46 lakh
Hyundai Grand i10,Hyundai,2019,"41,002 km",Petrol,Manual,"EMI ₹7,591/m*",₹4.30 lakh
Hyundai i10,Hyundai,2015,"82,983 km",Petrol,Manual,"EMI ₹6,373/m*",₹2.42 lakh
Tata TIGOR,Tata,2022,"84,637 km",CNG,Manual,"EMI ₹9,709/m*",₹5.50 lakh
Renault Kwid,Renault,2017,"1,01,118 km",Petrol,Auto,"EMI ₹5,606/m*",₹2.52 lakh
Maruti Celerio,Maruti,2014,"32,992 km",Petrol,Auto,"EMI ₹9,765/m*",₹2.94 lakh
Maruti Baleno,Maruti,2018,"39,561 km",Petrol,Manual,"EMI ₹8,473/m*",₹4.80 lakh
Maruti Wagon R 1.0,Maruti,2013,"34,301 km",Petrol,Manual,"EMI ₹11,533/m*",₹2.45 lakh
Ford Ecosport,Ford,2016,"1,25,320 km",Diesel,Manual,"EMI ₹11,324/m*",₹4.30 lakh
Maruti Swift,Maruti,2016,"59,872 km",Petrol,Manual,"EMI ₹7,763/m*",₹3.49 lakh
Maruti Celerio,Maruti,2018,"74,001 km",Petrol,Auto,"EMI ₹5,861/m*",₹3.32 lakh
Hyundai Grand i10,Hyundai,2014,"99,190 km",Petrol,Manual,"EMI ₹9,632/m*",₹2.90 lakh
Mahindra Xylo,Mahindra,2019,"1,27,718 km",Diesel,Manual,"EMI ₹8,920/m*",₹4.01 lakh
Ford Ecosport,Ford,2016,"1,42,699 km",Diesel,Manual,"EMI ₹11,455/m*",₹4.35 lakh
Honda City,Honda,2016,"1,02,341 km",Petrol,Manual,"EMI ₹11,100/m*",₹4.99 lakh
Honda Amaze,Honda,2015,"1,09,469 km",Petrol,Manual,"EMI ₹7,268/m*",₹2.76 lakh
Maruti Baleno,Maruti,2017,"75,352 km",Petrol,Manual,"EMI ₹7,761/m*",₹3.97 lakh
Hyundai Creta,Hyundai,2018,"36,350 km",Petrol,Auto,"EMI ₹14,474/m*",₹8.45 lakh
Volkswagen TAIGUN,Volkswagen,2021,"69,553 km",Petrol,Manual,"EMI ₹19,331/m*",₹11.29 lakh
Toyota Glanza,Toyota,2023,"21,286 km",Petrol,Manual,"EMI ₹13,192/m*",₹7.47 lakh
Maruti Baleno,Maruti,2018,"1,05,185 km",Petrol,Manual,"EMI ₹10,455/m*",₹4.70 lakh
Maruti Alto 800,Maruti,2019,"51,410 km",Petrol,Manual,"EMI ₹4,431/m*",₹2.51 lakh
Honda City,Honda,2013,"74,638 km",Petrol,Manual,"EMI ₹14,122/m*",₹3.00 lakh
KIA SELTOS,KIA,2020,"85,243 km",Diesel,Manual,"EMI ₹14,109/m*",₹8.24 lakh
Datsun Go,Datsun,2016,"43,007 km",Petrol,Manual,"EMI ₹4,898/m*",₹2.20 lakh
Maruti Wagon R 1.0,Maruti,2018,"80,284 km",Petrol,Auto,"EMI ₹5,649/m*",₹3.20 lakh
Honda WR-V,Honda,2018,"77,396 km",Diesel,Manual,"EMI ₹11,144/m*",₹5.70 lakh
Renault TRIBER,Renault,2022,"29,516 km",Petrol,Manual,"EMI ₹9,850/m*",₹5.58 lakh
Maruti Celerio,Maruti,2016,"1,05,686 km",Petrol,Auto,"EMI ₹6,228/m*",₹2.80 lakh
Nissan MAGNITE,Nissan,2024,"18,038 km",Petrol,Auto,"EMI ₹12,216/m*",₹6.92 lakh
Honda Amaze,Honda,2015,"93,955 km",Petrol,Manual,"EMI ₹7,978/m*",₹3.03 lakh
Maruti S PRESSO,Maruti,2020,"58,127 km",Petrol,Auto,"EMI ₹6,090/m*",₹3.45 lakh
Renault Kwid,Renault,2018,"47,441 km",Petrol,Auto,"EMI ₹4,855/m*",₹2.75 lakh
Maruti Grand Vitara,Maruti,2023,"77,322 km",Petrol,Manual,"EMI ₹17,773/m*",₹10.38 lakh
Honda City,Honda,2012,"1,00,199 km",Petrol,Manual,"EMI ₹28,992/m*",₹3.26 lakh
Hyundai Elite i20,Hyundai,2016,"78,328 km",Diesel,Manual,"EMI ₹13,141/m*",₹4.99 lakh
KIA SONET,KIA,2023,"26,170 km",Petrol,Auto,"EMI ₹16,106/m*",₹9.41 lakh
Maruti Swift,Maruti,2015,"1,49,908 km",Diesel,Manual,"EMI ₹12,721/m*",₹3.83 lakh
Maruti Vitara Brezza,Maruti,2019,"62,836 km",Diesel,Auto,"EMI ₹13,725/m*",₹7.78 lakh
Maruti Wagon R 1.0,Maruti,2015,"36,133 km",Petrol,Manual,"EMI ₹7,005/m*",₹2.66 lakh
Maruti Swift Dzire,Maruti,2016,"1,10,920 km",Diesel,Manual,"EMI ₹11,271/m*",₹4.28 lakh
Hyundai Elite i20,Hyundai,2016,"1,14,940 km",Petrol,Manual,"EMI ₹9,165/m*",₹4.12 lakh
Hyundai Elite i20,Hyundai,2018,"1,00,301 km",Petrol,Manual,"EMI ₹11,169/m*",₹5.02 lakh
Ford New Figo,Ford,2021,"39,681 km",Petrol,Auto,"EMI ₹10,574/m*",₹5.99 lakh
KIA SONET,KIA,2022,"71,490 km",Diesel,Manual,"EMI ₹15,068/m*",₹8.80 lakh
Maruti Wagon R 1.0,Maruti,2017,"20,927 km",Petrol,Auto,"EMI ₹7,297/m*",₹3.73 lakh
Maruti Ciaz,Maruti,2018,"61,505 km",Petrol,Manual,"EMI ₹9,621/m*",₹5.45 lakh
Renault Kwid,Renault,2019,"34,835 km",Petrol,Auto,"EMI ₹6,355/m*",₹3.60 lakh
Maruti Swift,Maruti,2013,"36,500 km",Petrol,Manual,"EMI ₹15,628/m*",₹3.32 lakh
Maruti Wagon R 1.0,Maruti,2017,"41,037 km",Petrol,Auto,"EMI ₹6,843/m*",₹3.50 lakh
Maruti Alto K10,Maruti,2019,"61,301 km",Petrol,Manual,"EMI ₹4,925/m*",₹2.79 lakh
Toyota Etios,Toyota,2013,"1,29,839 km",Petrol,Manual,"EMI ₹13,025/m*",₹2.77 lakh
Maruti New Wagon-R,Maruti,2020,"86,537 km",Petrol,Auto,"EMI ₹6,970/m*",₹3.95 lakh
Mahindra MARAZZO,Mahindra,2018,"1,09,573 km",Diesel,Manual,"EMI ₹11,456/m*",₹5.15 lakh
Honda Jazz,Honda,2015,"53,220 km",Petrol,Auto,"EMI ₹10,692/m*",₹4.06 lakh
Maruti Alto K10,Maruti,2017,"59,977 km",Petrol,Manual,"EMI ₹5,187/m*",₹2.65 lakh
Hyundai Creta,Hyundai,2020,"49,184 km",Petrol,Auto,"EMI ₹19,725/m*",₹11.52 lakh
Hyundai Grand i10,Hyundai,2019,"45,696 km",Petrol,Manual,"EMI ₹7,591/m*",₹4.30 lakh
Hyundai Grand i10,Hyundai,2018,"59,136 km",Petrol,Manual,"EMI ₹7,595/m*",₹4.30 lakh
Honda City,Honda,2022,"95,968 km",Petrol,Auto,"EMI ₹16,609/m*",₹9.70 lakh
Tata NEXON,Tata,2023,"20,796 km",Petrol,Manual,"EMI ₹16,181/m*",₹9.45 lakh
Hyundai Grand i10,Hyundai,2015,"1,18,778 km",Petrol,Manual,"EMI ₹8,005/m*",₹3.04 lakh
Volkswagen Vento,Volkswagen,2020,"75,662 km",Petrol,Manual,"EMI ₹12,692/m*",₹7.19 lakh
Ford Ecosport,Ford,2016,"84,066 km",Petrol,Auto,"EMI ₹11,211/m*",₹5.04 lakh
Tata NEXON,Tata,2018,"58,076 km",Diesel,Manual,"EMI ₹11,261/m*",₹5.76 lakh
Tata NEXON,Tata,2023,"22,650 km",Petrol,Auto,"EMI ₹15,855/m*",₹9.26 lakh
Tata NEXON,Tata,2020,"75,437 km",Diesel,Auto,"EMI ₹13,045/m*",₹7.39 lakh
Hyundai i10,Hyundai,2015,"49,938 km",Petrol,Manual,"EMI ₹7,612/m*",₹2.89 lakh
Honda Amaze,Honda,2019,"1,14,792 km",Petrol,Manual,"EMI ₹10,079/m*",₹4.53 lakh
Honda City,Honda,2014,"91,012 km",Petrol,Manual,"EMI ₹15,744/m*",₹4.74 lakh
Honda City,Honda,2015,"35,151 km",Petrol,Manual,"EMI ₹11,982/m*",₹4.55 lakh
Ford Ecosport,Ford,2016,"95,314 km",Diesel,Manual,"EMI ₹12,324/m*",₹4.68 lakh
Maruti Baleno,Maruti,2016,"47,932 km",Petrol,Auto,"EMI ₹9,721/m*",₹4.37 lakh
Maruti Alto 800,Maruti,2018,"38,693 km",Petrol,Manual,"EMI ₹4,166/m*",₹2.36 lakh
Hyundai VENUE,Hyundai,2022,"36,043 km",Petrol,Manual,"EMI ₹13,963/m*",₹7.91 lakh
Hyundai Creta,Hyundai,2019,"61,373 km",Petrol,Auto,"EMI ₹14,058/m*",₹8.21 lakh
Tata NEXON,Tata,2020,"1,29,044 km",Diesel,Auto,"EMI ₹15,905/m*",₹7.15 lakh
Ford Ecosport,Ford,2016,"78,987 km",Diesel,Manual,"EMI ₹12,456/m*",₹4.73 lakh
Maruti New Wagon-R,Maruti,2021,"53,371 km",Petrol,Auto,"EMI ₹8,357/m*",₹4.73 lakh
Maruti Celerio,Maruti,2017,"55,887 km",Petrol,Auto,"EMI ₹7,019/m*",₹3.59 lakh
Maruti S PRESSO,Maruti,2023,"36,469 km",Petrol,Auto,"EMI ₹7,361/m*",₹4.17 lakh
Maruti Wagon R 1.0,Maruti,2018,"89,121 km",Petrol,Auto,"EMI ₹6,020/m*",₹3.41 lakh
Maruti S PRESSO,Maruti,2024,"23,133 km",CNG,Manual,"EMI ₹8,173/m*",₹4.63 lakh
Hyundai Elite i20,Hyundai,2019,"1,14,342 km",Diesel,Manual,"EMI ₹12,675/m*",₹5.70 lakh
Maruti IGNIS,Maruti,2017,"1,16,251 km",Petrol,Auto,"EMI ₹7,986/m*",₹3.59 lakh
Hyundai VENUE,Hyundai,2020,"1,19,717 km",Petrol,Auto,"EMI ₹14,214/m*",₹6.39 lakh
Maruti Wagon R Stingray,Maruti,2014,"31,401 km",Petrol,Manual,"EMI ₹10,017/m*",₹3.02 lakh
Maruti Baleno,Maruti,2023,"41,224 km",Petrol,Auto,"EMI ₹12,453/m*",₹7.05 lakh
Maruti S Cross,Maruti,2022,"71,082 km",Petrol,Auto,"EMI ₹14,046/m*",₹7.96 lakh
Maruti Swift,Maruti,2020,"39,057 km",Petrol,Auto,"EMI ₹10,593/m*",₹6.00 lakh
Maruti Swift Dzire,Maruti,2016,"68,892 km",Petrol,Manual,"EMI ₹8,588/m*",₹3.86 lakh
Maruti Vitara Brezza,Maruti,2020,"46,006 km",Petrol,Auto,"EMI ₹12,016/m*",₹6.81 lakh
Maruti Alto 800,Maruti,2016,"37,958 km",Petrol,Manual,"EMI ₹4,658/m*",₹2.09 lakh
Tata ALTROZ,Tata,2023,"32,425 km",Petrol,Manual,"EMI ₹12,782/m*",₹7.24 lakh
Maruti XL6,Maruti,2021,"1,02,876 km",Petrol,Manual,"EMI ₹17,672/m*",₹7.94 lakh
Renault TRIBER,Renault,2020,"64,436 km",Petrol,Manual,"EMI ₹5,119/m*",₹2.90 lakh
Maruti Alto 800,Maruti,2012,"1,04,755 km",Petrol,Manual,"EMI ₹11,106/m*",₹1.25 lakh
Mahindra XUV500,Mahindra,2014,"88,954 km",Diesel,Manual,"EMI ₹16,805/m*",₹3.57 lakh
Datsun Redi Go,Datsun,2018,"94,898 km",Petrol,Manual,"EMI ₹3,301/m*",₹1.87 lakh
Tata Tiago,Tata,2017,"1,19,354 km",Petrol,Manual,"EMI ₹5,339/m*",₹2.40 lakh
Tata Tiago,Tata,2017,"58,382 km",Petrol,Manual,"EMI ₹5,181/m*",₹2.65 lakh
Maruti Swift,Maruti,2013,"1,13,178 km",Diesel,Manual,"EMI ₹25,766/m*",₹2.90 lakh
Maruti Wagon R 1.0,Maruti,2013,"1,09,855 km",Petrol,Manual,"EMI ₹10,074/m*",₹2.14 lakh
Nissan Terrano,Nissan,2014,"96,123 km",Diesel,Manual,"EMI ₹13,181/m*",₹2.80 lakh
Nissan MAGNITE,Nissan,2024,"1,720 km",Petrol,Manual,"EMI ₹9,268/m*",₹5.25 lakh
Hyundai i10,Hyundai,2013,"64,145 km",Petrol,Manual,"EMI ₹9,980/m*",₹2.12 lakh
Honda BR-V,Honda,2016,"68,064 km",Diesel,Manual,"EMI ₹14,378/m*",₹5.46 lakh
Maruti Vitara Brezza,Maruti,2016,"1,44,296 km",Diesel,Manual,"EMI ₹15,010/m*",₹5.70 lakh
Maruti Swift,Maruti,2018,"1,01,723 km",Diesel,Auto,"EMI ₹12,457/m*",₹5.60 lakh
Nissan Terrano,Nissan,2016,"58,646 km",Petrol,Manual,"EMI ₹6,317/m*",₹2.84 lakh
Maruti OMNI E,Maruti,2018,"48,495 km",Petrol,Manual,"EMI ₹4,290/m*",₹2.43 lakh
Tata NEXON,Tata,2019,"92,935 km",Petrol,Auto,"EMI ₹9,621/m*",₹5.45 lakh
Volkswagen Vento,Volkswagen,2015,"76,668 km",Diesel,Manual,"EMI ₹8,436/m*",₹2.54 lakh
Renault Duster,Renault,2014,"1,36,000 km",Diesel,Manual,"EMI ₹12,945/m*",₹2.75 lakh
Maruti Swift,Maruti,2021,"53,732 km",Petrol,Manual,"EMI ₹9,056/m*",₹5.13 lakh
Maruti Ertiga,Maruti,2016,"2,08,487 km",Diesel,Manual,"EMI ₹16,669/m*",₹6.33 lakh
Nissan MAGNITE,Nissan,2022,"23,848 km",Petrol,Manual,"EMI ₹7,555/m*",₹4.28 lakh
Hyundai Verna,Hyundai,2018,"1,11,822 km",Diesel,Manual,"EMI ₹14,325/m*",₹6.44 lakh
BMW 3 Series,BMW,2012,"1,09,961 km",Diesel,Auto,"EMI ₹14,325/m*",₹3.30 lakh
Maruti Celerio,Maruti,2017,"64,147 km",Petrol,Auto,"EMI ₹7,136/m*",₹3.65 lakh
Maruti Dzire,Maruti,2021,"61,217 km",Petrol,Manual,"EMI ₹8,597/m*",₹4.87 lakh
Hyundai AURA,Hyundai,2021,"27,422 km",Petrol,Auto,"EMI ₹10,998/m*",₹6.23 lakh
Volkswagen Polo,Volkswagen,2015,"1,51,336 km",Diesel,Manual,"EMI ₹9,964/m*",₹3.00 lakh
Maruti Swift,Maruti,2017,"53,478 km",Petrol,Manual,"EMI ₹9,384/m*",₹4.80 lakh
Volkswagen Polo,Volkswagen,2014,"67,365 km",Petrol,Auto,"EMI ₹11,758/m*",₹3.54 lakh
Maruti Vitara Brezza,Maruti,2020,"89,176 km",Petrol,Manual,"EMI ₹11,245/m*",₹6.37 lakh
Renault Kwid,Renault,2021,"30,575 km",Petrol,Manual,"EMI ₹5,490/m*",₹3.11 lakh
Tata Zest,Tata,2015,"47,562 km",Petrol,Manual,"EMI ₹6,847/m*",₹2.60 lakh
Maruti Swift Dzire,Maruti,2015,"1,78,945 km",Diesel,Manual,"EMI ₹13,751/m*",₹4.14 lakh
Tata Zest,Tata,2015,"1,10,349 km",Diesel,Manual,"EMI ₹8,204/m*",₹2.47 lakh
Honda City,Honda,2016,"1,04,906 km",Petrol,Manual,"EMI ₹10,855/m*",₹4.88 lakh
Maruti Swift Dzire,Maruti,2014,"1,42,545 km",Diesel,Manual,"EMI ₹6,355/m*",₹1.35 lakh
Ford Ecosport,Ford,2016,"1,19,669 km",Diesel,Manual,"EMI ₹11,350/m*",₹4.31 lakh
Honda WR-V,Honda,2017,"1,05,513 km",Petrol,Manual,"EMI ₹10,232/m*",₹4.60 lakh
Mahindra SCORPIO-N,Mahindra,2023,"78,452 km",Diesel,Manual,"EMI ₹19,331/m*",₹11.29 lakh
Honda WR-V,Honda,2017,"1,28,815 km",Diesel,Manual,"EMI ₹11,678/m*",₹5.25 lakh
Maruti New Wagon-R,Maruti,2022,"9,830 km",Petrol,Auto,"EMI ₹10,768/m*",₹6.10 lakh
Hyundai GRAND I10 NIOS,Hyundai,2021,"19,292 km",Petrol,Auto,"EMI ₹9,374/m*",₹5.31 lakh
Hyundai Creta,Hyundai,2016,"2,06,512 km",Diesel,Manual,"EMI ₹15,221/m*",₹5.78 lakh
Honda Civic,Honda,2019,"69,661 km",Petrol,Auto,"EMI ₹20,324/m*",₹11.87 lakh
Honda City,Honda,2014,"1,24,862 km",Diesel,Manual,"EMI ₹13,416/m*",₹2.85 lakh
Hyundai Elite i20,Hyundai,2020,"59,930 km",Petrol,Manual,"EMI ₹10,274/m*",₹5.82 lakh
Renault Kwid,Renault,2022,"99,690 km",Petrol,Manual,"EMI ₹6,249/m*",₹3.54 lakh
Audi A4,Audi,2011,"92,452 km",Diesel,Auto,"EMI ₹6,249/m*",₹3.82 lakh
Hyundai Verna,Hyundai,2011,"94,615 km",Petrol,Manual,"EMI ₹6,249/m*",₹1.59 lakh
Tata Indica V2,Tata,2011,"1,38,772 km",Diesel,Manual,"EMI ₹6,249/m*",₹0.47 lakh
Hyundai Eon,Hyundai,2012,"56,120 km",Petrol,Manual,"EMI ₹7,908/m*",₹0.89 lakh
Honda Amaze,Honda,2013,"87,709 km",Petrol,Manual,"EMI ₹13,086/m*",₹2.78 lakh
Volkswagen Vento,Volkswagen,2016,"85,767 km",Diesel,Auto,"EMI ₹10,191/m*",₹3.87 lakh
Hyundai Eon,Hyundai,2015,"61,955 km",Petrol,Manual,"EMI ₹3,371/m*",₹1.28 lakh
Maruti Alto 800,Maruti,2014,"86,600 km",Petrol,Manual,"EMI ₹6,510/m*",₹1.96 lakh
Hyundai AURA,Hyundai,2021,"82,244 km",Diesel,Manual,"EMI ₹9,091/m*",₹5.15 lakh
Tata NEXON,Tata,2023,"31,048 km",Petrol,Manual,"EMI ₹17,859/m*",₹10.43 lakh
Tata NEXON,Tata,2021,"18,923 km",Petrol,Manual,"EMI ₹11,757/m*",₹6.66 lakh
Hyundai NEW SANTRO,Hyundai,2018,"51,083 km",Petrol,Manual,"EMI ₹5,825/m*",₹3.30 lakh
Maruti Alto 800,Maruti,2015,"56,174 km",Petrol,Manual,"EMI ₹5,872/m*",₹2.23 lakh
Renault Kwid,Renault,2019,"92,652 km",Petrol,Manual,"EMI ₹3,248/m*",₹1.84 lakh
Skoda Octavia,Skoda,2018,"1,06,028 km",Petrol,Manual,"EMI ₹42,572/m*",₹19.58 lakh
Hyundai Creta,Hyundai,2017,"87,375 km",Diesel,Manual,"EMI ₹19,177/m*",₹8.82 lakh
Maruti Alto 800,Maruti,2014,"81,906 km",Petrol,Manual,"EMI ₹5,713/m*",₹1.72 lakh
Maruti Alto 800,Maruti,2015,"88,549 km",Petrol,Manual,"EMI ₹5,267/m*",₹2.00 lakh
Maruti IGNIS,Maruti,2023,"9,708 km",Petrol,Auto,"EMI ₹10,839/m*",₹6.14 lakh
Maruti Wagon R 1.0,Maruti,2013,"1,36,216 km",Petrol,Manual,"EMI ₹10,121/m*",₹2.15 lakh
Renault Kwid,Renault,2017,"88,843 km",Petrol,Auto,"EMI ₹5,650/m*",₹2.89 lakh
Maruti Swift Dzire,Maruti,2016,"1,43,965 km",Diesel,Manual,"EMI ₹6,057/m*",₹2.30 lakh
Maruti Alto 800,Maruti,2016,"1,05,197 km",Petrol,Manual,"EMI ₹4,293/m*",₹1.93 lakh
Maruti Alto 800,Maruti,2012,"9,630 km",Petrol,Manual,"EMI ₹14,394/m*",₹1.62 lakh
Hyundai Creta,Hyundai,2018,"1,18,389 km",Petrol,Auto,"EMI ₹24,482/m*",₹11.26 lakh
KIA CARENS,KIA,2024,"29,098 km",Petrol,Manual,"EMI ₹16,266/m*",₹9.50 lakh
Mahindra XUV300,Mahindra,2020,"56,450 km",Petrol,Manual,"EMI ₹7,952/m*",₹4.50 lakh
Hyundai VENUE,Hyundai,2019,"52,658 km",Petrol,Manual,"EMI ₹9,991/m*",₹5.66 lakh
Maruti Alto 800,Maruti,2015,"38,386 km",Petrol,Manual,"EMI ₹5,767/m*",₹2.19 lakh
Jeep Compass,Jeep,2019,"98,270 km",Diesel,Manual,"EMI ₹16,386/m*",₹9.57 lakh
Honda Civic,Honda,2019,"98,080 km",Petrol,Auto,"EMI ₹19,520/m*",₹11.40 lakh
KIA CARENS,KIA,2022,"51,611 km",Diesel,Manual,"EMI ₹17,003/m*",₹9.93 lakh
Skoda SLAVIA,Skoda,2022,"99,209 km",Petrol,Manual,"EMI ₹14,006/m*",₹8.18 lakh
Tata NEXON,Tata,2024,"22,026 km",Diesel,Manual,"EMI ₹15,256/m*",₹8.91 lakh
Mahindra XUV300,Mahindra,2024,"12,902 km",Petrol,Manual,"EMI ₹11,880/m*",₹6.73 lakh
Honda Amaze,Honda,2014,"1,14,925 km",Diesel,Manual,"EMI ₹16,099/m*",₹3.42 lakh
Renault Kwid,Renault,2018,"89,208 km",Petrol,Auto,"EMI ₹4,890/m*",₹2.77 lakh
KIA SELTOS,KIA,2020,"30,420 km",Petrol,Manual,"EMI ₹12,692/m*",₹7.19 lakh
Honda Amaze,Honda,2015,"67,207 km",Petrol,Manual,"EMI ₹6,188/m*",₹2.35 lakh
Maruti Wagon R 1.0,Maruti,2013,"1,16,495 km",Petrol,Manual,"EMI ₹11,203/m*",₹2.38 lakh
Maruti Celerio,Maruti,2015,"1,17,132 km",Diesel,Manual,"EMI ₹5,514/m*",₹1.66 lakh
Hyundai Eon,Hyundai,2012,"55,349 km",Petrol,Manual,"EMI ₹14,749/m*",₹1.66 lakh
Maruti Vitara Brezza,Maruti,2018,"1,68,522 km",Diesel,Manual,"EMI ₹15,771/m*",₹7.09 lakh
Ford New Figo,Ford,2015,"47,525 km",Petrol,Manual,"EMI ₹5,293/m*",₹2.01 lakh
Maruti Swift Dzire,Maruti,2011,"80,471 km",Petrol,Manual,"EMI ₹5,293/m*",₹1.06 lakh
Maruti Wagon R 1.0,Maruti,2013,"1,09,457 km",Petrol,Manual,"EMI ₹12,145/m*",₹2.58 lakh
Honda Civic,Honda,2011,"68,900 km",Petrol,Auto,"EMI ₹12,145/m*",₹1.44 lakh
Hyundai i10,Hyundai,2014,"1,61,261 km",Petrol,Manual,"EMI ₹8,304/m*",₹2.50 lakh
Tata Safari Storme,Tata,2013,"1,37,813 km",Diesel,Manual,"EMI ₹25,766/m*",₹2.90 lakh
Maruti Wagon R 1.0,Maruti,2013,"1,06,955 km",Petrol,Manual,"EMI ₹9,744/m*",₹2.07 lakh
Ford FREESTYLE,Ford,2018,"55,239 km",Petrol,Manual,"EMI ₹6,161/m*",₹3.49 lakh
Maruti Swift,Maruti,2013,"1,57,347 km",Diesel,Manual,"EMI ₹26,921/m*",₹3.03 lakh
Mitsubishi Pajero Sport,Mitsubishi,2013,"1,08,420 km",Diesel,Manual,"EMI ₹33,229/m*",₹3.74 lakh
Datsun Go,Datsun,2015,"52,983 km",Petrol,Manual,"EMI ₹5,003/m*",₹1.90 lakh
Honda Amaze,Honda,2013,"1,79,473 km",Diesel,Manual,"EMI ₹21,235/m*",₹2.39 lakh
Hyundai Eon,Hyundai,2013,"78,197 km",Petrol,Manual,"EMI ₹7,343/m*",₹1.56 lakh
Maruti Swift Dzire,Maruti,2013,"1,33,194 km",Diesel,Manual,"EMI ₹29,587/m*",₹3.33 lakh
Maruti Swift,Maruti,2018,"1,01,058 km",Petrol,Auto,"EMI ₹10,366/m*",₹4.66 lakh
Tata PUNCH,Tata,2022,"21,319 km",Petrol,Manual,"EMI ₹9,268/m*",₹5.25 lakh
Maruti Alto 800,Maruti,2018,"78,563 km",Petrol,Manual,"EMI ₹5,005/m*",₹2.25 lakh
Hyundai NEW I20,Hyundai,2024,"24,588 km",Petrol,Manual,"EMI ₹12,357/m*",₹7.00 lakh
Toyota URBAN CRUISER HYRYDER,Toyota,2023,"19,490 km",Petrol,Manual,"EMI ₹17,790/m*",₹10.39 lakh
Skoda Laura,Skoda,2011,"1,02,235 km",Diesel,Auto,"EMI ₹17,790/m*",₹2.20 lakh
Ford Ecosport,Ford,2014,"71,138 km",Petrol,Manual,"EMI ₹8,038/m*",₹2.42 lakh
Tata NEXON,Tata,2021,"68,601 km",Petrol,Manual,"EMI ₹10,239/m*",₹5.80 lakh
Maruti Alto 800,Maruti,2015,"32,957 km",Petrol,Manual,"EMI ₹5,267/m*",₹2.00 lakh
Hyundai i10,Hyundai,2014,"1,05,362 km",Petrol,Manual,"EMI ₹7,971/m*",₹2.40 lakh
Honda Amaze,Honda,2013,"61,185 km",Petrol,Manual,"EMI ₹13,181/m*",₹2.80 lakh
Toyota Innova,Toyota,2012,"2,18,419 km",Diesel,Manual,"EMI ₹13,181/m*",₹5.54 lakh
Hyundai Creta,Hyundai,2018,"85,757 km",Petrol,Auto,"EMI ₹15,410/m*",₹9.00 lakh
Hyundai Eon,Hyundai,2013,"1,05,098 km",Petrol,Manual,"EMI ₹6,261/m*",₹1.33 lakh
MG ASTOR,MG,2022,"68,392 km",Petrol,Manual,"EMI ₹15,410/m*",₹9.00 lakh
Volkswagen Vento,Volkswagen,2014,"1,14,545 km",Diesel,Manual,"EMI ₹12,051/m*",₹2.56 lakh
Skoda Rapid,Skoda,2017,"60,421 km",Petrol,Manual,"EMI ₹7,820/m*",₹4.00 lakh
KIA SONET,KIA,2023,"6,410 km",Petrol,Auto,"EMI ₹19,931/m*",₹11.64 lakh
Maruti Alto K10,Maruti,2014,"87,350 km",Petrol,Manual,"EMI ₹5,846/m*",₹1.76 lakh
KIA SONET,KIA,2022,"33,075 km",Petrol,Manual,"EMI ₹11,474/m*",₹6.50 lakh
KIA SONET,KIA,2022,"47,954 km",Petrol,Auto,"EMI ₹17,105/m*",₹9.99 lakh
Chevrolet Sail,Chevrolet,2013,"76,327 km",Petrol,Manual,"EMI ₹9,509/m*",₹2.02 lakh
Toyota Fortuner,Toyota,2015,"1,24,481 km",Diesel,Manual,"EMI ₹32,411/m*",₹9.90 lakh
Mahindra XUV300,Mahindra,2021,"24,410 km",Petrol,Manual,"EMI ₹17,448/m*",₹10.19 lakh
Jeep Compass,Jeep,2017,"98,267 km",Diesel,Manual,"EMI ₹13,725/m*",₹6.17 lakh
Maruti Swift Dzire,Maruti,2016,"2,31,074 km",Diesel,Manual,"EMI ₹6,320/m*",₹2.40 lakh
Hyundai i20 Active,Hyundai,2015,"1,54,692 km",Petrol,Manual,"EMI ₹7,900/m*",₹3.00 lakh
Tata Tiago,Tata,2019,"95,730 km",Diesel,Manual,"EMI ₹5,472/m*",₹3.10 lakh
Tata Tiago,Tata,2018,"1,11,771 km",Petrol,Manual,"EMI ₹8,097/m*",₹3.64 lakh
Datsun Go Plus,Datsun,2019,"19,668 km",Petrol,Manual,"EMI ₹4,837/m*",₹2.74 lakh
Maruti Wagon R 1.0,Maruti,2013,"75,059 km",Petrol,Manual,"EMI ₹10,027/m*",₹2.13 lakh
Jeep Compass,Jeep,2021,"71,752 km",Diesel,Auto,"EMI ₹36,094/m*",₹21.08 lakh
Maruti Celerio,Maruti,2017,"46,240 km",Petrol,Auto,"EMI ₹8,934/m*",₹4.57 lakh
Honda City,Honda,2014,"93,317 km",Petrol,Manual,"EMI ₹10,197/m*",₹3.07 lakh
Tata Indigo ECS,Tata,2013,"2,44,990 km",Diesel,Manual,"EMI ₹11,550/m*",₹1.30 lakh
Maruti Alto K10,Maruti,2014,"24,000 km",Petrol,Manual,"EMI ₹7,141/m*",₹2.15 lakh
Datsun Go,Datsun,2014,"35,577 km",Petrol,Manual,"EMI ₹5,181/m*",₹1.56 lakh
Tata Harrier,Tata,2019,"1,39,672 km",Diesel,Manual,"EMI ₹19,546/m*",₹8.99 lakh
Tata NEXON,Tata,2019,"94,372 km",Petrol,Auto,"EMI ₹11,474/m*",₹6.50 lakh
Maruti Celerio,Maruti,2019,"85,283 km",Petrol,Manual,"EMI ₹4,166/m*",₹2.36 lakh
Skoda Rapid,Skoda,2012,"92,449 km",Diesel,Manual,"EMI ₹4,166/m*",₹1.92 lakh
KIA SONET,KIA,2020,"70,296 km",Diesel,Manual,"EMI ₹17,174/m*",₹10.03 lakh
Tata NEXON,Tata,2019,"91,099 km",Petrol,Auto,"EMI ₹12,834/m*",₹7.27 lakh
Hyundai Elite i20,Hyundai,2015,"78,859 km",Diesel,Manual,"EMI ₹12,788/m*",₹3.85 lakh
Maruti Swift,Maruti,2013,"1,29,657 km",Diesel,Manual,"EMI ₹17,770/m*",₹2.00 lakh
KIA SONET,KIA,2024,"13,078 km",Petrol,Manual,"EMI ₹13,275/m*",₹7.52 lakh
Tata Zest,Tata,2014,"1,05,712 km",Petrol,Manual,"EMI ₹5,314/m*",₹1.60 lakh
Hyundai Creta,Hyundai,2018,"1,07,709 km",Diesel,Auto,"EMI ₹22,830/m*",₹10.50 lakh
Maruti Grand Vitara,Maruti,2024,"19,229 km",Petrol,Manual,"EMI ₹15,462/m*",₹9.03 lakh
Ford Figo,Ford,2012,"1,36,485 km",Diesel,Manual,"EMI ₹15,462/m*",₹2.10 lakh
Maruti Alto 800,Maruti,2017,"25,386 km",Petrol,Manual,"EMI ₹4,184/m*",₹2.14 lakh
Volkswagen Ameo,Volkswagen,2018,"77,750 km",Petrol,Manual,"EMI ₹6,020/m*",₹3.41 lakh
Maruti Ertiga,Maruti,2022,"64,509 km",Petrol,Auto,"EMI ₹20,359/m*",₹11.89 lakh
Maruti Swift,Maruti,2012,"66,304 km",Diesel,Manual,"EMI ₹20,359/m*",₹2.35 lakh
Datsun Redi Go,Datsun,2018,"72,871 km",Petrol,Auto,"EMI ₹3,884/m*",₹2.20 lakh
KIA SELTOS,KIA,2022,"49,167 km",Petrol,Manual,"EMI ₹15,547/m*",₹9.08 lakh
Maruti Ritz,Maruti,2014,"1,47,744 km",Petrol,Manual,"EMI ₹7,540/m*",₹2.27 lakh
Honda Brio,Honda,2012,"59,455 km",Petrol,Manual,"EMI ₹18,747/m*",₹2.11 lakh
Renault TRIBER,Renault,2022,"86,686 km",Petrol,Manual,"EMI ₹10,009/m*",₹5.67 lakh
Maruti Celerio,Maruti,2015,"71,886 km",Petrol,Auto,"EMI ₹6,610/m*",₹2.51 lakh
Hyundai Eon,Hyundai,2015,"87,568 km",Petrol,Manual,"EMI ₹4,398/m*",₹1.67 lakh
Nissan Terrano,Nissan,2014,"1,69,689 km",Diesel,Manual,"EMI ₹13,369/m*",₹2.84 lakh
Volkswagen Polo,Volkswagen,2014,"85,034 km",Petrol,Manual,"EMI ₹9,200/m*",₹2.77 lakh
Hyundai i10,Hyundai,2012,"34,956 km",Petrol,Manual,"EMI ₹10,573/m*",₹1.19 lakh
Hyundai i20,Hyundai,2012,"1,12,500 km",Petrol,Manual,"EMI ₹16,748/m*",₹1.89 lakh
Tata Tiago,Tata,2020,"37,384 km",Petrol,Manual,"EMI ₹6,178/m*",₹3.50 lakh
Skoda Rapid,Skoda,2012,"1,32,355 km",Diesel,Manual,"EMI ₹6,178/m*",₹2.20 lakh
Mahindra Scorpio,Mahindra,2016,"1,52,660 km",Diesel,Manual,"EMI ₹14,326/m*",₹5.44 lakh
Mahindra TUV300,Mahindra,2016,"1,77,091 km",Diesel,Manual,"EMI ₹10,086/m*",₹3.83 lakh
Maruti Swift,Maruti,2021,"99,441 km",Petrol,Manual,"EMI ₹9,285/m*",₹5.26 lakh
Hyundai Creta,Hyundai,2018,"26,805 km",Petrol,Auto,"EMI ₹17,979/m*",₹10.50 lakh
Tata NEXON,Tata,2023,"46,802 km",Petrol,Auto,"EMI ₹14,034/m*",₹7.95 lakh
Toyota Etios Liva,Toyota,2015,"1,92,836 km",Diesel,Manual,"EMI ₹9,300/m*",₹2.80 lakh
Skoda Rapid,Skoda,2017,"1,73,692 km",Diesel,Manual,"EMI ₹10,010/m*",₹4.50 lakh
Tata Tiago,Tata,2018,"70,624 km",Petrol,Manual,"EMI ₹5,561/m*",₹3.15 lakh
Hyundai Santro Xing,Hyundai,2012,"39,116 km",Petrol,Manual,"EMI ₹17,770/m*",₹2.00 lakh
Maruti Swift Dzire,Maruti,2011,"87,436 km",Petrol,Manual,"EMI ₹17,770/m*",₹2.68 lakh
Hyundai i10,Hyundai,2012,"91,316 km",Petrol,Manual,"EMI ₹16,881/m*",₹1.90 lakh
Hyundai i10,Hyundai,2013,"56,149 km",Petrol,Manual,"EMI ₹8,944/m*",₹1.90 lakh
Fiat Grand Punto,Fiat,2011,"1,27,887 km",Diesel,Manual,"EMI ₹8,944/m*",₹1.00 lakh
Volkswagen Polo,Volkswagen,2013,"1,23,287 km",Diesel,Manual,"EMI ₹19,991/m*",₹2.25 lakh
Hyundai i10,Hyundai,2012,"99,318 km",Petrol,Manual,"EMI ₹16,082/m*",₹1.81 lakh
Renault Kwid,Renault,2018,"75,000 km",Petrol,Auto,"EMI ₹4,879/m*",₹2.76 lakh
Maruti Ritz,Maruti,2013,"2,67,040 km",Diesel,Manual,"EMI ₹18,925/m*",₹2.13 lakh
Renault Pulse,Renault,2016,"39,361 km",Petrol,Manual,"EMI ₹3,782/m*",₹1.70 lakh
Ford Figo,Ford,2012,"1,21,237 km",Diesel,Manual,"EMI ₹3,782/m*",₹1.20 lakh
Ford Ecosport,Ford,2013,"1,16,391 km",Diesel,Manual,"EMI ₹18,295/m*",₹2.06 lakh
Hyundai NEW I20,Hyundai,2021,"1,15,122 km",Petrol,Manual,"EMI ₹11,456/m*",₹5.15 lakh
Hyundai NEW I20,Hyundai,2021,"1,58,987 km",Petrol,Manual,"EMI ₹11,411/m*",₹5.13 lakh
Hyundai Creta,Hyundai,2018,"39,762 km",Petrol,Manual,"EMI ₹16,283/m*",₹9.51 lakh
Hyundai Elite i20,Hyundai,2015,"1,17,211 km",Diesel,Manual,"EMI ₹15,509/m*",₹4.67 lakh
Ford Ecosport,Ford,2018,"65,746 km",Diesel,Manual,"EMI ₹12,317/m*",₹6.30 lakh
Maruti Alto,Maruti,2010,"63,173 km",Petrol,Manual,"EMI ₹12,317/m*",₹0.85 lakh
Ford Figo,Ford,2010,"97,756 km",Petrol,Manual,"EMI ₹12,317/m*",₹1.00 lakh
Maruti Swift,Maruti,2013,"70,862 km",Petrol,Manual,"EMI ₹14,122/m*",₹3.00 lakh
KIA SELTOS,KIA,2021,"58,353 km",Petrol,Manual,"EMI ₹18,835/m*",₹11.00 lakh
Maruti Ritz,Maruti,2010,"1,23,456 km",Diesel,Manual,"EMI ₹18,835/m*",₹1.21 lakh
Chevrolet Spark,Chevrolet,2011,"35,219 km",Petrol,Manual,"EMI ₹18,835/m*",₹0.75 lakh
Hyundai Creta,Hyundai,2018,"1,02,823 km",Diesel,Manual,"EMI ₹15,682/m*",₹7.05 lakh
Volkswagen Vento,Volkswagen,2012,"1,54,714 km",Diesel,Manual,"EMI ₹15,682/m*",₹1.90 lakh
Maruti Alto 800,Maruti,2018,"68,236 km",Petrol,Manual,"EMI ₹4,060/m*",₹2.30 lakh
Ford Figo,Ford,2012,"1,04,062 km",Diesel,Manual,"EMI ₹4,060/m*",₹1.49 lakh
Renault TRIBER,Renault,2020,"65,453 km",Petrol,Manual,"EMI ₹8,985/m*",₹5.09 lakh
Nissan Micra,Nissan,2013,"1,14,099 km",Petrol,Auto,"EMI ₹10,121/m*",₹2.15 lakh
Maruti Alto 800,Maruti,2018,"67,328 km",Petrol,Manual,"EMI ₹4,307/m*",₹2.44 lakh
Hyundai i20,Hyundai,2011,"1,25,489 km",Diesel,Manual,"EMI ₹4,307/m*",₹1.42 lakh
Maruti SX4,Maruti,2010,"62,142 km",Petrol,Manual,"EMI ₹4,307/m*",₹0.43 lakh
Hyundai i20,Hyundai,2012,"75,521 km",Petrol,Manual,"EMI ₹18,747/m*",₹2.11 lakh
Maruti Alto,Maruti,2019,"30,622 km",Petrol,Manual,"EMI ₹4,713/m*",₹2.67 lakh
Maruti Wagon R Stingray,Maruti,2013,"67,437 km",Petrol,Manual,"EMI ₹12,663/m*",₹2.69 lakh
Mahindra Kuv100,Mahindra,2016,"82,618 km",Petrol,Manual,"EMI ₹6,095/m*",₹2.74 lakh
Maruti Wagon R 1.0,Maruti,2018,"1,20,913 km",Petrol,Manual,"EMI ₹5,895/m*",₹2.65 lakh
Hyundai Eon,Hyundai,2012,"71,159 km",Petrol,Manual,"EMI ₹11,106/m*",₹1.25 lakh
Chevrolet Sail,Chevrolet,2014,"1,26,394 km",Diesel,Manual,"EMI ₹10,027/m*",₹2.13 lakh
Tata Indica V2,Tata,2013,"1,55,334 km",Diesel,Manual,"EMI ₹10,129/m*",₹1.14 lakh
Maruti XL6,Maruti,2021,"93,054 km",Petrol,Manual,"EMI ₹14,069/m*",₹7.97 lakh
Maruti Swift,Maruti,2014,"1,26,570 km",Petrol,Manual,"EMI ₹12,389/m*",₹3.73 lakh
Maruti Swift Dzire,Maruti,2014,"1,63,029 km",Diesel,Manual,"EMI ₹17,558/m*",₹3.73 lakh
Toyota Etios,Toyota,2011,"76,973 km",Petrol,Manual,"EMI ₹17,558/m*",₹2.27 lakh
Hyundai Verna,Hyundai,2010,"1,40,801 km",Diesel,Manual,"EMI ₹17,558/m*",₹1.81 lakh
Maruti A Star,Maruti,2013,"71,308 km",Petrol,Auto,"EMI ₹8,803/m*",₹1.87 lakh
Maruti Baleno,Maruti,2015,"53,683 km",Petrol,Auto,"EMI ₹9,849/m*",₹3.74 lakh
Maruti Swift Dzire,Maruti,2014,"2,71,533 km",Petrol,Manual,"EMI ₹9,300/m*",₹2.80 lakh
Tata Harrier,Tata,2021,"30,436 km",Diesel,Manual,"EMI ₹22,961/m*",₹13.41 lakh
Chevrolet Sail UVA,Chevrolet,2013,"54,750 km",Petrol,Manual,"EMI ₹7,202/m*",₹1.53 lakh
Hyundai i10,Hyundai,2013,"86,283 km",Petrol,Manual,"EMI ₹11,439/m*",₹2.43 lakh
Nissan Sunny,Nissan,2012,"78,657 km",Petrol,Manual,"EMI ₹16,792/m*",₹1.89 lakh
Maruti Swift Dzire,Maruti,2014,"1,49,858 km",Diesel,Manual,"EMI ₹21,607/m*",₹4.59 lakh
Hyundai i20,Hyundai,2012,"1,24,164 km",Diesel,Manual,"EMI ₹21,607/m*",₹2.48 lakh
Renault TRIBER,Renault,2022,"1,24,468 km",Petrol,Manual,"EMI ₹11,990/m*",₹5.39 lakh
Maruti Swift Dzire,Maruti,2015,"1,48,682 km",Diesel,Manual,"EMI ₹14,714/m*",₹4.43 lakh
Renault Kwid,Renault,2018,"3,00,000 km",Petrol,Manual,"EMI ₹7,274/m*",₹3.27 lakh
Maruti Swift Dzire,Maruti,2020,"1,35,530 km",Petrol,Manual,"EMI ₹8,052/m*",₹3.62 lakh
Toyota Innova,Toyota,2011,"19,418 km",Diesel,Manual,"EMI ₹8,052/m*",₹4.35 lakh
Maruti Swift,Maruti,2024,"9,990 km",Petrol,Manual,"EMI ₹11,051/m*",₹6.26 lakh
Honda Brio,Honda,2013,"1,52,507 km",Petrol,Manual,"EMI ₹9,368/m*",₹1.99 lakh
Tata Tiago,Tata,2018,"39,300 km",Petrol,Manual,"EMI ₹5,702/m*",₹3.23 lakh
Maruti Eeco,Maruti,2011,"1,32,453 km",Petrol,Manual,"EMI ₹5,702/m*",₹1.65 lakh
Hyundai i20,Hyundai,2011,"82,118 km",Petrol,Manual,"EMI ₹5,702/m*",₹2.10 lakh
Maruti Dzire,Maruti,2017,"52,630 km",Petrol,Manual,"EMI ₹10,264/m*",₹5.25 lakh
Volkswagen Vento,Volkswagen,2011,"1,43,352 km",Petrol,Manual,"EMI ₹10,264/m*",₹1.58 lakh
Toyota Glanza,Toyota,2019,"46,845 km",Petrol,Manual,"EMI ₹8,438/m*",₹4.78 lakh
Mahindra XUV500,Mahindra,2014,"1,41,215 km",Diesel,Manual,"EMI ₹18,641/m*",₹3.96 lakh
Hyundai i20,Hyundai,2011,"50,820 km",Petrol,Manual,"EMI ₹18,641/m*",₹2.19 lakh
Hyundai Verna,Hyundai,2010,"63,783 km",Petrol,Manual,"EMI ₹18,641/m*",₹1.18 lakh
Maruti Swift,Maruti,2018,"1,69,704 km",Diesel,Manual,"EMI ₹12,056/m*",₹5.42 lakh
Maruti New Wagon-R,Maruti,2019,"24,997 km",Petrol,Manual,"EMI ₹7,396/m*",₹4.19 lakh
Maruti S PRESSO,Maruti,2020,"81,726 km",Petrol,Manual,"EMI ₹5,225/m*",₹2.96 lakh
Hyundai i20,Hyundai,2013,"63,306 km",Petrol,Manual,"EMI ₹9,128/m*",₹1.94 lakh
Maruti Ciaz,Maruti,2020,"37,882 km",Petrol,Manual,"EMI ₹8,261/m*",₹4.68 lakh
Honda Amaze,Honda,2014,"2,88,659 km",Diesel,Manual,"EMI ₹10,733/m*",₹2.28 lakh
Maruti Alto 800,Maruti,2015,"51,525 km",Petrol,Manual,"EMI ₹5,609/m*",₹2.13 lakh
Tata Harrier,Tata,2022,"66,043 km",Diesel,Auto,"EMI ₹27,927/m*",₹16.31 lakh
Maruti Baleno,Maruti,2020,"41,716 km",Petrol,Manual,"EMI ₹10,468/m*",₹5.93 lakh
Mahindra XUV500,Mahindra,2014,"71,036 km",Diesel,Manual,"EMI ₹27,726/m*",₹5.89 lakh
Maruti Alto K10,Maruti,2012,"55,868 km",Petrol,Manual,"EMI ₹11,373/m*",₹1.28 lakh
Hyundai Verna,Hyundai,2011,"1,30,140 km",Diesel,Manual,"EMI ₹11,373/m*",₹2.06 lakh
Tata PUNCH,Tata,2022,"20,627 km",Petrol,Auto,"EMI ₹12,569/m*",₹7.12 lakh
Maruti Wagon R 1.0,Maruti,2016,"1,02,715 km",Petrol,Manual,"EMI ₹5,561/m*",₹2.50 lakh
Maruti Wagon R 1.0,Maruti,2015,"84,178 km",Petrol,Manual,"EMI ₹6,847/m*",₹2.60 lakh
Maruti Wagon R Stingray,Maruti,2013,"60,233 km",Petrol,Manual,"EMI ₹7,767/m*",₹1.65 lakh
Maruti Alto 800,Maruti,2016,"79,701 km",Petrol,Manual,"EMI ₹4,160/m*",₹1.87 lakh
Maruti Swift,Maruti,2014,"1,01,418 km",Petrol,Manual,"EMI ₹11,293/m*",₹3.40 lakh
Hyundai Elite i20,Hyundai,2016,"47,947 km",Petrol,Manual,"EMI ₹9,009/m*",₹4.05 lakh
Maruti Ritz,Maruti,2016,"95,330 km",Diesel,Manual,"EMI ₹4,477/m*",₹1.70 lakh
Honda Brio,Honda,2013,"92,143 km",Petrol,Manual,"EMI ₹11,156/m*",₹2.37 lakh
Maruti Swift,Maruti,2017,"1,73,572 km",Petrol,Manual,"EMI ₹9,187/m*",₹4.13 lakh
Hyundai Grand i10,Hyundai,2019,"81,927 km",Petrol,Manual,"EMI ₹6,461/m*",₹3.66 lakh
Renault Kiger,Renault,2022,"29,391 km",Petrol,Manual,"EMI ₹10,044/m*",₹5.69 lakh
Hyundai Eon,Hyundai,2017,"1,75,566 km",Petrol,Manual,"EMI ₹4,449/m*",₹2.00 lakh
Renault Duster,Renault,2014,"2,17,357 km",Diesel,Manual,"EMI ₹11,768/m*",₹2.50 lakh
Hyundai Eon,Hyundai,2012,"53,105 km",Petrol,Manual,"EMI ₹14,305/m*",₹1.61 lakh
Fiat Grand Punto,Fiat,2013,"74,703 km",Diesel,Manual,"EMI ₹11,995/m*",₹1.35 lakh
Hyundai i10,Hyundai,2012,"94,700 km",Petrol,Manual,"EMI ₹14,749/m*",₹1.66 lakh
Maruti IGNIS,Maruti,2017,"34,489 km",Diesel,Auto,"EMI ₹10,010/m*",₹4.50 lakh
Hyundai i10,Hyundai,2011,"99,460 km",Petrol,Auto,"EMI ₹10,010/m*",₹1.50 lakh
Maruti Celerio,Maruti,2019,"96,859 km",Petrol,Manual,"EMI ₹4,254/m*",₹2.41 lakh
Hyundai i10,Hyundai,2011,"94,334 km",Petrol,Manual,"EMI ₹4,254/m*",₹2.00 lakh
Hyundai Grand i10,Hyundai,2017,"1,06,956 km",Diesel,Manual,"EMI ₹7,875/m*",₹3.54 lakh
Maruti Swift Dzire,Maruti,2013,"13,142 km",Petrol,Manual,"EMI ₹12,663/m*",₹2.69 lakh
Maruti Ertiga,Maruti,2019,"71,984 km",Petrol,Manual,"EMI ₹13,328/m*",₹7.55 lakh
Maruti Alto 800,Maruti,2019,"25,853 km",Petrol,Manual,"EMI ₹4,678/m*",₹2.65 lakh
Tata NEXON,Tata,2022,"52,348 km",Petrol,Manual,"EMI ₹15,410/m*",₹9.00 lakh
Honda WR-V,Honda,2019,"70,008 km",Diesel,Manual,"EMI ₹11,227/m*",₹6.36 lakh
Tata TIAGO NRG,Tata,2018,"31,830 km",Petrol,Manual,"EMI ₹6,108/m*",₹3.46 lakh
Renault Pulse,Renault,2016,"1,01,693 km",Petrol,Manual,"EMI ₹4,160/m*",₹1.87 lakh
Tata Indica EV2,Tata,2015,"1,70,252 km",Diesel,Manual,"EMI ₹3,886/m*",₹1.17 lakh
Tata Zest,Tata,2019,"1,26,702 km",Diesel,Manual,"EMI ₹6,762/m*",₹3.04 lakh
Nissan Sunny,Nissan,2016,"1,50,901 km",Diesel,Manual,"EMI ₹6,241/m*",₹2.37 lakh
Renault Kwid,Renault,2019,"54,477 km",Petrol,Manual,"EMI ₹4,219/m*",₹2.39 lakh
Maruti Baleno,Maruti,2018,"71,958 km",Petrol,Manual,"EMI ₹9,321/m*",₹5.28 lakh
Hyundai Santro Xing,Hyundai,2011,"1,10,467 km",Petrol,Manual,"EMI ₹9,321/m*",₹1.37 lakh
Tata NEXON,Tata,2021,"56,404 km",Petrol,Manual,"EMI ₹14,554/m*",₹8.50 lakh
Audi A6,Audi,2013,"85,141 km",Diesel,Auto,"EMI ₹73,092/m*",₹8.27 lakh
Renault Kwid,Renault,2017,"27,662 km",Petrol,Auto,"EMI ₹5,357/m*",₹2.74 lakh
Tata NEXON,Tata,2018,"60,690 km",Diesel,Auto,"EMI ₹13,685/m*",₹7.00 lakh
Maruti Baleno,Maruti,2016,"1,60,688 km",Petrol,Manual,"EMI ₹8,942/m*",₹4.02 lakh
Hyundai i10,Hyundai,2012,"96,670 km",Petrol,Auto,"EMI ₹16,526/m*",₹1.86 lakh
Maruti Alto,Maruti,2022,"21,395 km",Petrol,Manual,"EMI ₹5,984/m*",₹3.39 lakh
Volkswagen Vento,Volkswagen,2012,"1,32,490 km",Diesel,Manual,"EMI ₹5,984/m*",₹2.68 lakh
Honda Amaze,Honda,2018,"85,843 km",Diesel,Auto,"EMI ₹9,365/m*",₹4.79 lakh
Maruti IGNIS,Maruti,2018,"51,898 km",Petrol,Manual,"EMI ₹6,832/m*",₹3.87 lakh
Maruti Baleno,Maruti,2021,"37,805 km",Petrol,Manual,"EMI ₹9,780/m*",₹5.54 lakh
Maruti Alto 800,Maruti,2017,"51,679 km",Petrol,Manual,"EMI ₹4,894/m*",₹2.20 lakh
Maruti Swift Dzire,Maruti,2016,"1,12,136 km",Diesel,Manual,"EMI ₹7,637/m*",₹2.90 lakh
Honda Brio,Honda,2011,"82,081 km",Petrol,Manual,"EMI ₹7,637/m*",₹1.33 lakh
Skoda Fabia,Skoda,2010,"74,336 km",Diesel,Manual,"EMI ₹7,637/m*",₹1.62 lakh
Renault Kwid,Renault,2018,"73,321 km",Petrol,Manual,"EMI ₹4,413/m*",₹2.50 lakh
Hyundai i20,Hyundai,2013,"2,64,444 km",Diesel,Manual,"EMI ₹19,280/m*",₹2.17 lakh
Mahindra XUV500,Mahindra,2016,"1,43,599 km",Diesel,Manual,"EMI ₹12,588/m*",₹4.78 lakh
Tata ALTROZ,Tata,2021,"68,005 km",Petrol,Manual,"EMI ₹9,850/m*",₹5.58 lakh
Maruti Ciaz,Maruti,2015,"1,34,166 km",Petrol,Manual,"EMI ₹9,296/m*",₹3.53 lakh
Tata TIGOR,Tata,2019,"50,891 km",Petrol,Manual,"EMI ₹7,750/m*",₹4.39 lakh
Renault Kwid,Renault,2019,"1,39,196 km",Petrol,Manual,"EMI ₹5,561/m*",₹2.50 lakh
Maruti SX4,Maruti,2010,"1,55,007 km",Petrol,Manual,"EMI ₹5,561/m*",₹1.14 lakh
Tata NEXON,Tata,2018,"69,300 km",Diesel,Auto,"EMI ₹13,666/m*",₹6.99 lakh
Ford Ecosport,Ford,2019,"1,43,298 km",Diesel,Manual,"EMI ₹14,214/m*",₹6.39 lakh
Maruti Vitara Brezza,Maruti,2021,"63,271 km",Petrol,Manual,"EMI ₹12,322/m*",₹6.98 lakh
Maruti Swift Dzire,Maruti,2016,"1,17,007 km",Diesel,Manual,"EMI ₹11,034/m*",₹4.19 lakh
Tata Tiago,Tata,2016,"1,33,092 km",Diesel,Manual,"EMI ₹7,558/m*",₹2.87 lakh
Hyundai Eon,Hyundai,2014,"92,190 km",Petrol,Manual,"EMI ₹6,178/m*",₹1.86 lakh
Maruti Swift,Maruti,2018,"94,894 km",Petrol,Auto,"EMI ₹7,961/m*",₹4.51 lakh
Nissan Terrano,Nissan,2014,"98,393 km",Diesel,Manual,"EMI ₹14,546/m*",₹3.09 lakh
Tata TIGOR,Tata,2021,"79,315 km",Petrol,Manual,"EMI ₹7,714/m*",₹4.37 lakh
Maruti Swift,Maruti,2021,"87,824 km",Petrol,Manual,"EMI ₹9,003/m*",₹5.10 lakh
Maruti Vitara Brezza,Maruti,2017,"1,36,375 km",Diesel,Manual,"EMI ₹11,767/m*",₹5.29 lakh
Hyundai i10,Hyundai,2014,"86,407 km",Petrol,Manual,"EMI ₹7,905/m*",₹2.38 lakh
Renault Kwid,Renault,2017,"34,152 km",Petrol,Auto,"EMI ₹4,868/m*",₹2.49 lakh
Renault Kwid,Renault,2020,"26,716 km",Petrol,Manual,"EMI ₹5,508/m*",₹3.12 lakh
Maruti Alto K10,Maruti,2016,"95,603 km",Petrol,Manual,"EMI ₹4,338/m*",₹1.95 lakh
Hyundai NEW I20,Hyundai,2020,"84,255 km",Petrol,Auto,"EMI ₹10,239/m*",₹5.80 lakh
Maruti Swift,Maruti,2018,"90,388 km",Petrol,Manual,"EMI ₹8,597/m*",₹4.87 lakh
Hyundai GRAND I10 NIOS,Hyundai,2022,"36,947 km",Petrol,Manual,"EMI ₹8,826/m*",₹5.00 lakh
Mercedes Benz GLA Class,Mercedes,2015,"57,366 km",Petrol,Auto,"EMI ₹22,563/m*",₹8.73 lakh
Maruti Dzire,Maruti,2019,"1,30,281 km",Diesel,Manual,"EMI ₹12,857/m*",₹5.78 lakh
Maruti Ritz,Maruti,2016,"1,11,607 km",Diesel,Manual,"EMI ₹4,687/m*",₹1.78 lakh
Hyundai Grand i10,Hyundai,2014,"1,82,080 km",Diesel,Manual,"EMI ₹11,251/m*",₹2.39 lakh
Honda Brio,Honda,2013,"91,145 km",Petrol,Manual,"EMI ₹8,709/m*",₹1.85 lakh
Volkswagen Polo,Volkswagen,2013,"1,23,324 km",Diesel,Manual,"EMI ₹21,057/m*",₹2.37 lakh
Fiat Linea,Fiat,2014,"2,21,132 km",Diesel,Manual,"EMI ₹6,590/m*",₹1.40 lakh
Hyundai AURA,Hyundai,2020,"54,348 km",Petrol,Manual,"EMI ₹9,391/m*",₹5.32 lakh
Maruti Alto K10,Maruti,2023,"51,745 km",Petrol,Manual,"EMI ₹6,178/m*",₹3.50 lakh
Volkswagen Polo,Volkswagen,2019,"17,441 km",Petrol,Manual,"EMI ₹6,532/m*",₹3.70 lakh
Maruti Swift,Maruti,2021,"1,30,051 km",Petrol,Manual,"EMI ₹8,898/m*",₹4.00 lakh
Chevrolet Beat,Chevrolet,2012,"72,514 km",Diesel,Manual,"EMI ₹8,898/m*",₹1.07 lakh
Ford Figo,Ford,2012,"94,150 km",Diesel,Manual,"EMI ₹8,898/m*",₹1.34 lakh
Ford Figo,Ford,2011,"64,507 km",Diesel,Manual,"EMI ₹8,898/m*",₹0.91 lakh
Hyundai i20,Hyundai,2012,"61,916 km",Petrol,Manual,"EMI ₹30,386/m*",₹3.42 lakh
Maruti Swift Dzire,Maruti,2011,"2,86,311 km",Diesel,Manual,"EMI ₹30,386/m*",₹1.96 lakh
Chevrolet Spark,Chevrolet,2012,"71,346 km",Petrol,Manual,"EMI ₹8,352/m*",₹0.94 lakh
Maruti Alto,Maruti,2021,"26,089 km",Petrol,Manual,"EMI ₹4,943/m*",₹2.80 lakh
Tata NEXON,Tata,2023,"61,000 km",Petrol,Manual,"EMI ₹11,474/m*",₹6.50 lakh
Hyundai NEW SANTRO,Hyundai,2019,"34,775 km",Petrol,Manual,"EMI ₹5,667/m*",₹3.21 lakh
Maruti Swift Dzire,Maruti,2014,"1,01,419 km",Diesel,Manual,"EMI ₹17,417/m*",₹3.70 lakh
Hyundai Creta,Hyundai,2015,"1,79,180 km",Diesel,Manual,"EMI ₹18,002/m*",₹5.42 lakh
Chevrolet Spark,Chevrolet,2011,"81,449 km",Petrol,Manual,"EMI ₹18,002/m*",₹0.68 lakh
Tata Nano,Tata,2011,"60,766 km",Petrol,Manual,"EMI ₹18,002/m*",₹0.53 lakh
Maruti Swift,Maruti,2021,"70,768 km",Petrol,Manual,"EMI ₹9,550/m*",₹5.41 lakh
Maruti Celerio,Maruti,2015,"1,35,249 km",Petrol,Auto,"EMI ₹6,794/m*",₹2.58 lakh
Renault Pulse,Renault,2016,"93,711 km",Petrol,Manual,"EMI ₹3,626/m*",₹1.63 lakh
Hyundai Verna,Hyundai,2013,"96,675 km",Diesel,Manual,"EMI ₹26,477/m*",₹2.98 lakh
Maruti SX4,Maruti,2011,"73,156 km",Petrol,Manual,"EMI ₹26,477/m*",₹1.65 lakh
Tata Indica EV2,Tata,2016,"1,47,591 km",Diesel,Manual,"EMI ₹1,712/m*",₹0.65 lakh
Maruti Alto K10,Maruti,2013,"78,152 km",Petrol,Manual,"EMI ₹9,368/m*",₹1.99 lakh
Ford Figo,Ford,2012,"1,68,056 km",Diesel,Manual,"EMI ₹9,368/m*",₹1.23 lakh
Hyundai i20,Hyundai,2012,"1,47,967 km",Diesel,Manual,"EMI ₹9,368/m*",₹1.64 lakh
Maruti Baleno,Maruti,2017,"1,01,627 km",Diesel,Manual,"EMI ₹9,610/m*",₹4.32 lakh
Hyundai i10,Hyundai,2011,"97,025 km",Petrol,Manual,"EMI ₹9,610/m*",₹1.71 lakh
Tata Nano,Tata,2012,"87,493 km",Petrol,Manual,"EMI ₹5,064/m*",₹0.57 lakh
Tata Indica V2,Tata,2012,"1,59,227 km",Diesel,Manual,"EMI ₹5,064/m*",₹0.39 lakh
Ford Ecosport,Ford,2013,"1,34,308 km",Diesel,Manual,"EMI ₹24,878/m*",₹2.80 lakh
Maruti Swift,Maruti,2019,"1,33,370 km",Diesel,Auto,"EMI ₹9,877/m*",₹4.44 lakh
Maruti Swift,Maruti,2018,"42,042 km",Petrol,Manual,"EMI ₹7,944/m*",₹4.50 lakh
Hyundai Verna,Hyundai,2011,"67,527 km",Petrol,Manual,"EMI ₹7,944/m*",₹2.66 lakh
Maruti Swift,Maruti,2019,"37,292 km",Petrol,Auto,"EMI ₹8,420/m*",₹4.77 lakh
Tata Indica V2,Tata,2016,"1,92,581 km",Diesel,Manual,"EMI ₹2,949/m*",₹1.12 lakh
Maruti Celerio,Maruti,2016,"1,53,380 km",Petrol,Auto,"EMI ₹7,252/m*",₹3.26 lakh
Mahindra Verito,Mahindra,2014,"2,45,397 km",Diesel,Manual,"EMI ₹7,061/m*",₹1.50 lakh
Nissan Micra,Nissan,2011,"1,15,844 km",Diesel,Manual,"EMI ₹7,061/m*",₹1.20 lakh
Maruti Baleno,Maruti,2020,"19,713 km",Petrol,Manual,"EMI ₹9,991/m*",₹5.66 lakh
Hyundai i10,Hyundai,2011,"85,194 km",Petrol,Manual,"EMI ₹9,991/m*",₹1.88 lakh
Maruti Wagon R 1.0,Maruti,2011,"41,806 km",Petrol,Manual,"EMI ₹9,991/m*",₹1.35 lakh
Maruti Alto,Maruti,2012,"47,570 km",Petrol,Manual,"EMI ₹14,394/m*",₹1.62 lakh
Volkswagen Polo,Volkswagen,2019,"74,499 km",Petrol,Auto,"EMI ₹12,586/m*",₹7.13 lakh
Skoda Fabia,Skoda,2011,"95,298 km",Petrol,Manual,"EMI ₹12,586/m*",₹1.62 lakh
Volkswagen Polo,Volkswagen,2014,"1,22,132 km",Petrol,Manual,"EMI ₹10,861/m*",₹3.27 lakh
Hyundai Grand i10,Hyundai,2014,"82,300 km",Petrol,Manual,"EMI ₹10,662/m*",₹3.21 lakh
Maruti Ertiga,Maruti,2015,"95,238 km",Diesel,Manual,"EMI ₹20,659/m*",₹6.22 lakh
Hyundai Eon,Hyundai,2011,"21,573 km",Petrol,Manual,"EMI ₹20,659/m*",₹1.57 lakh
Ford Figo Aspire,Ford,2015,"2,38,833 km",Diesel,Manual,"EMI ₹7,905/m*",₹2.38 lakh
Maruti Wagon R 1.0,Maruti,2017,"1,44,434 km",Petrol,Auto,"EMI ₹6,851/m*",₹3.08 lakh
Renault Kwid,Renault,2018,"76,124 km",Petrol,Auto,"EMI ₹4,855/m*",₹2.75 lakh
Ford Figo,Ford,2011,"1,78,003 km",Diesel,Manual,"EMI ₹4,855/m*",₹1.09 lakh
Maruti Dzire,Maruti,2018,"70,043 km",Diesel,Manual,"EMI ₹11,496/m*",₹5.88 lakh
Maruti Wagon R 1.0,Maruti,2010,"1,27,422 km",Petrol,Manual,"EMI ₹11,496/m*",₹1.29 lakh
Maruti Swift,Maruti,2018,"95,427 km",Diesel,Manual,"EMI ₹9,756/m*",₹4.99 lakh
Maruti Baleno,Maruti,2019,"1,07,067 km",Diesel,Manual,"EMI ₹11,100/m*",₹4.99 lakh
Hyundai Eon,Hyundai,2011,"92,260 km",Petrol,Manual,"EMI ₹11,100/m*",₹1.15 lakh
Hyundai Creta,Hyundai,2016,"84,744 km",Petrol,Manual,"EMI ₹19,481/m*",₹8.96 lakh
Skoda SLAVIA,Skoda,2023,"34,365 km",Petrol,Manual,"EMI ₹16,301/m*",₹9.52 lakh
Maruti Swift,Maruti,2025,643 km,Petrol,Manual,"EMI ₹12,339/m*",₹6.99 lakh
Tata Bolt,Tata,2016,"1,75,000 km",Diesel,Manual,"EMI ₹4,292/m*",₹1.63 lakh
Tata NEXON,Tata,2022,"77,413 km",Petrol,Manual,"EMI ₹14,349/m*",₹8.38 lakh
Volkswagen Polo,Volkswagen,2019,"83,565 km",Petrol,Manual,"EMI ₹7,538/m*",₹4.27 lakh
Honda Amaze,Honda,2017,"65,255 km",Petrol,Manual,"EMI ₹7,566/m*",₹3.87 lakh
Maruti Swift,Maruti,2022,"77,332 km",Petrol,Manual,"EMI ₹8,509/m*",₹4.82 lakh
Maruti Swift Dzire,Maruti,2015,"1,28,857 km",Petrol,Manual,"EMI ₹12,035/m*",₹4.57 lakh
Toyota Etios Liva,Toyota,2013,1 km,Diesel,Manual,"EMI ₹22,834/m*",₹2.57 lakh
Honda Jazz,Honda,2016,"65,653 km",Petrol,Manual,"EMI ₹8,164/m*",₹3.67 lakh
Hyundai Elite i20,Hyundai,2018,"44,172 km",Petrol,Manual,"EMI ₹7,855/m*",₹4.45 lakh
Hyundai i10,Hyundai,2011,"94,233 km",Petrol,Manual,"EMI ₹7,855/m*",₹1.65 lakh
Hyundai Elite i20,Hyundai,2020,"36,333 km",Petrol,Manual,"EMI ₹10,415/m*",₹5.90 lakh
Maruti Alto K10,Maruti,2011,"1,08,364 km",Petrol,Manual,"EMI ₹10,415/m*",₹1.33 lakh
Hyundai i10,Hyundai,2011,"63,304 km",Petrol,Manual,"EMI ₹10,415/m*",₹1.56 lakh
Hyundai Grand i10,Hyundai,2015,"1,31,733 km",Petrol,Manual,"EMI ₹9,480/m*",₹3.60 lakh
Maruti Alto K10,Maruti,2011,"1,20,000 km",Petrol,Manual,"EMI ₹9,480/m*",₹1.17 lakh
Maruti Swift Dzire,Maruti,2012,"95,633 km",Diesel,Manual,"EMI ₹9,480/m*",₹2.83 lakh
Maruti Alto K10,Maruti,2022,"45,275 km",Petrol,Manual,"EMI ₹6,373/m*",₹3.61 lakh
Maruti Swift,Maruti,2018,"1,13,896 km",Petrol,Auto,"EMI ₹9,454/m*",₹4.25 lakh
Ford Fiesta,Ford,2011,"1,61,829 km",Petrol,Manual,"EMI ₹9,454/m*",₹1.16 lakh
Hyundai i20 Active,Hyundai,2018,"58,903 km",Petrol,Manual,"EMI ₹9,338/m*",₹5.29 lakh
Maruti IGNIS,Maruti,2018,"97,584 km",Petrol,Manual,"EMI ₹6,938/m*",₹3.93 lakh
Maruti Swift,Maruti,2011,"2,43,153 km",Diesel,Manual,"EMI ₹6,938/m*",₹1.54 lakh
Toyota Etios Liva,Toyota,2012,"2,40,218 km",Diesel,Manual,"EMI ₹6,938/m*",₹2.50 lakh
Honda Amaze,Honda,2013,"1,16,484 km",Diesel,Manual,"EMI ₹21,768/m*",₹2.45 lakh
Volkswagen Polo,Volkswagen,2014,"86,264 km",Petrol,Manual,"EMI ₹11,193/m*",₹3.37 lakh
Skoda Rapid,Skoda,2018,"1,20,819 km",Diesel,Auto,"EMI ₹12,568/m*",₹5.65 lakh
Maruti Swift,Maruti,2012,"1,47,633 km",Diesel,Manual,"EMI ₹12,568/m*",₹2.56 lakh
Hyundai i20,Hyundai,2010,"98,728 km",Diesel,Manual,"EMI ₹12,568/m*",₹1.80 lakh
Tata Manza,Tata,2011,"86,216 km",Diesel,Manual,"EMI ₹12,568/m*",₹1.74 lakh
Nissan MAGNITE,Nissan,2021,"86,884 km",Petrol,Manual,"EMI ₹8,209/m*",₹4.65 lakh
Maruti Swift,Maruti,2013,"1,20,003 km",Diesel,Manual,"EMI ₹22,212/m*",₹2.50 lakh
Honda WR-V,Honda,2020,"1,36,072 km",Petrol,Manual,"EMI ₹15,059/m*",₹6.77 lakh
Maruti Baleno,Maruti,2021,"44,090 km",Petrol,Auto,"EMI ₹10,513/m*",₹5.96 lakh
Honda City,Honda,2017,"1,02,132 km",Petrol,Manual,"EMI ₹11,322/m*",₹5.09 lakh
Ford Ecosport,Ford,2018,"79,168 km",Diesel,Manual,"EMI ₹11,945/m*",₹6.11 lakh
Hyundai Grand i10,Hyundai,2018,"52,001 km",Petrol,Manual,"EMI ₹7,608/m*",₹4.31 lakh
Skoda SLAVIA,Skoda,2023,"20,384 km",Petrol,Auto,"EMI ₹23,732/m*",₹13.86 lakh
Maruti Alto K10,Maruti,2017,"81,152 km",Petrol,Manual,"EMI ₹4,536/m*",₹2.32 lakh
Maruti Alto K10,Maruti,2015,"35,592 km",Petrol,Auto,"EMI ₹6,057/m*",₹2.30 lakh
Maruti Swift,Maruti,2015,"1,28,103 km",Diesel,Manual,"EMI ₹13,120/m*",₹3.95 lakh
Maruti Wagon R 1.0,Maruti,2017,"11,218 km",Petrol,Auto,"EMI ₹7,214/m*",₹3.69 lakh
Maruti SX4,Maruti,2012,"1,30,274 km",Diesel,Manual,"EMI ₹7,214/m*",₹2.17 lakh
Tata NEXON,Tata,2022,"40,400 km",Petrol,Auto,"EMI ₹14,554/m*",₹8.50 lakh
Maruti Swift Dzire,Maruti,2015,"57,066 km",Petrol,Manual,"EMI ₹9,428/m*",₹3.58 lakh
Tata Indica Vista,Tata,2011,"13,54,000 km",Diesel,Manual,"EMI ₹9,428/m*",₹0.90 lakh
Maruti Eeco,Maruti,2017,"49,959 km",Petrol,Manual,"EMI ₹5,943/m*",₹3.04 lakh
Toyota Innova Crysta,Toyota,2021,"1,19,833 km",Diesel,Manual,"EMI ₹36,962/m*",₹17.00 lakh
Maruti Alto K10,Maruti,2010,"1,37,360 km",Petrol,Manual,"EMI ₹36,962/m*",₹1.17 lakh
Hyundai Grand i10,Hyundai,2014,"76,121 km",Petrol,Manual,"EMI ₹10,894/m*",₹3.28 lakh
Maruti Swift Dzire,Maruti,2013,"61,257 km",Diesel,Manual,"EMI ₹38,116/m*",₹4.29 lakh
Ford Figo,Ford,2011,"77,034 km",Petrol,Manual,"EMI ₹38,116/m*",₹1.33 lakh
Skoda Fabia,Skoda,2012,"1,02,555 km",Diesel,Manual,"EMI ₹38,116/m*",₹2.27 lakh
Hyundai Grand i10,Hyundai,2016,"1,44,544 km",Diesel,Manual,"EMI ₹6,820/m*",₹2.59 lakh
Maruti Ritz,Maruti,2012,"99,343 km",Diesel,Manual,"EMI ₹6,820/m*",₹1.72 lakh
Tata Bolt,Tata,2017,"1,15,864 km",Diesel,Manual,"EMI ₹4,160/m*",₹1.87 lakh
Maruti Swift Dzire,Maruti,2016,"37,806 km",Petrol,Manual,"EMI ₹8,898/m*",₹4.00 lakh
Maruti Alto,Maruti,2011,"88,527 km",Petrol,Manual,"EMI ₹8,898/m*",₹1.70 lakh
Mahindra XUV500,Mahindra,2014,"1,25,000 km",Diesel,Manual,"EMI ₹19,300/m*",₹4.10 lakh
Hyundai i10,Hyundai,2011,"40,678 km",Petrol,Manual,"EMI ₹19,300/m*",₹1.40 lakh
Honda City,Honda,2014,"41,059 km",Petrol,Manual,"EMI ₹12,455/m*",₹3.75 lakh
Maruti Swift Dzire,Maruti,2016,"1,18,103 km",Diesel,Manual,"EMI ₹9,954/m*",₹3.78 lakh
Maruti Alto 800,Maruti,2012,"83,185 km",Petrol,Manual,"EMI ₹13,327/m*",₹1.50 lakh
Toyota Etios,Toyota,2014,"1,84,436 km",Diesel,Manual,"EMI ₹11,298/m*",₹2.40 lakh
Maruti Swift,Maruti,2021,"60,964 km",Petrol,Manual,"EMI ₹8,968/m*",₹5.08 lakh
Hyundai i10,Hyundai,2011,"58,703 km",Petrol,Manual,"EMI ₹8,968/m*",₹1.85 lakh
Hyundai GRAND I10 NIOS,Hyundai,2020,"25,060 km",Petrol,Manual,"EMI ₹8,667/m*",₹4.91 lakh
Renault Kwid,Renault,2018,"68,430 km",Petrol,Auto,"EMI ₹4,237/m*",₹2.40 lakh
Honda City,Honda,2012,"1,01,851 km",Petrol,Manual,"EMI ₹19,991/m*",₹2.25 lakh
Ford Fiesta Classic,Ford,2012,"95,597 km",Diesel,Manual,"EMI ₹19,991/m*",₹2.02 lakh
Toyota Etios Liva,Toyota,2014,"56,580 km",Petrol,Manual,"EMI ₹9,931/m*",₹2.99 lakh
Maruti Swift,Maruti,2013,"1,15,316 km",Petrol,Manual,"EMI ₹13,981/m*",₹2.97 lakh
Tata Tiago,Tata,2018,"61,178 km",Petrol,Manual,"EMI ₹6,885/m*",₹3.90 lakh
Volkswagen Polo,Volkswagen,2021,"29,248 km",Petrol,Manual,"EMI ₹12,657/m*",₹7.17 lakh
Skoda Rapid,Skoda,2020,"68,541 km",Petrol,Manual,"EMI ₹11,986/m*",₹6.79 lakh
Tata Indica Vista,Tata,2013,"1,02,322 km",Diesel,Manual,"EMI ₹12,350/m*",₹1.39 lakh
Maruti Wagon R 1.0,Maruti,2013,"39,819 km",Petrol,Manual,"EMI ₹11,062/m*",₹2.35 lakh
Maruti Swift,Maruti,2012,"1,14,634 km",Diesel,Manual,"EMI ₹11,062/m*",₹2.39 lakh
Ford Figo,Ford,2013,"1,01,138 km",Diesel,Manual,"EMI ₹11,728/m*",₹1.32 lakh
Maruti Swift Dzire,Maruti,2011,"1,60,770 km",Petrol,Manual,"EMI ₹11,728/m*",₹1.60 lakh
Ford Fiesta,Ford,2012,"1,01,613 km",Petrol,Manual,"EMI ₹10,484/m*",₹1.18 lakh
Volkswagen TAIGUN,Volkswagen,2021,"1,19,962 km",Petrol,Manual,"EMI ₹22,351/m*",₹10.28 lakh
Maruti Alto,Maruti,2010,"1,20,913 km",Petrol,Manual,"EMI ₹22,351/m*",₹0.95 lakh
Tata NEXON,Tata,2020,"47,882 km",Petrol,Auto,"EMI ₹13,081/m*",₹7.41 lakh
Hyundai AURA,Hyundai,2023,"10,211 km",Petrol,Auto,"EMI ₹12,657/m*",₹7.17 lakh
Maruti Alto,Maruti,2011,"1,43,847 km",Petrol,Manual,"EMI ₹12,657/m*",₹1.04 lakh
Tata PUNCH,Tata,2023,"32,514 km",Petrol,Manual,"EMI ₹11,757/m*",₹6.66 lakh
Maruti Ertiga,Maruti,2016,"80,985 km",Diesel,Manual,"EMI ₹14,563/m*",₹5.53 lakh
Maruti Ciaz,Maruti,2020,"37,248 km",Petrol,Manual,"EMI ₹8,456/m*",₹4.79 lakh
Renault Kwid,Renault,2021,"16,529 km",Petrol,Manual,"EMI ₹6,867/m*",₹3.89 lakh
Mahindra MARAZZO,Mahindra,2019,"97,172 km",Diesel,Manual,"EMI ₹11,474/m*",₹6.50 lakh
Hyundai i20,Hyundai,2013,"1,12,908 km",Petrol,Manual,"EMI ₹13,840/m*",₹2.94 lakh
Maruti Swift,Maruti,2018,"93,772 km",Petrol,Auto,"EMI ₹7,803/m*",₹4.42 lakh
Tata Harrier,Tata,2022,"37,512 km",Diesel,Manual,"EMI ₹26,540/m*",₹15.50 lakh
Nissan Micra Active,Nissan,2013,"92,206 km",Petrol,Manual,"EMI ₹6,826/m*",₹1.45 lakh
Honda City,Honda,2021,"78,763 km",Diesel,Manual,"EMI ₹17,122/m*",₹10.00 lakh
Honda City,Honda,2011,"92,871 km",Petrol,Auto,"EMI ₹17,122/m*",₹2.25 lakh
Mahindra Verito,Mahindra,2012,"1,39,055 km",Diesel,Manual,"EMI ₹17,122/m*",₹1.99 lakh
Maruti Wagon R 1.0,Maruti,2011,"1,20,277 km",Petrol,Manual,"EMI ₹17,122/m*",₹1.43 lakh
Maruti Eeco,Maruti,2017,"29,539 km",Petrol,Manual,"EMI ₹6,061/m*",₹3.10 lakh
Maruti Alto,Maruti,2012,"84,717 km",Petrol,Manual,"EMI ₹11,017/m*",₹1.24 lakh
Maruti Ertiga,Maruti,2018,"1,06,246 km",Diesel,Manual,"EMI ₹17,394/m*",₹8.00 lakh
Maruti Dzire,Maruti,2021,"16,108 km",Petrol,Manual,"EMI ₹11,227/m*",₹6.36 lakh
Hyundai Grand i10,Hyundai,2016,"86,277 km",Petrol,Manual,"EMI ₹7,407/m*",₹3.33 lakh
Mercedes Benz C Class,Mercedes,2012,"84,324 km",Petrol,Auto,"EMI ₹57,752/m*",₹6.50 lakh
Maruti Dzire,Maruti,2018,"69,823 km",Petrol,Manual,"EMI ₹9,797/m*",₹5.55 lakh
Maruti Celerio,Maruti,2016,"81,072 km",Petrol,Auto,"EMI ₹6,117/m*",₹2.75 lakh
Maruti Swift,Maruti,2013,"74,365 km",Petrol,Manual,"EMI ₹14,310/m*",₹3.04 lakh
Skoda Rapid,Skoda,2013,"2,01,655 km",Diesel,Manual,"EMI ₹25,322/m*",₹2.85 lakh
Maruti Vitara Brezza,Maruti,2017,"1,32,362 km",Diesel,Manual,"EMI ₹12,012/m*",₹5.40 lakh
Hyundai i20,Hyundai,2011,"1,52,095 km",Diesel,Manual,"EMI ₹12,012/m*",₹1.84 lakh
Chevrolet Beat,Chevrolet,2013,"1,35,046 km",Diesel,Manual,"EMI ₹8,441/m*",₹0.95 lakh
Maruti Swift,Maruti,2013,"1,63,932 km",Diesel,Manual,"EMI ₹25,500/m*",₹2.87 lakh
Hyundai VENUE,Hyundai,2022,"58,868 km",Diesel,Manual,"EMI ₹14,126/m*",₹8.25 lakh
Maruti Ciaz,Maruti,2016,"1,13,007 km",Diesel,Manual,"EMI ₹13,299/m*",₹5.05 lakh
Volkswagen TAIGUN,Volkswagen,2021,"28,211 km",Petrol,Auto,"EMI ₹17,550/m*",₹10.25 lakh
Skoda Rapid,Skoda,2015,"1,22,387 km",Diesel,Manual,"EMI ₹11,824/m*",₹3.56 lakh
Maruti Swift Dzire,Maruti,2011,"1,32,979 km",Diesel,Manual,"EMI ₹11,824/m*",₹1.99 lakh
Hyundai i20,Hyundai,2011,"1,70,000 km",Diesel,Manual,"EMI ₹11,824/m*",₹2.13 lakh
KIA SELTOS,KIA,2023,"35,109 km",Diesel,Manual,"EMI ₹20,290/m*",₹11.85 lakh
CITROEN C3,CITROEN,2023,"35,550 km",Petrol,Manual,"EMI ₹8,562/m*",₹4.85 lakh
Volkswagen Jetta,Volkswagen,2013,"1,59,968 km",Diesel,Auto,"EMI ₹31,097/m*",₹3.50 lakh
Hyundai Eon,Hyundai,2017,"95,000 km",Petrol,Manual,"EMI ₹3,910/m*",₹2.00 lakh
Maruti XL6,Maruti,2022,"66,348 km",Petrol,Manual,"EMI ₹16,198/m*",₹9.46 lakh
Hyundai Elite i20,Hyundai,2016,"1,08,568 km",Petrol,Manual,"EMI ₹8,898/m*",₹4.00 lakh
Ford Figo,Ford,2012,"1,83,570 km",Diesel,Manual,"EMI ₹8,898/m*",₹1.24 lakh
KIA SONET,KIA,2021,"84,325 km",Petrol,Manual,"EMI ₹12,180/m*",₹6.90 lakh
Maruti Alto K10,Maruti,2013,"84,445 km",Petrol,Manual,"EMI ₹7,673/m*",₹1.63 lakh
Skoda Rapid,Skoda,2015,"1,05,327 km",Diesel,Manual,"EMI ₹12,721/m*",₹3.83 lakh
Hyundai Grand i10,Hyundai,2015,"75,567 km",Petrol,Manual,"EMI ₹8,163/m*",₹3.10 lakh
Ford Fiesta Classic,Ford,2011,"1,85,000 km",Petrol,Manual,"EMI ₹8,163/m*",₹1.63 lakh
Tata Aria,Tata,2011,"71,080 km",Diesel,Manual,"EMI ₹8,163/m*",₹2.45 lakh
Maruti Vitara Brezza,Maruti,2021,"41,721 km",Petrol,Manual,"EMI ₹12,322/m*",₹6.98 lakh
Honda Amaze,Honda,2014,"2,05,548 km",Diesel,Manual,"EMI ₹11,910/m*",₹2.53 lakh
Skoda SLAVIA,Skoda,2023,"26,480 km",Petrol,Auto,"EMI ₹18,955/m*",₹11.07 lakh
Nissan Micra,Nissan,2013,"94,614 km",Diesel,Manual,"EMI ₹18,925/m*",₹2.13 lakh
Mahindra Quanto,Mahindra,2013,"84,364 km",Diesel,Manual,"EMI ₹19,280/m*",₹2.17 lakh
Maruti Swift,Maruti,2011,"1,73,443 km",Diesel,Manual,"EMI ₹19,280/m*",₹1.93 lakh
Skoda Fabia,Skoda,2011,"56,776 km",Diesel,Manual,"EMI ₹19,280/m*",₹2.30 lakh
Skoda Rapid,Skoda,2021,"70,802 km",Petrol,Manual,"EMI ₹12,251/m*",₹6.94 lakh
Tata Indica Vista,Tata,2012,"1,06,229 km",Diesel,Manual,"EMI ₹12,251/m*",₹1.24 lakh
MG ASTOR,MG,2024,"23,394 km",Petrol,Manual,"EMI ₹15,616/m*",₹9.12 lakh
Renault Kwid,Renault,2021,"65,632 km",Petrol,Manual,"EMI ₹6,302/m*",₹3.57 lakh
Toyota Fortuner,Toyota,2018,"62,070 km",Diesel,Auto,"EMI ₹56,474/m*",₹29.67 lakh
Honda City,Honda,2018,"93,958 km",Petrol,Manual,"EMI ₹9,621/m*",₹5.45 lakh
Hyundai Grand i10,Hyundai,2014,"1,12,640 km",Diesel,Manual,"EMI ₹13,651/m*",₹2.90 lakh
Maruti Swift,Maruti,2012,"94,844 km",Diesel,Manual,"EMI ₹13,651/m*",₹2.52 lakh
Tata NEXON,Tata,2024,"7,873 km",Petrol,Auto,"EMI ₹20,992/m*",₹12.26 lakh
Mahindra XUV500,Mahindra,2014,"1,75,331 km",Diesel,Manual,"EMI ₹21,183/m*",₹4.50 lakh
Maruti Dzire,Maruti,2025,"4,862 km",Petrol,Manual,"EMI ₹14,383/m*",₹8.40 lakh
Mahindra XUV500,Mahindra,2016,"1,29,411 km",Diesel,Manual,"EMI ₹17,775/m*",₹6.75 lakh
Maruti Wagon R 1.0,Maruti,2014,"68,005 km",Petrol,Manual,"EMI ₹10,097/m*",₹3.04 lakh
Hyundai Elite i20,Hyundai,2018,"1,38,668 km",Petrol,Manual,"EMI ₹8,898/m*",₹4.00 lakh
Maruti SX4,Maruti,2011,"1,14,081 km",Petrol,Auto,"EMI ₹8,898/m*",₹1.99 lakh
Hyundai Grand i10,Hyundai,2014,"44,610 km",Petrol,Manual,"EMI ₹12,090/m*",₹3.64 lakh
Maruti Ciaz,Maruti,2017,"2,14,357 km",Petrol,Auto,"EMI ₹11,167/m*",₹5.02 lakh
Maruti Celerio,Maruti,2016,"80,673 km",Petrol,Manual,"EMI ₹6,584/m*",₹2.96 lakh
Maruti A Star,Maruti,2013,"76,606 km",Petrol,Auto,"EMI ₹8,756/m*",₹1.86 lakh
Maruti Wagon R 1.0,Maruti,2017,"61,437 km",Petrol,Auto,"EMI ₹6,667/m*",₹3.41 lakh
Maruti Ertiga,Maruti,2018,"96,042 km",Petrol,Manual,"EMI ₹14,742/m*",₹8.61 lakh
Tata Tiago,Tata,2017,"92,836 km",Petrol,Manual,"EMI ₹6,178/m*",₹3.16 lakh
Hyundai i10,Hyundai,2012,"36,536 km",Petrol,Auto,"EMI ₹21,857/m*",₹2.46 lakh
Maruti Celerio,Maruti,2020,"20,630 km",Petrol,Manual,"EMI ₹6,938/m*",₹3.93 lakh
Hyundai Grand i10,Hyundai,2013,"66,163 km",Petrol,Manual,"EMI ₹13,698/m*",₹2.91 lakh
Volkswagen VIRTUS,Volkswagen,2023,"41,843 km",Petrol,Manual,"EMI ₹19,537/m*",₹11.41 lakh
Maruti Ritz,Maruti,2011,"1,33,027 km",Diesel,Manual,"EMI ₹19,537/m*",₹1.93 lakh
Hyundai Grand i10,Hyundai,2014,"34,313 km",Petrol,Manual,"EMI ₹11,226/m*",₹3.38 lakh
Mahindra XUV500,Mahindra,2014,"91,837 km",Diesel,Manual,"EMI ₹20,665/m*",₹4.39 lakh
BMW X1,BMW,2011,"49,696 km",Petrol,Auto,"EMI ₹20,665/m*",₹5.30 lakh
Maruti Swift Dzire,Maruti,2013,"75,670 km",Diesel,Manual,"EMI ₹32,074/m*",₹3.61 lakh
Tata NEXON,Tata,2023,"9,086 km",Petrol,Manual,"EMI ₹15,256/m*",₹8.91 lakh
Renault Duster,Renault,2018,"71,113 km",Diesel,Manual,"EMI ₹13,060/m*",₹6.68 lakh
Volkswagen Vento,Volkswagen,2014,"84,830 km",Petrol,Auto,"EMI ₹11,625/m*",₹3.50 lakh
Maruti Ciaz,Maruti,2017,"95,848 km",Petrol,Manual,"EMI ₹8,407/m*",₹4.30 lakh
Toyota Innova Crysta,Toyota,2021,"1,03,461 km",Diesel,Manual,"EMI ₹34,940/m*",₹16.07 lakh
Maruti Wagon R 1.0,Maruti,2012,"84,182 km",Petrol,Manual,"EMI ₹15,104/m*",₹1.70 lakh
Maruti Swift,Maruti,2011,"1,68,699 km",Diesel,Manual,"EMI ₹15,104/m*",₹1.50 lakh
Maruti Grand Vitara,Maruti,2024,"38,160 km",Petrol,Manual,"EMI ₹15,770/m*",₹9.21 lakh
Ford Fiesta,Ford,2012,"64,250 km",Diesel,Manual,"EMI ₹15,770/m*",₹2.41 lakh
Tata Safari,Tata,2012,"2,19,756 km",Diesel,Manual,"EMI ₹15,770/m*",₹2.98 lakh
Hyundai Elite i20,Hyundai,2014,"1,53,340 km",Petrol,Manual,"EMI ₹11,193/m*",₹3.37 lakh
Hyundai Verna,Hyundai,2015,"1,30,166 km",Diesel,Manual,"EMI ₹13,286/m*",₹4.00 lakh
Maruti Dzire,Maruti,2017,"1,18,534 km",Petrol,Auto,"EMI ₹8,898/m*",₹4.00 lakh
Hyundai Grand i10,Hyundai,2018,"1,11,541 km",Petrol,Manual,"EMI ₹9,810/m*",₹4.41 lakh
Maruti Alto,Maruti,2012,"1,05,586 km",Petrol,Manual,"EMI ₹9,532/m*",₹1.07 lakh
Hyundai Verna,Hyundai,2022,"89,673 km",Diesel,Manual,"EMI ₹16,643/m*",₹9.72 lakh
Renault Duster,Renault,2013,"1,50,043 km",Diesel,Manual,"EMI ₹21,679/m*",₹2.44 lakh
Maruti Celerio,Maruti,2015,"63,089 km",Petrol,Manual,"EMI ₹8,190/m*",₹3.11 lakh
Maruti Ciaz,Maruti,2022,"45,407 km",Petrol,Manual,"EMI ₹13,169/m*",₹7.46 lakh
Maruti Ertiga,Maruti,2020,"1,10,644 km",Petrol,Manual,"EMI ₹16,238/m*",₹7.30 lakh
Maruti Baleno,Maruti,2020,"60,591 km",Petrol,Manual,"EMI ₹9,356/m*",₹5.30 lakh
Tata NEXON,Tata,2024,"16,056 km",Petrol,Auto,"EMI ₹20,256/m*",₹11.83 lakh
Hyundai NEW I20,Hyundai,2021,"66,595 km",Diesel,Manual,"EMI ₹13,328/m*",₹7.55 lakh
Hyundai Santro Xing,Hyundai,2012,"1,16,279 km",Petrol,Manual,"EMI ₹14,482/m*",₹1.63 lakh
Tata NEXON,Tata,2021,"46,837 km",Petrol,Manual,"EMI ₹12,092/m*",₹6.85 lakh
Renault Kwid,Renault,2020,"28,859 km",Petrol,Manual,"EMI ₹6,673/m*",₹3.78 lakh
Mahindra XUV500,Mahindra,2012,"1,42,058 km",Diesel,Manual,"EMI ₹6,673/m*",₹3.04 lakh
Maruti Swift,Maruti,2011,"61,459 km",Petrol,Manual,"EMI ₹6,673/m*",₹2.52 lakh
Hyundai Grand i10,Hyundai,2014,"44,400 km",Petrol,Manual,"EMI ₹11,193/m*",₹3.37 lakh
Maruti Baleno,Maruti,2018,"37,600 km",Petrol,Manual,"EMI ₹9,038/m*",₹5.12 lakh
Renault Kwid,Renault,2022,"43,615 km",Petrol,Manual,"EMI ₹6,125/m*",₹3.47 lakh
Mahindra XUV500,Mahindra,2012,"1,53,570 km",Diesel,Manual,"EMI ₹6,125/m*",₹3.93 lakh
Hyundai Grand i10,Hyundai,2014,"95,596 km",Petrol,Manual,"EMI ₹10,928/m*",₹3.29 lakh
Hyundai Elite i20,Hyundai,2015,"2,64,637 km",Diesel,Manual,"EMI ₹13,950/m*",₹4.20 lakh
Honda City,Honda,2015,"83,268 km",Diesel,Manual,"EMI ₹14,448/m*",₹4.35 lakh
Maruti Celerio,Maruti,2016,"1,86,614 km",Petrol,Manual,"EMI ₹6,896/m*",₹3.10 lakh
Maruti Dzire,Maruti,2017,"80,758 km",Petrol,Manual,"EMI ₹9,110/m*",₹4.66 lakh
Maruti Swift,Maruti,2014,"63,754 km",Petrol,Manual,"EMI ₹10,894/m*",₹3.28 lakh
Mahindra XUV500,Mahindra,2012,"1,90,886 km",Diesel,Manual,"EMI ₹10,894/m*",₹3.20 lakh
Hyundai ALCAZAR,Hyundai,2022,"45,685 km",Petrol,Manual,"EMI ₹20,496/m*",₹11.97 lakh
Maruti Swift,Maruti,2016,"96,351 km",Diesel,Manual,"EMI ₹12,904/m*",₹4.90 lakh
Volkswagen Polo,Volkswagen,2021,"28,623 km",Petrol,Auto,"EMI ₹15,068/m*",₹8.80 lakh
Hyundai i20,Hyundai,2011,"1,68,198 km",Petrol,Manual,"EMI ₹15,068/m*",₹1.80 lakh
Maruti Ertiga,Maruti,2013,"1,39,810 km",Diesel,Manual,"EMI ₹39,005/m*",₹4.39 lakh
Renault Duster,Renault,2013,"1,39,371 km",Diesel,Manual,"EMI ₹28,965/m*",₹3.26 lakh
Hyundai i20,Hyundai,2014,"1,51,637 km",Diesel,Manual,"EMI ₹16,146/m*",₹3.43 lakh
Maruti Swift,Maruti,2023,"18,238 km",Petrol,Auto,"EMI ₹10,751/m*",₹6.09 lakh
Maruti Swift Dzire,Maruti,2017,"40,718 km",Petrol,Manual,"EMI ₹9,149/m*",₹4.68 lakh
Maruti XL6,Maruti,2020,"1,06,848 km",Petrol,Manual,"EMI ₹19,981/m*",₹9.19 lakh
Renault TRIBER,Renault,2023,"42,433 km",Petrol,Manual,"EMI ₹10,539/m*",₹5.97 lakh
Maruti Vitara Brezza,Maruti,2017,"1,33,022 km",Diesel,Manual,"EMI ₹13,703/m*",₹6.16 lakh
Renault TRIBER,Renault,2022,"32,857 km",Petrol,Manual,"EMI ₹11,033/m*",₹6.25 lakh
KIA CARNIVAL,KIA,2020,"1,13,055 km",Diesel,Auto,"EMI ₹42,354/m*",₹19.48 lakh
Skoda Rapid,Skoda,2013,"1,60,000 km",Diesel,Manual,"EMI ₹22,212/m*",₹2.50 lakh
Maruti Baleno,Maruti,2017,"76,733 km",Petrol,Manual,"EMI ₹8,524/m*",₹4.36 lakh
Volkswagen TAIGUN,Volkswagen,2021,"29,642 km",Petrol,Auto,"EMI ₹17,756/m*",₹10.37 lakh
Ford Ecosport,Ford,2019,"47,963 km",Petrol,Manual,"EMI ₹11,262/m*",₹6.38 lakh
Honda City,Honda,2014,"1,85,534 km",Diesel,Manual,"EMI ₹19,677/m*",₹4.18 lakh
Hyundai Elite i20,Hyundai,2016,"71,131 km",Petrol,Manual,"EMI ₹10,166/m*",₹4.57 lakh
Mahindra XUV700,Mahindra,2022,"33,196 km",Diesel,Auto,"EMI ₹41,556/m*",₹24.27 lakh
Maruti New Wagon-R,Maruti,2021,"55,707 km",Petrol,Manual,"EMI ₹6,743/m*",₹3.82 lakh
Tata Tiago,Tata,2020,"59,450 km",Petrol,Manual,"EMI ₹7,661/m*",₹4.34 lakh
Mahindra XUV500,Mahindra,2017,"1,04,238 km",Diesel,Auto,"EMI ₹20,481/m*",₹9.42 lakh
Honda Amaze,Honda,2020,"78,193 km",Petrol,Manual,"EMI ₹8,562/m*",₹4.85 lakh
Maruti Ciaz,Maruti,2017,"1,18,691 km",Diesel,Manual,"EMI ₹11,122/m*",₹5.00 lakh
Hyundai NEW SANTRO,Hyundai,2020,"68,546 km",Petrol,Manual,"EMI ₹6,178/m*",₹3.50 lakh
Volkswagen TAIGUN,Volkswagen,2021,"44,712 km",Petrol,Auto,"EMI ₹20,992/m*",₹12.26 lakh
Maruti Wagon R 1.0,Maruti,2012,"71,575 km",Petrol,Manual,"EMI ₹15,815/m*",₹1.78 lakh
Volkswagen Vento,Volkswagen,2011,"1,17,635 km",Diesel,Manual,"EMI ₹15,815/m*",₹2.14 lakh
Landrover DISCOVERY SPORT,Landrover,2020,"1,33,734 km",Diesel,Auto,"EMI ₹82,621/m*",₹38.00 lakh
Maruti Swift,Maruti,2012,"85,476 km",Petrol,Manual,"EMI ₹22,123/m*",₹2.49 lakh
Maruti Ertiga,Maruti,2020,"1,37,767 km",Petrol,Manual,"EMI ₹18,481/m*",₹8.50 lakh
Honda Amaze,Honda,2013,"55,647 km",Petrol,Manual,"EMI ₹14,687/m*",₹3.12 lakh
Honda Amaze,Honda,2014,"1,46,211 km",Diesel,Manual,"EMI ₹11,957/m*",₹2.54 lakh
Maruti XL6,Maruti,2020,"94,576 km",Petrol,Auto,"EMI ₹17,345/m*",₹10.13 lakh
ISUZU MU-X,ISUZU,2018,"1,84,073 km",Diesel,Auto,"EMI ₹17,807/m*",₹8.19 lakh
Tata Harrier,Tata,2019,"1,11,708 km",Diesel,Manual,"EMI ₹21,047/m*",₹9.68 lakh
Maruti New Wagon-R,Maruti,2021,"1,20,000 km",Petrol,Manual,"EMI ₹9,543/m*",₹4.29 lakh
Tata NEXON,Tata,2022,"43,066 km",Petrol,Auto,"EMI ₹14,366/m*",₹8.39 lakh
Maruti Wagon R 1.0,Maruti,2012,"96,733 km",Petrol,Manual,"EMI ₹21,057/m*",₹2.37 lakh
Maruti S Cross,Maruti,2021,"74,079 km",Petrol,Manual,"EMI ₹11,827/m*",₹6.70 lakh
Mahindra XUV500,Mahindra,2015,"1,48,133 km",Diesel,Manual,"EMI ₹21,290/m*",₹6.41 lakh
Maruti Wagon R 1.0,Maruti,2012,"1,35,164 km",Petrol,Manual,"EMI ₹15,104/m*",₹1.70 lakh
Maruti Swift Dzire,Maruti,2015,"1,09,225 km",Diesel,Manual,"EMI ₹11,625/m*",₹3.50 lakh
Mahindra XUV500,Mahindra,2012,"62,575 km",Diesel,Manual,"EMI ₹11,625/m*",₹3.99 lakh
BMW 3 Series,BMW,2016,"89,206 km",Diesel,Auto,"EMI ₹31,196/m*",₹12.07 lakh
Skoda Octavia,Skoda,2018,"73,230 km",Diesel,Auto,"EMI ₹24,973/m*",₹13.12 lakh
CITROEN C3 AIRCROSS,CITROEN,2023,"49,648 km",Petrol,Manual,"EMI ₹16,129/m*",₹9.42 lakh
Mahindra XUV500,Mahindra,2017,"1,46,969 km",Diesel,Manual,"EMI ₹18,590/m*",₹8.55 lakh
Skoda Octavia,Skoda,2014,"80,316 km",Diesel,Manual,"EMI ₹32,999/m*",₹7.01 lakh
Honda Amaze,Honda,2015,"88,676 km",Petrol,Manual,"EMI ₹9,033/m*",₹3.43 lakh
Mahindra TUV300,Mahindra,2016,"85,549 km",Diesel,Auto,"EMI ₹13,167/m*",₹5.00 lakh
Hyundai Elite i20,Hyundai,2015,"1,49,882 km",Diesel,Manual,"EMI ₹15,345/m*",₹4.62 lakh
Tata Harrier,Tata,2020,"64,645 km",Diesel,Auto,"EMI ₹25,119/m*",₹14.67 lakh
Honda City,Honda,2017,"1,36,552 km",Petrol,Auto,"EMI ₹14,459/m*",₹6.50 lakh
Volkswagen Vento,Volkswagen,2011,"1,16,844 km",Petrol,Manual,"EMI ₹14,459/m*",₹2.18 lakh
Tata ALTROZ,Tata,2020,"72,603 km",Petrol,Manual,"EMI ₹10,733/m*",₹6.08 lakh
Maruti Baleno,Maruti,2018,"72,673 km",Petrol,Manual,"EMI ₹8,650/m*",₹4.90 lakh
Tata NEXON,Tata,2021,"52,682 km",Petrol,Manual,"EMI ₹13,663/m*",₹7.74 lakh
Maruti Swift Dzire,Maruti,2015,"54,704 km",Petrol,Manual,"EMI ₹13,035/m*",₹4.95 lakh
Hyundai Verna,Hyundai,2022,"39,119 km",Petrol,Manual,"EMI ₹15,410/m*",₹9.00 lakh
Mahindra E VERITO,Mahindra,2019,"86,554 km",Electric,Auto,"EMI ₹5,296/m*",₹3.00 lakh
Hyundai Verna,Hyundai,2025,"10,751 km",Petrol,Manual,"EMI ₹24,091/m*",₹14.07 lakh
Hyundai Verna,Hyundai,2014,"63,000 km",Petrol,Manual,"EMI ₹11,824/m*",₹3.56 lakh
Renault Duster,Renault,2017,"1,54,280 km",Diesel,Auto,"EMI ₹12,234/m*",₹5.50 lakh
Tata NEXON,Tata,2021,"29,465 km",Petrol,Manual,"EMI ₹13,593/m*",₹7.70 lakh
Ford Figo,Ford,2013,"38,981 km",Petrol,Manual,"EMI ₹9,415/m*",₹2.00 lakh
Ford Fiesta Classic,Ford,2011,"2,04,458 km",Diesel,Manual,"EMI ₹9,415/m*",₹1.42 lakh
MG HECTOR,MG,2020,"19,20,000 km",Diesel,Manual,"EMI ₹19,568/m*",₹9.00 lakh
Maruti Swift,Maruti,2012,"98,613 km",Petrol,Manual,"EMI ₹24,078/m*",₹2.71 lakh
Maruti Swift,Maruti,2019,"72,434 km",Petrol,Manual,"EMI ₹7,944/m*",₹4.50 lakh
Volkswagen Polo,Volkswagen,2016,"82,637 km",Petrol,Auto,"EMI ₹9,966/m*",₹4.48 lakh
Honda Jazz,Honda,2016,"67,158 km",Petrol,Auto,"EMI ₹9,765/m*",₹4.39 lakh
Hyundai Elite i20,Hyundai,2017,"57,934 km",Petrol,Manual,"EMI ₹8,407/m*",₹4.30 lakh
Maruti Vitara Brezza,Maruti,2020,"97,038 km",Petrol,Manual,"EMI ₹10,592/m*",₹6.00 lakh
Honda City,Honda,2014,"84,113 km",Petrol,Auto,"EMI ₹15,445/m*",₹4.65 lakh
Maruti Ertiga,Maruti,2020,"1,27,929 km",Petrol,Manual,"EMI ₹20,699/m*",₹9.52 lakh
Tata Tiago,Tata,2022,"25,782 km",Petrol,Manual,"EMI ₹8,826/m*",₹5.00 lakh
Honda City,Honda,2017,"1,28,407 km",Petrol,Auto,"EMI ₹12,457/m*",₹5.60 lakh
Maruti Celerio,Maruti,2023,"33,673 km",Petrol,Manual,"EMI ₹7,855/m*",₹4.45 lakh
Ford FREESTYLE,Ford,2020,"60,623 km",Petrol,Manual,"EMI ₹8,685/m*",₹4.92 lakh
Nissan Kicks,Nissan,2022,"26,407 km",Petrol,Manual,"EMI ₹10,998/m*",₹6.23 lakh
Tata NEXON,Tata,2021,"31,893 km",Petrol,Manual,"EMI ₹13,981/m*",₹7.92 lakh
Maruti Alto K10,Maruti,2015,"63,549 km",Petrol,Manual,"EMI ₹6,583/m*",₹2.50 lakh
Maruti Ertiga,Maruti,2015,"1,13,564 km",Diesel,Manual,"EMI ₹18,268/m*",₹5.50 lakh
Hyundai Creta,Hyundai,2020,"67,472 km",Diesel,Manual,"EMI ₹16,677/m*",₹9.74 lakh
Renault Kwid,Renault,2020,"33,028 km",Petrol,Auto,"EMI ₹7,061/m*",₹4.00 lakh
Hyundai Creta,Hyundai,2015,"2,25,826 km",Diesel,Auto,"EMI ₹21,589/m*",₹6.50 lakh
Honda Jazz,Honda,2015,"1,93,553 km",Petrol,Auto,"EMI ₹9,217/m*",₹3.50 lakh
Honda City,Honda,2011,"1,05,761 km",Petrol,Manual,"EMI ₹9,217/m*",₹2.58 lakh
Maruti Celerio X,Maruti,2018,"78,134 km",Petrol,Manual,"EMI ₹5,631/m*",₹3.19 lakh
Force Motors GURKHA,Force,2023,"34,532 km",Diesel,Manual,"EMI ₹22,122/m*",₹12.92 lakh
Hyundai Verna,Hyundai,2023,"8,371 km",Petrol,Manual,"EMI ₹21,266/m*",₹12.42 lakh
Hyundai New Elantra,Hyundai,2013,"1,47,393 km",Diesel,Auto,"EMI ₹39,538/m*",₹4.45 lakh
BMW X1,BMW,2011,"93,513 km",Petrol,Auto,"EMI ₹39,538/m*",₹5.21 lakh
Maruti Baleno,Maruti,2016,"72,882 km",Diesel,Manual,"EMI ₹12,877/m*",₹4.89 lakh
Volkswagen VIRTUS,Volkswagen,2024,"13,490 km",Petrol,Auto,"EMI ₹23,475/m*",₹13.71 lakh
Maruti Baleno,Maruti,2015,"62,438 km",Petrol,Manual,"EMI ₹10,323/m*",₹3.92 lakh
Nissan Sunny,Nissan,2013,"96,756 km",Petrol,Manual,"EMI ₹14,922/m*",₹3.17 lakh
Nissan MAGNITE,Nissan,2021,"48,980 km",Petrol,Manual,"EMI ₹8,950/m*",₹5.07 lakh
Hyundai GRAND I10 NIOS,Hyundai,2024,"10,766 km",Petrol,Auto,"EMI ₹10,645/m*",₹6.03 lakh
Honda ELEVATE,Honda,2024,"20,786 km",Petrol,Auto,"EMI ₹26,112/m*",₹15.25 lakh
Toyota Innova,Toyota,2012,"2,50,000 km",Diesel,Manual,"EMI ₹26,112/m*",₹5.68 lakh
Skoda Superb,Skoda,2012,"1,12,000 km",Diesel,Auto,"EMI ₹26,112/m*",₹4.50 lakh
Volkswagen Vento,Volkswagen,2016,"1,25,587 km",Diesel,Auto,"EMI ₹12,166/m*",₹4.62 lakh
Chevrolet Spark,Chevrolet,2011,"87,156 km",Petrol,Manual,"EMI ₹12,166/m*",₹0.70 lakh
Ford Classic,Ford,2012,"1,85,163 km",Diesel,Manual,"EMI ₹12,166/m*",₹1.65 lakh
Tata NEXON,Tata,2022,"49,464 km",Petrol,Manual,"EMI ₹11,977/m*",₹6.79 lakh
Skoda KUSHAQ,Skoda,2021,"40,500 km",Petrol,Manual,"EMI ₹14,982/m*",₹8.75 lakh
Honda City,Honda,2014,"96,445 km",Petrol,Auto,"EMI ₹15,079/m*",₹4.54 lakh
Toyota Innova Crysta,Toyota,2017,"1,35,959 km",Diesel,Manual,"EMI ₹29,678/m*",₹13.65 lakh
Nissan MAGNITE,Nissan,2023,"26,964 km",Petrol,Auto,"EMI ₹13,081/m*",₹7.41 lakh
Maruti Alto,Maruti,2021,"31,714 km",Petrol,Manual,"EMI ₹5,772/m*",₹3.27 lakh
Mahindra XUV700,Mahindra,2023,"60,253 km",Diesel,Auto,"EMI ₹35,341/m*",₹20.64 lakh
Honda City,Honda,2015,"1,47,239 km",Petrol,Manual,"EMI ₹11,324/m*",₹4.30 lakh
Ford Ecosport,Ford,2018,"68,459 km",Petrol,Auto,"EMI ₹11,580/m*",₹6.56 lakh
Tata NEXON,Tata,2022,"3,186 km",Petrol,Manual,"EMI ₹14,212/m*",₹8.30 lakh
Honda City,Honda,2014,"1,14,468 km",Petrol,Manual,"EMI ₹14,382/m*",₹4.33 lakh
Hyundai Elite i20,Hyundai,2018,"1,26,550 km",Diesel,Manual,"EMI ₹9,921/m*",₹4.46 lakh
Volkswagen Vento,Volkswagen,2013,"1,64,971 km",Diesel,Manual,"EMI ₹23,811/m*",₹2.68 lakh
Mahindra Xylo,Mahindra,2011,"1,55,413 km",Diesel,Manual,"EMI ₹23,811/m*",₹2.54 lakh
Maruti Swift,Maruti,2011,"98,913 km",Petrol,Manual,"EMI ₹23,811/m*",₹3.10 lakh
Tata Tiago,Tata,2018,"1,23,872 km",Petrol,Auto,"EMI ₹8,008/m*",₹3.60 lakh
Maruti Swift,Maruti,2020,"76,549 km",Petrol,Auto,"EMI ₹10,256/m*",₹5.81 lakh
Hyundai i10,Hyundai,2014,"36,655 km",Petrol,Manual,"EMI ₹10,296/m*",₹3.10 lakh
Hyundai i20,Hyundai,2011,"83,253 km",Petrol,Manual,"EMI ₹10,296/m*",₹1.83 lakh
Maruti Ertiga,Maruti,2016,"54,728 km",Petrol,Manual,"EMI ₹13,347/m*",₹6.00 lakh
Skoda Rapid,Skoda,2017,"1,00,096 km",Diesel,Manual,"EMI ₹12,457/m*",₹5.60 lakh
Hyundai i10,Hyundai,2013,"36,739 km",Petrol,Auto,"EMI ₹16,146/m*",₹3.43 lakh
Maruti Swift,Maruti,2015,"62,065 km",Petrol,Manual,"EMI ₹10,139/m*",₹3.85 lakh
Mahindra SCORPIO-N,Mahindra,2023,"44,694 km",Petrol,Auto,"EMI ₹28,252/m*",₹16.50 lakh
Ford Ecosport,Ford,2013,"1,32,225 km",Diesel,Manual,"EMI ₹24,345/m*",₹2.74 lakh
Mahindra Scorpio,Mahindra,2014,"12,682 km",Diesel,Manual,"EMI ₹21,230/m*",₹4.51 lakh
Hyundai VENUE,Hyundai,2019,"37,800 km",Petrol,Manual,"EMI ₹12,357/m*",₹7.00 lakh
Maruti IGNIS,Maruti,2022,"80,287 km",Petrol,Manual,"EMI ₹7,944/m*",₹4.50 lakh
KIA SONET,KIA,2022,"31,785 km",Petrol,Manual,"EMI ₹15,102/m*",₹8.82 lakh
Hyundai Elite i20,Hyundai,2018,"92,747 km",Diesel,Manual,"EMI ₹11,065/m*",₹5.66 lakh
Mahindra XUV500,Mahindra,2014,"1,00,389 km",Diesel,Manual,"EMI ₹21,136/m*",₹4.49 lakh
Hyundai Grand i10,Hyundai,2015,"73,565 km",Petrol,Manual,"EMI ₹8,637/m*",₹3.28 lakh
Audi A6,Audi,2014,"66,665 km",Diesel,Auto,"EMI ₹36,482/m*",₹7.75 lakh
Maruti Eeco,Maruti,2024,"5,710 km",Petrol,Manual,"EMI ₹8,985/m*",₹5.09 lakh
Maruti XL6,Maruti,2022,"49,349 km",Petrol,Manual,"EMI ₹17,585/m*",₹10.27 lakh
Maruti Celerio,Maruti,2018,"55,017 km",Petrol,Auto,"EMI ₹6,178/m*",₹3.50 lakh
Maruti S PRESSO,Maruti,2021,"20,169 km",Petrol,Manual,"EMI ₹6,479/m*",₹3.67 lakh
Hyundai NEW I20 N LINE,Hyundai,2021,"42,810 km",Petrol,Manual,"EMI ₹13,169/m*",₹7.46 lakh
Honda City,Honda,2015,"47,664 km",Petrol,Manual,"EMI ₹10,481/m*",₹3.98 lakh
Hyundai GRAND I10 NIOS,Hyundai,2022,"39,712 km",Petrol,Manual,"EMI ₹9,285/m*",₹5.26 lakh
Toyota Glanza,Toyota,2024,"40,952 km",Petrol,Manual,"EMI ₹10,009/m*",₹5.67 lakh
Tata PUNCH,Tata,2021,"34,972 km",Petrol,Auto,"EMI ₹11,474/m*",₹6.50 lakh
Ford Figo Aspire,Ford,2019,"1,53,247 km",Petrol,Manual,"EMI ₹8,275/m*",₹3.72 lakh
Hyundai Elite i20,Hyundai,2017,"1,10,297 km",Petrol,Manual,"EMI ₹10,255/m*",₹4.61 lakh
MG ASTOR,MG,2023,"6,194 km",Petrol,Manual,"EMI ₹19,383/m*",₹11.32 lakh
Hyundai Creta,Hyundai,2015,"1,97,610 km",Diesel,Auto,"EMI ₹23,250/m*",₹7.00 lakh
Maruti Dzire,Maruti,2017,"67,404 km",Diesel,Auto,"EMI ₹16,683/m*",₹7.50 lakh
Hyundai Elite i20,Hyundai,2015,"76,828 km",Diesel,Manual,"EMI ₹15,345/m*",₹4.62 lakh
KIA CARENS,KIA,2022,"88,538 km",Diesel,Auto,"EMI ₹21,403/m*",₹12.50 lakh
Tata NEXON,Tata,2024,"33,892 km",Petrol,Auto,"EMI ₹19,160/m*",₹11.19 lakh
Hyundai Verna,Hyundai,2014,"80,000 km",Diesel,Manual,"EMI ₹19,065/m*",₹4.05 lakh
Maruti Baleno,Maruti,2023,"2,199 km",Petrol,Auto,"EMI ₹13,938/m*",₹8.14 lakh
Skoda SLAVIA,Skoda,2022,"63,339 km",Petrol,Manual,"EMI ₹15,205/m*",₹8.88 lakh
CITROEN C3,CITROEN,2022,"72,063 km",Petrol,Manual,"EMI ₹8,279/m*",₹4.69 lakh
Mahindra XUV500,Mahindra,2020,"1,15,088 km",Diesel,Manual,"EMI ₹28,048/m*",₹12.90 lakh
Hyundai Elite i20,Hyundai,2017,"1,03,535 km",Petrol,Manual,"EMI ₹9,320/m*",₹4.19 lakh
Mahindra XUV300,Mahindra,2020,"1,53,511 km",Diesel,Auto,"EMI ₹15,571/m*",₹7.00 lakh
Jeep Compass,Jeep,2017,"1,50,370 km",Diesel,Manual,"EMI ₹18,264/m*",₹8.40 lakh
Maruti Alto K10,Maruti,2018,"14,563 km",Petrol,Auto,"EMI ₹5,437/m*",₹3.08 lakh
Hyundai Verna,Hyundai,2019,"97,001 km",Diesel,Manual,"EMI ₹14,016/m*",₹7.94 lakh
Hyundai Elite i20,Hyundai,2015,"2,04,955 km",Petrol,Manual,"EMI ₹10,507/m*",₹3.99 lakh
Hyundai Elite i20,Hyundai,2018,"2,35,001 km",Diesel,Manual,"EMI ₹12,212/m*",₹5.49 lakh
Maruti Baleno,Maruti,2018,"68,295 km",Petrol,Manual,"EMI ₹8,826/m*",₹5.00 lakh
Hyundai NEW I20,Hyundai,2024,"24,260 km",Petrol,Auto,"EMI ₹15,239/m*",₹8.90 lakh
Hyundai GRAND I10 NIOS,Hyundai,2022,"60,000 km",Petrol,Manual,"EMI ₹9,780/m*",₹5.54 lakh
Maruti XL6,Maruti,2020,"96,803 km",Petrol,Auto,"EMI ₹15,547/m*",₹9.08 lakh
Hyundai i10,Hyundai,2010,"78,438 km",Petrol,Manual,"EMI ₹15,547/m*",₹1.65 lakh
Tata Tiago,Tata,2021,"79,504 km",Petrol,Auto,"EMI ₹9,268/m*",₹5.25 lakh
Tata Harrier,Tata,2021,"78,785 km",Diesel,Auto,"EMI ₹23,886/m*",₹13.95 lakh
Skoda KUSHAQ,Skoda,2021,"60,636 km",Petrol,Auto,"EMI ₹17,636/m*",₹10.30 lakh
KIA SONET,KIA,2022,"51,376 km",Petrol,Manual,"EMI ₹16,009/m*",₹9.35 lakh
Mahindra XUV500,Mahindra,2012,"3,27,672 km",Diesel,Manual,"EMI ₹16,009/m*",₹3.85 lakh
Maruti Vitara Brezza,Maruti,2017,"1,13,309 km",Diesel,Manual,"EMI ₹13,769/m*",₹6.19 lakh
Honda City,Honda,2016,"1,53,263 km",Petrol,Auto,"EMI ₹9,454/m*",₹4.25 lakh
Hyundai New Elantra,Hyundai,2014,"1,73,837 km",Diesel,Manual,"EMI ₹18,029/m*",₹3.83 lakh
Mahindra TUV300,Mahindra,2019,"1,28,291 km",Diesel,Manual,"EMI ₹15,949/m*",₹7.17 lakh
Hyundai Elite i20,Hyundai,2019,"61,045 km",Petrol,Manual,"EMI ₹9,815/m*",₹5.56 lakh
Nissan MAGNITE,Nissan,2022,"42,451 km",Petrol,Auto,"EMI ₹12,092/m*",₹6.85 lakh
Maruti Baleno,Maruti,2021,"43,123 km",Petrol,Auto,"EMI ₹10,556/m*",₹5.98 lakh
Tata ALTROZ,Tata,2022,"40,433 km",Petrol,Auto,"EMI ₹12,710/m*",₹7.20 lakh
Ford Ecosport,Ford,2013,"1,77,944 km",Diesel,Manual,"EMI ₹27,543/m*",₹3.10 lakh
Toyota Innova Crysta,Toyota,2017,"2,00,204 km",Diesel,Manual,"EMI ₹35,962/m*",₹16.54 lakh
Tata Aria,Tata,2011,"1,50,000 km",Diesel,Manual,"EMI ₹35,962/m*",₹2.77 lakh
KIA SONET,KIA,2020,"54,148 km",Petrol,Manual,"EMI ₹13,751/m*",₹7.79 lakh
Maruti Swift,Maruti,2012,"1,41,833 km",Diesel,Manual,"EMI ₹13,751/m*",₹2.58 lakh
Tata Harrier,Tata,2022,"41,914 km",Diesel,Auto,"EMI ₹27,362/m*",₹15.98 lakh
Maruti S PRESSO,Maruti,2022,"31,173 km",Petrol,Manual,"EMI ₹7,167/m*",₹4.06 lakh
Hyundai Grand i10,Hyundai,2018,"91,899 km",Petrol,Manual,"EMI ₹7,326/m*",₹4.15 lakh
Maruti XL6,Maruti,2020,"1,22,203 km",Petrol,Auto,"EMI ₹19,503/m*",₹8.97 lakh
Maruti Ertiga,Maruti,2019,"64,745 km",Diesel,Manual,"EMI ₹17,533/m*",₹10.24 lakh
Maruti Swift,Maruti,2014,"26,000 km",Petrol,Manual,"EMI ₹11,625/m*",₹3.50 lakh
Tata Hexa,Tata,2018,"1,82,899 km",Diesel,Manual,"EMI ₹14,993/m*",₹6.74 lakh
Maruti XL6,Maruti,2021,"1,06,331 km",Petrol,Manual,"EMI ₹17,195/m*",₹7.73 lakh
Maruti Swift Dzire,Maruti,2016,"98,601 km",Petrol,Manual,"EMI ₹9,498/m*",₹4.27 lakh
Maruti New Wagon-R,Maruti,2021,"67,600 km",Petrol,Manual,"EMI ₹7,591/m*",₹4.30 lakh
Maruti Vitara Brezza,Maruti,2018,"1,59,297 km",Diesel,Manual,"EMI ₹15,126/m*",₹6.80 lakh
Mahindra XUV500,Mahindra,2016,"1,99,287 km",Diesel,Manual,"EMI ₹13,167/m*",₹5.00 lakh
Hyundai GRAND I10 NIOS,Hyundai,2022,"26,676 km",Petrol,Manual,"EMI ₹9,303/m*",₹5.27 lakh
Hyundai Elite i20,Hyundai,2019,"71,648 km",Petrol,Manual,"EMI ₹9,462/m*",₹5.36 lakh
Skoda KUSHAQ,Skoda,2024,"32,482 km",Petrol,Manual,"EMI ₹20,975/m*",₹12.25 lakh
Hyundai Elite i20,Hyundai,2015,"1,26,053 km",Petrol,Manual,"EMI ₹10,060/m*",₹3.82 lakh
Toyota Innova Crysta,Toyota,2016,"1,00,529 km",Diesel,Manual,"EMI ₹33,418/m*",₹12.93 lakh
Maruti S Cross,Maruti,2021,"84,432 km",Petrol,Manual,"EMI ₹12,357/m*",₹7.00 lakh
Maruti Wagon R 1.0,Maruti,2016,"50,385 km",Petrol,Manual,"EMI ₹23,221/m*",₹10.68 lakh
Maruti S PRESSO,Maruti,2022,"31,415 km",Petrol,Manual,"EMI ₹6,549/m*",₹3.71 lakh
Hyundai i20 Active,Hyundai,2015,"98,368 km",Petrol,Manual,"EMI ₹10,112/m*",₹3.84 lakh
Volkswagen Polo,Volkswagen,2015,"1,50,381 km",Petrol,Manual,"EMI ₹12,640/m*",₹4.80 lakh
Fiat Grand Punto,Fiat,2012,"1,20,000 km",Diesel,Manual,"EMI ₹12,640/m*",₹1.60 lakh
Mahindra Thar,Mahindra,2023,"14,313 km",Petrol,Auto,"EMI ₹20,153/m*",₹11.77 lakh
Maruti Baleno,Maruti,2016,"88,121 km",Petrol,Manual,"EMI ₹9,120/m*",₹4.10 lakh
Maruti Dzire,Maruti,2017,"1,36,615 km",Diesel,Manual,"EMI ₹12,457/m*",₹5.60 lakh
Maruti Baleno,Maruti,2018,"52,320 km",Petrol,Manual,"EMI ₹9,162/m*",₹5.19 lakh
Mahindra XUV 3XO,Mahindra,2024,"37,000 km",Petrol,Auto,"EMI ₹19,691/m*",₹11.50 lakh
Volkswagen Jetta,Volkswagen,2012,"1,60,650 km",Diesel,Manual,"EMI ₹19,691/m*",₹3.86 lakh
Maruti Ciaz,Maruti,2022,"54,388 km",Petrol,Manual,"EMI ₹12,357/m*",₹7.00 lakh
Hyundai Grand i10,Hyundai,2018,"49,258 km",Petrol,Auto,"EMI ₹8,456/m*",₹4.79 lakh
Honda Amaze,Honda,2022,"31,983 km",Petrol,Auto,"EMI ₹12,357/m*",₹7.00 lakh
Maruti Alto,Maruti,2025,"4,863 km",Petrol,Manual,"EMI ₹7,608/m*",₹4.31 lakh
Maruti Baleno,Maruti,2021,"69,693 km",Petrol,Manual,"EMI ₹10,539/m*",₹5.97 lakh
Hyundai Grand i10,Hyundai,2018,"27,486 km",Petrol,Manual,"EMI ₹7,697/m*",₹4.36 lakh
Maruti Swift Dzire,Maruti,2014,"1,10,826 km",Diesel,Manual,"EMI ₹18,029/m*",₹3.83 lakh
Ford Ecosport,Ford,2013,"90,515 km",Diesel,Manual,"EMI ₹31,808/m*",₹3.58 lakh
Maruti Ertiga,Maruti,2016,"1,31,160 km",Diesel,Manual,"EMI ₹13,931/m*",₹5.29 lakh
Mahindra XUV300,Mahindra,2020,"2,11,066 km",Diesel,Manual,"EMI ₹14,303/m*",₹6.43 lakh
Mahindra XUV700,Mahindra,2023,"80,438 km",Diesel,Auto,"EMI ₹34,142/m*",₹19.94 lakh
Maruti Baleno,Maruti,2021,"92,904 km",Petrol,Manual,"EMI ₹10,239/m*",₹5.80 lakh
Hyundai Creta,Hyundai,2017,"93,061 km",Petrol,Auto,"EMI ₹14,076/m*",₹7.20 lakh
Maruti Swift,Maruti,2023,"21,565 km",Petrol,Manual,"EMI ₹10,839/m*",₹6.14 lakh
Renault Duster,Renault,2013,"1,67,058 km",Diesel,Manual,"EMI ₹27,810/m*",₹3.13 lakh
Hyundai NEW I20 N LINE,Hyundai,2021,"66,026 km",Petrol,Manual,"EMI ₹13,240/m*",₹7.50 lakh
Honda WR-V,Honda,2018,"2,11,555 km",Diesel,Manual,"EMI ₹13,213/m*",₹5.94 lakh
Audi Q3,Audi,2016,"1,40,197 km",Diesel,Auto,"EMI ₹39,725/m*",₹15.37 lakh
Hyundai GRAND I10 NIOS,Hyundai,2024,"11,155 km",Petrol,Auto,"EMI ₹11,474/m*",₹6.50 lakh
Mahindra BOLERO NEO,Mahindra,2023,"87,098 km",Diesel,Manual,"EMI ₹17,722/m*",₹10.35 lakh
Hyundai Grand i10,Hyundai,2017,"66,560 km",Petrol,Manual,"EMI ₹7,527/m*",₹3.85 lakh
Maruti Baleno,Maruti,2021,"96,676 km",Petrol,Manual,"EMI ₹9,462/m*",₹5.36 lakh
Maruti BREZZA,Maruti,2022,"91,320 km",Petrol,Manual,"EMI ₹12,869/m*",₹7.29 lakh
Hyundai Elite i20,Hyundai,2016,"69,605 km",Petrol,Manual,"EMI ₹10,099/m*",₹4.54 lakh
Volkswagen TAIGUN,Volkswagen,2023,"23,804 km",Petrol,Manual,"EMI ₹22,259/m*",₹13.00 lakh
Hyundai NEW I20,Hyundai,2022,"28,336 km",Petrol,Auto,"EMI ₹14,845/m*",₹8.67 lakh
Ford Ecosport,Ford,2016,"72,574 km",Diesel,Manual,"EMI ₹12,640/m*",₹4.80 lakh
Tata NEXON,Tata,2021,"59,711 km",Petrol,Manual,"EMI ₹13,769/m*",₹7.80 lakh
Mahindra XUV500,Mahindra,2019,"1,11,639 km",Diesel,Auto,"EMI ₹20,764/m*",₹9.55 lakh
Maruti Ciaz,Maruti,2014,"50,035 km",Petrol,Manual,"EMI ₹14,216/m*",₹4.28 lakh
Tata TIAGO EV,Tata,2024,"6,276 km",Electric,Auto,"EMI ₹11,827/m*",₹6.70 lakh
Mahindra XUV300,Mahindra,2020,"82,903 km",Petrol,Manual,"EMI ₹12,480/m*",₹7.07 lakh
Hyundai Elite i20,Hyundai,2017,"81,820 km",Diesel,Manual,"EMI ₹11,478/m*",₹5.16 lakh
BMW 3 Series,BMW,2015,"1,14,581 km",Diesel,Auto,"EMI ₹42,790/m*",₹13.07 lakh
KIA SELTOS,KIA,2020,"49,279 km",Petrol,Auto,"EMI ₹18,715/m*",₹10.93 lakh
Toyota Glanza,Toyota,2019,"81,316 km",Petrol,Manual,"EMI ₹9,038/m*",₹5.12 lakh
Honda City,Honda,2016,"99,294 km",Petrol,Manual,"EMI ₹10,967/m*",₹4.93 lakh
Hyundai Verna,Hyundai,2020,"1,02,554 km",Petrol,Manual,"EMI ₹17,395/m*",₹7.82 lakh
Hyundai GRAND I10 NIOS,Hyundai,2020,"85,172 km",Petrol,Auto,"EMI ₹9,268/m*",₹5.25 lakh
Toyota Innova Crysta,Toyota,2017,"1,49,207 km",Diesel,Manual,"EMI ₹29,352/m*",₹13.50 lakh
Tata ALTROZ,Tata,2023,"42,679 km",Petrol,Manual,"EMI ₹13,204/m*",₹7.48 lakh
Maruti S PRESSO,Maruti,2023,"32,553 km",Petrol,Manual,"EMI ₹7,273/m*",₹4.12 lakh
Ford Ecosport,Ford,2018,"1,20,270 km",Diesel,Manual,"EMI ₹15,838/m*",₹7.12 lakh
Tata Indica Vista,Tata,2011,"2,09,292 km",Diesel,Manual,"EMI ₹15,838/m*",₹1.00 lakh
Maruti Swift,Maruti,2023,"61,339 km",Petrol,Manual,"EMI ₹10,115/m*",₹5.73 lakh
Hyundai VENUE,Hyundai,2019,"84,000 km",Petrol,Auto,"EMI ₹14,143/m*",₹8.26 lakh
Mahindra XUV300,Mahindra,2020,"76,593 km",Diesel,Manual,"EMI ₹14,999/m*",₹8.76 lakh
Mahindra XUV500,Mahindra,2019,"1,48,186 km",Diesel,Manual,"EMI ₹18,938/m*",₹8.71 lakh
Hyundai AURA,Hyundai,2021,"1,06,292 km",Diesel,Auto,"EMI ₹13,369/m*",₹6.01 lakh
Ford Ecosport,Ford,2015,"1,00,983 km",Diesel,Manual,"EMI ₹13,585/m*",₹4.09 lakh
Volkswagen T-ROC,Volkswagen,2020,"90,783 km",Petrol,Auto,"EMI ₹19,759/m*",₹11.54 lakh
Ford Ecosport,Ford,2021,"83,227 km",Diesel,Manual,"EMI ₹17,482/m*",₹10.21 lakh
Toyota Innova,Toyota,2012,"1,80,725 km",Diesel,Manual,"EMI ₹17,482/m*",₹5.25 lakh
Hyundai Verna,Hyundai,2019,"54,681 km",Petrol,Auto,"EMI ₹15,239/m*",₹8.90 lakh
Maruti Ertiga,Maruti,2025,"47,097 km",Petrol,Manual,"EMI ₹18,989/m*",₹11.09 lakh
Maruti Baleno,Maruti,2017,"79,617 km",Petrol,Manual,"EMI ₹8,837/m*",₹4.52 lakh
Maruti New Wagon-R,Maruti,2022,"10,165 km",Petrol,Auto,"EMI ₹9,621/m*",₹5.45 lakh
Maruti Baleno,Maruti,2019,"42,465 km",Petrol,Manual,"EMI ₹8,703/m*",₹4.93 lakh
Ford Ecosport,Ford,2016,"46,820 km",Diesel,Manual,"EMI ₹16,538/m*",₹6.28 lakh
Volvo XC 90,Volvo,2012,"1,15,749 km",Diesel,Auto,"EMI ₹16,538/m*",₹5.71 lakh
Tata Harrier,Tata,2019,"1,61,588 km",Diesel,Manual,"EMI ₹26,374/m*",₹12.13 lakh
Hyundai GRAND I10 NIOS,Hyundai,2021,"65,738 km",Petrol,Manual,"EMI ₹8,897/m*",₹5.04 lakh
KIA SONET,KIA,2021,"52,000 km",Petrol,Manual,"EMI ₹12,904/m*",₹7.31 lakh
Maruti Swift,Maruti,2023,"22,329 km",Petrol,Manual,"EMI ₹11,086/m*",₹6.28 lakh
Maruti Ertiga,Maruti,2015,"1,00,817 km",Diesel,Manual,"EMI ₹18,268/m*",₹5.50 lakh
Hyundai VENUE,Hyundai,2022,"75,517 km",Petrol,Manual,"EMI ₹13,240/m*",₹7.50 lakh
KIA SELTOS,KIA,2023,"47,375 km",Diesel,Auto,"EMI ₹28,064/m*",₹16.39 lakh
Renault Captur,Renault,2019,"27,840 km",Diesel,Manual,"EMI ₹11,245/m*",₹6.37 lakh
Toyota Fortuner,Toyota,2013,"1,16,638 km",Diesel,Manual,"EMI ₹96,188/m*",₹10.88 lakh
Hyundai EXTER,Hyundai,2024,"43,977 km",Petrol,Manual,"EMI ₹12,357/m*",₹7.00 lakh
Toyota Innova Crysta,Toyota,2018,"2,56,645 km",Diesel,Manual,"EMI ₹35,745/m*",₹16.44 lakh
Toyota Glanza,Toyota,2019,"1,01,000 km",Petrol,Manual,"EMI ₹12,635/m*",₹5.68 lakh
BMW X1,BMW,2017,"1,22,518 km",Diesel,Auto,"EMI ₹31,940/m*",₹14.69 lakh
Mahindra XUV700,Mahindra,2022,"52,813 km",Diesel,Auto,"EMI ₹27,122/m*",₹15.84 lakh
Landrover DISCOVERY SPORT,Landrover,2016,"52,254 km",Petrol,Auto,"EMI ₹33,831/m*",₹15.56 lakh
Hyundai NEW SANTRO,Hyundai,2019,"31,593 km",Petrol,Manual,"EMI ₹7,697/m*",₹4.36 lakh
Maruti Ertiga,Maruti,2014,"1,12,873 km",Diesel,Manual,"EMI ₹21,560/m*",₹4.58 lakh
Maruti S Cross,Maruti,2019,"1,57,440 km",Diesel,Manual,"EMI ₹14,459/m*",₹6.50 lakh
Honda WR-V,Honda,2021,"25,374 km",Petrol,Manual,"EMI ₹13,240/m*",₹7.50 lakh
Volkswagen Polo,Volkswagen,2017,"1,26,054 km",Petrol,Manual,"EMI ₹9,832/m*",₹4.42 lakh
Mahindra XUV500,Mahindra,2021,"49,224 km",Diesel,Manual,"EMI ₹26,369/m*",₹15.40 lakh
KIA SONET,KIA,2021,"1,62,397 km",Diesel,Manual,"EMI ₹22,656/m*",₹10.42 lakh
Maruti Baleno,Maruti,2020,"40,917 km",Petrol,Auto,"EMI ₹11,651/m*",₹6.60 lakh
Hyundai Creta,Hyundai,2018,"55,535 km",Diesel,Manual,"EMI ₹19,091/m*",₹10.03 lakh
Ford Ecosport,Ford,2018,"96,721 km",Diesel,Manual,"EMI ₹11,906/m*",₹6.09 lakh
Hyundai Creta,Hyundai,2021,"57,768 km",Diesel,Manual,"EMI ₹28,389/m*",₹16.58 lakh
Maruti Baleno,Maruti,2017,"74,286 km",Diesel,Manual,"EMI ₹11,300/m*",₹5.08 lakh
Jeep Compass,Jeep,2019,"1,31,488 km",Diesel,Manual,"EMI ₹24,134/m*",₹11.10 lakh
Hyundai VENUE,Hyundai,2020,"1,19,442 km",Petrol,Auto,"EMI ₹13,992/m*",₹6.29 lakh
Mercedes Benz C Class,Mercedes,2012,"1,37,384 km",Petrol,Auto,"EMI ₹78,395/m*",₹8.87 lakh
Hyundai Grand i10,Hyundai,2020,"29,761 km",Petrol,Auto,"EMI ₹9,268/m*",₹5.25 lakh
Hyundai Creta,Hyundai,2017,"41,482 km",Petrol,Manual,"EMI ₹15,249/m*",₹7.80 lakh
Maruti Ertiga,Maruti,2013,"1,25,607 km",Diesel,Manual,"EMI ₹37,139/m*",₹4.18 lakh
Maruti XL6,Maruti,2020,"76,383 km",Petrol,Auto,"EMI ₹14,760/m*",₹8.62 lakh
Skoda SLAVIA,Skoda,2024,"4,050 km",Petrol,Auto,"EMI ₹23,800/m*",₹13.90 lakh
Audi A4,Audi,2016,"74,205 km",Diesel,Auto,"EMI ₹38,148/m*",₹14.76 lakh
Hyundai VENUE,Hyundai,2021,"44,854 km",Diesel,Manual,"EMI ₹17,105/m*",₹9.99 lakh
Maruti Ertiga,Maruti,2017,"1,50,100 km",Diesel,Manual,"EMI ₹13,102/m*",₹5.89 lakh
KIA SONET,KIA,2023,"46,557 km",Petrol,Manual,"EMI ₹16,352/m*",₹9.55 lakh
Hyundai Creta,Hyundai,2017,"1,34,370 km",Diesel,Auto,"EMI ₹18,351/m*",₹8.44 lakh
Maruti XL6,Maruti,2021,"44,334 km",Petrol,Auto,"EMI ₹17,619/m*",₹10.29 lakh
Hyundai VENUE,Hyundai,2021,"46,646 km",Petrol,Manual,"EMI ₹13,257/m*",₹7.51 lakh
Renault Fluence,Renault,2012,"90,000 km",Diesel,Manual,"EMI ₹13,257/m*",₹3.50 lakh
Maruti Dzire,Maruti,2017,"83,587 km",Diesel,Auto,"EMI ₹15,616/m*",₹7.02 lakh
KIA SONET,KIA,2021,"67,208 km",Petrol,Manual,"EMI ₹13,769/m*",₹7.80 lakh
Hyundai Grand i10,Hyundai,2015,"1,40,848 km",Petrol,Manual,"EMI ₹8,743/m*",₹3.32 lakh
KIA SELTOS,KIA,2019,"34,486 km",Diesel,Manual,"EMI ₹18,492/m*",₹10.80 lakh
Maruti Ertiga,Maruti,2012,"1,58,455 km",Diesel,Manual,"EMI ₹18,492/m*",₹4.26 lakh
Maruti Vitara Brezza,Maruti,2020,"81,473 km",Petrol,Manual,"EMI ₹12,269/m*",₹6.95 lakh
Skoda Laura,Skoda,2012,"1,47,215 km",Diesel,Auto,"EMI ₹12,269/m*",₹3.25 lakh
Honda Brio,Honda,2013,"1,01,712 km",Petrol,Manual,"EMI ₹14,593/m*",₹3.10 lakh
Mahindra XUV300,Mahindra,2021,"23,865 km",Petrol,Manual,"EMI ₹13,820/m*",₹8.07 lakh
Hyundai Verna,Hyundai,2019,"1,05,785 km",Petrol,Manual,"EMI ₹17,395/m*",₹7.82 lakh
MG ASTOR,MG,2022,"60,273 km",Petrol,Manual,"EMI ₹17,071/m*",₹9.97 lakh
MG ASTOR,MG,2023,"21,000 km",Petrol,Manual,"EMI ₹15,941/m*",₹9.31 lakh
Hyundai Grand i10,Hyundai,2015,"1,17,794 km",Petrol,Auto,"EMI ₹9,480/m*",₹3.60 lakh
Toyota Innova Crysta,Toyota,2017,"2,51,209 km",Diesel,Manual,"EMI ₹31,222/m*",₹14.36 lakh
KIA SONET,KIA,2022,"1,00,670 km",Diesel,Manual,"EMI ₹16,683/m*",₹7.50 lakh
KIA SELTOS,KIA,2022,"55,159 km",Petrol,Manual,"EMI ₹19,074/m*",₹11.14 lakh
Toyota Corolla Altis,Toyota,2011,"2,83,234 km",Diesel,Manual,"EMI ₹19,074/m*",₹3.33 lakh
Mahindra XUV500,Mahindra,2016,"1,19,080 km",Diesel,Manual,"EMI ₹19,750/m*",₹7.50 lakh
Mahindra XUV700,Mahindra,2023,"35,445 km",Diesel,Manual,"EMI ₹28,218/m*",₹16.48 lakh
Maruti Alto K10,Maruti,2017,"92,586 km",Petrol,Auto,"EMI ₹4,888/m*",₹2.50 lakh
Ford Ecosport,Ford,2019,"54,000 km",Diesel,Manual,"EMI ₹11,474/m*",₹6.50 lakh
Maruti FRONX,Maruti,2024,"2,327 km",Petrol,Manual,"EMI ₹18,287/m*",₹10.68 lakh
Honda Amaze,Honda,2017,"75,837 km",Petrol,Manual,"EMI ₹7,683/m*",₹3.93 lakh
Maruti XL6,Maruti,2019,"77,804 km",Petrol,Auto,"EMI ₹14,297/m*",₹8.35 lakh
Hyundai VENUE,Hyundai,2020,"51,254 km",Petrol,Manual,"EMI ₹13,240/m*",₹7.50 lakh
Maruti S Cross,Maruti,2016,"1,23,551 km",Diesel,Manual,"EMI ₹13,378/m*",₹5.08 lakh
Maruti Ertiga,Maruti,2015,"1,74,486 km",Diesel,Manual,"EMI ₹18,268/m*",₹5.50 lakh
Tata NEXON,Tata,2021,"85,000 km",Diesel,Manual,"EMI ₹13,769/m*",₹7.80 lakh
Jeep Compass,Jeep,2021,"87,552 km",Diesel,Manual,"EMI ₹31,677/m*",₹18.50 lakh
Maruti Swift,Maruti,2019,"96,675 km",Petrol,Manual,"EMI ₹7,873/m*",₹4.46 lakh
Tata Harrier,Tata,2019,"1,23,885 km",Diesel,Manual,"EMI ₹20,460/m*",₹9.41 lakh
Hyundai NEW SANTRO,Hyundai,2021,"18,261 km",Petrol,Auto,"EMI ₹8,456/m*",₹4.79 lakh
Hyundai Creta,Hyundai,2016,"83,050 km",Diesel,Auto,"EMI ₹19,750/m*",₹7.50 lakh
Honda City,Honda,2013,"42,309 km",Petrol,Manual,"EMI ₹18,829/m*",₹4.00 lakh
Volkswagen TAIGUN,Volkswagen,2022,"49,680 km",Petrol,Manual,"EMI ₹18,681/m*",₹10.91 lakh
Hyundai Creta,Hyundai,2018,"80,115 km",Diesel,Auto,"EMI ₹18,444/m*",₹9.69 lakh
Hyundai NEW I20,Hyundai,2024,"14,576 km",Petrol,Auto,"EMI ₹15,667/m*",₹9.15 lakh
Maruti Celerio,Maruti,2022,"41,670 km",Petrol,Manual,"EMI ₹7,555/m*",₹4.28 lakh
Maruti Alto K10,Maruti,2022,"25,292 km",Petrol,Auto,"EMI ₹7,149/m*",₹4.05 lakh
Maruti Swift,Maruti,2024,"37,476 km",Petrol,Manual,"EMI ₹11,192/m*",₹6.34 lakh
Tata ALTROZ,Tata,2022,"59,865 km",Petrol,Manual,"EMI ₹10,803/m*",₹6.12 lakh
Skoda SLAVIA,Skoda,2022,"95,745 km",Petrol,Auto,"EMI ₹16,215/m*",₹9.47 lakh
Mahindra XUV700,Mahindra,2023,"40,596 km",Diesel,Auto,"EMI ₹35,409/m*",₹20.68 lakh
Tata Tiago,Tata,2021,"39,344 km",Petrol,Manual,"EMI ₹9,179/m*",₹5.20 lakh
Maruti Vitara Brezza,Maruti,2016,"74,390 km",Diesel,Manual,"EMI ₹13,852/m*",₹5.26 lakh
Hyundai Elite i20,Hyundai,2015,"1,18,473 km",Diesel,Manual,"EMI ₹15,544/m*",₹4.68 lakh
Maruti Celerio,Maruti,2022,"27,288 km",Petrol,Manual,"EMI ₹9,374/m*",₹5.31 lakh
Tata Tiago,Tata,2021,"57,841 km",Petrol,Auto,"EMI ₹8,544/m*",₹4.84 lakh
BMW 5 Series,BMW,2012,"1,06,890 km",Diesel,Auto,"EMI ₹8,544/m*",₹13.34 lakh
Mahindra XUV700,Mahindra,2023,"67,678 km",Petrol,Manual,"EMI ₹25,341/m*",₹14.80 lakh
Mahindra XUV300,Mahindra,2019,"63,796 km",Petrol,Manual,"EMI ₹12,569/m*",₹7.12 lakh
Toyota Corolla Altis,Toyota,2011,"2,84,313 km",Diesel,Manual,"EMI ₹12,569/m*",₹3.31 lakh
Mahindra XUV700,Mahindra,2023,"69,144 km",Diesel,Manual,"EMI ₹31,642/m*",₹18.48 lakh
Jeep Compass,Jeep,2018,"1,30,046 km",Petrol,Auto,"EMI ₹17,306/m*",₹7.78 lakh
Hyundai Creta,Hyundai,2015,"78,288 km",Diesel,Auto,"EMI ₹28,024/m*",₹8.56 lakh
Maruti Vitara Brezza,Maruti,2020,"1,01,523 km",Petrol,Manual,"EMI ₹16,995/m*",₹7.64 lakh
Mahindra Thar,Mahindra,2021,"47,442 km",Petrol,Auto,"EMI ₹17,653/m*",₹10.31 lakh
MG ASTOR,MG,2022,"59,449 km",Petrol,Auto,"EMI ₹18,646/m*",₹10.89 lakh
Maruti JIMNY,Maruti,2024,"10,608 km",Petrol,Auto,"EMI ₹22,739/m*",₹13.28 lakh
Hyundai i20 Active,Hyundai,2017,"65,992 km",Petrol,Manual,"EMI ₹10,753/m*",₹5.50 lakh
Toyota URBAN CRUISER HYRYDER,Toyota,2023,"39,553 km",Petrol,Manual,"EMI ₹20,821/m*",₹12.16 lakh
Mahindra Thar,Mahindra,2020,"33,005 km",Petrol,Auto,"EMI ₹17,979/m*",₹10.50 lakh
Toyota Innova Crysta,Toyota,2023,"22,271 km",Diesel,Manual,"EMI ₹36,591/m*",₹21.37 lakh
Honda City,Honda,2019,"1,20,105 km",Petrol,Auto,"EMI ₹16,683/m*",₹7.50 lakh
Hyundai VENUE,Hyundai,2020,"1,06,553 km",Diesel,Manual,"EMI ₹16,172/m*",₹7.27 lakh
Maruti Baleno,Maruti,2019,"1,01,964 km",Petrol,Manual,"EMI ₹11,901/m*",₹5.35 lakh
Maruti Ertiga,Maruti,2024,"40,106 km",Petrol,Manual,"EMI ₹18,321/m*",₹10.70 lakh
Maruti Celerio,Maruti,2017,"1,22,219 km",Petrol,Auto,"EMI ₹6,696/m*",₹3.01 lakh
Toyota Fortuner,Toyota,2012,"1,71,838 km",Diesel,Manual,"EMI ₹6,696/m*",₹9.50 lakh
Mahindra Thar,Mahindra,2023,"1,03,368 km",Diesel,Auto,"EMI ₹27,178/m*",₹12.50 lakh
BMW X1,BMW,2019,"26,756 km",Diesel,Auto,"EMI ₹38,183/m*",₹22.30 lakh
Jeep Compass,Jeep,2021,"1,16,150 km",Diesel,Auto,"EMI ₹41,376/m*",₹19.03 lakh
Honda Jazz,Honda,2018,"1,17,438 km",Petrol,Manual,"EMI ₹10,455/m*",₹4.70 lakh
Honda Amaze,Honda,2022,"45,107 km",Petrol,Auto,"EMI ₹11,880/m*",₹6.73 lakh
Hyundai Creta,Hyundai,2022,"1,14,198 km",Diesel,Manual,"EMI ₹31,070/m*",₹14.29 lakh
Hyundai GRAND I10 NIOS,Hyundai,2020,"24,188 km",Petrol,Manual,"EMI ₹9,179/m*",₹5.20 lakh
Hyundai i20 Active,Hyundai,2019,"46,830 km",Petrol,Manual,"EMI ₹10,998/m*",₹6.23 lakh
Honda Amaze,Honda,2024,"8,427 km",Petrol,Auto,"EMI ₹13,715/m*",₹8.01 lakh
Maruti S Cross,Maruti,2018,"54,922 km",Diesel,Manual,"EMI ₹12,629/m*",₹6.46 lakh
Maruti Celerio,Maruti,2022,"11,240 km",Petrol,Manual,"EMI ₹9,780/m*",₹5.54 lakh
BMW 3 Series,BMW,2013,"94,547 km",Diesel,Auto,"EMI ₹87,144/m*",₹9.86 lakh
Honda City,Honda,2013,"1,30,705 km",Petrol,Manual,"EMI ₹15,252/m*",₹3.24 lakh
KIA SELTOS,KIA,2021,"74,696 km",Petrol,Manual,"EMI ₹15,581/m*",₹9.10 lakh
Hyundai Verna,Hyundai,2018,"72,797 km",Diesel,Auto,"EMI ₹15,703/m*",₹8.25 lakh
Maruti Celerio,Maruti,2018,"66,188 km",Petrol,Manual,"EMI ₹6,549/m*",₹3.71 lakh
MG ASTOR,MG,2022,"45,934 km",Petrol,Auto,"EMI ₹15,838/m*",₹9.25 lakh
Tata NEXON,Tata,2017,"55,478 km",Diesel,Manual,"EMI ₹13,658/m*",₹6.14 lakh
MG HECTOR,MG,2019,"1,55,324 km",Diesel,Manual,"EMI ₹26,330/m*",₹12.11 lakh
Maruti Vitara Brezza,Maruti,2018,"82,166 km",Diesel,Auto,"EMI ₹14,096/m*",₹7.21 lakh
Mahindra XUV700,Mahindra,2021,"1,40,437 km",Petrol,Manual,"EMI ₹27,178/m*",₹12.50 lakh
Maruti Swift,Maruti,2023,"30,046 km",Petrol,Manual,"EMI ₹10,786/m*",₹6.11 lakh
MG HECTOR,MG,2021,"17,60,000 km",Diesel,Manual,"EMI ₹25,004/m*",₹11.50 lakh
Maruti Baleno,Maruti,2019,"34,136 km",Petrol,Manual,"EMI ₹9,709/m*",₹5.50 lakh
Maruti S Cross,Maruti,2018,"1,72,004 km",Diesel,Manual,"EMI ₹13,347/m*",₹6.00 lakh
Honda CRV,Honda,2015,"1,35,734 km",Petrol,Auto,"EMI ₹17,907/m*",₹6.80 lakh
Audi Q3,Audi,2015,"1,02,655 km",Diesel,Auto,"EMI ₹52,742/m*",₹16.11 lakh
Hyundai VENUE,Hyundai,2020,"22,039 km",Petrol,Auto,"EMI ₹15,496/m*",₹9.05 lakh
Tata ALTROZ,Tata,2022,"27,769 km",Petrol,Auto,"EMI ₹12,763/m*",₹7.23 lakh
Maruti S Cross,Maruti,2021,"71,084 km",Petrol,Manual,"EMI ₹12,639/m*",₹7.16 lakh
Hyundai Creta,Hyundai,2016,"1,63,503 km",Diesel,Auto,"EMI ₹20,676/m*",₹8.00 lakh
Mahindra XUV500,Mahindra,2015,"1,33,269 km",Diesel,Manual,"EMI ₹22,220/m*",₹6.69 lakh
Hyundai Verna,Hyundai,2019,"92,990 km",Diesel,Auto,"EMI ₹14,383/m*",₹8.40 lakh
Ford Ecosport,Ford,2017,"1,25,197 km",Petrol,Auto,"EMI ₹10,099/m*",₹4.54 lakh
Maruti Baleno,Maruti,2019,"28,082 km",Petrol,Manual,"EMI ₹9,921/m*",₹5.62 lakh
Mahindra XUV500,Mahindra,2021,"93,475 km",Diesel,Auto,"EMI ₹22,978/m*",₹13.42 lakh
Maruti Alto,Maruti,2020,"32,278 km",Petrol,Manual,"EMI ₹5,119/m*",₹2.90 lakh
Maruti S Cross,Maruti,2016,"1,11,653 km",Diesel,Manual,"EMI ₹15,405/m*",₹5.85 lakh
Mahindra XUV300,Mahindra,2022,"41,821 km",Diesel,Auto,"EMI ₹15,410/m*",₹9.00 lakh
Hyundai Elite i20,Hyundai,2015,"41,974 km",Petrol,Manual,"EMI ₹12,272/m*",₹4.66 lakh
Mahindra XUV500,Mahindra,2013,"98,950 km",Diesel,Manual,"EMI ₹32,430/m*",₹3.65 lakh
Renault Kiger,Renault,2023,"42,787 km",Petrol,Auto,"EMI ₹12,886/m*",₹7.30 lakh
Mahindra XUV500,Mahindra,2019,"84,698 km",Diesel,Auto,"EMI ₹22,345/m*",₹13.05 lakh
MG HECTOR PLUS,MG,2023,"13,428 km",Diesel,Manual,"EMI ₹27,824/m*",₹16.25 lakh
Nissan MAGNITE,Nissan,2023,"14,019 km",Petrol,Manual,"EMI ₹11,810/m*",₹6.69 lakh
Mercedes Benz E Class,Mercedes,2014,"1,18,084 km",Diesel,Auto,"EMI ₹72,242/m*",₹15.50 lakh
Mahindra Thar,Mahindra,2023,"12,692 km",Petrol,Auto,"EMI ₹24,331/m*",₹14.21 lakh
Mahindra XUV300,Mahindra,2024,"32,776 km",Petrol,Manual,"EMI ₹17,208/m*",₹10.05 lakh
Renault Fluence,Renault,2013,"1,92,442 km",Diesel,Manual,"EMI ₹28,876/m*",₹3.25 lakh
KIA SONET,KIA,2023,"35,912 km",Diesel,Manual,"EMI ₹17,979/m*",₹10.50 lakh
Tata NEXON,Tata,2022,"58,024 km",Diesel,Manual,"EMI ₹15,393/m*",₹8.99 lakh
Audi A4,Audi,2013,"1,18,106 km",Diesel,Auto,"EMI ₹74,241/m*",₹8.40 lakh
Maruti S Cross,Maruti,2019,"64,482 km",Diesel,Manual,"EMI ₹12,639/m*",₹7.16 lakh
Porsche Cayenne,Porsche,2021,"32,740 km",Petrol,Auto,"EMI ₹139,514/m*",₹81.48 lakh
Volvo S90,Volvo,2017,"1,10,000 km",Diesel,Auto,"EMI ₹42,463/m*",₹19.53 lakh
Maruti Grand Vitara,Maruti,2023,"60,479 km",Petrol,Manual,"EMI ₹17,568/m*",₹10.26 lakh
Jeep Compass,Jeep,2018,"1,07,000 km",Diesel,Manual,"EMI ₹18,481/m*",₹8.50 lakh
MG HECTOR,MG,2019,"1,13,991 km",Petrol,Auto,"EMI ₹20,829/m*",₹9.58 lakh
BMW 3 Series,BMW,2014,"1,56,770 km",Diesel,Auto,"EMI ₹52,973/m*",₹11.37 lakh
Mahindra TUV300,Mahindra,2018,"1,01,200 km",Diesel,Manual,"EMI ₹11,456/m*",₹5.15 lakh
KIA SONET,KIA,2023,"25,651 km",Petrol,Auto,"EMI ₹20,547/m*",₹12.00 lakh
Porsche Cayenne,Porsche,2016,"89,355 km",Diesel,Auto,"EMI ₹97,463/m*",₹37.71 lakh
Ford Ecosport,Ford,2015,"89,843 km",Diesel,Manual,"EMI ₹16,773/m*",₹5.05 lakh
CITROEN C3,CITROEN,2022,"28,000 km",Petrol,Manual,"EMI ₹9,003/m*",₹5.10 lakh
Ford Ecosport,Ford,2013,"1,30,648 km",Diesel,Manual,"EMI ₹30,120/m*",₹3.39 lakh
Volvo XC 60,Volvo,2012,"1,46,550 km",Diesel,Auto,"EMI ₹30,120/m*",₹6.00 lakh
Volvo S60,Volvo,2012,"1,04,536 km",Diesel,Auto,"EMI ₹30,120/m*",₹6.53 lakh
Maruti Ertiga,Maruti,2021,"45,642 km",Petrol,Auto,"EMI ₹15,205/m*",₹8.88 lakh
Hyundai VENUE,Hyundai,2021,"52,805 km",Petrol,Manual,"EMI ₹12,745/m*",₹7.22 lakh
Toyota Innova,Toyota,2013,"1,84,472 km",Diesel,Manual,"EMI ₹69,036/m*",₹7.77 lakh
Hyundai Creta,Hyundai,2019,"71,096 km",Petrol,Manual,"EMI ₹13,938/m*",₹8.14 lakh
MG HECTOR PLUS,MG,2024,"33,694 km",Diesel,Manual,"EMI ₹30,701/m*",₹17.93 lakh
Tata Tiago,Tata,2018,"59,408 km",Petrol,Auto,"EMI ₹7,238/m*",₹4.10 lakh
MG HECTOR,MG,2020,"85,185 km",Diesel,Manual,"EMI ₹21,403/m*",₹12.50 lakh
KIA SONET,KIA,2022,"31,738 km",Diesel,Manual,"EMI ₹18,715/m*",₹10.93 lakh
Jeep Compass,Jeep,2018,"1,23,000 km",Diesel,Manual,"EMI ₹22,308/m*",₹10.26 lakh
Maruti Celerio,Maruti,2017,"83,948 km",Petrol,Auto,"EMI ₹6,843/m*",₹3.50 lakh
BMW X3,BMW,2012,"1,35,377 km",Diesel,Auto,"EMI ₹6,843/m*",₹11.39 lakh
MG HECTOR PLUS,MG,2023,"18,000 km",Petrol,Manual,"EMI ₹25,084/m*",₹14.65 lakh
MG COMET,MG,2024,"43,935 km",Electric,Auto,"EMI ₹12,834/m*",₹7.27 lakh
Maruti Celerio,Maruti,2017,"43,393 km",Petrol,Auto,"EMI ₹7,214/m*",₹3.69 lakh
Tata Harrier,Tata,2021,"72,264 km",Diesel,Auto,"EMI ₹23,389/m*",₹13.66 lakh
Maruti Vitara Brezza,Maruti,2021,"28,543 km",Petrol,Manual,"EMI ₹16,232/m*",₹9.48 lakh
BYD Seal,BYD,2024,"29,000 km",Electric,Auto,"EMI ₹58,661/m*",₹34.26 lakh
BMW X1,BMW,2014,"85,804 km",Diesel,Auto,"EMI ₹35,023/m*",₹7.44 lakh
Mercedes Benz S Class,Mercedes,2016,"1,31,190 km",Diesel,Auto,"EMI ₹93,044/m*",₹36.00 lakh
Tata Safari,Tata,2022,"1,66,300 km",Diesel,Manual,"EMI ₹29,352/m*",₹13.50 lakh
KIA SELTOS,KIA,2022,"93,931 km",Diesel,Auto,"EMI ₹23,492/m*",₹13.72 lakh
Audi Q3,Audi,2014,"1,26,369 km",Diesel,Auto,"EMI ₹49,777/m*",₹10.68 lakh
Hyundai Verna,Hyundai,2017,"60,362 km",Diesel,Manual,"EMI ₹18,481/m*",₹8.50 lakh
Mahindra Thar,Mahindra,2021,"92,782 km",Diesel,Auto,"EMI ₹24,126/m*",₹14.09 lakh
Maruti BREZZA,Maruti,2023,"30,256 km",Petrol,Manual,"EMI ₹15,838/m*",₹9.25 lakh
MG HECTOR,MG,2019,"1,31,833 km",Diesel,Manual,"EMI ₹22,895/m*",₹10.53 lakh
Maruti Ciaz,Maruti,2022,"80,485 km",Petrol,Manual,"EMI ₹12,004/m*",₹6.80 lakh
Toyota Fortuner,Toyota,2017,"2,05,953 km",Diesel,Auto,"EMI ₹52,117/m*",₹23.97 lakh
KIA CARNIVAL,KIA,2022,"61,386 km",Diesel,Auto,"EMI ₹36,574/m*",₹21.36 lakh
Volvo XC 60,Volvo,2015,"1,30,723 km",Diesel,Auto,"EMI ₹26,191/m*",₹8.00 lakh
Maruti Baleno,Maruti,2015,"2,55,720 km",Diesel,Manual,"EMI ₹13,651/m*",₹4.11 lakh
Maruti S Cross,Maruti,2018,"1,62,960 km",Diesel,Manual,"EMI ₹15,571/m*",₹7.00 lakh
Maruti BREZZA,Maruti,2023,"32,702 km",Petrol,Manual,"EMI ₹18,595/m*",₹10.86 lakh
Maruti S Cross,Maruti,2018,"69,896 km",Diesel,Manual,"EMI ₹14,858/m*",₹7.60 lakh
Maruti S Cross,Maruti,2018,"1,86,648 km",Diesel,Manual,"EMI ₹14,214/m*",₹6.39 lakh
KIA SELTOS,KIA,2019,"50,253 km",Diesel,Auto,"EMI ₹22,088/m*",₹12.90 lakh
Toyota Fortuner,Toyota,2015,"1,36,834 km",Diesel,Auto,"EMI ₹37,650/m*",₹11.50 lakh
Maruti Ertiga,Maruti,2023,"83,951 km",Petrol,Manual,"EMI ₹16,352/m*",₹9.55 lakh
KIA SONET,KIA,2020,"72,978 km",Petrol,Manual,"EMI ₹12,357/m*",₹7.00 lakh
KIA SONET,KIA,2023,"72,796 km",Diesel,Auto,"EMI ₹19,434/m*",₹11.35 lakh
MG ASTOR,MG,2021,"52,079 km",Petrol,Auto,"EMI ₹17,979/m*",₹10.50 lakh
Hyundai i20 Active,Hyundai,2017,"1,66,323 km",Diesel,Manual,"EMI ₹11,968/m*",₹5.38 lakh
KIA SONET,KIA,2021,"52,712 km",Diesel,Manual,"EMI ₹15,941/m*",₹9.31 lakh
KIA SELTOS,KIA,2020,"76,241 km",Petrol,Manual,"EMI ₹18,407/m*",₹10.75 lakh
Hyundai GRAND I10 NIOS,Hyundai,2024,"11,064 km",Petrol,Manual,"EMI ₹11,174/m*",₹6.33 lakh
Hyundai NEW I20 N LINE,Hyundai,2023,"32,042 km",Petrol,Auto,"EMI ₹16,609/m*",₹9.70 lakh
Mercedes Benz E Class,Mercedes,2018,"74,595 km",Diesel,Auto,"EMI ₹45,682/m*",₹24.00 lakh
Tata Tiago,Tata,2021,"48,964 km",Petrol,Manual,"EMI ₹7,644/m*",₹4.33 lakh
BMW X5,BMW,2011,"1,19,360 km",Diesel,Auto,"EMI ₹7,644/m*",₹14.57 lakh
KIA SELTOS,KIA,2022,"1,50,750 km",Diesel,Manual,"EMI ₹26,047/m*",₹11.98 lakh
Maruti Dzire,Maruti,2021,"60,128 km",Petrol,Auto,"EMI ₹9,815/m*",₹5.56 lakh
Maruti Vitara Brezza,Maruti,2019,"1,03,206 km",Diesel,Auto,"EMI ₹18,655/m*",₹8.58 lakh
Skoda Superb,Skoda,2019,"1,02,255 km",Petrol,Auto,"EMI ₹29,744/m*",₹13.68 lakh
MG HECTOR,MG,2019,"49,872 km",Petrol,Auto,"EMI ₹18,475/m*",₹10.79 lakh
Mercedes Benz A CLASS LIMOUSINE,Mercedes,2023,"55,673 km",Petrol,Auto,"EMI ₹47,087/m*",₹27.50 lakh
Jeep Compass,Jeep,2022,"57,552 km",Diesel,Manual,"EMI ₹32,070/m*",₹18.73 lakh
Audi A6,Audi,2019,"64,398 km",Petrol,Auto,"EMI ₹43,012/m*",₹25.12 lakh
Hyundai Creta,Hyundai,2016,"54,616 km",Petrol,Manual,"EMI ₹17,262/m*",₹7.76 lakh
Maruti Vitara Brezza,Maruti,2017,"1,64,105 km",Diesel,Manual,"EMI ₹13,258/m*",₹5.96 lakh
MG HECTOR,MG,2019,"68,353 km",Diesel,Manual,"EMI ₹20,804/m*",₹12.15 lakh
KIA SONET,KIA,2023,"66,392 km",Petrol,Manual,"EMI ₹13,240/m*",₹7.50 lakh
KIA SONET,KIA,2020,"92,824 km",Petrol,Manual,"EMI ₹11,421/m*",₹6.47 lakh
Tata Harrier,Tata,2023,"72,648 km",Diesel,Auto,"EMI ₹39,570/m*",₹23.11 lakh
Mahindra XUV700,Mahindra,2023,"58,000 km",Diesel,Manual,"EMI ₹26,454/m*",₹15.45 lakh
MG HECTOR PLUS,MG,2023,"1,04,683 km",Diesel,Manual,"EMI ₹25,004/m*",₹11.50 lakh
Hyundai Creta,Hyundai,2022,"25,327 km",Diesel,Manual,"EMI ₹28,252/m*",₹16.50 lakh
Audi A4,Audi,2015,"1,28,528 km",Diesel,Auto,"EMI ₹49,468/m*",₹15.11 lakh
MG HECTOR PLUS,MG,2020,"60,500 km",Petrol,Auto,"EMI ₹20,958/m*",₹12.24 lakh
Audi Q3,Audi,2022,"22,997 km",Petrol,Auto,"EMI ₹61,692/m*",₹36.03 lakh
Hyundai Creta,Hyundai,2019,"86,124 km",Petrol,Manual,"EMI ₹20,273/m*",₹11.84 lakh
Mercedes Benz EQC,Mercedes,2020,"86,911 km",Electric,Auto,"EMI ₹63,353/m*",₹37.00 lakh
MG ASTOR,MG,2022,"43,046 km",Petrol,Auto,"EMI ₹19,862/m*",₹11.60 lakh
Toyota Innova,Toyota,2014,"3,12,500 km",Diesel,Manual,"EMI ₹33,140/m*",₹7.04 lakh
BMW 3 Series,BMW,2014,"1,06,224 km",Diesel,Auto,"EMI ₹63,620/m*",₹13.65 lakh
KIA SELTOS,KIA,2021,"61,332 km",Petrol,Manual,"EMI ₹17,944/m*",₹10.48 lakh
Audi Q5,Audi,2012,"1,58,251 km",Diesel,Auto,"EMI ₹17,944/m*",₹11.10 lakh
Audi Q5,Audi,2022,"38,290 km",Petrol,Auto,"EMI ₹122,254/m*",₹71.40 lakh
Tata Tiago,Tata,2021,"28,906 km",Petrol,Manual,"EMI ₹9,162/m*",₹5.19 lakh
Tata Safari,Tata,2024,"39,869 km",Diesel,Auto,"EMI ₹38,354/m*",₹22.40 lakh
Tata Safari,Tata,2023,"69,436 km",Diesel,Auto,"EMI ₹29,194/m*",₹17.05 lakh
MG HECTOR PLUS,MG,2021,"1,11,043 km",Petrol,Auto,"EMI ₹25,460/m*",₹11.71 lakh
BMW 3 Series,BMW,2013,"96,014 km",Diesel,Auto,"EMI ₹104,821/m*",₹11.86 lakh
Honda ELEVATE,Honda,2023,"51,686 km",Petrol,Manual,"EMI ₹18,835/m*",₹11.00 lakh
Maruti Vitara Brezza,Maruti,2017,"87,252 km",Diesel,Manual,"EMI ₹13,925/m*",₹6.26 lakh
Mahindra XUV300,Mahindra,2021,"55,198 km",Petrol,Auto,"EMI ₹14,126/m*",₹8.25 lakh
BMW X3,BMW,2017,"89,948 km",Diesel,Auto,"EMI ₹40,223/m*",₹18.50 lakh
Toyota Innova Crysta,Toyota,2021,"44,876 km",Diesel,Auto,"EMI ₹43,046/m*",₹25.14 lakh
Hyundai Creta,Hyundai,2016,"97,331 km",Petrol,Auto,"EMI ₹15,237/m*",₹6.85 lakh
Maruti Vitara Brezza,Maruti,2019,"74,421 km",Diesel,Auto,"EMI ₹15,410/m*",₹9.00 lakh
Hyundai Creta,Hyundai,2019,"1,57,280 km",Diesel,Auto,"EMI ₹24,221/m*",₹11.14 lakh
BMW 6 Series,BMW,2018,"1,12,049 km",Diesel,Auto,"EMI ₹63,053/m*",₹29.00 lakh
Maruti Vitara Brezza,Maruti,2019,"56,333 km",Diesel,Manual,"EMI ₹14,434/m*",₹8.43 lakh
Maruti XL6,Maruti,2020,"50,941 km",Petrol,Auto,"EMI ₹15,787/m*",₹9.22 lakh
Mercedes Benz GLA Class,Mercedes,2022,"73,471 km",Diesel,Auto,"EMI ₹51,282/m*",₹29.95 lakh
Jaguar XJ L,Jaguar,2013,"59,501 km",Diesel,Auto,"EMI ₹236,951/m*",₹26.81 lakh
Maruti Celerio,Maruti,2023,"13,965 km",Petrol,Auto,"EMI ₹10,150/m*",₹5.75 lakh
KIA SELTOS,KIA,2020,"68,652 km",Diesel,Auto,"EMI ₹21,403/m*",₹12.50 lakh
Honda City,Honda,2021,"44,251 km",Petrol,Manual,"EMI ₹15,650/m*",₹9.14 lakh
Ford Ecosport,Ford,2021,"87,140 km",Diesel,Manual,"EMI ₹16,146/m*",₹9.43 lakh
Toyota Fortuner,Toyota,2021,"88,389 km",Diesel,Auto,"EMI ₹65,750/m*",₹38.40 lakh
MG HECTOR,MG,2023,"39,779 km",Petrol,Auto,"EMI ₹30,666/m*",₹17.91 lakh
Volvo XC 90,Volvo,2011,"1,20,289 km",Diesel,Auto,"EMI ₹30,666/m*",₹12.99 lakh
Landrover Range Rover,Landrover,2015,"69,101 km",Diesel,Auto,"EMI ₹122,541/m*",₹37.43 lakh
Toyota URBAN CRUISER,Toyota,2021,"42,516 km",Petrol,Manual,"EMI ₹13,869/m*",₹8.10 lakh
Audi Q5,Audi,2021,"21,507 km",Petrol,Auto,"EMI ₹92,461/m*",₹54.00 lakh
Hyundai NEW I20,Hyundai,2022,"86,362 km",Diesel,Manual,"EMI ₹14,366/m*",₹8.39 lakh
KIA SONET,KIA,2023,"19,600 km",Petrol,Manual,"EMI ₹14,554/m*",₹8.50 lakh
Mercedes Benz M Class,Mercedes,2012,"1,19,863 km",Diesel,Auto,"EMI ₹14,554/m*",₹15.00 lakh
Hyundai Elite i20,Hyundai,2016,"1,06,246 km",Diesel,Manual,"EMI ₹12,930/m*",₹4.91 lakh
Volvo V90 CROSS COUNTRY,Volvo,2020,"88,049 km",Diesel,Auto,"EMI ₹51,098/m*",₹29.84 lakh
Jeep Compass,Jeep,2024,"12,343 km",Diesel,Manual,"EMI ₹29,810/m*",₹17.41 lakh
MG HECTOR,MG,2022,"50,734 km",Petrol,Auto,"EMI ₹21,403/m*",₹12.50 lakh
BMW X1,BMW,2016,"71,124 km",Diesel,Auto,"EMI ₹38,639/m*",₹14.95 lakh
Maruti Alto,Maruti,2020,"41,741 km",Petrol,Manual,"EMI ₹5,614/m*",₹3.18 lakh
Jeep Compass,Jeep,2020,"1,60,000 km",Diesel,Auto,"EMI ₹34,657/m*",₹15.94 lakh
MG HECTOR PLUS,MG,2020,"35,882 km",Petrol,Auto,"EMI ₹20,050/m*",₹11.71 lakh
Volvo S60,Volvo,2018,"61,054 km",Diesel,Auto,"EMI ₹32,662/m*",₹17.16 lakh
Jeep Compass,Jeep,2020,"55,930 km",Diesel,Auto,"EMI ₹23,543/m*",₹13.75 lakh
Maruti Grand Vitara,Maruti,2022,"57,270 km",Petrol,Manual,"EMI ₹20,735/m*",₹12.11 lakh
Jeep Compass,Jeep,2020,"95,644 km",Diesel,Manual,"EMI ₹23,355/m*",₹13.64 lakh
Renault Koleos,Renault,2012,"1,98,452 km",Diesel,Auto,"EMI ₹23,355/m*",₹6.62 lakh
Tata Safari,Tata,2021,"1,02,750 km",Diesel,Manual,"EMI ₹32,983/m*",₹15.17 lakh
BMW X6,BMW,2013,"1,00,864 km",Diesel,Auto,"EMI ₹128,153/m*",₹14.50 lakh
Maruti S Cross,Maruti,2019,"1,63,863 km",Diesel,Manual,"EMI ₹17,684/m*",₹7.95 lakh
Volvo XC 60,Volvo,2012,"1,68,126 km",Diesel,Auto,"EMI ₹17,684/m*",₹6.16 lakh
Tata Safari,Tata,2021,"46,942 km",Diesel,Manual,"EMI ₹24,451/m*",₹14.28 lakh
Tata Safari,Tata,2024,"15,514 km",Diesel,Manual,"EMI ₹34,399/m*",₹20.09 lakh
Tata TIAGO EV,Tata,2025,"20,090 km",Electric,Auto,"EMI ₹16,609/m*",₹9.70 lakh
Tata Safari,Tata,2023,"23,741 km",Diesel,Auto,"EMI ₹34,125/m*",₹19.93 lakh
BMW 5 Series,BMW,2022,"32,897 km",Petrol,Auto,"EMI ₹87,444/m*",₹51.07 lakh
Maruti S Cross,Maruti,2019,"83,136 km",Diesel,Manual,"EMI ₹13,698/m*",₹8.00 lakh
Skoda Superb,Skoda,2021,"1,15,573 km",Petrol,Auto,"EMI ₹50,638/m*",₹23.29 lakh
Audi Q7,Audi,2016,"1,26,990 km",Diesel,Auto,"EMI ₹45,230/m*",₹17.50 lakh
Tata TIAGO EV,Tata,2024,"10,602 km",Electric,Auto,"EMI ₹13,398/m*",₹7.59 lakh
Volvo V 40,Volvo,2016,"1,31,982 km",Diesel,Auto,"EMI ₹33,186/m*",₹12.84 lakh
Tata TIGOR EV,Tata,2023,"43,862 km",Electric,Auto,"EMI ₹16,592/m*",₹9.69 lakh
Mercedes Benz GLS,Mercedes,2022,"20,907 km",Diesel,Auto,"EMI ₹179,786/m*",₹1.05 Crore
Tata NEXON EV,Tata,2022,"91,582 km",Electric,Auto,"EMI ₹20,992/m*",₹12.26 lakh
Tata TIAGO EV,Tata,2025,"27,500 km",Electric,Auto,"EMI ₹16,609/m*",₹9.70 lakh
Audi Q7,Audi,2023,"15,983 km",Petrol,Auto,"EMI ₹123,453/m*",₹72.10 lakh
Maruti Swift,Maruti,2025,"4,471 km",Petrol,Auto,"EMI ₹18,287/m*",₹10.68 lakh
KIA SONET,KIA,2023,"61,778 km",Petrol,Manual,"EMI ₹14,105/m*",₹7.99 lakh
Tata NEXON EV,Tata,2022,"1,52,000 km",Electric,Auto,"EMI ₹21,199/m*",₹9.75 lakh
MG GLOSTER,MG,2020,"38,204 km",Diesel,Auto,"EMI ₹43,097/m*",₹25.17 lakh
Jeep Compass,Jeep,2023,"25,524 km",Diesel,Manual,"EMI ₹35,067/m*",₹20.48 lakh
Volvo XC 90,Volvo,2016,"2,60,885 km",Diesel,Auto,"EMI ₹72,471/m*",₹28.04 lakh
Maruti BREZZA,Maruti,2024,"41,828 km",Petrol,Manual,"EMI ₹16,866/m*",₹9.85 lakh
Skoda Superb,Skoda,2020,"1,00,202 km",Petrol,Auto,"EMI ₹51,334/m*",₹23.61 lakh
Jeep Compass,Jeep,2021,"60,043 km",Diesel,Auto,"EMI ₹30,820/m*",₹18.00 lakh
Maruti Alto K10,Maruti,2022,"59,918 km",Petrol,Manual,"EMI ₹7,008/m*",₹3.97 lakh
Hyundai i20,Hyundai,2010,"1,95,548 km",Diesel,Manual,"EMI ₹7,008/m*",₹10.68 lakh
Tata NEXON EV,Tata,2022,"17,122 km",Electric,Auto,"EMI ₹19,691/m*",₹11.50 lakh
Tata NEXON EV,Tata,2021,"1,42,511 km",Electric,Auto,"EMI ₹20,655/m*",₹9.50 lakh
Hyundai ALCAZAR,Hyundai,2021,"47,331 km",Diesel,Auto,"EMI ₹32,618/m*",₹19.05 lakh
Mercedes Benz S Class,Mercedes,2019,"23,500 km",Petrol,Auto,"EMI ₹130,131/m*",₹76.00 lakh
Jeep Compass,Jeep,2023,"26,474 km",Diesel,Auto,"EMI ₹45,854/m*",₹26.78 lakh
BMW 6 Series,BMW,2019,"1,10,777 km",Diesel,Auto,"EMI ₹64,140/m*",₹29.50 lakh
Tata NEXON EV,Tata,2022,"35,402 km",Electric,Auto,"EMI ₹18,663/m*",₹10.90 lakh
MG ZS EV,MG,2020,"86,946 km",Electric,Auto,"EMI ₹19,657/m*",₹11.48 lakh
Honda ELEVATE,Honda,2023,"33,324 km",Petrol,Auto,"EMI ₹21,745/m*",₹12.70 lakh
CITROEN C5 AIRCROSS,CITROEN,2022,"93,101 km",Diesel,Auto,"EMI ₹45,888/m*",₹26.80 lakh
Volvo XC 90,Volvo,2019,"1,32,324 km",Diesel,Auto,"EMI ₹87,209/m*",₹40.11 lakh
MG GLOSTER,MG,2021,"1,43,945 km",Diesel,Auto,"EMI ₹47,833/m*",₹22.00 lakh
Tata Harrier,Tata,2023,"45,395 km",Diesel,Auto,"EMI ₹38,525/m*",₹22.50 lakh
Hyundai KONA ELECTRIC,Hyundai,2022,"1,38,411 km",Electric,Auto,"EMI ₹34,875/m*",₹16.04 lakh
Jeep MERIDIAN,Jeep,2022,"28,429 km",Diesel,Auto,"EMI ₹45,991/m*",₹26.86 lakh
Hyundai KONA ELECTRIC,Hyundai,2022,"95,915 km",Electric,Auto,"EMI ₹27,276/m*",₹15.93 lakh
Hyundai NEW I20,Hyundai,2021,"1,02,649 km",Petrol,Manual,"EMI ₹12,123/m*",₹5.45 lakh
Maruti Celerio,Maruti,2016,"74,821 km",Petrol,Manual,"EMI ₹7,519/m*",₹3.38 lakh
Maruti Celerio,Maruti,2016,"66,610 km",Petrol,Manual,"EMI ₹6,540/m*",₹2.94 lakh
Honda WR-V,Honda,2019,"26,000 km",Petrol,Manual,"EMI ₹13,734/m*",₹7.78 lakh
MG HECTOR,MG,2021,"43,914 km",Diesel,Manual,"EMI ₹22,910/m*",₹13.38 lakh
Maruti Alto,Maruti,2019,"1,30,608 km",Petrol,Manual,"EMI ₹5,094/m*",₹2.29 lakh
Tata Harrier,Tata,2020,"1,88,332 km",Diesel,Auto,"EMI ₹26,308/m*",₹12.10 lakh
Maruti Ritz,Maruti,2011,"86,255 km",Diesel,Manual,"EMI ₹26,308/m*",₹1.45 lakh
Mahindra Thar,Mahindra,2021,"47,201 km",Diesel,Auto,"EMI ₹23,475/m*",₹13.71 lakh
Mahindra XUV300,Mahindra,2022,"37,000 km",Petrol,Auto,"EMI ₹16,283/m*",₹9.51 lakh
Skoda SLAVIA,Skoda,2022,"45,205 km",Petrol,Manual,"EMI ₹15,136/m*",₹8.84 lakh
Honda BR-V,Honda,2016,"1,39,506 km",Petrol,Auto,"EMI ₹15,460/m*",₹6.95 lakh
Ford Ecosport,Ford,2018,"93,833 km",Petrol,Auto,"EMI ₹9,691/m*",₹5.49 lakh
KIA SELTOS,KIA,2020,"76,759 km",Diesel,Manual,"EMI ₹17,756/m*",₹10.37 lakh
Hyundai Elite i20,Hyundai,2019,"73,448 km",Petrol,Manual,"EMI ₹9,621/m*",₹5.45 lakh
Tata Zest,Tata,2018,"1,29,490 km",Diesel,Manual,"EMI ₹5,561/m*",₹2.50 lakh
KIA SELTOS,KIA,2022,"87,981 km",Petrol,Manual,"EMI ₹20,718/m*",₹12.10 lakh
Maruti BREZZA,Maruti,2022,"73,731 km",Petrol,Manual,"EMI ₹20,735/m*",₹12.11 lakh
Hyundai Xcent,Hyundai,2015,"97,945 km",Diesel,Manual,"EMI ₹8,835/m*",₹2.66 lakh
BMW 3 Series,BMW,2016,"1,41,493 km",Diesel,Auto,"EMI ₹29,386/m*",₹11.37 lakh
Honda City,Honda,2016,"65,617 km",Petrol,Manual,"EMI ₹11,322/m*",₹5.09 lakh
MG GLOSTER,MG,2020,"1,31,000 km",Diesel,Auto,"EMI ₹47,833/m*",₹22.00 lakh
Tata Hexa,Tata,2017,"1,29,941 km",Diesel,Manual,"EMI ₹13,525/m*",₹6.08 lakh
Skoda Rapid,Skoda,2012,"94,323 km",Diesel,Manual,"EMI ₹13,525/m*",₹2.14 lakh
Volkswagen Polo,Volkswagen,2017,"55,480 km",Petrol,Manual,"EMI ₹8,524/m*",₹4.36 lakh
Maruti Swift Dzire,Maruti,2016,"1,13,832 km",Petrol,Manual,"EMI ₹9,429/m*",₹4.24 lakh
Audi A6,Audi,2021,"77,666 km",Petrol,Auto,"EMI ₹71,692/m*",₹41.87 lakh
Maruti Alto,Maruti,2011,"62,737 km",Petrol,Manual,"EMI ₹71,692/m*",₹1.11 lakh
MG HECTOR PLUS,MG,2021,"46,524 km",Diesel,Manual,"EMI ₹22,105/m*",₹12.91 lakh
Maruti Baleno,Maruti,2017,"96,960 km",Petrol,Auto,"EMI ₹8,231/m*",₹4.21 lakh
Mahindra XUV500,Mahindra,2015,"1,12,843 km",Diesel,Manual,"EMI ₹25,110/m*",₹7.56 lakh
Hyundai Santro Xing,Hyundai,2011,"74,751 km",Petrol,Manual,"EMI ₹25,110/m*",₹1.67 lakh
Ford Ecosport,Ford,2021,"20,740 km",Diesel,Manual,"EMI ₹16,917/m*",₹9.88 lakh
Hyundai i10,Hyundai,2012,"1,01,267 km",Petrol,Manual,"EMI ₹14,038/m*",₹1.58 lakh
Volkswagen Polo,Volkswagen,2014,"59,971 km",Petrol,Manual,"EMI ₹9,740/m*",₹2.93 lakh
Tata ALTROZ,Tata,2021,"84,294 km",Petrol,Manual,"EMI ₹8,491/m*",₹4.81 lakh
Maruti Dzire,Maruti,2021,"1,03,873 km",Petrol,Manual,"EMI ₹10,588/m*",₹4.76 lakh
Hyundai Grand i10,Hyundai,2015,"73,826 km",Petrol,Manual,"EMI ₹7,479/m*",₹2.84 lakh
Maruti XL6,Maruti,2021,"60,390 km",Petrol,Auto,"EMI ₹14,012/m*",₹7.94 lakh
Maruti Celerio,Maruti,2021,"33,389 km",Petrol,Manual,"EMI ₹5,949/m*",₹3.37 lakh
Maruti Swift Dzire,Maruti,2016,"86,116 km",Diesel,Manual,"EMI ₹10,902/m*",₹4.14 lakh
Maruti Baleno,Maruti,2021,"91,848 km",Petrol,Manual,"EMI ₹8,526/m*",₹4.83 lakh
Ford New Figo,Ford,2019,"1,01,901 km",Petrol,Manual,"EMI ₹6,785/m*",₹3.05 lakh
Mahindra MARAZZO,Mahindra,2019,"29,994 km",Diesel,Manual,"EMI ₹10,190/m*",₹5.77 lakh
Hyundai NEW I20,Hyundai,2022,"42,433 km",Petrol,Manual,"EMI ₹10,062/m*",₹5.70 lakh
Tata NEXON,Tata,2018,"77,142 km",Petrol,Manual,"EMI ₹8,209/m*",₹4.65 lakh
Hyundai Xcent,Hyundai,2015,"79,667 km",Petrol,Manual,"EMI ₹7,531/m*",₹2.86 lakh
Hyundai Grand i10,Hyundai,2014,"40,965 km",Petrol,Manual,"EMI ₹8,503/m*",₹2.56 lakh
Ford Figo Aspire,Ford,2019,"63,356 km",Petrol,Manual,"EMI ₹6,390/m*",₹3.62 lakh
KIA SELTOS,KIA,2021,"18,210 km",Petrol,Manual,"EMI ₹14,431/m*",₹8.43 lakh
Volkswagen Polo,Volkswagen,2021,"79,997 km",Petrol,Manual,"EMI ₹11,916/m*",₹6.75 lakh
Maruti Vitara Brezza,Maruti,2018,"52,670 km",Diesel,Auto,"EMI ₹12,708/m*",₹6.50 lakh
Renault Kwid,Renault,2018,"43,357 km",Petrol,Manual,"EMI ₹4,201/m*",₹2.38 lakh
Hyundai Elite i20,Hyundai,2019,"90,928 km",Petrol,Manual,"EMI ₹8,685/m*",₹4.92 lakh
Renault Kwid,Renault,2016,"62,592 km",Petrol,Manual,"EMI ₹4,338/m*",₹1.95 lakh
Maruti Swift,Maruti,2018,"59,610 km",Petrol,Auto,"EMI ₹7,680/m*",₹4.35 lakh
Hyundai Elite i20,Hyundai,2015,"55,093 km",Petrol,Manual,"EMI ₹10,718/m*",₹4.07 lakh
Maruti Alto 800,Maruti,2018,"43,070 km",Petrol,Manual,"EMI ₹3,795/m*",₹2.15 lakh
Maruti S Cross,Maruti,2021,"27,323 km",Petrol,Manual,"EMI ₹12,533/m*",₹7.10 lakh
Renault Kwid,Renault,2022,"45,071 km",Petrol,Auto,"EMI ₹6,811/m*",₹3.86 lakh
Hyundai VENUE,Hyundai,2020,"67,336 km",Diesel,Manual,"EMI ₹13,240/m*",₹7.50 lakh
Nissan Terrano,Nissan,2014,"88,332 km",Diesel,Manual,"EMI ₹16,570/m*",₹3.52 lakh
Hyundai VENUE,Hyundai,2021,"68,193 km",Petrol,Manual,"EMI ₹11,386/m*",₹6.45 lakh
Maruti New Wagon-R,Maruti,2023,"39,726 km",Petrol,Manual,"EMI ₹9,321/m*",₹5.28 lakh
Hyundai Grand i10,Hyundai,2016,"80,179 km",Petrol,Auto,"EMI ₹7,118/m*",₹3.20 lakh
Hyundai Grand i10,Hyundai,2015,"60,077 km",Diesel,Manual,"EMI ₹11,029/m*",₹3.32 lakh
Datsun Go,Datsun,2017,"16,584 km",Petrol,Manual,"EMI ₹4,692/m*",₹2.40 lakh
Ford Ecosport,Ford,2019,"67,822 km",Petrol,Auto,"EMI ₹11,242/m*",₹6.37 lakh
Maruti Wagon R 1.0,Maruti,2014,"1,15,132 km",Petrol,Manual,"EMI ₹6,909/m*",₹2.08 lakh
Mahindra TUV300,Mahindra,2017,"1,23,272 km",Diesel,Manual,"EMI ₹11,104/m*",₹4.99 lakh
Mahindra XUV300,Mahindra,2019,"77,714 km",Petrol,Manual,"EMI ₹10,168/m*",₹5.76 lakh
Renault TRIBER,Renault,2022,"24,010 km",Petrol,Auto,"EMI ₹9,374/m*",₹5.31 lakh
Hyundai Grand i10,Hyundai,2018,"67,500 km",Petrol,Manual,"EMI ₹7,026/m*",₹3.98 lakh
Maruti Dzire,Maruti,2018,"68,893 km",Petrol,Manual,"EMI ₹8,385/m*",₹4.75 lakh
Toyota Glanza,Toyota,2021,"51,329 km",Petrol,Manual,"EMI ₹9,722/m*",₹5.51 lakh
Maruti Baleno,Maruti,2019,"77,135 km",Petrol,Manual,"EMI ₹9,183/m*",₹5.20 lakh
Hyundai GRAND I10 NIOS,Hyundai,2022,"90,205 km",Petrol,Manual,"EMI ₹8,473/m*",₹4.80 lakh
Maruti Swift Dzire,Maruti,2014,"34,273 km",Petrol,Manual,"EMI ₹11,725/m*",₹3.53 lakh
Hyundai Xcent,Hyundai,2014,"1,04,349 km",Petrol,Manual,"EMI ₹9,632/m*",₹2.90 lakh
Maruti Swift,Maruti,2015,"65,429 km",Petrol,Manual,"EMI ₹9,796/m*",₹3.72 lakh
Hyundai Creta,Hyundai,2016,"1,07,738 km",Diesel,Auto,"EMI ₹19,499/m*",₹7.40 lakh
Tata NEXON,Tata,2019,"22,897 km",Petrol,Auto,"EMI ₹11,492/m*",₹6.51 lakh
Maruti Ertiga,Maruti,2013,"93,841 km",Diesel,Manual,"EMI ₹35,095/m*",₹3.95 lakh
Hyundai NEW I20 N LINE,Hyundai,2022,"56,053 km",Petrol,Manual,"EMI ₹14,092/m*",₹8.23 lakh
Hyundai GRAND I10 NIOS,Hyundai,2020,"72,491 km",Petrol,Manual,"EMI ₹7,855/m*",₹4.45 lakh
KIA SONET,KIA,2020,"34,610 km",Petrol,Auto,"EMI ₹14,383/m*",₹8.40 lakh
Maruti Celerio,Maruti,2016,"71,185 km",Petrol,Auto,"EMI ₹6,811/m*",₹3.06 lakh
Hyundai AURA,Hyundai,2023,"1,20,141 km",CNG,Manual,"EMI ₹12,791/m*",₹5.75 lakh
Hyundai Grand i10,Hyundai,2014,"44,084 km",Petrol,Auto,"EMI ₹10,894/m*",₹3.28 lakh
Honda Amaze,Honda,2022,"18,143 km",Petrol,Auto,"EMI ₹12,710/m*",₹7.20 lakh
KIA SONET,KIA,2020,"38,102 km",Petrol,Auto,"EMI ₹13,045/m*",₹7.39 lakh
Hyundai i10,Hyundai,2013,"21,592 km",Petrol,Auto,"EMI ₹13,934/m*",₹2.96 lakh
Mahindra XUV500,Mahindra,2020,"73,840 km",Diesel,Auto,"EMI ₹17,465/m*",₹10.20 lakh
Hyundai GRAND I10 NIOS,Hyundai,2021,"73,516 km",Petrol,Auto,"EMI ₹11,068/m*",₹6.27 lakh
