Car Name,Company,Year of Manufacture,Distance Driven,Fuel Type,Gear Type,EMI,Price
Jeep Compass,Jeep,2017,"46,449 km",Petrol,Auto,"EMI ₹13,729/m*",₹7.02 lakh
Hyundai Eon,Hyundai,2012,"71,198 km",Petrol,Manual,"EMI ₹11,609/m*",₹1.31 lakh
Volkswagen Polo,Volkswagen,2013,"56,011 km",Petrol,Manual,"EMI ₹12,946/m*",₹2.75 lakh
Ford New Figo,Ford,2015,"86,735 km",Petrol,Manual,"EMI ₹5,766/m*",₹2.19 lakh
Renault Kwid,Renault,2020,"22,744 km",Petrol,Manual,"EMI ₹5,144/m*",₹2.91 lakh
Maruti Swift,Maruti,2016,"42,492 km",Petrol,Manual,"EMI ₹8,081/m*",₹3.63 lakh
Ford New Figo,Ford,2017,"47,608 km",Petrol,Manual,"EMI ₹5,072/m*",₹2.59 lakh
Toyota Camry,Toyota,2021,"39,751 km",Hybrid,Auto,"EMI ₹49,484/m*",₹28.90 lakh
Tata NEXON,Tata,2018,"93,457 km",Diesel,Manual,"EMI ₹12,009/m*",₹6.14 lakh
Hyundai Verna,Hyundai,2016,"1,20,751 km",Diesel,Manual,"EMI ₹13,268/m*",₹5.04 lakh
Mercedes Benz GLC CLASS,Mercedes,2016,"56,130 km",Diesel,Auto,"EMI ₹60,091/m*",₹23.25 lakh
Audi Q7,Audi,2022,"32,425 km",Petrol,Auto,"EMI ₹106,159/m*",₹62.00 lakh
Volkswagen Vento,Volkswagen,2016,"1,02,598 km",Petrol,Manual,"EMI ₹8,970/m*",₹4.03 lakh
Tata Tiago,Tata,2018,"26,180 km",Petrol,Manual,"EMI ₹4,961/m*",₹2.81 lakh
KIA SONET,KIA,2020,"34,389 km",Diesel,Manual,"EMI ₹16,009/m*",₹9.35 lakh
BMW X1,BMW,2017,"48,094 km",Diesel,Auto,"EMI ₹33,701/m*",₹15.50 lakh
Maruti Alto K10,Maruti,2017,"72,735 km",CNG,Manual,"EMI ₹6,401/m*",₹2.43 lakh
Lexus ES,Lexus,2020,"43,930 km",Hybrid,Auto,"EMI ₹58,644/m*",₹34.25 lakh
Maruti Baleno,Maruti,2020,"78,662 km",Diesel,Manual,"EMI ₹9,637/m*",₹5.46 lakh
Hyundai Verna,Hyundai,2017,"1,22,280 km",Diesel,Manual,"EMI ₹15,300/m*",₹6.88 lakh
Honda Jazz,Honda,2017,"25,436 km",Petrol,Manual,"EMI ₹6,400/m*",₹3.27 lakh
Maruti Swift Dzire,Maruti,2016,"24,971 km",Petrol,Manual,"EMI ₹8,005/m*",₹3.60 lakh
Datsun Redi Go,Datsun,2018,"53,059 km",Petrol,Manual,"EMI ₹2,499/m*",₹1.42 lakh
Mercedes Benz CLS Class,Mercedes,2015,"31,794 km",Diesel,Auto,"EMI ₹83,484/m*",₹25.50 lakh
Jeep MERIDIAN,Jeep,2022,"39,739 km",Diesel,Auto,"EMI ₹40,221/m*",₹23.49 lakh
Audi A6,Audi,2024,"4,405 km",Petrol,Auto,"EMI ₹87,324/m*",₹51.00 lakh
Maruti Wagon R 1.0,Maruti,2013,"48,326 km",CNG,Manual,"EMI ₹87,324/m*",₹2.20 lakh
Jeep Compass,Jeep,2017,"42,838 km",Petrol,Auto,"EMI ₹15,227/m*",₹8.00 lakh
Hyundai Creta,Hyundai,2020,"65,875 km",Petrol,Auto,"EMI ₹19,793/m*",₹11.56 lakh
Skoda Superb,Skoda,2016,"48,557 km",Petrol,Manual,"EMI ₹15,665/m*",₹7.04 lakh
Honda BR-V,Honda,2018,"36,796 km",Petrol,Manual,"EMI ₹9,947/m*",₹5.63 lakh
Renault Kwid,Renault,2018,"99,104 km",Petrol,Manual,"EMI ₹3,054/m*",₹1.73 lakh
Ford Ecosport,Ford,2015,"1,15,854 km",Diesel,Manual,"EMI ₹13,226/m*",₹3.98 lakh
Audi A4,Audi,2022,"35,016 km",Petrol,Auto,"EMI ₹50,939/m*",₹29.75 lakh
Maruti New Wagon-R,Maruti,2022,"42,548 km",CNG,Manual,"EMI ₹8,725/m*",₹4.94 lakh
Honda City,Honda,2015,"52,916 km",Petrol,Auto,"EMI ₹10,665/m*",₹4.05 lakh
Maruti IGNIS,Maruti,2018,"36,361 km",Petrol,Auto,"EMI ₹6,996/m*",₹3.96 lakh
Hyundai Elite i20,Hyundai,2017,"1,30,747 km",Petrol,Manual,"EMI ₹6,162/m*",₹2.77 lakh
Hyundai Grand i10,Hyundai,2014,"49,805 km",Petrol,Manual,"EMI ₹9,255/m*",₹2.79 lakh
Mahindra XUV700,Mahindra,2022,"49,858 km",Diesel,Auto,"EMI ₹35,957/m*",₹21.00 lakh
Volkswagen TAIGUN,Volkswagen,2022,"38,709 km",Petrol,Auto,"EMI ₹17,550/m*",₹10.25 lakh
Maruti Grand Vitara,Maruti,2024,"31,080 km",Petrol,Manual,"EMI ₹15,952/m*",₹9.32 lakh
Hyundai i10,Hyundai,2012,"38,053 km",Petrol,Manual,"EMI ₹15,922/m*",₹1.79 lakh
Honda City,Honda,2015,"74,976 km",CNG,Auto,"EMI ₹22,204/m*",₹4.72 lakh
Hyundai Verna,Hyundai,2014,"58,980 km",CNG,Manual,"EMI ₹30,654/m*",₹3.45 lakh
BMW X7,BMW,2021,"40,603 km",Diesel,Auto,"EMI ₹133,538/m*",₹77.99 lakh
Maruti Swift Dzire,Maruti,2016,"36,676 km",Petrol,Manual,"EMI ₹6,493/m*",₹2.92 lakh
Maruti Wagon R 1.0,Maruti,2016,"1,28,889 km",Petrol,Manual,"EMI ₹3,960/m*",₹1.78 lakh
Landrover Range Rover Sport,Landrover,2022,"12,437 km",Diesel,Auto,"EMI ₹238,002/m*",₹1.39 Crore
Maruti Wagon R Stingray,Maruti,2014,"55,983 km",Petrol,Manual,"EMI ₹7,872/m*",₹2.37 lakh
MG ASTOR,MG,2022,"25,603 km",Petrol,Manual,"EMI ₹14,900/m*",₹8.70 lakh
Jaguar XF,Jaguar,2015,"36,442 km",Petrol,Auto,"EMI ₹34,245/m*",₹13.25 lakh
KIA SELTOS,KIA,2020,"47,476 km",Petrol,Auto,"EMI ₹18,407/m*",₹10.75 lakh
Tata Curvv,Tata,2024,"14,132 km",Petrol,Manual,"EMI ₹21,403/m*",₹12.50 lakh
Honda City,Honda,2015,"43,550 km",Petrol,Manual,"EMI ₹9,265/m*",₹3.52 lakh
Datsun Redi Go,Datsun,2016,"30,283 km",Petrol,Manual,"EMI ₹2,870/m*",₹1.29 lakh
Honda City,Honda,2019,"32,386 km",Petrol,Manual,"EMI ₹11,985/m*",₹6.79 lakh
KIA SELTOS,KIA,2022,"47,335 km",Diesel,Auto,"EMI ₹27,824/m*",₹16.25 lakh
Renault Kwid,Renault,2016,"52,889 km",Petrol,Manual,"EMI ₹3,782/m*",₹1.70 lakh
Skoda Superb,Skoda,2018,"61,105 km",Petrol,Auto,"EMI ₹17,622/m*",₹10.29 lakh
Maruti New Wagon-R,Maruti,2019,"25,027 km",Petrol,Manual,"EMI ₹6,108/m*",₹3.46 lakh
Skoda Kodiaq,Skoda,2017,"32,715 km",Diesel,Auto,"EMI ₹39,136/m*",₹18.00 lakh
Volkswagen TAIGUN,Volkswagen,2021,"39,135 km",Petrol,Auto,"EMI ₹20,547/m*",₹12.00 lakh
Landrover RANGE ROVER VELAR,Landrover,2021,"43,114 km",Diesel,Auto,"EMI ₹107,786/m*",₹62.95 lakh
Maruti Alto K10,Maruti,2016,"27,630 km",CNG,Manual,"EMI ₹6,371/m*",₹1.92 lakh
Hyundai Verna,Hyundai,2019,"76,503 km",Petrol,Manual,"EMI ₹10,330/m*",₹5.85 lakh
Maruti Baleno,Maruti,2016,"47,373 km",Petrol,Manual,"EMI ₹8,008/m*",₹3.60 lakh
Hyundai Verna,Hyundai,2014,"69,212 km",Diesel,Auto,"EMI ₹16,193/m*",₹3.44 lakh
Hyundai ALCAZAR,Hyundai,2022,"78,426 km",Diesel,Auto,"EMI ₹23,971/m*",₹14.00 lakh
Hyundai Sonata,Hyundai,2012,"1,07,130 km",Petrol,Manual,"EMI ₹16,970/m*",₹1.91 lakh
KIA SELTOS,KIA,2019,"20,994 km",Petrol,Manual,"EMI ₹15,108/m*",₹8.82 lakh
BMW 5 Series,BMW,2014,"58,283 km",Diesel,Auto,"EMI ₹71,310/m*",₹15.30 lakh
Maruti S PRESSO,Maruti,2020,"33,225 km",Petrol,Manual,"EMI ₹5,713/m*",₹3.24 lakh
Tata PUNCH,Tata,2021,"65,737 km",Petrol,Manual,"EMI ₹8,279/m*",₹4.69 lakh
Tata NEXON,Tata,2021,"52,465 km",Petrol,Auto,"EMI ₹12,812/m*",₹7.26 lakh
Volkswagen Ameo,Volkswagen,2017,"1,48,441 km",Diesel,Auto,"EMI ₹6,050/m*",₹2.72 lakh
Hyundai Creta,Hyundai,2019,"46,498 km",Petrol,Auto,"EMI ₹16,266/m*",₹9.50 lakh
Toyota Innova Crysta,Toyota,2022,"68,122 km",Diesel,Manual,"EMI ₹34,074/m*",₹19.90 lakh
Hyundai Creta,Hyundai,2022,"76,230 km",Petrol,Auto,"EMI ₹20,330/m*",₹11.87 lakh
Hyundai i20,Hyundai,2012,"44,329 km",Petrol,Manual,"EMI ₹15,460/m*",₹1.74 lakh
Maruti IGNIS,Maruti,2017,"55,514 km",Petrol,Auto,"EMI ₹5,292/m*",₹2.71 lakh
Mahindra Kuv100,Mahindra,2016,"64,900 km",Petrol,Manual,"EMI ₹4,856/m*",₹2.18 lakh
Hyundai Grand i10,Hyundai,2018,"53,194 km",Petrol,Manual,"EMI ₹5,474/m*",₹3.10 lakh
Renault Kwid,Renault,2016,"62,857 km",Petrol,Manual,"EMI ₹4,007/m*",₹1.80 lakh
Tata ALTROZ,Tata,2023,"25,451 km",Diesel,Manual,"EMI ₹13,331/m*",₹7.55 lakh
Maruti S Cross,Maruti,2015,"92,164 km",Diesel,Manual,"EMI ₹15,714/m*",₹4.73 lakh
Volkswagen Ameo,Volkswagen,2019,"39,830 km",Diesel,Auto,"EMI ₹9,884/m*",₹5.60 lakh
Renault Duster,Renault,2014,"41,990 km",Petrol,Manual,"EMI ₹7,108/m*",₹2.14 lakh
Tata TIGOR,Tata,2019,"24,930 km",Petrol,Auto,"EMI ₹6,696/m*",₹3.79 lakh
Maruti New Wagon-R,Maruti,2022,"1,10,060 km",CNG,Manual,"EMI ₹8,475/m*",₹3.81 lakh
Maruti Celerio,Maruti,2020,"42,127 km",Petrol,Auto,"EMI ₹5,702/m*",₹3.23 lakh
Tata NEXON,Tata,2021,"1,22,716 km",Petrol,Manual,"EMI ₹10,766/m*",₹4.84 lakh
Hyundai ALCAZAR,Hyundai,2021,"46,736 km",Diesel,Manual,"EMI ₹23,663/m*",₹13.82 lakh
Jeep Compass,Jeep,2017,"55,340 km",Diesel,Manual,"EMI ₹14,020/m*",₹6.30 lakh
Maruti Swift,Maruti,2016,"99,872 km",Petrol,Manual,"EMI ₹6,453/m*",₹2.90 lakh
Hyundai Elite i20,Hyundai,2017,"38,194 km",Petrol,Manual,"EMI ₹7,253/m*",₹3.71 lakh
Maruti S Cross,Maruti,2017,"68,717 km",Diesel,Manual,"EMI ₹11,346/m*",₹5.10 lakh
Renault Kwid,Renault,2017,"1,28,262 km",CNG,Manual,"EMI ₹5,398/m*",₹2.05 lakh
Honda Civic,Honda,2019,"54,002 km",Petrol,Auto,"EMI ₹17,722/m*",₹10.35 lakh
Maruti S PRESSO,Maruti,2021,"28,162 km",Petrol,Manual,"EMI ₹5,013/m*",₹2.84 lakh
Honda City,Honda,2018,"47,275 km",Petrol,Auto,"EMI ₹9,342/m*",₹5.29 lakh
Hyundai Grand i10,Hyundai,2014,"45,221 km",Petrol,Manual,"EMI ₹6,931/m*",₹2.09 lakh
Honda Amaze,Honda,2015,"51,855 km",Petrol,Manual,"EMI ₹6,452/m*",₹2.45 lakh
Nissan Terrano,Nissan,2014,"89,284 km",Diesel,Manual,"EMI ₹11,509/m*",₹2.44 lakh
Toyota Etios Liva,Toyota,2013,"26,072 km",Petrol,Manual,"EMI ₹8,097/m*",₹1.72 lakh
Hyundai AURA,Hyundai,2023,"47,649 km",Petrol,Auto,"EMI ₹9,833/m*",₹5.57 lakh
Hyundai Creta,Hyundai,2017,"1,17,634 km",CNG,Auto,"EMI ₹14,789/m*",₹5.62 lakh
Maruti Swift Dzire,Maruti,2015,"55,839 km",Petrol,Manual,"EMI ₹7,763/m*",₹2.95 lakh
Maruti XL6,Maruti,2019,"56,222 km",Petrol,Auto,"EMI ₹11,983/m*",₹6.79 lakh
Ford New Figo,Ford,2017,"49,256 km",Petrol,Manual,"EMI ₹4,966/m*",₹2.54 lakh
Maruti IGNIS,Maruti,2018,"80,765 km",CNG,Manual,"EMI ₹7,794/m*",₹3.50 lakh
Hyundai Creta,Hyundai,2015,"88,122 km",Diesel,Manual,"EMI ₹19,465/m*",₹5.86 lakh
Honda Amaze,Honda,2020,"83,828 km",Petrol,Manual,"EMI ₹7,552/m*",₹4.28 lakh
Skoda Rapid,Skoda,2018,"75,083 km",Petrol,Auto,"EMI ₹7,255/m*",₹4.11 lakh
Tata Tiago,Tata,2017,"1,15,243 km",Petrol,Auto,"EMI ₹6,028/m*",₹2.71 lakh
Maruti Ertiga,Maruti,2014,"67,755 km",CNG,Manual,"EMI ₹42,619/m*",₹4.80 lakh
Volkswagen TAIGUN,Volkswagen,2021,"69,800 km",Petrol,Manual,"EMI ₹14,016/m*",₹7.94 lakh
Toyota Innova,Toyota,2014,"1,70,000 km",Diesel,Manual,"EMI ₹23,772/m*",₹5.05 lakh
Nissan MAGNITE,Nissan,2021,"34,722 km",Petrol,Manual,"EMI ₹8,169/m*",₹4.63 lakh
Maruti Vitara Brezza,Maruti,2020,"12,270 km",Petrol,Manual,"EMI ₹12,269/m*",₹6.95 lakh
Tata ALTROZ,Tata,2023,"8,733 km",Petrol,Auto,"EMI ₹12,088/m*",₹6.85 lakh
Maruti Alto 800,Maruti,2017,"63,883 km",Petrol,Manual,"EMI ₹3,695/m*",₹1.89 lakh
Honda WR-V,Honda,2018,"42,086 km",Diesel,Manual,"EMI ₹10,562/m*",₹5.40 lakh
KIA SELTOS,KIA,2020,"50,084 km",Petrol,Auto,"EMI ₹20,025/m*",₹11.70 lakh
Hyundai i10,Hyundai,2013,"31,062 km",Petrol,Manual,"EMI ₹7,296/m*",₹1.55 lakh
Jeep Compass,Jeep,2018,"48,146 km",Petrol,Manual,"EMI ₹11,868/m*",₹6.72 lakh
Hyundai Elite i20,Hyundai,2015,"18,421 km",Petrol,Manual,"EMI ₹9,253/m*",₹3.51 lakh
Maruti Dzire,Maruti,2018,"60,333 km",Petrol,Auto,"EMI ₹7,855/m*",₹4.45 lakh
KIA SELTOS,KIA,2021,"74,425 km",Diesel,Auto,"EMI ₹14,982/m*",₹8.75 lakh
Honda Amaze,Honda,2018,"39,340 km",Petrol,Auto,"EMI ₹8,209/m*",₹4.65 lakh
Maruti Ertiga,Maruti,2016,"95,635 km",Petrol,Auto,"EMI ₹10,744/m*",₹4.83 lakh
Hyundai i10,Hyundai,2012,"62,494 km",Petrol,Manual,"EMI ₹14,038/m*",₹1.58 lakh
Maruti New Wagon-R,Maruti,2021,"68,180 km",CNG,Manual,"EMI ₹7,396/m*",₹4.19 lakh
Maruti Alto 800,Maruti,2013,"25,432 km",CNG,Manual,"EMI ₹7,396/m*",₹1.62 lakh
Toyota URBAN CRUISER,Toyota,2021,"81,951 km",Petrol,Manual,"EMI ₹10,892/m*",₹6.17 lakh
Volkswagen Polo,Volkswagen,2017,"72,046 km",Petrol,Auto,"EMI ₹10,416/m*",₹5.33 lakh
MG HECTOR,MG,2019,"48,955 km",Petrol,Auto,"EMI ₹14,468/m*",₹8.45 lakh
Maruti Celerio,Maruti,2014,"72,043 km",Petrol,Auto,"EMI ₹6,942/m*",₹2.09 lakh
Maruti Swift Dzire,Maruti,2015,"44,921 km",Petrol,Manual,"EMI ₹8,291/m*",₹3.15 lakh
Jeep Compass,Jeep,2019,"81,091 km",Petrol,Auto,"EMI ₹15,239/m*",₹8.90 lakh
Hyundai Grand i10,Hyundai,2018,"26,465 km",Petrol,Manual,"EMI ₹6,002/m*",₹3.40 lakh
Hyundai Creta,Hyundai,2018,"52,281 km",Petrol,Auto,"EMI ₹14,897/m*",₹8.70 lakh
Hyundai Elite i20,Hyundai,2015,"66,585 km",Petrol,Manual,"EMI ₹9,375/m*",₹3.56 lakh
Tata ALTROZ,Tata,2020,"15,509 km",Petrol,Manual,"EMI ₹9,081/m*",₹5.14 lakh
Datsun Redi Go,Datsun,2018,"20,918 km",Petrol,Auto,"EMI ₹3,937/m*",₹2.23 lakh
BMW 5 Series,BMW,2017,"69,490 km",Petrol,Auto,"EMI ₹49,013/m*",₹25.75 lakh
Ford Ecosport,Ford,2013,"46,078 km",Petrol,Manual,"EMI ₹12,008/m*",₹2.55 lakh
Mahindra XUV500,Mahindra,2017,"85,275 km",Diesel,Auto,"EMI ₹18,008/m*",₹8.28 lakh
Landrover DISCOVERY SPORT,Landrover,2020,"56,121 km",Diesel,Auto,"EMI ₹66,349/m*",₹38.75 lakh
Hyundai Creta,Hyundai,2022,"67,927 km",Diesel,Manual,"EMI ₹22,071/m*",₹12.89 lakh
Maruti Wagon R 1.0,Maruti,2016,"15,712 km",Petrol,Auto,"EMI ₹5,632/m*",₹2.53 lakh
MG HECTOR PLUS,MG,2022,"22,736 km",Petrol,Manual,"EMI ₹18,835/m*",₹11.00 lakh
Hyundai Grand i10,Hyundai,2017,"69,552 km",Petrol,Auto,"EMI ₹6,393/m*",₹3.27 lakh
Maruti Ertiga,Maruti,2021,"1,37,334 km",Petrol,Auto,"EMI ₹17,729/m*",₹7.97 lakh
Maruti Celerio,Maruti,2022,"41,490 km",Petrol,Auto,"EMI ₹7,370/m*",₹4.18 lakh
Honda WR-V,Honda,2017,"1,39,065 km",Diesel,Manual,"EMI ₹9,810/m*",₹4.41 lakh
Maruti Swift Dzire,Maruti,2014,"56,891 km",Petrol,Manual,"EMI ₹8,243/m*",₹2.48 lakh
MG HECTOR,MG,2019,"58,588 km",Diesel,Manual,"EMI ₹15,170/m*",₹8.86 lakh
Maruti Alto 800,Maruti,2018,"63,632 km",CNG,Manual,"EMI ₹5,232/m*",₹2.35 lakh
Hyundai NEW SANTRO,Hyundai,2021,"29,501 km",Petrol,Auto,"EMI ₹6,557/m*",₹3.71 lakh
Toyota Etios Liva,Toyota,2015,"91,886 km",Petrol,Manual,"EMI ₹5,319/m*",₹2.02 lakh
Maruti Ciaz,Maruti,2017,"57,158 km",Petrol,Auto,"EMI ₹8,798/m*",₹4.50 lakh
Honda Jazz,Honda,2016,"1,27,709 km",Petrol,Manual,"EMI ₹5,517/m*",₹2.48 lakh
Honda City,Honda,2022,"86,355 km",Diesel,Manual,"EMI ₹14,157/m*",₹8.27 lakh
Skoda Rapid,Skoda,2012,"64,358 km",Diesel,Manual,"EMI ₹14,157/m*",₹2.48 lakh
Tata Tiago,Tata,2016,"66,642 km",Petrol,Manual,"EMI ₹6,095/m*",₹2.74 lakh
Tata NEXON,Tata,2024,"7,192 km",Petrol,Auto,"EMI ₹14,775/m*",₹8.63 lakh
Tata Tiago,Tata,2022,"35,556 km",CNG,Manual,"EMI ₹8,438/m*",₹4.78 lakh
Skoda Rapid,Skoda,2015,"1,33,941 km",Diesel,Manual,"EMI ₹9,084/m*",₹2.73 lakh
Maruti Baleno,Maruti,2015,"41,496 km",Petrol,Manual,"EMI ₹9,882/m*",₹3.75 lakh
Maruti Ciaz,Maruti,2014,"71,574 km",Diesel,Manual,"EMI ₹17,747/m*",₹3.77 lakh
Hyundai Eon,Hyundai,2014,"27,630 km",Petrol,Manual,"EMI ₹5,148/m*",₹1.55 lakh
Hyundai Grand i10,Hyundai,2015,"43,158 km",Petrol,Manual,"EMI ₹6,662/m*",₹2.53 lakh
Tata ALTROZ,Tata,2024,"5,443 km",Petrol,Manual,"EMI ₹13,646/m*",₹7.73 lakh
Hyundai Tucson,Hyundai,2017,"51,413 km",Petrol,Auto,"EMI ₹18,347/m*",₹9.64 lakh
Hyundai Creta,Hyundai,2017,"71,348 km",Petrol,Manual,"EMI ₹10,870/m*",₹5.56 lakh
Hyundai New Elantra,Hyundai,2021,"52,079 km",Petrol,Auto,"EMI ₹15,410/m*",₹9.00 lakh
Audi A3,Audi,2019,"61,518 km",Petrol,Auto,"EMI ₹25,667/m*",₹14.99 lakh
Maruti Wagon R 1.0,Maruti,2016,"48,590 km",Petrol,Auto,"EMI ₹5,272/m*",₹2.37 lakh
Hyundai i10,Hyundai,2013,"60,028 km",CNG,Manual,"EMI ₹5,272/m*",₹2.19 lakh
Ford Ecosport,Ford,2013,"70,238 km",Petrol,Manual,"EMI ₹12,093/m*",₹2.57 lakh
Honda City,Honda,2016,"41,770 km",Petrol,Manual,"EMI ₹10,190/m*",₹4.58 lakh
Tata Tiago,Tata,2016,"73,887 km",Petrol,Manual,"EMI ₹6,098/m*",₹2.74 lakh
Maruti Celerio X,Maruti,2018,"46,076 km",Petrol,Auto,"EMI ₹5,790/m*",₹3.28 lakh
Renault Kiger,Renault,2022,"65,563 km",Petrol,Auto,"EMI ₹9,195/m*",₹5.21 lakh
Hyundai i10,Hyundai,2014,"20,612 km",Petrol,Manual,"EMI ₹7,606/m*",₹2.29 lakh
Hyundai Eon,Hyundai,2018,"50,918 km",Petrol,Manual,"EMI ₹3,636/m*",₹2.06 lakh
Hyundai Xcent,Hyundai,2015,"72,851 km",Petrol,Manual,"EMI ₹9,116/m*",₹3.46 lakh
Hyundai New Elantra,Hyundai,2012,"1,29,639 km",Diesel,Manual,"EMI ₹9,116/m*",₹2.80 lakh
Hyundai Xcent,Hyundai,2014,"40,290 km",Petrol,Manual,"EMI ₹9,379/m*",₹2.82 lakh
KIA SELTOS,KIA,2022,"98,623 km",Diesel,Auto,"EMI ₹19,348/m*",₹11.30 lakh
Maruti Grand Vitara,Maruti,2023,"43,241 km",Petrol,Manual,"EMI ₹18,559/m*",₹10.84 lakh
Maruti S PRESSO,Maruti,2021,"90,554 km",CNG,Manual,"EMI ₹5,455/m*",₹3.09 lakh
Maruti Wagon R 1.0,Maruti,2018,"97,067 km",CNG,Manual,"EMI ₹6,756/m*",₹3.04 lakh
Maruti Wagon R 1.0,Maruti,2016,"79,584 km",Petrol,Manual,"EMI ₹4,760/m*",₹2.14 lakh
Datsun Redi Go,Datsun,2018,"26,811 km",Petrol,Auto,"EMI ₹4,202/m*",₹2.38 lakh
Honda Amaze,Honda,2014,"57,485 km",Diesel,Manual,"EMI ₹13,745/m*",₹2.92 lakh
Honda BR-V,Honda,2017,"75,974 km",Petrol,Manual,"EMI ₹10,235/m*",₹5.24 lakh
Honda Brio,Honda,2015,"34,079 km",Petrol,Manual,"EMI ₹6,183/m*",₹2.35 lakh
Ford Ecosport,Ford,2019,"76,497 km",Diesel,Manual,"EMI ₹11,046/m*",₹6.26 lakh
Hyundai Creta,Hyundai,2018,"47,914 km",Petrol,Auto,"EMI ₹12,581/m*",₹7.13 lakh
Ford Ecosport,Ford,2018,"85,315 km",Diesel,Manual,"EMI ₹9,384/m*",₹4.80 lakh
Maruti Swift Dzire,Maruti,2016,"60,016 km",Petrol,Manual,"EMI ₹7,563/m*",₹3.40 lakh
Renault Kwid,Renault,2017,"23,001 km",Petrol,Auto,"EMI ₹5,336/m*",₹2.73 lakh
Renault Kwid,Renault,2017,"66,414 km",Petrol,Auto,"EMI ₹4,477/m*",₹2.29 lakh
Maruti Alto K10,Maruti,2023,"15,110 km",Petrol,Manual,"EMI ₹6,617/m*",₹3.75 lakh
Landrover DISCOVERY SPORT,Landrover,2020,"49,183 km",Diesel,Auto,"EMI ₹68,062/m*",₹39.75 lakh
Renault Kwid,Renault,2017,"54,483 km",Petrol,Auto,"EMI ₹4,729/m*",₹2.42 lakh
Ford New Figo,Ford,2018,"96,018 km",Petrol,Manual,"EMI ₹4,975/m*",₹2.82 lakh
Hyundai GRAND I10 NIOS,Hyundai,2022,"49,692 km",CNG,Manual,"EMI ₹9,853/m*",₹5.58 lakh
Volkswagen TAIGUN,Volkswagen,2022,"55,400 km",Petrol,Auto,"EMI ₹16,369/m*",₹9.56 lakh
Maruti Swift,Maruti,2020,"24,651 km",Petrol,Auto,"EMI ₹8,844/m*",₹5.01 lakh
Ford Ecosport,Ford,2016,"45,015 km",Petrol,Auto,"EMI ₹9,521/m*",₹4.28 lakh
Tata ALTROZ,Tata,2021,"23,470 km",Petrol,Manual,"EMI ₹9,753/m*",₹5.52 lakh
Hyundai Grand i10,Hyundai,2015,"41,896 km",Petrol,Manual,"EMI ₹8,427/m*",₹3.20 lakh
Nissan Micra,Nissan,2019,"1,03,683 km",Petrol,Auto,"EMI ₹5,383/m*",₹2.42 lakh
Maruti Vitara Brezza,Maruti,2020,"57,310 km",Petrol,Manual,"EMI ₹11,805/m*",₹6.69 lakh
Honda City,Honda,2019,"1,17,449 km",Petrol,Manual,"EMI ₹12,291/m*",₹5.53 lakh
Nissan Micra,Nissan,2016,"47,444 km",Petrol,Auto,"EMI ₹6,052/m*",₹2.72 lakh
Hyundai Grand i10,Hyundai,2014,"87,472 km",Petrol,Manual,"EMI ₹8,450/m*",₹2.54 lakh
Ford New Figo,Ford,2020,"71,297 km",Petrol,Manual,"EMI ₹6,334/m*",₹3.59 lakh
Maruti Alto K10,Maruti,2017,"20,628 km",Petrol,Manual,"EMI ₹4,403/m*",₹2.25 lakh
Hyundai GRAND I10 NIOS,Hyundai,2021,"72,467 km",Petrol,Auto,"EMI ₹8,779/m*",₹4.97 lakh
Maruti Wagon R 1.0,Maruti,2014,"54,851 km",Petrol,Manual,"EMI ₹7,334/m*",₹2.21 lakh
KIA SONET,KIA,2021,"53,981 km",Petrol,Manual,"EMI ₹12,025/m*",₹6.81 lakh
Toyota Corolla Altis,Toyota,2014,"1,03,843 km",Petrol,Manual,"EMI ₹14,436/m*",₹4.35 lakh
Maruti Ciaz,Maruti,2018,"88,214 km",Diesel,Manual,"EMI ₹11,394/m*",₹5.83 lakh
Honda Jazz,Honda,2018,"60,048 km",Petrol,Auto,"EMI ₹6,644/m*",₹3.76 lakh
Volkswagen Polo,Volkswagen,2015,"65,114 km",Petrol,Manual,"EMI ₹8,048/m*",₹3.06 lakh
Maruti Wagon R 1.0,Maruti,2015,"92,101 km",CNG,Manual,"EMI ₹10,827/m*",₹2.30 lakh
Maruti Ertiga,Maruti,2012,"1,35,791 km",Petrol,Manual,"EMI ₹29,142/m*",₹3.28 lakh
Tata TIGOR,Tata,2022,"70,551 km",CNG,Manual,"EMI ₹9,294/m*",₹5.26 lakh
Jeep Compass,Jeep,2018,"1,00,566 km",Diesel,Manual,"EMI ₹15,255/m*",₹6.86 lakh
Honda City,Honda,2015,"94,742 km",Petrol,Manual,"EMI ₹8,844/m*",₹3.36 lakh
Maruti Wagon R 1.0,Maruti,2014,"40,150 km",CNG,Manual,"EMI ₹20,206/m*",₹2.27 lakh
Honda Jazz,Honda,2019,"22,299 km",Petrol,Auto,"EMI ₹9,253/m*",₹5.24 lakh
Hyundai VENUE,Hyundai,2021,"39,323 km",Petrol,Manual,"EMI ₹13,416/m*",₹7.60 lakh
Honda Amaze,Honda,2014,"99,082 km",Petrol,Manual,"EMI ₹7,908/m*",₹2.38 lakh
Skoda Superb,Skoda,2017,"59,623 km",Petrol,Auto,"EMI ₹18,368/m*",₹9.65 lakh
Toyota Etios,Toyota,2014,"31,996 km",Petrol,Manual,"EMI ₹8,071/m*",₹2.43 lakh
Tata NEXON,Tata,2018,"94,704 km",Petrol,Auto,"EMI ₹8,667/m*",₹4.91 lakh
Renault Duster,Renault,2012,"99,303 km",Diesel,Manual,"EMI ₹8,667/m*",₹2.57 lakh
Hyundai Grand i10,Hyundai,2018,"22,725 km",Petrol,Auto,"EMI ₹7,282/m*",₹4.13 lakh
Maruti Baleno,Maruti,2017,"1,26,984 km",Diesel,Manual,"EMI ₹10,633/m*",₹4.78 lakh
Honda Brio,Honda,2015,"49,238 km",Petrol,Manual,"EMI ₹6,162/m*",₹2.34 lakh
Hyundai EXTER,Hyundai,2024,"24,821 km",CNG,Manual,"EMI ₹14,556/m*",₹8.50 lakh
MG HECTOR PLUS,MG,2023,"21,069 km",Petrol,Auto,"EMI ₹31,248/m*",₹18.25 lakh
Hyundai Creta,Hyundai,2015,"96,391 km",Petrol,Manual,"EMI ₹12,772/m*",₹4.85 lakh
Maruti Ciaz,Maruti,2023,"28,331 km",Petrol,Manual,"EMI ₹12,994/m*",₹7.36 lakh
Tata NEXON,Tata,2018,"45,315 km",Petrol,Auto,"EMI ₹9,847/m*",₹5.58 lakh
Honda City,Honda,2015,"94,102 km",Petrol,Manual,"EMI ₹9,912/m*",₹3.76 lakh
MG HECTOR PLUS,MG,2024,"14,063 km",Petrol,Auto,"EMI ₹34,673/m*",₹20.25 lakh
Hyundai Grand i10,Hyundai,2015,"65,739 km",Petrol,Manual,"EMI ₹7,898/m*",₹3.00 lakh
Maruti Dzire,Maruti,2018,"30,696 km",Petrol,Auto,"EMI ₹8,840/m*",₹5.01 lakh
Hyundai Grand i10,Hyundai,2015,"45,488 km",Petrol,Auto,"EMI ₹7,894/m*",₹3.00 lakh
Volkswagen Vento,Volkswagen,2017,"1,14,563 km",Diesel,Auto,"EMI ₹11,138/m*",₹5.01 lakh
Maruti Wagon R 1.0,Maruti,2018,"23,822 km",Petrol,Auto,"EMI ₹6,143/m*",₹3.48 lakh
Volkswagen Polo,Volkswagen,2013,"83,632 km",Petrol,Auto,"EMI ₹17,238/m*",₹3.66 lakh
Maruti Wagon R 1.0,Maruti,2013,"65,863 km",CNG,Manual,"EMI ₹17,238/m*",₹2.01 lakh
Skoda Rapid,Skoda,2015,"1,43,074 km",Petrol,Manual,"EMI ₹6,522/m*",₹2.48 lakh
Maruti Baleno,Maruti,2018,"47,330 km",Petrol,Auto,"EMI ₹9,087/m*",₹5.15 lakh
Tata NEXON,Tata,2024,"17,420 km",Petrol,Auto,"EMI ₹17,509/m*",₹10.23 lakh
Honda City,Honda,2016,"1,09,591 km",Petrol,Manual,"EMI ₹8,944/m*",₹4.02 lakh
Hyundai GRAND I10 NIOS,Hyundai,2021,"19,605 km",Petrol,Auto,"EMI ₹10,105/m*",₹5.72 lakh
Honda WR-V,Honda,2017,"1,40,444 km",Diesel,Manual,"EMI ₹10,578/m*",₹4.76 lakh
KIA SELTOS,KIA,2021,"86,969 km",Petrol,Auto,"EMI ₹15,561/m*",₹9.09 lakh
Volkswagen Polo,Volkswagen,2017,"69,761 km",Petrol,Auto,"EMI ₹8,109/m*",₹4.15 lakh
Toyota Urban Cruiser Taisor,Toyota,2024,"10,865 km",Petrol,Auto,"EMI ₹18,526/m*",₹10.82 lakh
Maruti Wagon R 1.0,Maruti,2015,"23,546 km",Petrol,Auto,"EMI ₹6,057/m*",₹2.30 lakh
Honda Amaze,Honda,2013,"98,015 km",Petrol,Auto,"EMI ₹10,403/m*",₹2.21 lakh
Honda Amaze,Honda,2015,"79,018 km",Diesel,Manual,"EMI ₹10,333/m*",₹3.11 lakh
MG HECTOR,MG,2019,"69,923 km",Diesel,Manual,"EMI ₹15,664/m*",₹9.15 lakh
Maruti Ciaz,Maruti,2017,"1,41,965 km",Diesel,Manual,"EMI ₹11,225/m*",₹5.05 lakh
Maruti Wagon R 1.0,Maruti,2016,"45,423 km",Petrol,Manual,"EMI ₹5,850/m*",₹2.63 lakh
Tata Tiago,Tata,2018,"35,391 km",Petrol,Manual,"EMI ₹6,213/m*",₹3.52 lakh
Honda Jazz,Honda,2017,"53,561 km",Petrol,Manual,"EMI ₹6,497/m*",₹3.32 lakh
Tata ALTROZ,Tata,2023,"39,430 km",Petrol,Auto,"EMI ₹13,082/m*",₹7.41 lakh
Volkswagen Vento,Volkswagen,2013,"1,21,685 km",Diesel,Manual,"EMI ₹25,855/m*",₹2.91 lakh
Honda City,Honda,2017,"42,504 km",Petrol,Manual,"EMI ₹9,164/m*",₹4.69 lakh
Tata Tiago,Tata,2016,"74,675 km",Petrol,Manual,"EMI ₹6,206/m*",₹2.79 lakh
Maruti Ertiga,Maruti,2014,"69,208 km",Petrol,Manual,"EMI ₹14,349/m*",₹4.32 lakh
Nissan Terrano,Nissan,2016,"1,09,757 km",Petrol,Manual,"EMI ₹7,065/m*",₹3.18 lakh
Hyundai Grand i10,Hyundai,2014,"76,044 km",Petrol,Manual,"EMI ₹8,138/m*",₹2.45 lakh
MG HECTOR PLUS,MG,2021,"62,486 km",Petrol,Auto,"EMI ₹19,142/m*",₹11.18 lakh
Honda Jazz,Honda,2018,"50,520 km",Petrol,Auto,"EMI ₹7,417/m*",₹4.20 lakh
Hyundai Grand i10,Hyundai,2015,"90,849 km",Petrol,Auto,"EMI ₹8,374/m*",₹3.18 lakh
Hyundai Creta,Hyundai,2016,"73,582 km",Petrol,Manual,"EMI ₹12,578/m*",₹5.65 lakh
Honda Jazz,Honda,2016,"49,345 km",Petrol,Auto,"EMI ₹8,638/m*",₹3.88 lakh
Hyundai Grand i10,Hyundai,2014,"79,889 km",Petrol,Manual,"EMI ₹8,101/m*",₹2.44 lakh
Hyundai Xcent,Hyundai,2016,"26,710 km",Petrol,Manual,"EMI ₹7,793/m*",₹3.50 lakh
Maruti Ciaz,Maruti,2019,"69,792 km",Petrol,Auto,"EMI ₹10,751/m*",₹6.09 lakh
Honda City,Honda,2015,"46,759 km",Petrol,Manual,"EMI ₹11,586/m*",₹4.40 lakh
Jeep Compass,Jeep,2021,"81,469 km",Petrol,Manual,"EMI ₹15,599/m*",₹9.11 lakh
Honda City,Honda,2016,"73,026 km",Petrol,Manual,"EMI ₹9,371/m*",₹4.21 lakh
Skoda Superb,Skoda,2018,"77,473 km",Petrol,Auto,"EMI ₹17,602/m*",₹10.28 lakh
Maruti Ertiga,Maruti,2013,"33,718 km",Petrol,Manual,"EMI ₹18,265/m*",₹3.88 lakh
Tata Tiago,Tata,2018,"36,810 km",Petrol,Auto,"EMI ₹6,867/m*",₹3.89 lakh
Honda City,Honda,2019,"1,10,700 km",Petrol,Auto,"EMI ₹14,074/m*",₹6.33 lakh
KIA SELTOS,KIA,2020,"63,799 km",Petrol,Auto,"EMI ₹18,743/m*",₹10.95 lakh
MG ZS EV,MG,2022,"44,160 km",Electric,Auto,"EMI ₹23,800/m*",₹13.90 lakh
KIA SELTOS,KIA,2020,"90,284 km",Petrol,Auto,"EMI ₹16,592/m*",₹9.69 lakh
MG HECTOR,MG,2020,"38,957 km",Petrol,Auto,"EMI ₹18,218/m*",₹10.64 lakh
MG HECTOR,MG,2020,"39,520 km",Petrol,Auto,"EMI ₹17,512/m*",₹10.23 lakh
KIA SELTOS,KIA,2019,"50,671 km",Petrol,Manual,"EMI ₹16,438/m*",₹9.60 lakh
MG HECTOR,MG,2020,"77,127 km",Diesel,Manual,"EMI ₹19,252/m*",₹11.24 lakh
Hyundai i20,Hyundai,2013,"1,24,936 km",Petrol,Manual,"EMI ₹12,232/m*",₹2.60 lakh
Honda Amaze,Honda,2013,"74,720 km",Petrol,Manual,"EMI ₹13,224/m*",₹2.81 lakh
Hyundai i20,Hyundai,2013,"92,648 km",CNG,Manual,"EMI ₹13,224/m*",₹2.64 lakh
Hyundai AURA,Hyundai,2023,"7,375 km",CNG,Manual,"EMI ₹11,900/m*",₹6.74 lakh
Maruti Dzire,Maruti,2020,"43,698 km",Petrol,Auto,"EMI ₹10,088/m*",₹5.71 lakh
Renault Duster,Renault,2014,"66,946 km",Petrol,Manual,"EMI ₹9,800/m*",₹2.95 lakh
Maruti Ciaz,Maruti,2016,"80,686 km",Petrol,Manual,"EMI ₹8,580/m*",₹3.86 lakh
Toyota YARIS,Toyota,2020,"48,693 km",Petrol,Manual,"EMI ₹11,740/m*",₹6.65 lakh
Maruti Wagon R 1.0,Maruti,2016,"1,06,985 km",CNG,Manual,"EMI ₹9,018/m*",₹2.71 lakh
Maruti Celerio,Maruti,2019,"75,750 km",CNG,Manual,"EMI ₹7,083/m*",₹3.62 lakh
Datsun Go,Datsun,2018,"48,466 km",Petrol,Manual,"EMI ₹3,019/m*",₹1.71 lakh
Nissan Sunny,Nissan,2013,"35,533 km",Petrol,Manual,"EMI ₹2,871/m*",₹0.61 lakh
Maruti Swift Dzire,Maruti,2013,"51,483 km",Petrol,Manual,"EMI ₹13,651/m*",₹2.90 lakh
Maruti Wagon R 1.0,Maruti,2017,"1,89,010 km",Petrol,Manual,"EMI ₹4,872/m*",₹2.19 lakh
Skoda SLAVIA,Skoda,2023,"27,915 km",Petrol,Manual,"EMI ₹13,893/m*",₹7.87 lakh
Volkswagen Polo,Volkswagen,2014,"1,04,351 km",Petrol,Manual,"EMI ₹7,872/m*",₹2.37 lakh
Tata TIGOR,Tata,2018,"90,063 km",Petrol,Auto,"EMI ₹4,219/m*",₹2.39 lakh
Hyundai i20,Hyundai,2013,"74,457 km",Petrol,Manual,"EMI ₹9,415/m*",₹2.00 lakh
Hyundai Eon,Hyundai,2014,"41,058 km",Petrol,Manual,"EMI ₹4,816/m*",₹1.45 lakh
Tata Tiago,Tata,2016,"1,26,436 km",Petrol,Manual,"EMI ₹4,983/m*",₹2.24 lakh
Tata TIAGO NRG,Tata,2022,"15,980 km",Petrol,Auto,"EMI ₹8,685/m*",₹4.92 lakh
Maruti Wagon R 1.0,Maruti,2016,"1,80,143 km",Petrol,Manual,"EMI ₹4,916/m*",₹2.21 lakh
Renault Kwid,Renault,2020,"72,230 km",Petrol,Manual,"EMI ₹4,537/m*",₹2.57 lakh
Maruti Wagon R 1.0,Maruti,2012,"1,03,946 km",Petrol,Manual,"EMI ₹13,594/m*",₹1.53 lakh
Renault Lodgy,Renault,2015,"80,813 km",Diesel,Manual,"EMI ₹6,643/m*",₹2.00 lakh
Maruti Celerio,Maruti,2014,"56,500 km",Petrol,Auto,"EMI ₹7,971/m*",₹2.40 lakh
Volkswagen Polo,Volkswagen,2015,"48,151 km",Petrol,Manual,"EMI ₹5,925/m*",₹2.25 lakh
Volkswagen Polo,Volkswagen,2019,"76,144 km",Diesel,Manual,"EMI ₹5,702/m*",₹3.23 lakh
Maruti Ertiga,Maruti,2015,"85,178 km",Petrol,Manual,"EMI ₹12,351/m*",₹4.69 lakh
Volkswagen Ameo,Volkswagen,2016,"1,24,463 km",Diesel,Auto,"EMI ₹8,927/m*",₹3.39 lakh
Datsun Go,Datsun,2015,"94,989 km",Petrol,Manual,"EMI ₹2,449/m*",₹0.93 lakh
Ford Ecosport,Ford,2015,"25,711 km",Petrol,Auto,"EMI ₹7,716/m*",₹2.93 lakh
Maruti Swift,Maruti,2018,"35,065 km",Petrol,Manual,"EMI ₹7,661/m*",₹4.34 lakh
Maruti Wagon R 1.0,Maruti,2014,"1,21,913 km",Petrol,Manual,"EMI ₹7,971/m*",₹2.40 lakh
Honda Jazz,Honda,2015,"82,655 km",Petrol,Manual,"EMI ₹6,241/m*",₹2.37 lakh
Hyundai Grand i10,Hyundai,2015,"63,135 km",Petrol,Auto,"EMI ₹7,242/m*",₹2.75 lakh
Maruti Baleno,Maruti,2017,"71,560 km",Petrol,Manual,"EMI ₹8,407/m*",₹4.30 lakh
Honda Amaze,Honda,2015,"2,11,610 km",Petrol,Manual,"EMI ₹6,768/m*",₹2.57 lakh
Maruti Celerio,Maruti,2018,"59,314 km",Petrol,Auto,"EMI ₹4,660/m*",₹2.64 lakh
Mahindra TUV300,Mahindra,2017,"82,550 km",Diesel,Manual,"EMI ₹8,520/m*",₹3.83 lakh
Hyundai GRAND I10 NIOS,Hyundai,2020,"47,816 km",Petrol,Manual,"EMI ₹7,061/m*",₹4.00 lakh
Hyundai Creta,Hyundai,2015,"95,026 km",Diesel,Manual,"EMI ₹19,796/m*",₹5.96 lakh
Maruti Ertiga,Maruti,2018,"61,383 km",Petrol,Manual,"EMI ₹9,956/m*",₹5.64 lakh
Tata Zest,Tata,2015,"80,104 km",Petrol,Manual,"EMI ₹5,425/m*",₹2.06 lakh
Toyota Corolla Altis,Toyota,2011,"77,655 km",Petrol,Auto,"EMI ₹5,425/m*",₹2.06 lakh
Hyundai Elite i20,Hyundai,2017,"29,173 km",Petrol,Manual,"EMI ₹6,393/m*",₹3.27 lakh
Maruti Baleno,Maruti,2021,"35,677 km",Petrol,Manual,"EMI ₹8,244/m*",₹4.67 lakh
Maruti New Wagon-R,Maruti,2021,"65,567 km",Petrol,Manual,"EMI ₹8,209/m*",₹4.65 lakh
Mahindra XUV500,Mahindra,2018,"1,30,656 km",Diesel,Manual,"EMI ₹17,872/m*",₹8.22 lakh
Honda City,Honda,2019,"80,307 km",Petrol,Manual,"EMI ₹10,221/m*",₹5.79 lakh
Hyundai Verna,Hyundai,2011,"26,498 km",Petrol,Manual,"EMI ₹10,221/m*",₹1.67 lakh
Honda City,Honda,2015,"76,945 km",Petrol,Auto,"EMI ₹10,744/m*",₹4.08 lakh
Hyundai Creta,Hyundai,2016,"81,301 km",Petrol,Auto,"EMI ₹13,124/m*",₹5.90 lakh
Honda City,Honda,2016,"83,021 km",Petrol,Auto,"EMI ₹9,654/m*",₹4.34 lakh
Maruti S PRESSO,Maruti,2022,"60,491 km",Petrol,Manual,"EMI ₹4,987/m*",₹2.83 lakh
Tata PUNCH,Tata,2024,"24,079 km",Petrol,Manual,"EMI ₹13,886/m*",₹8.11 lakh
Hyundai Verna,Hyundai,2016,"14,179 km",Petrol,Auto,"EMI ₹6,495/m*",₹2.92 lakh
Tata TIAGO NRG,Tata,2019,"40,000 km",Petrol,Manual,"EMI ₹4,607/m*",₹2.61 lakh
Honda City,Honda,2011,"58,361 km",Petrol,Manual,"EMI ₹4,607/m*",₹1.45 lakh
Hyundai Creta,Hyundai,2017,"2,00,396 km",Petrol,Auto,"EMI ₹13,547/m*",₹6.09 lakh
Hyundai i20 Active,Hyundai,2016,"22,583 km",Petrol,Manual,"EMI ₹8,453/m*",₹3.80 lakh
Volkswagen Polo,Volkswagen,2013,"34,664 km",Petrol,Manual,"EMI ₹9,415/m*",₹2.00 lakh
Skoda KUSHAQ,Skoda,2021,"4,763 km",Petrol,Auto,"EMI ₹14,948/m*",₹8.73 lakh
Volkswagen Polo,Volkswagen,2011,"63,275 km",Petrol,Manual,"EMI ₹14,948/m*",₹1.41 lakh
Tata PUNCH,Tata,2022,"40,574 km",Petrol,Manual,"EMI ₹8,297/m*",₹4.70 lakh
Toyota Etios Liva,Toyota,2011,"60,737 km",Petrol,Manual,"EMI ₹8,297/m*",₹1.62 lakh
Nissan Terrano,Nissan,2015,"48,241 km",Petrol,Manual,"EMI ₹6,636/m*",₹2.52 lakh
Maruti New Wagon-R,Maruti,2020,"1,37,735 km",Petrol,Manual,"EMI ₹7,941/m*",₹3.57 lakh
Hyundai i20 Active,Hyundai,2015,"55,243 km",Petrol,Manual,"EMI ₹7,373/m*",₹2.80 lakh
Hyundai NEW I20,Hyundai,2020,"37,739 km",Petrol,Auto,"EMI ₹10,592/m*",₹6.00 lakh
Chevrolet Beat,Chevrolet,2011,"26,725 km",Petrol,Manual,"EMI ₹10,592/m*",₹0.85 lakh
Hyundai Verna,Hyundai,2013,"60,494 km",Petrol,Manual,"EMI ₹10,592/m*",₹2.25 lakh
Skoda Laura,Skoda,2012,"94,729 km",Diesel,Manual,"EMI ₹10,592/m*",₹2.38 lakh
Maruti Ciaz,Maruti,2016,"95,831 km",Petrol,Manual,"EMI ₹7,741/m*",₹3.48 lakh
Renault Duster,Renault,2016,"90,305 km",Diesel,Manual,"EMI ₹7,900/m*",₹3.00 lakh
KIA CARENS,KIA,2024,"19,873 km",Petrol,Manual,"EMI ₹16,420/m*",₹9.59 lakh
Tata NEXON,Tata,2022,"22,917 km",Petrol,Manual,"EMI ₹9,709/m*",₹5.50 lakh
Hyundai VENUE,Hyundai,2020,"26,682 km",Petrol,Auto,"EMI ₹11,651/m*",₹6.60 lakh
Mercedes Benz E Class,Mercedes,2011,"78,784 km",Petrol,Auto,"EMI ₹11,651/m*",₹2.95 lakh
Mahindra TUV300,Mahindra,2017,"1,08,528 km",Diesel,Manual,"EMI ₹8,008/m*",₹3.60 lakh
Nissan MAGNITE,Nissan,2022,"35,808 km",Petrol,Manual,"EMI ₹8,791/m*",₹4.98 lakh
Maruti Alto 800,Maruti,2014,"1,03,821 km",Petrol,Manual,"EMI ₹6,111/m*",₹1.84 lakh
Maruti Eeco,Maruti,2011,"1,63,930 km",Petrol,Manual,"EMI ₹6,111/m*",₹1.31 lakh
Toyota Corolla Altis,Toyota,2011,"2,03,363 km",Petrol,Auto,"EMI ₹6,111/m*",₹1.78 lakh
Hyundai VENUE,Hyundai,2021,"1,18,699 km",Petrol,Auto,"EMI ₹15,415/m*",₹6.93 lakh
Hyundai NEW I20,Hyundai,2021,"81,040 km",Diesel,Manual,"EMI ₹8,085/m*",₹4.58 lakh
Maruti Wagon R 1.0,Maruti,2013,"1,15,011 km",Petrol,Manual,"EMI ₹9,029/m*",₹1.92 lakh
Skoda SLAVIA,Skoda,2023,"41,884 km",Petrol,Auto,"EMI ₹17,619/m*",₹10.29 lakh
Maruti Alto 800,Maruti,2015,"65,888 km",Petrol,Manual,"EMI ₹4,951/m*",₹1.88 lakh
Datsun Go,Datsun,2015,"61,533 km",Petrol,Manual,"EMI ₹3,371/m*",₹1.28 lakh
Maruti Ertiga,Maruti,2018,"1,01,860 km",Petrol,Manual,"EMI ₹14,459/m*",₹6.50 lakh
Mahindra XUV500,Mahindra,2019,"92,913 km",Diesel,Manual,"EMI ₹13,646/m*",₹7.73 lakh
Hyundai i20,Hyundai,2012,"69,711 km",Petrol,Manual,"EMI ₹8,885/m*",₹1.00 lakh
Hyundai Creta,Hyundai,2018,"53,947 km",Petrol,Auto,"EMI ₹12,251/m*",₹6.94 lakh
Maruti Wagon R 1.0,Maruti,2013,"72,258 km",Petrol,Manual,"EMI ₹9,980/m*",₹2.12 lakh
Mahindra XUV500,Mahindra,2014,"70,767 km",Diesel,Manual,"EMI ₹14,122/m*",₹3.00 lakh
Mahindra Thar,Mahindra,2023,"24,245 km",Petrol,Auto,"EMI ₹16,540/m*",₹9.66 lakh
Renault Kwid,Renault,2016,"86,663 km",Petrol,Auto,"EMI ₹3,314/m*",₹1.49 lakh
Hyundai Eon,Hyundai,2015,"47,528 km",Petrol,Manual,"EMI ₹3,502/m*",₹1.33 lakh
Maruti Wagon R 1.0,Maruti,2015,"1,15,389 km",Petrol,Manual,"EMI ₹6,162/m*",₹2.34 lakh
Jeep Compass,Jeep,2017,"94,865 km",Diesel,Manual,"EMI ₹11,078/m*",₹4.98 lakh
Renault Kwid,Renault,2020,"50,106 km",Petrol,Manual,"EMI ₹3,636/m*",₹2.06 lakh
Maruti Wagon R 1.0,Maruti,2015,"1,37,202 km",Petrol,Manual,"EMI ₹5,925/m*",₹2.25 lakh
Maruti Wagon R 1.0,Maruti,2013,"1,04,657 km",Petrol,Manual,"EMI ₹9,038/m*",₹1.92 lakh
Renault Kwid,Renault,2015,"31,000 km",Petrol,Manual,"EMI ₹3,608/m*",₹1.37 lakh
Maruti Wagon R 1.0,Maruti,2013,"1,42,149 km",Petrol,Manual,"EMI ₹10,309/m*",₹2.19 lakh
Hyundai i10,Hyundai,2012,"1,33,101 km",Petrol,Manual,"EMI ₹13,327/m*",₹1.50 lakh
Tata NEXON,Tata,2017,"49,761 km",Petrol,Manual,"EMI ₹8,016/m*",₹4.10 lakh
Hyundai i10,Hyundai,2011,"41,353 km",Petrol,Auto,"EMI ₹8,016/m*",₹0.87 lakh
Maruti Baleno,Maruti,2018,"97,991 km",Petrol,Manual,"EMI ₹6,584/m*",₹3.73 lakh
Maruti Wagon R 1.0,Maruti,2013,"99,571 km",Petrol,Manual,"EMI ₹11,392/m*",₹2.42 lakh
Maruti Wagon R 1.0,Maruti,2013,"1,02,015 km",Petrol,Manual,"EMI ₹8,473/m*",₹1.80 lakh
Maruti Wagon R 1.0,Maruti,2015,"1,04,495 km",Petrol,Manual,"EMI ₹7,110/m*",₹2.70 lakh
Maruti XL6,Maruti,2020,"27,892 km",Petrol,Manual,"EMI ₹13,363/m*",₹7.57 lakh
Volkswagen Vento,Volkswagen,2014,"68,014 km",Petrol,Auto,"EMI ₹8,370/m*",₹2.52 lakh
Maruti Wagon R 1.0,Maruti,2013,"31,282 km",Petrol,Manual,"EMI ₹9,509/m*",₹2.02 lakh
Hyundai Eon,Hyundai,2014,"59,403 km",Petrol,Manual,"EMI ₹5,018/m*",₹1.51 lakh
Maruti Swift Dzire,Maruti,2012,"1,28,469 km",Petrol,Manual,"EMI ₹20,258/m*",₹2.28 lakh
Maruti Wagon R 1.0,Maruti,2012,"50,586 km",Petrol,Manual,"EMI ₹15,637/m*",₹1.76 lakh
Maruti Wagon R 1.0,Maruti,2013,"38,600 km",Petrol,Manual,"EMI ₹8,756/m*",₹1.86 lakh
Volkswagen Vento,Volkswagen,2012,"57,580 km",Petrol,Manual,"EMI ₹15,549/m*",₹1.75 lakh
Maruti Wagon R 1.0,Maruti,2015,"1,15,337 km",Petrol,Manual,"EMI ₹6,583/m*",₹2.50 lakh
Renault Kwid,Renault,2016,"52,259 km",Petrol,Manual,"EMI ₹3,648/m*",₹1.64 lakh
Maruti Wagon R 1.0,Maruti,2013,"1,54,941 km",Petrol,Manual,"EMI ₹9,321/m*",₹1.98 lakh
Hyundai Eon,Hyundai,2012,"14,879 km",Petrol,Manual,"EMI ₹11,639/m*",₹1.31 lakh
Maruti Swift Dzire,Maruti,2013,"1,08,473 km",Petrol,Manual,"EMI ₹11,910/m*",₹2.53 lakh
Maruti Wagon R 1.0,Maruti,2013,"50,466 km",Petrol,Manual,"EMI ₹8,379/m*",₹1.78 lakh
Maruti Wagon R 1.0,Maruti,2015,"1,20,476 km",Petrol,Manual,"EMI ₹6,320/m*",₹2.40 lakh
Renault Kwid,Renault,2016,"49,842 km",Petrol,Manual,"EMI ₹3,559/m*",₹1.60 lakh
Maruti Wagon R 1.0,Maruti,2012,"61,361 km",Petrol,Manual,"EMI ₹13,327/m*",₹1.50 lakh
Maruti Wagon R 1.0,Maruti,2013,"1,14,262 km",Petrol,Manual,"EMI ₹9,085/m*",₹1.93 lakh
Maruti Wagon R 1.0,Maruti,2015,"77,714 km",Petrol,Manual,"EMI ₹6,057/m*",₹2.30 lakh
Ford Ecosport,Ford,2015,"76,001 km",Petrol,Auto,"EMI ₹6,346/m*",₹2.41 lakh
Tata Safari,Tata,2011,"1,89,061 km",Diesel,Manual,"EMI ₹6,346/m*",₹0.76 lakh
Hyundai i10,Hyundai,2012,"1,43,092 km",Petrol,Manual,"EMI ₹11,995/m*",₹1.35 lakh
Tata ALTROZ,Tata,2021,"9,202 km",Petrol,Manual,"EMI ₹7,588/m*",₹4.30 lakh
Maruti Wagon R 1.0,Maruti,2015,"1,00,465 km",Petrol,Manual,"EMI ₹6,583/m*",₹2.50 lakh
Maruti Wagon R 1.0,Maruti,2013,"1,13,700 km",Petrol,Manual,"EMI ₹8,944/m*",₹1.90 lakh
Tata PUNCH,Tata,2022,"14,037 km",Petrol,Auto,"EMI ₹9,532/m*",₹5.40 lakh
Volkswagen Vento,Volkswagen,2015,"44,839 km",Petrol,Manual,"EMI ₹6,504/m*",₹2.47 lakh
Maruti Wagon R 1.0,Maruti,2014,"1,09,743 km",Petrol,Manual,"EMI ₹7,141/m*",₹2.15 lakh
Maruti Wagon R 1.0,Maruti,2013,"20,003 km",Petrol,Manual,"EMI ₹9,085/m*",₹1.93 lakh
KIA CARENS,KIA,2024,"14,374 km",Petrol,Manual,"EMI ₹17,003/m*",₹9.93 lakh
Maruti Wagon R 1.0,Maruti,2014,"27,300 km",Petrol,Manual,"EMI ₹7,473/m*",₹2.25 lakh
Renault Duster,Renault,2014,"67,507 km",Petrol,Manual,"EMI ₹7,573/m*",₹2.28 lakh
Maruti Wagon R 1.0,Maruti,2012,"67,429 km",Petrol,Manual,"EMI ₹15,371/m*",₹1.73 lakh
Hyundai i10,Hyundai,2013,"83,566 km",Petrol,Manual,"EMI ₹8,191/m*",₹1.74 lakh
Hyundai Verna,Hyundai,2012,"90,637 km",Petrol,Manual,"EMI ₹19,991/m*",₹2.25 lakh
Hyundai Creta,Hyundai,2018,"1,11,903 km",Diesel,Manual,"EMI ₹12,279/m*",₹5.52 lakh
Maruti Alto 800,Maruti,2015,"1,11,900 km",Petrol,Manual,"EMI ₹4,793/m*",₹1.82 lakh
Hyundai Verna,Hyundai,2012,"70,812 km",Petrol,Manual,"EMI ₹17,681/m*",₹1.99 lakh
Maruti FRONX,Maruti,2023,"25,000 km",Petrol,Auto,"EMI ₹12,763/m*",₹7.23 lakh
Mercedes Benz C Class,Mercedes,2012,"92,590 km",Diesel,Auto,"EMI ₹12,763/m*",₹3.29 lakh
Maruti New Wagon-R,Maruti,2019,"32,225 km",Petrol,Manual,"EMI ₹6,549/m*",₹3.71 lakh
Mahindra XUV700,Mahindra,2021,"83,938 km",Petrol,Auto,"EMI ₹22,584/m*",₹13.19 lakh
Hyundai i10,Hyundai,2013,"42,622 km",Petrol,Manual,"EMI ₹8,520/m*",₹1.81 lakh
Hyundai Xcent,Hyundai,2015,"92,486 km",Petrol,Manual,"EMI ₹5,741/m*",₹2.18 lakh
Maruti Wagon R 1.0,Maruti,2012,"1,13,681 km",Petrol,Manual,"EMI ₹16,348/m*",₹1.84 lakh
Maruti Wagon R 1.0,Maruti,2018,"1,22,623 km",Petrol,Manual,"EMI ₹7,318/m*",₹3.29 lakh
Maruti Celerio X,Maruti,2019,"67,705 km",Petrol,Auto,"EMI ₹4,272/m*",₹2.42 lakh
Volkswagen Vento,Volkswagen,2012,"1,93,325 km",Diesel,Manual,"EMI ₹4,272/m*",₹1.51 lakh
Maruti Alto 800,Maruti,2014,"64,891 km",Petrol,Manual,"EMI ₹4,650/m*",₹1.40 lakh
Honda Amaze,Honda,2018,"22,029 km",Petrol,Manual,"EMI ₹7,573/m*",₹4.29 lakh
Hyundai Xcent,Hyundai,2015,"1,40,566 km",Diesel,Manual,"EMI ₹6,643/m*",₹2.00 lakh
Mahindra Scorpio,Mahindra,2011,"1,15,802 km",Diesel,Manual,"EMI ₹6,643/m*",₹2.22 lakh
Renault Kwid,Renault,2016,"12,878 km",Petrol,Manual,"EMI ₹4,293/m*",₹1.93 lakh
Maruti Swift,Maruti,2013,"74,189 km",Petrol,Manual,"EMI ₹9,415/m*",₹2.00 lakh
Maruti Wagon R 1.0,Maruti,2012,"1,56,202 km",Petrol,Manual,"EMI ₹13,505/m*",₹1.52 lakh
Maruti Ritz,Maruti,2013,"58,296 km",Petrol,Manual,"EMI ₹9,980/m*",₹2.12 lakh
Maruti Wagon R 1.0,Maruti,2014,"35,673 km",Petrol,Manual,"EMI ₹7,739/m*",₹2.33 lakh
Maruti Swift,Maruti,2013,"1,18,527 km",Petrol,Manual,"EMI ₹12,192/m*",₹2.59 lakh
Maruti Alto 800,Maruti,2014,"85,913 km",Petrol,Manual,"EMI ₹4,119/m*",₹1.24 lakh
Maruti Ertiga,Maruti,2013,"1,36,770 km",Petrol,Manual,"EMI ₹16,052/m*",₹3.41 lakh
Chevrolet Beat,Chevrolet,2014,"13,701 km",Petrol,Manual,"EMI ₹4,550/m*",₹1.37 lakh
Volkswagen Vento,Volkswagen,2012,"67,125 km",Petrol,Auto,"EMI ₹18,214/m*",₹2.05 lakh
Honda Brio,Honda,2013,"69,544 km",Petrol,Manual,"EMI ₹6,826/m*",₹1.45 lakh
Maruti Alto 800,Maruti,2013,"1,06,817 km",Petrol,Manual,"EMI ₹5,461/m*",₹1.16 lakh
Maruti Alto 800,Maruti,2013,"20,753 km",Petrol,Manual,"EMI ₹6,826/m*",₹1.45 lakh
Mercedes Benz A Class,Mercedes,2013,"50,547 km",Diesel,Auto,"EMI ₹55,442/m*",₹6.24 lakh
Maruti Wagon R 1.0,Maruti,2017,"1,53,485 km",Petrol,Manual,"EMI ₹4,938/m*",₹2.22 lakh
Hyundai Grand i10,Hyundai,2014,"73,804 km",Petrol,Manual,"EMI ₹7,706/m*",₹2.32 lakh
Honda Amaze,Honda,2014,"35,913 km",Petrol,Manual,"EMI ₹7,075/m*",₹2.13 lakh
Renault TRIBER,Renault,2021,"42,973 km",Petrol,Manual,"EMI ₹7,502/m*",₹4.25 lakh
Toyota Etios Liva,Toyota,2013,"43,948 km",Petrol,Manual,"EMI ₹9,321/m*",₹1.98 lakh
Hyundai i10,Hyundai,2012,"56,998 km",Petrol,Manual,"EMI ₹11,550/m*",₹1.30 lakh
Hyundai Verna,Hyundai,2013,"48,377 km",Petrol,Auto,"EMI ₹10,827/m*",₹2.30 lakh
Maruti Celerio,Maruti,2015,"63,804 km",Petrol,Manual,"EMI ₹4,477/m*",₹1.70 lakh
Nissan Terrano,Nissan,2014,"1,27,686 km",Diesel,Manual,"EMI ₹10,733/m*",₹2.28 lakh
Toyota Etios,Toyota,2012,"1,60,272 km",Diesel,Manual,"EMI ₹10,733/m*",₹1.79 lakh
Maruti Wagon R 1.0,Maruti,2013,"68,334 km",Petrol,Manual,"EMI ₹10,309/m*",₹2.19 lakh
Maruti Ritz,Maruti,2014,"53,553 km",Petrol,Manual,"EMI ₹7,340/m*",₹2.21 lakh
Hyundai Xcent,Hyundai,2014,"84,155 km",Petrol,Manual,"EMI ₹7,340/m*",₹2.21 lakh
Maruti Wagon R 1.0,Maruti,2012,"77,485 km",Petrol,Manual,"EMI ₹13,683/m*",₹1.54 lakh
Maruti Wagon R 1.0,Maruti,2018,"1,45,560 km",Petrol,Manual,"EMI ₹7,029/m*",₹3.16 lakh
Ford Figo,Ford,2012,"84,450 km",Diesel,Manual,"EMI ₹7,029/m*",₹1.07 lakh
Maruti XL6,Maruti,2021,"59,552 km",Petrol,Auto,"EMI ₹13,681/m*",₹7.75 lakh
Hyundai Elite i20,Hyundai,2019,"34,065 km",Petrol,Manual,"EMI ₹6,990/m*",₹3.96 lakh
Maruti Swift,Maruti,2013,"36,046 km",Petrol,Manual,"EMI ₹10,874/m*",₹2.31 lakh
Hyundai Verna,Hyundai,2017,"86,126 km",Petrol,Manual,"EMI ₹10,831/m*",₹5.54 lakh
Maruti Celerio,Maruti,2014,"1,23,521 km",Petrol,Manual,"EMI ₹7,772/m*",₹2.34 lakh
Tata NEXON,Tata,2019,"67,554 km",Diesel,Auto,"EMI ₹9,003/m*",₹5.10 lakh
Maruti Vitara Brezza,Maruti,2017,"41,660 km",Diesel,Manual,"EMI ₹11,122/m*",₹5.00 lakh
Maruti Wagon R 1.0,Maruti,2016,"1,52,358 km",Petrol,Manual,"EMI ₹5,048/m*",₹2.27 lakh
Volkswagen Vento,Volkswagen,2012,"1,04,890 km",Petrol,Manual,"EMI ₹13,949/m*",₹1.57 lakh
Renault Kwid,Renault,2016,"72,545 km",Petrol,Manual,"EMI ₹3,759/m*",₹1.69 lakh
Maruti Wagon R 1.0,Maruti,2018,"1,11,980 km",Petrol,Manual,"EMI ₹7,207/m*",₹3.24 lakh
Maruti Alto K10,Maruti,2018,"48,158 km",Petrol,Auto,"EMI ₹3,566/m*",₹2.02 lakh
Tata NEXON,Tata,2019,"42,151 km",Petrol,Manual,"EMI ₹8,332/m*",₹4.72 lakh
Ford Figo Aspire,Ford,2015,"51,212 km",Petrol,Manual,"EMI ₹5,741/m*",₹2.18 lakh
Tata ALTROZ,Tata,2021,"71,920 km",Diesel,Manual,"EMI ₹8,385/m*",₹4.75 lakh
Tata Tiago,Tata,2016,"64,803 km",Petrol,Manual,"EMI ₹5,561/m*",₹2.50 lakh
Honda Brio,Honda,2013,"87,069 km",Petrol,Manual,"EMI ₹6,967/m*",₹1.48 lakh
Maruti Wagon R Stingray,Maruti,2014,"1,32,139 km",Petrol,Manual,"EMI ₹6,676/m*",₹2.01 lakh
Maruti Swift,Maruti,2013,"64,041 km",Petrol,Manual,"EMI ₹10,592/m*",₹2.25 lakh
Maruti Swift Dzire,Maruti,2012,"1,35,708 km",Petrol,Manual,"EMI ₹19,547/m*",₹2.20 lakh
Hyundai Verna,Hyundai,2012,"35,541 km",Diesel,Manual,"EMI ₹19,547/m*",₹2.34 lakh
Renault Kwid,Renault,2019,"67,586 km",Petrol,Manual,"EMI ₹3,884/m*",₹2.20 lakh
Maruti Wagon R 1.0,Maruti,2014,"59,172 km",Petrol,Manual,"EMI ₹8,304/m*",₹2.50 lakh
Toyota Etios,Toyota,2015,"95,618 km",Petrol,Manual,"EMI ₹6,452/m*",₹2.45 lakh
Maruti Wagon R 1.0,Maruti,2014,"1,92,373 km",Petrol,Manual,"EMI ₹7,739/m*",₹2.33 lakh
Hyundai Verna,Hyundai,2017,"74,532 km",Petrol,Auto,"EMI ₹7,370/m*",₹3.77 lakh
Nissan Terrano,Nissan,2014,"84,905 km",Petrol,Manual,"EMI ₹7,374/m*",₹2.22 lakh
Hyundai Eon,Hyundai,2014,"95,266 km",Petrol,Manual,"EMI ₹4,517/m*",₹1.36 lakh
Maruti Alto 800,Maruti,2014,"1,00,694 km",Petrol,Manual,"EMI ₹5,613/m*",₹1.69 lakh
Toyota Corolla Altis,Toyota,2015,"79,271 km",Petrol,Manual,"EMI ₹9,533/m*",₹3.62 lakh
Maruti Wagon R 1.0,Maruti,2013,"93,063 km",Petrol,Manual,"EMI ₹6,684/m*",₹1.42 lakh
Maruti Ciaz,Maruti,2015,"62,960 km",Diesel,Manual,"EMI ₹13,253/m*",₹3.99 lakh
Maruti Ritz,Maruti,2014,"45,760 km",Petrol,Manual,"EMI ₹6,244/m*",₹1.88 lakh
Maruti Alto 800,Maruti,2013,"73,726 km",Petrol,Manual,"EMI ₹7,061/m*",₹1.50 lakh
Maruti Swift Dzire,Maruti,2021,"74,069 km",Petrol,Manual,"EMI ₹9,109/m*",₹5.16 lakh
Maruti Celerio,Maruti,2014,"35,885 km",Petrol,Manual,"EMI ₹5,945/m*",₹1.79 lakh
Renault Kwid,Renault,2017,"45,298 km",Petrol,Manual,"EMI ₹4,907/m*",₹2.51 lakh
Maruti Wagon R 1.0,Maruti,2015,"1,34,762 km",Petrol,Manual,"EMI ₹6,004/m*",₹2.28 lakh
Volkswagen Polo,Volkswagen,2011,"83,161 km",Petrol,Manual,"EMI ₹6,004/m*",₹1.26 lakh
Hyundai i20,Hyundai,2013,"41,322 km",Petrol,Manual,"EMI ₹10,450/m*",₹2.22 lakh
Tata TIGOR,Tata,2018,"50,818 km",Petrol,Auto,"EMI ₹6,267/m*",₹3.55 lakh
Tata TIGOR,Tata,2018,"57,869 km",Petrol,Manual,"EMI ₹5,649/m*",₹3.20 lakh
Maruti Alto 800,Maruti,2012,"41,878 km",Petrol,Manual,"EMI ₹11,550/m*",₹1.30 lakh
Hyundai i20,Hyundai,2012,"64,967 km",Petrol,Manual,"EMI ₹13,150/m*",₹1.48 lakh
Maruti Wagon R 1.0,Maruti,2014,"98,300 km",Petrol,Manual,"EMI ₹6,942/m*",₹2.09 lakh
Honda Amaze,Honda,2013,"1,85,971 km",Petrol,Manual,"EMI ₹9,179/m*",₹1.95 lakh
Renault Kwid,Renault,2020,"17,000 km",Petrol,Auto,"EMI ₹5,119/m*",₹2.90 lakh
Hyundai Verna,Hyundai,2012,"84,049 km",Petrol,Manual,"EMI ₹17,681/m*",₹1.99 lakh
Renault Duster,Renault,2012,"1,52,747 km",Diesel,Manual,"EMI ₹17,681/m*",₹1.80 lakh
Maruti Swift,Maruti,2012,"61,125 km",Petrol,Manual,"EMI ₹20,346/m*",₹2.29 lakh
Hyundai i20,Hyundai,2012,"29,058 km",Petrol,Manual,"EMI ₹16,792/m*",₹1.89 lakh
Maruti Swift Dzire,Maruti,2012,"67,069 km",Petrol,Manual,"EMI ₹23,545/m*",₹2.65 lakh
Hyundai i10,Hyundai,2012,1 km,Petrol,Auto,"EMI ₹13,327/m*",₹1.50 lakh
Maruti Swift Dzire,Maruti,2013,"35,780 km",Petrol,Manual,"EMI ₹11,533/m*",₹2.45 lakh
Maruti Baleno,Maruti,2021,"22,214 km",Petrol,Auto,"EMI ₹9,532/m*",₹5.40 lakh
Volkswagen Vento,Volkswagen,2013,"46,021 km",Petrol,Auto,"EMI ₹10,827/m*",₹2.30 lakh
Maruti Wagon R 1.0,Maruti,2013,"55,495 km",Petrol,Manual,"EMI ₹9,368/m*",₹1.99 lakh
Hyundai Grand i10,Hyundai,2014,"74,028 km",Petrol,Manual,"EMI ₹9,333/m*",₹2.81 lakh
Hyundai Verna,Hyundai,2018,"84,319 km",Petrol,Auto,"EMI ₹10,221/m*",₹5.79 lakh
Hyundai Elite i20,Hyundai,2019,"41,216 km",Petrol,Manual,"EMI ₹7,238/m*",₹4.10 lakh
Renault Kwid,Renault,2017,"34,611 km",Petrol,Auto,"EMI ₹4,027/m*",₹2.06 lakh
Hyundai Verna,Hyundai,2021,"46,724 km",Diesel,Manual,"EMI ₹14,811/m*",₹8.65 lakh
Maruti Wagon R 1.0,Maruti,2016,"58,892 km",Petrol,Manual,"EMI ₹5,784/m*",₹2.60 lakh
Maruti Wagon R 1.0,Maruti,2012,"40,000 km",Petrol,Manual,"EMI ₹14,571/m*",₹1.64 lakh
Honda Brio,Honda,2012,"57,423 km",Petrol,Manual,"EMI ₹12,083/m*",₹1.36 lakh
Hyundai i10,Hyundai,2013,"31,057 km",Petrol,Manual,"EMI ₹5,837/m*",₹1.24 lakh
Tata Indica Vista,Tata,2012,"40,679 km",Petrol,Manual,"EMI ₹3,820/m*",₹0.43 lakh
Maruti Swift,Maruti,2023,"23,221 km",Petrol,Manual,"EMI ₹9,144/m*",₹5.18 lakh
Hyundai i20,Hyundai,2012,"51,500 km",Petrol,Manual,"EMI ₹13,327/m*",₹1.50 lakh
Maruti Wagon R 1.0,Maruti,2015,"1,21,367 km",Petrol,Manual,"EMI ₹5,662/m*",₹2.15 lakh
Honda Civic,Honda,2019,"31,508 km",Petrol,Auto,"EMI ₹16,455/m*",₹9.61 lakh
Maruti Celerio,Maruti,2014,"59,035 km",Petrol,Auto,"EMI ₹7,141/m*",₹2.15 lakh
Ford Ecosport,Ford,2013,"85,172 km",Petrol,Manual,"EMI ₹10,356/m*",₹2.20 lakh
Maruti Wagon R 1.0,Maruti,2012,"1,19,390 km",Petrol,Manual,"EMI ₹13,949/m*",₹1.57 lakh
Tata TIGOR,Tata,2021,"36,098 km",Petrol,Manual,"EMI ₹8,050/m*",₹4.56 lakh
Volkswagen Ameo,Volkswagen,2016,"39,723 km",Diesel,Auto,"EMI ₹8,558/m*",₹3.25 lakh
Maruti Celerio,Maruti,2016,"1,18,400 km",Petrol,Manual,"EMI ₹4,916/m*",₹2.21 lakh
Maruti Swift,Maruti,2015,"26,989 km",Petrol,Manual,"EMI ₹7,768/m*",₹2.95 lakh
Maruti Swift Dzire,Maruti,2016,"77,233 km",Petrol,Manual,"EMI ₹7,496/m*",₹3.37 lakh
Maruti Alto 800,Maruti,2013,"50,693 km",Petrol,Manual,"EMI ₹7,485/m*",₹1.59 lakh
Mahindra Kuv100,Mahindra,2017,"59,307 km",Petrol,Manual,"EMI ₹4,731/m*",₹2.42 lakh
Fiat Grand Punto,Fiat,2011,1 km,Diesel,Manual,"EMI ₹4,731/m*",₹0.85 lakh
KIA CARENS,KIA,2024,"11,643 km",Petrol,Auto,"EMI ₹31,077/m*",₹18.15 lakh
Maruti Swift Dzire,Maruti,2014,"2,40,109 km",Diesel,Manual,"EMI ₹9,273/m*",₹1.97 lakh
Hyundai Eon,Hyundai,2012,"26,974 km",Petrol,Manual,"EMI ₹8,885/m*",₹1.00 lakh
Maruti Ciaz,Maruti,2020,"65,694 km",Petrol,Manual,"EMI ₹9,003/m*",₹5.10 lakh
Tata TIGOR,Tata,2017,"37,812 km",Petrol,Manual,"EMI ₹6,530/m*",₹3.34 lakh
Hyundai Grand i10,Hyundai,2014,"52,738 km",Petrol,Manual,"EMI ₹9,200/m*",₹2.77 lakh
Hyundai Verna,Hyundai,2015,"2,25,169 km",Diesel,Manual,"EMI ₹10,463/m*",₹3.15 lakh
Tata Tiago,Tata,2017,"77,910 km",Petrol,Auto,"EMI ₹5,728/m*",₹2.93 lakh
Renault Pulse,Renault,2014,"34,171 km",Diesel,Manual,"EMI ₹6,975/m*",₹1.48 lakh
Honda Amaze,Honda,2013,"1,42,774 km",Petrol,Auto,"EMI ₹9,273/m*",₹1.97 lakh
Hyundai Xcent,Hyundai,2014,"1,96,350 km",Petrol,Manual,"EMI ₹8,138/m*",₹2.45 lakh
Hyundai i10,Hyundai,2012,"67,444 km",Petrol,Manual,"EMI ₹12,172/m*",₹1.37 lakh
Maruti Alto 800,Maruti,2013,"1,08,369 km",Petrol,Manual,"EMI ₹4,707/m*",₹1.00 lakh
Maruti Swift Dzire,Maruti,2012,"78,474 km",Diesel,Manual,"EMI ₹4,707/m*",₹2.61 lakh
Hyundai Verna,Hyundai,2011,"51,501 km",Petrol,Auto,"EMI ₹4,707/m*",₹1.62 lakh
KIA SONET,KIA,2020,"76,740 km",Diesel,Manual,"EMI ₹13,699/m*",₹7.76 lakh
Volkswagen Vento,Volkswagen,2010,"91,283 km",Diesel,Manual,"EMI ₹13,699/m*",₹1.77 lakh
Maruti Alto K10,Maruti,2015,"60,000 km",Petrol,Manual,"EMI ₹4,477/m*",₹1.70 lakh
Honda Amaze,Honda,2013,"93,198 km",Petrol,Manual,"EMI ₹8,238/m*",₹1.75 lakh
Maruti Wagon R 1.0,Maruti,2016,"1,02,978 km",Petrol,Manual,"EMI ₹5,316/m*",₹2.39 lakh
Honda City,Honda,2012,"93,032 km",Petrol,Manual,"EMI ₹17,770/m*",₹2.00 lakh
Tata PUNCH,Tata,2023,"7,260 km",Petrol,Manual,"EMI ₹9,162/m*",₹5.19 lakh
Tata NEXON,Tata,2018,"36,168 km",Petrol,Manual,"EMI ₹9,568/m*",₹5.42 lakh
Maruti Wagon R 1.0,Maruti,2018,"85,481 km",Petrol,Manual,"EMI ₹4,237/m*",₹2.40 lakh
Ford Ecosport,Ford,2014,"26,606 km",Petrol,Manual,"EMI ₹8,935/m*",₹2.69 lakh
Maruti Swift,Maruti,2013,"1,26,657 km",Petrol,Manual,"EMI ₹11,156/m*",₹2.37 lakh
Renault Pulse,Renault,2013,"50,095 km",Petrol,Manual,"EMI ₹10,827/m*",₹2.30 lakh
Honda WR-V,Honda,2017,"1,35,379 km",Petrol,Manual,"EMI ₹8,119/m*",₹3.65 lakh
Chevrolet Beat,Chevrolet,2012,"34,000 km",Petrol,Manual,"EMI ₹5,331/m*",₹0.60 lakh
Maruti Alto K10,Maruti,2015,"44,379 km",Petrol,Auto,"EMI ₹5,101/m*",₹1.94 lakh
Skoda Fabia,Skoda,2010,"1,04,330 km",Diesel,Manual,"EMI ₹5,101/m*",₹0.89 lakh
Honda Amaze,Honda,2013,"1,34,341 km",Diesel,Manual,"EMI ₹19,280/m*",₹2.17 lakh
Maruti Ertiga,Maruti,2022,"26,003 km",Petrol,Manual,"EMI ₹15,992/m*",₹9.34 lakh
Honda Amaze,Honda,2015,"1,854 km",Petrol,Auto,"EMI ₹6,057/m*",₹2.30 lakh
Honda Jazz,Honda,2016,"57,727 km",Petrol,Auto,"EMI ₹7,096/m*",₹3.19 lakh
Volkswagen Vento,Volkswagen,2011,"64,183 km",Petrol,Manual,"EMI ₹7,096/m*",₹1.20 lakh
Jeep Compass,Jeep,2017,"78,607 km",Diesel,Manual,"EMI ₹14,348/m*",₹6.45 lakh
Tata Hexa,Tata,2017,"77,101 km",Diesel,Manual,"EMI ₹9,543/m*",₹4.29 lakh
Renault Duster,Renault,2012,"1,11,352 km",Diesel,Manual,"EMI ₹9,543/m*",₹1.78 lakh
Skoda Superb,Skoda,2012,"83,677 km",Petrol,Manual,"EMI ₹17,770/m*",₹2.00 lakh
Volkswagen Vento,Volkswagen,2013,"1,52,925 km",Diesel,Manual,"EMI ₹20,080/m*",₹2.26 lakh
Ford Figo,Ford,2011,"72,120 km",Petrol,Manual,"EMI ₹20,080/m*",₹0.78 lakh
Maruti Ciaz,Maruti,2015,"83,561 km",Petrol,Manual,"EMI ₹9,217/m*",₹3.50 lakh
Renault Kwid,Renault,2016,"37,331 km",Petrol,Manual,"EMI ₹4,115/m*",₹1.85 lakh
Tata TIGOR,Tata,2019,"38,734 km",Petrol,Manual,"EMI ₹6,620/m*",₹3.75 lakh
Maruti Swift,Maruti,2013,"84,064 km",Petrol,Manual,"EMI ₹9,744/m*",₹2.07 lakh
Renault Duster,Renault,2012,"58,792 km",Diesel,Manual,"EMI ₹9,744/m*",₹1.80 lakh
Hyundai i20,Hyundai,2013,"73,203 km",Petrol,Manual,"EMI ₹9,885/m*",₹2.10 lakh
Volkswagen TAIGUN,Volkswagen,2021,"65,830 km",Petrol,Auto,"EMI ₹13,769/m*",₹7.80 lakh
Maruti Wagon R 1.0,Maruti,2014,"83,000 km",Petrol,Manual,"EMI ₹7,274/m*",₹2.19 lakh
Tata Tiago,Tata,2017,"63,699 km",Petrol,Auto,"EMI ₹5,132/m*",₹2.63 lakh
Jeep Compass,Jeep,2017,"80,629 km",Diesel,Manual,"EMI ₹14,459/m*",₹6.50 lakh
Maruti Swift,Maruti,2016,"1,08,322 km",Petrol,Manual,"EMI ₹5,606/m*",₹2.52 lakh
Hyundai i10,Hyundai,2011,"16,807 km",Petrol,Manual,"EMI ₹5,606/m*",₹1.36 lakh
Hyundai Eon,Hyundai,2013,"48,871 km",Petrol,Manual,"EMI ₹4,660/m*",₹0.99 lakh
Maruti Wagon R 1.0,Maruti,2015,"38,204 km",Petrol,Manual,"EMI ₹6,294/m*",₹2.39 lakh
Hyundai Elite i20,Hyundai,2016,"1,22,571 km",Petrol,Manual,"EMI ₹6,607/m*",₹2.97 lakh
Maruti Wagon R 1.0,Maruti,2015,"81,072 km",Petrol,Manual,"EMI ₹6,346/m*",₹2.41 lakh
Tata Tiago,Tata,2018,"78,044 km",Petrol,Auto,"EMI ₹4,696/m*",₹2.66 lakh
Chevrolet Sail UVA,Chevrolet,2013,"9,831 km",Petrol,Manual,"EMI ₹3,967/m*",₹0.84 lakh
Maruti Baleno,Maruti,2016,"60,159 km",Petrol,Manual,"EMI ₹7,674/m*",₹3.45 lakh
Maruti S PRESSO,Maruti,2020,"27,272 km",Petrol,Manual,"EMI ₹4,819/m*",₹2.73 lakh
Hyundai i10,Hyundai,2011,"43,852 km",Petrol,Manual,"EMI ₹4,819/m*",₹1.46 lakh
Maruti Swift Dzire,Maruti,2014,"32,055 km",Petrol,Manual,"EMI ₹8,636/m*",₹2.60 lakh
Renault Kwid,Renault,2017,"39,700 km",Petrol,Auto,"EMI ₹4,047/m*",₹2.07 lakh
Tata Indica EV2,Tata,2013,"50,017 km",Diesel,Manual,"EMI ₹14,216/m*",₹1.60 lakh
Hyundai Santro Xing,Hyundai,2012,"42,690 km",Petrol,Manual,"EMI ₹10,751/m*",₹1.21 lakh
Hyundai Grand i10,Hyundai,2018,"51,951 km",Petrol,Auto,"EMI ₹7,296/m*",₹3.28 lakh
Volkswagen Vento,Volkswagen,2014,"38,725 km",Petrol,Auto,"EMI ₹7,938/m*",₹2.39 lakh
Maruti Wagon R Stingray,Maruti,2015,"27,796 km",Petrol,Manual,"EMI ₹5,188/m*",₹1.97 lakh
Hyundai Grand i10,Hyundai,2016,"64,421 km",Petrol,Manual,"EMI ₹6,184/m*",₹2.78 lakh
Hyundai i10,Hyundai,2013,"65,104 km",Petrol,Manual,"EMI ₹7,014/m*",₹1.49 lakh
Tata Tiago,Tata,2023,"56,417 km",Petrol,Manual,"EMI ₹9,850/m*",₹5.58 lakh
Hyundai i10,Hyundai,2010,"65,682 km",Petrol,Auto,"EMI ₹9,850/m*",₹0.88 lakh
Maruti Ertiga,Maruti,2017,"52,294 km",Petrol,Manual,"EMI ₹10,792/m*",₹5.52 lakh
Honda City,Honda,2011,"94,977 km",Petrol,Manual,"EMI ₹10,792/m*",₹1.56 lakh
Honda WR-V,Honda,2018,"41,547 km",Petrol,Manual,"EMI ₹8,279/m*",₹4.69 lakh
Skoda Rapid,Skoda,2012,"50,966 km",Petrol,Manual,"EMI ₹11,817/m*",₹1.33 lakh
Ford Figo,Ford,2011,"70,661 km",Petrol,Manual,"EMI ₹11,817/m*",₹0.74 lakh
Hyundai i10,Hyundai,2011,"1,41,908 km",Petrol,Manual,"EMI ₹11,817/m*",₹1.23 lakh
Hyundai i10,Hyundai,2013,"86,375 km",Petrol,Manual,"EMI ₹7,532/m*",₹1.60 lakh
Honda Jazz,Honda,2017,"55,108 km",Petrol,Auto,"EMI ₹6,276/m*",₹3.21 lakh
Maruti Swift,Maruti,2012,"77,318 km",Petrol,Manual,"EMI ₹17,681/m*",₹1.99 lakh
Mahindra Xylo,Mahindra,2013,"1,22,867 km",Diesel,Manual,"EMI ₹19,902/m*",₹2.24 lakh
Maruti Alto K10,Maruti,2023,"14,611 km",Petrol,Manual,"EMI ₹7,291/m*",₹4.13 lakh
Volkswagen Vento,Volkswagen,2012,"47,807 km",Diesel,Manual,"EMI ₹7,291/m*",₹2.00 lakh
Tata NEXON,Tata,2019,"82,218 km",Petrol,Manual,"EMI ₹7,855/m*",₹4.45 lakh
Chevrolet Beat,Chevrolet,2014,"98,578 km",Petrol,Manual,"EMI ₹4,152/m*",₹1.25 lakh
Maruti Swift,Maruti,2012,"1,05,696 km",Petrol,Manual,"EMI ₹21,146/m*",₹2.38 lakh
Maruti Swift Dzire,Maruti,2012,"1,51,475 km",Diesel,Manual,"EMI ₹21,146/m*",₹2.76 lakh
Tata Tiago,Tata,2016,"26,768 km",Petrol,Manual,"EMI ₹6,095/m*",₹2.74 lakh
Maruti Ertiga,Maruti,2021,"90,917 km",Petrol,Manual,"EMI ₹14,069/m*",₹7.97 lakh
Honda Amaze,Honda,2014,"2,26,090 km",Petrol,Manual,"EMI ₹6,643/m*",₹2.00 lakh
Hyundai Verna,Hyundai,2011,"93,826 km",Diesel,Manual,"EMI ₹6,643/m*",₹2.02 lakh
Tata NEXON,Tata,2018,"52,598 km",Petrol,Manual,"EMI ₹7,732/m*",₹4.38 lakh
Hyundai AURA,Hyundai,2020,"1,94,817 km",Petrol,Manual,"EMI ₹10,789/m*",₹4.85 lakh
Mahindra Thar,Mahindra,2021,"56,214 km",Diesel,Manual,"EMI ₹17,037/m*",₹9.95 lakh
Mitsubishi Outlander,Mitsubishi,2011,"88,679 km",Petrol,Auto,"EMI ₹17,037/m*",₹2.17 lakh
Maruti Alto,Maruti,2010,"56,343 km",Petrol,Manual,"EMI ₹17,037/m*",₹0.68 lakh
Mahindra Kuv100,Mahindra,2016,"57,149 km",Petrol,Manual,"EMI ₹5,227/m*",₹2.35 lakh
Hyundai Eon,Hyundai,2014,"27,217 km",Petrol,Manual,"EMI ₹4,617/m*",₹1.39 lakh
Hyundai Verna,Hyundai,2013,"81,073 km",Petrol,Auto,"EMI ₹11,251/m*",₹2.39 lakh
Maruti Wagon R 1.0,Maruti,2014,"33,085 km",Petrol,Manual,"EMI ₹6,477/m*",₹1.95 lakh
Toyota Corolla Altis,Toyota,2017,"17,227 km",Petrol,Manual,"EMI ₹9,580/m*",₹4.90 lakh
Honda City,Honda,2015,"18,188 km",Diesel,Manual,"EMI ₹15,179/m*",₹4.57 lakh
Skoda Octavia,Skoda,2016,"1,29,524 km",Petrol,Auto,"EMI ₹10,922/m*",₹4.91 lakh
Honda Amaze,Honda,2018,"23,544 km",Petrol,Manual,"EMI ₹5,949/m*",₹3.37 lakh
Mahindra XUV500,Mahindra,2014,"1,05,227 km",Diesel,Manual,"EMI ₹14,310/m*",₹3.04 lakh
Maruti Ritz,Maruti,2011,"72,186 km",Petrol,Manual,"EMI ₹14,310/m*",₹1.15 lakh
Maruti Dzire,Maruti,2017,"99,061 km",Diesel,Auto,"EMI ₹10,499/m*",₹4.72 lakh
Tata TIGOR,Tata,2018,"19,518 km",Petrol,Manual,"EMI ₹5,931/m*",₹3.36 lakh
Maruti Swift Dzire,Maruti,2012,"1,45,306 km",Diesel,Manual,"EMI ₹5,931/m*",₹2.15 lakh
Tata Bolt,Tata,2015,"44,404 km",Petrol,Manual,"EMI ₹4,819/m*",₹1.83 lakh
Maruti Celerio,Maruti,2017,"1,84,266 km",Petrol,Manual,"EMI ₹6,762/m*",₹3.04 lakh
Honda Jazz,Honda,2011,"75,852 km",Petrol,Manual,"EMI ₹6,762/m*",₹1.15 lakh
Maruti Zen Estilo,Maruti,2013,"49,039 km",Petrol,Manual,"EMI ₹6,120/m*",₹1.30 lakh
Maruti Wagon R 1.0,Maruti,2011,"19,050 km",Petrol,Manual,"EMI ₹6,120/m*",₹1.17 lakh
Hyundai New Elantra,Hyundai,2015,"90,981 km",Diesel,Auto,"EMI ₹11,691/m*",₹3.52 lakh
Honda Amaze,Honda,2013,"88,759 km",Diesel,Manual,"EMI ₹19,547/m*",₹2.20 lakh
Tata Zest,Tata,2015,"88,375 km",Petrol,Manual,"EMI ₹4,055/m*",₹1.54 lakh
Maruti New Wagon-R,Maruti,2019,"52,378 km",Petrol,Manual,"EMI ₹6,655/m*",₹3.77 lakh
Maruti Ciaz,Maruti,2015,"90,288 km",Petrol,Auto,"EMI ₹9,059/m*",₹3.44 lakh
Maruti XL6,Maruti,2019,"16,062 km",Petrol,Manual,"EMI ₹13,557/m*",₹7.68 lakh
Maruti Wagon R 1.0,Maruti,2014,"67,062 km",Petrol,Manual,"EMI ₹8,038/m*",₹2.42 lakh
Honda BR-V,Honda,2017,"70,901 km",Petrol,Auto,"EMI ₹9,795/m*",₹5.01 lakh
Hyundai VENUE,Hyundai,2019,"1,01,905 km",Diesel,Manual,"EMI ₹13,525/m*",₹6.08 lakh
Honda City,Honda,2011,"44,351 km",Petrol,Manual,"EMI ₹13,525/m*",₹1.67 lakh
Maruti Ertiga,Maruti,2017,"51,552 km",Petrol,Manual,"EMI ₹9,892/m*",₹5.06 lakh
Hyundai Verna,Hyundai,2018,"78,603 km",Diesel,Auto,"EMI ₹12,669/m*",₹6.48 lakh
Tata Indica EV2,Tata,2012,"1,44,014 km",Diesel,Manual,"EMI ₹12,669/m*",₹1.07 lakh
Hyundai i10,Hyundai,2013,"22,861 km",Petrol,Manual,"EMI ₹6,826/m*",₹1.45 lakh
Maruti Swift,Maruti,2013,"26,323 km",Petrol,Manual,"EMI ₹12,239/m*",₹2.60 lakh
Maruti Wagon R 1.0,Maruti,2014,"59,738 km",Petrol,Manual,"EMI ₹6,610/m*",₹1.99 lakh
Hyundai i10,Hyundai,2013,"33,876 km",Petrol,Manual,"EMI ₹7,391/m*",₹1.57 lakh
Hyundai Xcent,Hyundai,2014,"20,586 km",Petrol,Manual,"EMI ₹8,968/m*",₹2.70 lakh
Maruti Wagon R 1.0,Maruti,2017,"75,257 km",Petrol,Manual,"EMI ₹4,888/m*",₹2.50 lakh
Maruti Wagon R 1.0,Maruti,2016,"1,11,210 km",Petrol,Manual,"EMI ₹5,561/m*",₹2.50 lakh
Jeep Compass,Jeep,2017,"1,83,516 km",Diesel,Manual,"EMI ₹13,569/m*",₹6.10 lakh
Skoda Rapid,Skoda,2015,"31,433 km",Petrol,Manual,"EMI ₹7,373/m*",₹2.80 lakh
Maruti Wagon R 1.0,Maruti,2017,"61,059 km",Petrol,Manual,"EMI ₹4,594/m*",₹2.35 lakh
Renault Kwid,Renault,2017,"34,069 km",Petrol,Auto,"EMI ₹3,793/m*",₹1.94 lakh
Hyundai Eon,Hyundai,2011,"66,359 km",Petrol,Manual,"EMI ₹3,793/m*",₹1.10 lakh
Mahindra TUV300,Mahindra,2016,"86,185 km",Diesel,Manual,"EMI ₹10,850/m*",₹4.12 lakh
Maruti Eeco,Maruti,2020,"57,032 km",Petrol,Manual,"EMI ₹8,844/m*",₹5.01 lakh
Honda Amaze,Honda,2015,"18,994 km",Petrol,Auto,"EMI ₹7,479/m*",₹2.84 lakh
Hyundai Elite i20,Hyundai,2017,"75,831 km",Diesel,Manual,"EMI ₹10,588/m*",₹4.76 lakh
Tata NEXON,Tata,2021,"24,001 km",Petrol,Manual,"EMI ₹12,922/m*",₹7.32 lakh
Maruti Baleno,Maruti,2016,"57,758 km",Petrol,Manual,"EMI ₹9,521/m*",₹4.28 lakh
Skoda Superb,Skoda,2010,"1,14,765 km",Petrol,Auto,"EMI ₹9,521/m*",₹1.74 lakh
Skoda Rapid,Skoda,2019,"19,598 km",Petrol,Auto,"EMI ₹10,009/m*",₹5.67 lakh
Honda Amaze,Honda,2014,"49,881 km",Petrol,Manual,"EMI ₹6,145/m*",₹1.85 lakh
Maruti SX4,Maruti,2011,"82,767 km",Petrol,Manual,"EMI ₹6,145/m*",₹1.15 lakh
Hyundai Grand i10,Hyundai,2015,"64,350 km",Petrol,Manual,"EMI ₹7,558/m*",₹2.87 lakh
Hyundai AURA,Hyundai,2021,"51,913 km",Petrol,Manual,"EMI ₹9,126/m*",₹5.17 lakh
Maruti Ciaz,Maruti,2016,"62,894 km",Petrol,Manual,"EMI ₹8,853/m*",₹3.98 lakh
Skoda Rapid,Skoda,2017,"25,642 km",Petrol,Auto,"EMI ₹9,971/m*",₹5.10 lakh
Maruti Swift,Maruti,2012,"99,878 km",Petrol,Manual,"EMI ₹15,815/m*",₹1.78 lakh
Tata TIGOR,Tata,2022,"48,332 km",Petrol,Manual,"EMI ₹9,850/m*",₹5.58 lakh
Mahindra XUV300,Mahindra,2022,"89,478 km",Diesel,Auto,"EMI ₹16,369/m*",₹9.56 lakh
Hyundai AURA,Hyundai,2021,"44,928 km",Petrol,Manual,"EMI ₹9,232/m*",₹5.23 lakh
Honda City,Honda,2014,"99,614 km",Petrol,Manual,"EMI ₹9,632/m*",₹2.90 lakh
Maruti Celerio,Maruti,2015,"68,453 km",Petrol,Auto,"EMI ₹6,583/m*",₹2.50 lakh
Hyundai i20,Hyundai,2011,"50,800 km",Petrol,Manual,"EMI ₹6,583/m*",₹1.30 lakh
Tata Zest,Tata,2015,"55,442 km",Petrol,Manual,"EMI ₹5,188/m*",₹1.97 lakh
Maruti Ritz,Maruti,2015,"88,377 km",Petrol,Manual,"EMI ₹5,056/m*",₹1.92 lakh
Maruti Ritz,Maruti,2012,"70,271 km",Diesel,Manual,"EMI ₹5,056/m*",₹1.60 lakh
Renault Kwid,Renault,2021,"31,450 km",Petrol,Manual,"EMI ₹5,825/m*",₹3.30 lakh
Tata NEXON,Tata,2018,"60,731 km",Petrol,Manual,"EMI ₹7,767/m*",₹4.40 lakh
Maruti Ertiga,Maruti,2019,"70,612 km",Diesel,Manual,"EMI ₹14,503/m*",₹8.47 lakh
Maruti Baleno,Maruti,2020,"31,720 km",Petrol,Manual,"EMI ₹7,449/m*",₹4.22 lakh
Mahindra XUV500,Mahindra,2012,"1,43,233 km",Diesel,Manual,"EMI ₹7,449/m*",₹2.59 lakh
Hyundai NEW SANTRO,Hyundai,2019,"42,974 km",Petrol,Manual,"EMI ₹4,660/m*",₹2.64 lakh
Skoda Rapid,Skoda,2012,"1,26,605 km",Petrol,Auto,"EMI ₹13,327/m*",₹1.50 lakh
Hyundai Verna,Hyundai,2013,"22,789 km",Petrol,Manual,"EMI ₹13,745/m*",₹2.92 lakh
Honda Civic,Honda,2011,"87,768 km",Petrol,Manual,"EMI ₹13,745/m*",₹1.53 lakh
Maruti Ciaz,Maruti,2018,"1,31,058 km",Diesel,Manual,"EMI ₹11,389/m*",₹5.12 lakh
Hyundai Verna,Hyundai,2011,"97,297 km",Petrol,Manual,"EMI ₹11,389/m*",₹1.57 lakh
Tata Zest,Tata,2014,"68,407 km",Petrol,Manual,"EMI ₹7,839/m*",₹2.36 lakh
Ford FREESTYLE,Ford,2020,"35,930 km",Petrol,Manual,"EMI ₹7,114/m*",₹4.03 lakh
Maruti Eeco,Maruti,2023,"1,01,753 km",Petrol,Manual,"EMI ₹11,634/m*",₹5.23 lakh
Honda Amaze,Honda,2014,"80,499 km",Petrol,Auto,"EMI ₹7,706/m*",₹2.32 lakh
Maruti SX4,Maruti,2012,"1,07,571 km",Diesel,Manual,"EMI ₹7,706/m*",₹1.51 lakh
Hyundai Grand i10,Hyundai,2015,"71,011 km",Petrol,Manual,"EMI ₹5,267/m*",₹2.00 lakh
Honda Amaze,Honda,2014,"92,589 km",Petrol,Manual,"EMI ₹7,008/m*",₹2.11 lakh
Tata TIGOR,Tata,2022,"1,14,800 km",Petrol,Manual,"EMI ₹12,613/m*",₹5.67 lakh
Hyundai i10,Hyundai,2013,"37,750 km",Petrol,Manual,"EMI ₹7,061/m*",₹1.50 lakh
Maruti Eeco,Maruti,2011,"68,641 km",Petrol,Manual,"EMI ₹7,061/m*",₹1.86 lakh
Honda Jazz,Honda,2015,"63,136 km",Petrol,Manual,"EMI ₹6,689/m*",₹2.54 lakh
Hyundai Grand i10,Hyundai,2014,"1,01,897 km",Petrol,Manual,"EMI ₹7,772/m*",₹2.34 lakh
Maruti Swift Dzire,Maruti,2011,"65,213 km",Petrol,Manual,"EMI ₹7,772/m*",₹1.37 lakh
Skoda Rapid,Skoda,2018,"64,759 km",Petrol,Auto,"EMI ₹8,297/m*",₹4.70 lakh
Maruti Baleno,Maruti,2017,"28,611 km",Petrol,Manual,"EMI ₹7,136/m*",₹3.65 lakh
Maruti Wagon R 1.0,Maruti,2016,"73,961 km",Petrol,Auto,"EMI ₹6,095/m*",₹2.74 lakh
Honda City,Honda,2019,"54,338 km",Petrol,Auto,"EMI ₹10,592/m*",₹6.00 lakh
Maruti Ritz,Maruti,2011,"7,853 km",Petrol,Manual,"EMI ₹10,592/m*",₹1.30 lakh
Maruti Wagon R 1.0,Maruti,2012,"82,037 km",Petrol,Manual,"EMI ₹13,061/m*",₹1.47 lakh
Toyota Etios Liva,Toyota,2014,"66,671 km",Petrol,Manual,"EMI ₹6,543/m*",₹1.97 lakh
Ford Classic,Ford,2012,"38,462 km",Petrol,Manual,"EMI ₹13,061/m*",₹1.47 lakh
Hyundai i10,Hyundai,2013,"1,55,868 km",Petrol,Manual,"EMI ₹8,191/m*",₹1.74 lakh
Renault TRIBER,Renault,2021,"66,677 km",Petrol,Auto,"EMI ₹7,944/m*",₹4.50 lakh
Honda Jazz,Honda,2019,"48,838 km",Petrol,Auto,"EMI ₹8,367/m*",₹4.74 lakh
Maruti Baleno,Maruti,2016,"7,80,001 km",Petrol,Manual,"EMI ₹7,074/m*",₹3.18 lakh
Honda Amaze,Honda,2014,"40,998 km",Petrol,Manual,"EMI ₹8,005/m*",₹2.41 lakh
Ford Ecosport,Ford,2015,"80,002 km",Petrol,Manual,"EMI ₹7,321/m*",₹2.78 lakh
Maruti Wagon R 1.0,Maruti,2014,"19,431 km",Petrol,Manual,"EMI ₹8,038/m*",₹2.42 lakh
Nissan Micra Active,Nissan,2016,"51,834 km",Petrol,Manual,"EMI ₹3,648/m*",₹1.64 lakh
Maruti Swift,Maruti,2011,"97,000 km",Petrol,Manual,"EMI ₹3,648/m*",₹1.33 lakh
Maruti Celerio,Maruti,2014,"18,243 km",Petrol,Auto,"EMI ₹8,038/m*",₹2.42 lakh
Honda City,Honda,2014,"30,595 km",Petrol,Manual,"EMI ₹10,961/m*",₹3.30 lakh
Chevrolet Enjoy,Chevrolet,2013,"9,357 km",Petrol,Manual,"EMI ₹8,850/m*",₹1.88 lakh
Maruti Swift Dzire,Maruti,2014,"1,01,961 km",Diesel,Manual,"EMI ₹18,641/m*",₹3.96 lakh
Hyundai i20,Hyundai,2012,"98,463 km",Petrol,Manual,"EMI ₹15,549/m*",₹1.75 lakh
Tata NEXON,Tata,2019,"48,747 km",Petrol,Auto,"EMI ₹8,826/m*",₹5.00 lakh
Hyundai i20 Active,Hyundai,2015,"26,366 km",Petrol,Manual,"EMI ₹10,402/m*",₹3.95 lakh
Chevrolet Beat,Chevrolet,2013,"37,086 km",Petrol,Manual,"EMI ₹4,943/m*",₹1.05 lakh
Hyundai Xcent,Hyundai,2015,"8,404 km",Petrol,Auto,"EMI ₹8,400/m*",₹3.19 lakh
Tata NEXON,Tata,2021,"37,992 km",Diesel,Auto,"EMI ₹12,445/m*",₹7.05 lakh
Hyundai Verna,Hyundai,2013,"52,788 km",Diesel,Manual,"EMI ₹22,123/m*",₹2.49 lakh
Maruti Dzire,Maruti,2020,"21,076 km",Petrol,Manual,"EMI ₹8,209/m*",₹4.65 lakh
Maruti Baleno,Maruti,2023,"28,648 km",Petrol,Manual,"EMI ₹13,363/m*",₹7.57 lakh
Hyundai i10,Hyundai,2014,"28,500 km",Petrol,Manual,"EMI ₹8,304/m*",₹2.50 lakh
Hyundai Verna,Hyundai,2014,"70,059 km",Petrol,Manual,"EMI ₹9,765/m*",₹2.94 lakh
Maruti Dzire,Maruti,2022,"52,745 km",Petrol,Auto,"EMI ₹8,809/m*",₹4.99 lakh
Chevrolet Spark,Chevrolet,2011,"67,983 km",Petrol,Manual,"EMI ₹8,809/m*",₹0.60 lakh
Renault Duster,Renault,2012,"1,17,379 km",Diesel,Manual,"EMI ₹8,809/m*",₹2.05 lakh
Maruti Ertiga,Maruti,2016,"91,000 km",Diesel,Manual,"EMI ₹14,747/m*",₹5.60 lakh
Maruti Ertiga,Maruti,2018,"57,474 km",Petrol,Manual,"EMI ₹9,585/m*",₹5.43 lakh
Tata Harrier,Tata,2020,"96,500 km",Diesel,Auto,"EMI ₹18,389/m*",₹10.74 lakh
Honda Amaze,Honda,2016,"71,995 km",Petrol,Manual,"EMI ₹6,117/m*",₹2.75 lakh
Maruti Wagon R 1.0,Maruti,2014,"60,467 km",Petrol,Manual,"EMI ₹7,340/m*",₹2.21 lakh
Hyundai Santro Xing,Hyundai,2012,"37,393 km",Petrol,Manual,"EMI ₹8,796/m*",₹0.99 lakh
Hyundai Grand i10,Hyundai,2015,"43,000 km",Petrol,Manual,"EMI ₹6,689/m*",₹2.54 lakh
Tata Indigo ECS,Tata,2011,"1,11,625 km",Diesel,Manual,"EMI ₹6,689/m*",₹1.25 lakh
Honda City,Honda,2014,"1,18,045 km",Petrol,Manual,"EMI ₹9,333/m*",₹2.81 lakh
Nissan Micra,Nissan,2012,"55,168 km",Diesel,Manual,"EMI ₹9,333/m*",₹1.40 lakh
Volkswagen Vento,Volkswagen,2011,"81,056 km",Petrol,Manual,"EMI ₹9,333/m*",₹1.33 lakh
Maruti Wagon R 1.0,Maruti,2012,"90,617 km",Petrol,Manual,"EMI ₹14,394/m*",₹1.62 lakh
Mahindra XUV500,Mahindra,2015,"64,252 km",Diesel,Manual,"EMI ₹17,471/m*",₹5.26 lakh
Maruti Wagon R,Maruti,2010,"1,234 km",Petrol,Manual,"EMI ₹17,471/m*",₹0.81 lakh
Toyota Glanza,Toyota,2021,"36,755 km",Petrol,Auto,"EMI ₹10,097/m*",₹5.72 lakh
Hyundai i20,Hyundai,2012,"94,324 km",Petrol,Manual,"EMI ₹15,637/m*",₹1.76 lakh
Maruti Ciaz,Maruti,2017,"53,636 km",Petrol,Manual,"EMI ₹8,152/m*",₹4.17 lakh
Maruti Celerio,Maruti,2017,"1,52,144 km",Petrol,Manual,"EMI ₹6,228/m*",₹2.80 lakh
Maruti Wagon R 1.0,Maruti,2016,"1,16,175 km",Petrol,Manual,"EMI ₹4,716/m*",₹2.12 lakh
Tata Tiago,Tata,2018,"87,970 km",Petrol,Manual,"EMI ₹4,643/m*",₹2.63 lakh
Renault Kiger,Renault,2021,"68,096 km",Petrol,Auto,"EMI ₹7,944/m*",₹4.50 lakh
Tata NEXON,Tata,2021,"13,155 km",Petrol,Auto,"EMI ₹12,180/m*",₹6.90 lakh
Maruti Celerio,Maruti,2016,"40,098 km",Petrol,Auto,"EMI ₹5,873/m*",₹2.64 lakh
MG ASTOR,MG,2023,"22,793 km",Petrol,Auto,"EMI ₹19,365/m*",₹11.31 lakh
Honda City,Honda,2013,"1,10,217 km",Petrol,Manual,"EMI ₹9,885/m*",₹2.10 lakh
Fiat Linea,Fiat,2013,"70,000 km",Petrol,Manual,"EMI ₹5,319/m*",₹1.13 lakh
Maruti Swift,Maruti,2012,"1,93,104 km",Diesel,Manual,"EMI ₹5,319/m*",₹2.79 lakh
Mahindra XUV500,Mahindra,2012,"97,804 km",Diesel,Manual,"EMI ₹5,319/m*",₹2.72 lakh
Maruti Wagon R 1.0,Maruti,2011,"57,800 km",Petrol,Manual,"EMI ₹5,319/m*",₹1.24 lakh
Maruti Wagon R 1.0,Maruti,2018,"22,933 km",Petrol,Auto,"EMI ₹5,861/m*",₹3.32 lakh
Maruti Swift Dzire,Maruti,2011,"15,735 km",Petrol,Manual,"EMI ₹5,861/m*",₹1.46 lakh
Maruti Zen Estilo,Maruti,2012,"24,008 km",Petrol,Manual,"EMI ₹11,817/m*",₹1.33 lakh
Nissan Sunny,Nissan,2013,"90,990 km",Petrol,Manual,"EMI ₹6,732/m*",₹1.43 lakh
Maruti Dzire,Maruti,2017,"89,076 km",Petrol,Auto,"EMI ₹6,960/m*",₹3.56 lakh
Honda Amaze,Honda,2013,"1,24,627 km",Diesel,Manual,"EMI ₹22,568/m*",₹2.54 lakh
Ford Ecosport,Ford,2015,"36,855 km",Petrol,Manual,"EMI ₹7,795/m*",₹2.96 lakh
Tata NEXON,Tata,2018,"46,773 km",Petrol,Manual,"EMI ₹10,627/m*",₹6.02 lakh
Hyundai i10,Hyundai,2011,"72,593 km",Petrol,Manual,"EMI ₹10,627/m*",₹0.74 lakh
Volkswagen Polo,Volkswagen,2019,"30,700 km",Petrol,Auto,"EMI ₹15,085/m*",₹8.81 lakh
Tata TIGOR,Tata,2022,"17,388 km",Petrol,Manual,"EMI ₹10,486/m*",₹5.94 lakh
Volkswagen Polo,Volkswagen,2011,"98,000 km",Petrol,Manual,"EMI ₹10,486/m*",₹1.40 lakh
Mahindra XUV500,Mahindra,2018,"73,607 km",Diesel,Auto,"EMI ₹16,655/m*",₹8.75 lakh
Maruti Celerio,Maruti,2015,"21,334 km",Petrol,Manual,"EMI ₹7,215/m*",₹2.74 lakh
Hyundai Elite i20,Hyundai,2017,"34,495 km",Petrol,Manual,"EMI ₹7,410/m*",₹3.79 lakh
Volkswagen Polo,Volkswagen,2011,"93,508 km",Petrol,Manual,"EMI ₹7,410/m*",₹1.38 lakh
Maruti S Cross,Maruti,2017,"1,11,693 km",Diesel,Manual,"EMI ₹11,901/m*",₹5.35 lakh
Hyundai Verna,Hyundai,2012,"1,02,951 km",Petrol,Manual,"EMI ₹17,681/m*",₹1.99 lakh
Maruti Baleno,Maruti,2016,"1,02,027 km",Petrol,Manual,"EMI ₹7,007/m*",₹3.15 lakh
Maruti Swift,Maruti,2012,"22,238 km",Petrol,Manual,"EMI ₹19,991/m*",₹2.25 lakh
Renault Duster,Renault,2013,"1,22,481 km",Diesel,Manual,"EMI ₹19,636/m*",₹2.21 lakh
Hyundai Verna,Hyundai,2012,"1,11,007 km",Diesel,Manual,"EMI ₹19,636/m*",₹2.57 lakh
Maruti Wagon R 1.0,Maruti,2011,"49,299 km",Petrol,Manual,"EMI ₹19,636/m*",₹1.28 lakh
Tata NEXON,Tata,2025,"3,959 km",Petrol,Manual,"EMI ₹15,444/m*",₹9.02 lakh
Tata NEXON,Tata,2022,"29,259 km",Petrol,Auto,"EMI ₹11,298/m*",₹6.40 lakh
Honda City,Honda,2012,"2,36,602 km",Petrol,Manual,"EMI ₹17,237/m*",₹1.94 lakh
Maruti Swift Dzire,Maruti,2013,"75,807 km",Diesel,Manual,"EMI ₹30,653/m*",₹3.45 lakh
Maruti Ciaz,Maruti,2018,"97,283 km",Petrol,Manual,"EMI ₹6,796/m*",₹3.85 lakh
Renault Kwid,Renault,2018,"48,028 km",Petrol,Auto,"EMI ₹4,484/m*",₹2.54 lakh
Maruti Wagon R 1.0,Maruti,2011,"40,908 km",Petrol,Manual,"EMI ₹4,484/m*",₹1.40 lakh
Honda City,Honda,2011,"77,770 km",Petrol,Manual,"EMI ₹4,484/m*",₹1.60 lakh
Maruti Celerio,Maruti,2014,"1,08,154 km",Petrol,Manual,"EMI ₹7,440/m*",₹2.24 lakh
Hyundai Verna,Hyundai,2014,"84,285 km",Diesel,Auto,"EMI ₹17,041/m*",₹3.62 lakh
Maruti Zen Estilo,Maruti,2013,"80,142 km",Petrol,Manual,"EMI ₹7,155/m*",₹1.52 lakh
Hyundai Xcent,Hyundai,2015,"50,148 km",Petrol,Manual,"EMI ₹7,321/m*",₹2.78 lakh
Maruti Swift Dzire,Maruti,2016,"24,842 km",Petrol,Manual,"EMI ₹8,675/m*",₹3.90 lakh
Chevrolet Beat,Chevrolet,2012,"71,075 km",Diesel,Manual,"EMI ₹8,675/m*",₹1.27 lakh
Skoda Rapid,Skoda,2012,"53,343 km",Petrol,Manual,"EMI ₹16,170/m*",₹1.82 lakh
Volkswagen Vento,Volkswagen,2011,"60,667 km",Petrol,Manual,"EMI ₹16,170/m*",₹1.37 lakh
Mahindra XUV500,Mahindra,2014,"1,97,416 km",Diesel,Manual,"EMI ₹14,122/m*",₹3.00 lakh
Maruti Ertiga,Maruti,2015,"1,71,644 km",Petrol,Manual,"EMI ₹12,087/m*",₹4.59 lakh
Honda City,Honda,2011,"1,00,219 km",Petrol,Manual,"EMI ₹12,087/m*",₹1.50 lakh
Ford Ecosport,Ford,2018,"1,07,608 km",Petrol,Auto,"EMI ₹10,722/m*",₹4.82 lakh
Mahindra XUV500,Mahindra,2012,"1,20,852 km",Diesel,Manual,"EMI ₹10,722/m*",₹2.72 lakh
Toyota Corolla Altis,Toyota,2011,"1,05,043 km",Petrol,Manual,"EMI ₹10,722/m*",₹1.49 lakh
Maruti Baleno,Maruti,2017,"31,741 km",Petrol,Auto,"EMI ₹7,625/m*",₹3.90 lakh
Honda City,Honda,2015,"47,679 km",Petrol,Manual,"EMI ₹12,298/m*",₹4.67 lakh
Tata NEXON,Tata,2019,"54,607 km",Petrol,Auto,"EMI ₹8,456/m*",₹4.79 lakh
Tata NEXON,Tata,2019,"79,017 km",Petrol,Auto,"EMI ₹10,574/m*",₹5.99 lakh
Renault Kiger,Renault,2021,"55,718 km",Petrol,Auto,"EMI ₹7,803/m*",₹4.42 lakh
Ford Figo,Ford,2011,"1,17,727 km",Petrol,Manual,"EMI ₹7,803/m*",₹1.02 lakh
Maruti Alto K10,Maruti,2012,"1,71,064 km",Petrol,Manual,"EMI ₹9,951/m*",₹1.12 lakh
Hyundai Xcent,Hyundai,2015,"1,43,952 km",Petrol,Manual,"EMI ₹7,110/m*",₹2.70 lakh
Hyundai Elite i20,Hyundai,2014,"1,01,496 km",Petrol,Manual,"EMI ₹9,300/m*",₹2.80 lakh
Hyundai Grand i10,Hyundai,2015,"66,254 km",Petrol,Manual,"EMI ₹7,242/m*",₹2.75 lakh
Volkswagen Vento,Volkswagen,2011,"1,04,519 km",Diesel,Manual,"EMI ₹7,242/m*",₹1.53 lakh
Renault Duster,Renault,2014,"70,112 km",Diesel,Manual,"EMI ₹16,193/m*",₹3.44 lakh
Renault Kwid,Renault,2017,"44,750 km",Petrol,Manual,"EMI ₹3,656/m*",₹1.87 lakh
Honda Amaze,Honda,2021,"20,566 km",Petrol,Manual,"EMI ₹10,786/m*",₹6.11 lakh
Maruti Wagon R 1.0,Maruti,2016,"73,247 km",Petrol,Manual,"EMI ₹5,672/m*",₹2.55 lakh
Maruti Alto K10,Maruti,2011,"35,874 km",Petrol,Manual,"EMI ₹5,672/m*",₹0.70 lakh
Maruti SX4,Maruti,2010,"1,96,549 km",Petrol,Manual,"EMI ₹5,672/m*",₹0.88 lakh
Tata Tiago,Tata,2018,"42,172 km",Petrol,Auto,"EMI ₹5,455/m*",₹3.09 lakh
Tata TIGOR,Tata,2021,"15,992 km",Petrol,Auto,"EMI ₹9,656/m*",₹5.47 lakh
Honda BR-V,Honda,2017,"78,364 km",Petrol,Manual,"EMI ₹9,130/m*",₹4.67 lakh
Hyundai i20,Hyundai,2012,"89,397 km",Petrol,Manual,"EMI ₹14,660/m*",₹1.65 lakh
Tata ALTROZ,Tata,2021,"41,870 km",Petrol,Manual,"EMI ₹8,156/m*",₹4.62 lakh
Maruti Swift,Maruti,2010,"47,993 km",Petrol,Manual,"EMI ₹8,156/m*",₹0.94 lakh
Toyota Etios,Toyota,2011,"19,241 km",Petrol,Manual,"EMI ₹8,156/m*",₹1.76 lakh
Maruti Wagon R 1.0,Maruti,2016,"80,244 km",Petrol,Auto,"EMI ₹5,828/m*",₹2.62 lakh
Honda Amaze,Honda,2016,"20,220 km",Petrol,Manual,"EMI ₹6,940/m*",₹3.12 lakh
Hyundai i10,Hyundai,2010,"76,939 km",Petrol,Manual,"EMI ₹6,940/m*",₹1.03 lakh
Chevrolet Enjoy,Chevrolet,2014,"78,524 km",Petrol,Manual,"EMI ₹5,945/m*",₹1.79 lakh
Maruti Wagon R 1.0,Maruti,2010,"58,405 km",Petrol,Manual,"EMI ₹5,945/m*",₹1.11 lakh
Tata TIGOR,Tata,2022,"36,000 km",Petrol,Manual,"EMI ₹9,709/m*",₹5.50 lakh
Tata TIGOR,Tata,2017,"22,977 km",Petrol,Manual,"EMI ₹6,549/m*",₹3.35 lakh
Renault Kwid,Renault,2019,"36,019 km",Petrol,Auto,"EMI ₹4,307/m*",₹2.44 lakh
Tata NEXON EV,Tata,2020,"64,555 km",Electric,Auto,"EMI ₹11,421/m*",₹6.47 lakh
Ford Figo,Ford,2011,"73,000 km",Petrol,Manual,"EMI ₹11,421/m*",₹1.01 lakh
Fiat Linea,Fiat,2011,"45,814 km",Diesel,Manual,"EMI ₹11,421/m*",₹1.18 lakh
Maruti Wagon R 1.0,Maruti,2011,"94,429 km",Petrol,Manual,"EMI ₹11,421/m*",₹1.10 lakh
Maruti New Wagon-R,Maruti,2020,"78,429 km",Petrol,Manual,"EMI ₹6,408/m*",₹3.63 lakh
Mahindra TUV300,Mahindra,2016,"4,30,000 km",Diesel,Auto,"EMI ₹13,957/m*",₹5.30 lakh
Hyundai i10,Hyundai,2011,"24,975 km",Petrol,Auto,"EMI ₹13,957/m*",₹1.37 lakh
Mahindra XUV500,Mahindra,2012,"1,23,424 km",Diesel,Manual,"EMI ₹13,957/m*",₹3.00 lakh
Tata Tiago,Tata,2023,"21,606 km",Petrol,Manual,"EMI ₹7,502/m*",₹4.25 lakh
Maruti Celerio,Maruti,2017,"57,340 km",Petrol,Auto,"EMI ₹5,650/m*",₹2.89 lakh
Maruti Celerio,Maruti,2022,"49,015 km",Petrol,Manual,"EMI ₹6,267/m*",₹3.55 lakh
Fiat Linea,Fiat,2014,"84,833 km",Diesel,Manual,"EMI ₹9,838/m*",₹2.09 lakh
Maruti Baleno,Maruti,2017,"29,121 km",Petrol,Manual,"EMI ₹7,449/m*",₹3.81 lakh
Maruti Ertiga,Maruti,2015,"90,286 km",Petrol,Manual,"EMI ₹10,139/m*",₹3.85 lakh
Maruti SX4,Maruti,2013,"25,617 km",Petrol,Manual,"EMI ₹7,343/m*",₹1.56 lakh
Honda City,Honda,2011,"57,443 km",Petrol,Manual,"EMI ₹7,343/m*",₹1.87 lakh
Skoda Laura,Skoda,2010,"81,796 km",Diesel,Manual,"EMI ₹7,343/m*",₹2.10 lakh
Tata NEXON,Tata,2018,"70,454 km",Petrol,Manual,"EMI ₹8,844/m*",₹5.01 lakh
Honda City,Honda,2019,"38,670 km",Petrol,Auto,"EMI ₹11,951/m*",₹6.77 lakh
Maruti Wagon R 1.0,Maruti,2011,"44,194 km",Petrol,Manual,"EMI ₹11,951/m*",₹1.32 lakh
Maruti Swift,Maruti,2016,"51,449 km",Petrol,Manual,"EMI ₹7,363/m*",₹3.31 lakh
Hyundai VENUE,Hyundai,2023,"7,012 km",Petrol,Manual,"EMI ₹13,857/m*",₹7.85 lakh
Tata ALTROZ,Tata,2022,"10,533 km",Petrol,Manual,"EMI ₹8,120/m*",₹4.60 lakh
Mahindra Verito,Mahindra,2013,"1,13,269 km",Diesel,Manual,"EMI ₹18,747/m*",₹2.11 lakh
Maruti Eeco,Maruti,2012,"1,29,551 km",Petrol,Manual,"EMI ₹13,594/m*",₹1.53 lakh
Hyundai i10,Hyundai,2011,"56,857 km",Petrol,Manual,"EMI ₹13,594/m*",₹1.17 lakh
Maruti Swift Dzire,Maruti,2011,"15,900 km",Petrol,Manual,"EMI ₹13,594/m*",₹1.37 lakh
Maruti Ertiga,Maruti,2022,"84,805 km",Petrol,Auto,"EMI ₹13,818/m*",₹8.07 lakh
Honda City,Honda,2011,"94,717 km",Petrol,Manual,"EMI ₹13,818/m*",₹1.70 lakh
Maruti Ertiga,Maruti,2014,"1,70,326 km",Diesel,Manual,"EMI ₹18,829/m*",₹4.00 lakh
KIA SONET,KIA,2021,"36,877 km",Petrol,Manual,"EMI ₹12,498/m*",₹7.08 lakh
Honda Jazz,Honda,2015,"84,821 km",Petrol,Manual,"EMI ₹6,320/m*",₹2.40 lakh
Maruti Wagon R 1.0,Maruti,2010,"57,661 km",Petrol,Manual,"EMI ₹6,320/m*",₹1.09 lakh
Hyundai i10,Hyundai,2011,"75,461 km",Petrol,Auto,"EMI ₹6,320/m*",₹1.27 lakh
Hyundai Creta,Hyundai,2017,"79,803 km",Petrol,Manual,"EMI ₹11,745/m*",₹5.28 lakh
Maruti Alto K10,Maruti,2023,"15,445 km",Petrol,Manual,"EMI ₹7,944/m*",₹4.50 lakh
Honda Amaze,Honda,2014,"54,000 km",Petrol,Auto,"EMI ₹8,304/m*",₹2.50 lakh
Maruti Baleno,Maruti,2022,"38,417 km",Petrol,Manual,"EMI ₹10,327/m*",₹5.85 lakh
Hyundai i20,Hyundai,2011,"1,32,000 km",Petrol,Manual,"EMI ₹10,327/m*",₹1.32 lakh
Maruti Ertiga,Maruti,2022,"53,662 km",Petrol,Manual,"EMI ₹17,396/m*",₹10.16 lakh
Renault Kwid,Renault,2019,"21,769 km",Petrol,Manual,"EMI ₹4,254/m*",₹2.41 lakh
Ford Figo,Ford,2011,"1,05,624 km",Petrol,Manual,"EMI ₹4,254/m*",₹0.90 lakh
Nissan MAGNITE,Nissan,2022,"18,385 km",Petrol,Auto,"EMI ₹11,880/m*",₹6.73 lakh
Mahindra XUV500,Mahindra,2013,"1,57,378 km",Diesel,Manual,"EMI ₹22,212/m*",₹2.50 lakh
Maruti Ertiga,Maruti,2015,"35,982 km",Petrol,Manual,"EMI ₹10,955/m*",₹4.16 lakh
Volkswagen Vento,Volkswagen,2016,"53,339 km",Petrol,Auto,"EMI ₹8,408/m*",₹3.78 lakh
Mercedes Benz B Class,Mercedes,2013,"18,069 km",Petrol,Auto,"EMI ₹22,360/m*",₹4.75 lakh
Mahindra Xylo,Mahindra,2011,"2,79,048 km",Diesel,Manual,"EMI ₹22,360/m*",₹2.00 lakh
Tata TIGOR,Tata,2022,"14,073 km",Petrol,Auto,"EMI ₹10,874/m*",₹6.16 lakh
Honda Amaze,Honda,2014,"46,632 km",Petrol,Manual,"EMI ₹7,905/m*",₹2.38 lakh
Maruti Swift Dzire,Maruti,2011,"1,04,712 km",Petrol,Manual,"EMI ₹7,905/m*",₹1.17 lakh
Volkswagen Polo,Volkswagen,2017,"70,091 km",Petrol,Auto,"EMI ₹9,169/m*",₹4.69 lakh
Maruti Ertiga,Maruti,2019,"98,620 km",Petrol,Manual,"EMI ₹12,975/m*",₹7.35 lakh
Ford Ecosport,Ford,2015,"1,82,115 km",Diesel,Manual,"EMI ₹9,964/m*",₹3.00 lakh
Maruti Wagon R 1.0,Maruti,2011,"45,160 km",Petrol,Manual,"EMI ₹9,964/m*",₹1.21 lakh
Tata TIGOR,Tata,2022,"21,901 km",Petrol,Manual,"EMI ₹9,886/m*",₹5.60 lakh
Ford Figo,Ford,2011,"50,003 km",Petrol,Manual,"EMI ₹9,886/m*",₹0.84 lakh
Hyundai i10,Hyundai,2011,"1,94,650 km",Petrol,Manual,"EMI ₹9,886/m*",₹1.02 lakh
Skoda Rapid,Skoda,2015,"1,27,533 km",Diesel,Auto,"EMI ₹10,296/m*",₹3.10 lakh
Tata NEXON,Tata,2018,"1,19,450 km",Petrol,Manual,"EMI ₹9,343/m*",₹4.20 lakh
Honda City,Honda,2015,"1,13,625 km",Petrol,Auto,"EMI ₹10,613/m*",₹4.03 lakh
Maruti Celerio,Maruti,2017,"37,614 km",Petrol,Auto,"EMI ₹6,158/m*",₹3.15 lakh
Volkswagen Polo,Volkswagen,2011,"1,56,919 km",Diesel,Manual,"EMI ₹6,158/m*",₹1.59 lakh
Chevrolet Spark,Chevrolet,2012,"32,782 km",Petrol,Manual,"EMI ₹10,040/m*",₹1.13 lakh
Toyota Etios,Toyota,2011,"1,11,784 km",Petrol,Manual,"EMI ₹10,040/m*",₹1.25 lakh
Tata TIGOR,Tata,2022,"17,429 km",Petrol,Manual,"EMI ₹10,486/m*",₹5.94 lakh
Maruti Dzire,Maruti,2018,"11,616 km",Petrol,Auto,"EMI ₹7,573/m*",₹4.29 lakh
Tata NEXON,Tata,2025,"1,087 km",Petrol,Auto,"EMI ₹20,752/m*",₹12.12 lakh
Maruti Swift,Maruti,2011,"1,14,925 km",Diesel,Manual,"EMI ₹20,752/m*",₹1.97 lakh
Tata NEXON,Tata,2021,"25,441 km",Petrol,Auto,"EMI ₹12,004/m*",₹6.80 lakh
Maruti Baleno,Maruti,2018,"73,471 km",Petrol,Manual,"EMI ₹6,902/m*",₹3.91 lakh
Ford Figo,Ford,2011,"1,48,092 km",Petrol,Manual,"EMI ₹6,902/m*",₹0.93 lakh
Maruti S Cross,Maruti,2018,"1,27,171 km",Diesel,Manual,"EMI ₹10,967/m*",₹4.93 lakh
Maruti Alto K10,Maruti,2011,"65,844 km",Petrol,Manual,"EMI ₹10,967/m*",₹1.01 lakh
Maruti Swift,Maruti,2021,"33,000 km",Petrol,Auto,"EMI ₹9,636/m*",₹5.46 lakh
Maruti Swift,Maruti,2023,"70,967 km",Petrol,Manual,"EMI ₹10,592/m*",₹6.00 lakh
Hyundai Creta,Hyundai,2018,"42,845 km",Petrol,Auto,"EMI ₹11,668/m*",₹6.61 lakh
Toyota Etios,Toyota,2011,"35,251 km",Petrol,Manual,"EMI ₹11,668/m*",₹1.61 lakh
Maruti Swift Dzire,Maruti,2011,"2,24,714 km",Petrol,Manual,"EMI ₹11,668/m*",₹1.25 lakh
Tata PUNCH,Tata,2023,"20,426 km",Petrol,Manual,"EMI ₹11,598/m*",₹6.57 lakh
Mahindra XUV500,Mahindra,2014,"98,466 km",Diesel,Manual,"EMI ₹17,182/m*",₹3.65 lakh
Tata NEXON,Tata,2019,"49,041 km",Petrol,Auto,"EMI ₹11,368/m*",₹6.44 lakh
Volkswagen Polo,Volkswagen,2015,"44,948 km",Petrol,Auto,"EMI ₹10,428/m*",₹3.96 lakh
Maruti IGNIS,Maruti,2017,"1,11,581 km",Petrol,Auto,"EMI ₹7,719/m*",₹3.47 lakh
Maruti IGNIS,Maruti,2020,"91,329 km",Petrol,Auto,"EMI ₹6,743/m*",₹3.82 lakh
Maruti Ertiga,Maruti,2014,"98,534 km",Petrol,Manual,"EMI ₹15,179/m*",₹4.57 lakh
Maruti Baleno,Maruti,2019,"79,354 km",Petrol,Auto,"EMI ₹8,173/m*",₹4.63 lakh
Maruti Swift Dzire,Maruti,2011,"98,863 km",Petrol,Manual,"EMI ₹8,173/m*",₹1.39 lakh
Hyundai Grand i10,Hyundai,2014,"74,334 km",Petrol,Auto,"EMI ₹9,566/m*",₹2.88 lakh
Hyundai Grand i10,Hyundai,2018,"53,106 km",Petrol,Auto,"EMI ₹5,366/m*",₹3.04 lakh
MG ASTOR,MG,2023,"17,550 km",Petrol,Auto,"EMI ₹19,263/m*",₹11.25 lakh
Maruti Alto,Maruti,2011,"73,781 km",Petrol,Manual,"EMI ₹19,263/m*",₹0.98 lakh
Tata Indica Vista,Tata,2013,"2,23,856 km",Diesel,Manual,"EMI ₹10,218/m*",₹1.15 lakh
Maruti Eeco,Maruti,2011,"2,42,903 km",Petrol,Manual,"EMI ₹10,218/m*",₹1.94 lakh
Chevrolet Spark,Chevrolet,2012,1 km,Petrol,Manual,"EMI ₹6,664/m*",₹0.75 lakh
Maruti Zen Estilo,Maruti,2012,"56,029 km",Petrol,Manual,"EMI ₹9,507/m*",₹1.07 lakh
Renault Kiger,Renault,2022,"35,416 km",Petrol,Manual,"EMI ₹8,826/m*",₹5.00 lakh
Maruti Swift,Maruti,2012,"1,02,563 km",Diesel,Manual,"EMI ₹8,826/m*",₹2.50 lakh
Audi A4,Audi,2011,"53,000 km",Petrol,Auto,"EMI ₹8,826/m*",₹3.75 lakh
Maruti Dzire,Maruti,2018,"1,27,989 km",Petrol,Auto,"EMI ₹9,454/m*",₹4.25 lakh
Maruti Baleno,Maruti,2016,"1,06,202 km",Petrol,Manual,"EMI ₹7,474/m*",₹3.36 lakh
Maruti New Wagon-R,Maruti,2021,"19,583 km",Petrol,Manual,"EMI ₹7,432/m*",₹4.21 lakh
Honda City,Honda,2011,"1,14,154 km",Petrol,Manual,"EMI ₹7,432/m*",₹1.54 lakh
Hyundai Grand i10,Hyundai,2015,"72,381 km",Petrol,Manual,"EMI ₹7,847/m*",₹2.98 lakh
Hyundai i20 Active,Hyundai,2016,"61,525 km",Petrol,Manual,"EMI ₹8,831/m*",₹3.97 lakh
Ford Ecosport,Ford,2018,"88,593 km",Diesel,Manual,"EMI ₹12,238/m*",₹6.26 lakh
Maruti Wagon R 1.0,Maruti,2011,"46,645 km",Petrol,Manual,"EMI ₹12,238/m*",₹1.28 lakh
Renault Kwid,Renault,2021,"19,894 km",Petrol,Manual,"EMI ₹6,073/m*",₹3.44 lakh
Chevrolet Cruze,Chevrolet,2011,"1,18,219 km",Diesel,Auto,"EMI ₹6,073/m*",₹2.03 lakh
Maruti Alto,Maruti,2011,"53,459 km",Petrol,Manual,"EMI ₹6,073/m*",₹1.06 lakh
Volkswagen Polo,Volkswagen,2011,"79,934 km",Petrol,Manual,"EMI ₹6,073/m*",₹1.40 lakh
Hyundai GRAND I10 NIOS,Hyundai,2022,"30,644 km",Petrol,Manual,"EMI ₹9,709/m*",₹5.50 lakh
Maruti Wagon R 1.0,Maruti,2018,"77,501 km",Petrol,Manual,"EMI ₹4,413/m*",₹2.50 lakh
Hyundai Grand i10,Hyundai,2015,"94,924 km",Petrol,Auto,"EMI ₹7,584/m*",₹2.88 lakh
Maruti Dzire,Maruti,2018,"87,802 km",Petrol,Manual,"EMI ₹7,961/m*",₹4.51 lakh
Maruti Alto,Maruti,2012,"97,198 km",Petrol,Manual,"EMI ₹8,174/m*",₹0.92 lakh
Mahindra XUV500,Mahindra,2016,"87,349 km",Diesel,Manual,"EMI ₹15,511/m*",₹5.89 lakh
Hyundai Verna,Hyundai,2015,"88,366 km",Diesel,Auto,"EMI ₹10,164/m*",₹3.06 lakh
KIA CARENS,KIA,2023,"17,368 km",Petrol,Manual,"EMI ₹17,157/m*",₹10.02 lakh
Honda Amaze,Honda,2022,"59,233 km",Petrol,Manual,"EMI ₹9,179/m*",₹5.20 lakh
Hyundai NEW I20,Hyundai,2021,"19,568 km",Petrol,Auto,"EMI ₹12,269/m*",₹6.95 lakh
Honda WR-V,Honda,2018,"70,456 km",Petrol,Manual,"EMI ₹8,103/m*",₹4.59 lakh
Tata NEXON,Tata,2019,"23,240 km",Petrol,Auto,"EMI ₹10,521/m*",₹5.96 lakh
Maruti Wagon R 1.0,Maruti,2017,"77,874 km",Petrol,Manual,"EMI ₹5,161/m*",₹2.64 lakh
Hyundai GRAND I10 NIOS,Hyundai,2023,"13,402 km",Petrol,Auto,"EMI ₹10,362/m*",₹5.87 lakh
Maruti Celerio,Maruti,2014,"75,270 km",Petrol,Manual,"EMI ₹7,673/m*",₹2.31 lakh
Maruti Swift,Maruti,2020,"33,028 km",Petrol,Auto,"EMI ₹9,056/m*",₹5.13 lakh
Honda BR-V,Honda,2018,"53,000 km",Petrol,Auto,"EMI ₹10,609/m*",₹6.01 lakh
Skoda Rapid,Skoda,2012,"1,03,833 km",Diesel,Manual,"EMI ₹10,609/m*",₹1.57 lakh
Tata PUNCH,Tata,2024,"6,613 km",Petrol,Manual,"EMI ₹12,745/m*",₹7.22 lakh
Maruti Baleno,Maruti,2016,"67,883 km",Petrol,Manual,"EMI ₹8,230/m*",₹3.70 lakh
Maruti Baleno,Maruti,2017,"87,258 km",Petrol,Manual,"EMI ₹8,211/m*",₹4.20 lakh
Maruti Swift Dzire,Maruti,2015,"40,334 km",Petrol,Manual,"EMI ₹8,690/m*",₹3.30 lakh
Maruti Celerio,Maruti,2017,"87,505 km",Petrol,Manual,"EMI ₹6,061/m*",₹3.10 lakh
Renault Kwid,Renault,2021,"6,097 km",Petrol,Auto,"EMI ₹6,955/m*",₹3.94 lakh
Mahindra XUV500,Mahindra,2014,"1,26,505 km",Diesel,Manual,"EMI ₹17,417/m*",₹3.70 lakh
Maruti Alto 800,Maruti,2013,"93,627 km",Petrol,Manual,"EMI ₹6,779/m*",₹1.44 lakh
Volkswagen Polo,Volkswagen,2011,"1,23,117 km",Petrol,Manual,"EMI ₹6,779/m*",₹1.30 lakh
Honda BR-V,Honda,2016,"81,278 km",Petrol,Auto,"EMI ₹12,123/m*",₹5.45 lakh
Maruti New Wagon-R,Maruti,2021,"33,156 km",Petrol,Manual,"EMI ₹8,403/m*",₹4.76 lakh
Tata Tiago,Tata,2020,"45,687 km",Petrol,Manual,"EMI ₹6,037/m*",₹3.42 lakh
Hyundai NEW SANTRO,Hyundai,2019,"43,331 km",Petrol,Auto,"EMI ₹5,914/m*",₹3.35 lakh
Maruti Eeco,Maruti,2011,"1,67,537 km",Petrol,Manual,"EMI ₹5,914/m*",₹1.40 lakh
Maruti New Wagon-R,Maruti,2023,"10,329 km",Petrol,Manual,"EMI ₹8,156/m*",₹4.62 lakh
Hyundai VENUE,Hyundai,2022,"64,445 km",Petrol,Manual,"EMI ₹12,357/m*",₹7.00 lakh
Hyundai Xcent,Hyundai,2015,"54,740 km",Petrol,Manual,"EMI ₹7,689/m*",₹2.92 lakh
Skoda Fabia,Skoda,2012,"43,990 km",Diesel,Manual,"EMI ₹7,689/m*",₹1.82 lakh
Hyundai NEW I20,Hyundai,2024,"13,410 km",Petrol,Auto,"EMI ₹14,948/m*",₹8.73 lakh
Maruti Ciaz,Maruti,2016,"63,957 km",Diesel,Manual,"EMI ₹12,245/m*",₹4.65 lakh
Volkswagen Polo,Volkswagen,2015,"71,244 km",Petrol,Auto,"EMI ₹10,955/m*",₹4.16 lakh
Maruti S PRESSO,Maruti,2022,"30,108 km",Petrol,Auto,"EMI ₹5,508/m*",₹3.12 lakh
Skoda Fabia,Skoda,2011,"1,30,200 km",Petrol,Manual,"EMI ₹5,508/m*",₹1.10 lakh
Mahindra XUV500,Mahindra,2014,"1,04,074 km",Diesel,Manual,"EMI ₹19,959/m*",₹4.24 lakh
Toyota Fortuner,Toyota,2011,"1,30,000 km",Diesel,Manual,"EMI ₹19,959/m*",₹5.24 lakh
Hyundai Creta,Hyundai,2017,"45,635 km",Petrol,Manual,"EMI ₹9,951/m*",₹5.09 lakh
Toyota Corolla Altis,Toyota,2011,"20,417 km",Petrol,Manual,"EMI ₹9,951/m*",₹1.71 lakh
Hyundai Verna,Hyundai,2014,"69,686 km",Petrol,Manual,"EMI ₹9,931/m*",₹2.99 lakh
Tata Tiago,Tata,2020,"74,102 km",Petrol,Manual,"EMI ₹6,355/m*",₹3.60 lakh
Tata Safari Storme,Tata,2013,"1,06,975 km",Diesel,Manual,"EMI ₹25,322/m*",₹2.85 lakh
Hyundai Grand i10,Hyundai,2019,"24,602 km",Petrol,Auto,"EMI ₹6,178/m*",₹3.50 lakh
Maruti Swift Dzire,Maruti,2016,"1,11,642 km",Petrol,Manual,"EMI ₹8,030/m*",₹3.61 lakh
Hyundai i10,Hyundai,2010,"23,389 km",Petrol,Auto,"EMI ₹8,030/m*",₹1.16 lakh
Maruti Vitara Brezza,Maruti,2016,"1,18,323 km",Diesel,Manual,"EMI ₹13,852/m*",₹5.26 lakh
Maruti Ritz,Maruti,2011,"77,840 km",Petrol,Manual,"EMI ₹13,852/m*",₹1.22 lakh
Mahindra Quanto,Mahindra,2013,"1,00,010 km",Diesel,Manual,"EMI ₹12,617/m*",₹1.42 lakh
Maruti Alto K10,Maruti,2023,"33,421 km",Petrol,Auto,"EMI ₹7,626/m*",₹4.32 lakh
Maruti Wagon R 1.0,Maruti,2015,"43,345 km",Petrol,Manual,"EMI ₹6,583/m*",₹2.50 lakh
Mahindra Xylo,Mahindra,2013,"1,29,709 km",Diesel,Manual,"EMI ₹17,586/m*",₹1.98 lakh
Ford Ecosport,Ford,2016,"43,286 km",Petrol,Manual,"EMI ₹6,918/m*",₹3.11 lakh
Maruti Ertiga,Maruti,2020,"1,24,000 km",Petrol,Manual,"EMI ₹19,199/m*",₹8.83 lakh
Ford Figo,Ford,2011,"99,850 km",Petrol,Manual,"EMI ₹19,199/m*",₹0.81 lakh
Tata Tiago,Tata,2020,"1,09,770 km",Petrol,Manual,"EMI ₹8,230/m*",₹3.70 lakh
Volkswagen Polo,Volkswagen,2011,"1,27,718 km",Petrol,Manual,"EMI ₹8,230/m*",₹1.66 lakh
Maruti Swift Dzire,Maruti,2016,"1,37,484 km",Diesel,Manual,"EMI ₹10,692/m*",₹4.06 lakh
Maruti Baleno,Maruti,2018,"48,299 km",Petrol,Manual,"EMI ₹7,096/m*",₹4.02 lakh
Maruti New Wagon-R,Maruti,2019,"40,801 km",Petrol,Manual,"EMI ₹7,273/m*",₹4.12 lakh
Hyundai i20,Hyundai,2010,"1,30,352 km",Diesel,Manual,"EMI ₹7,273/m*",₹1.60 lakh
Hyundai GRAND I10 NIOS,Hyundai,2019,"27,951 km",Petrol,Auto,"EMI ₹7,944/m*",₹4.50 lakh
Ssangyong Rexton,Ssangyong,2015,"1,02,665 km",Diesel,Manual,"EMI ₹10,463/m*",₹3.15 lakh
Hyundai Xcent,Hyundai,2014,"1,39,450 km",Petrol,Auto,"EMI ₹8,802/m*",₹2.65 lakh
Maruti Ciaz,Maruti,2018,"55,845 km",Petrol,Auto,"EMI ₹9,815/m*",₹5.56 lakh
Ford Figo,Ford,2011,"1,13,762 km",Diesel,Manual,"EMI ₹9,815/m*",₹1.13 lakh
Mahindra XUV500,Mahindra,2012,"88,171 km",Diesel,Manual,"EMI ₹9,815/m*",₹3.18 lakh
Tata ALTROZ,Tata,2022,"84,283 km",Diesel,Manual,"EMI ₹10,592/m*",₹6.00 lakh
Tata NEXON,Tata,2024,"2,175 km",Petrol,Auto,"EMI ₹18,526/m*",₹10.82 lakh
Mahindra Kuv100,Mahindra,2016,"1,04,969 km",Diesel,Manual,"EMI ₹6,715/m*",₹2.55 lakh
Hyundai Creta,Hyundai,2016,"47,916 km",Petrol,Manual,"EMI ₹12,746/m*",₹5.73 lakh
Renault Pulse,Renault,2012,"83,392 km",Diesel,Manual,"EMI ₹12,746/m*",₹1.27 lakh
Maruti Swift,Maruti,2016,"69,625 km",Petrol,Manual,"EMI ₹7,674/m*",₹3.45 lakh
Tata PUNCH,Tata,2024,"9,255 km",Petrol,Manual,"EMI ₹14,554/m*",₹8.50 lakh
Hyundai i20 Active,Hyundai,2016,"3,50,000 km",Petrol,Manual,"EMI ₹7,964/m*",₹3.58 lakh
Honda Jazz,Honda,2017,"77,952 km",Petrol,Auto,"EMI ₹6,647/m*",₹3.40 lakh
Honda City,Honda,2012,"1,03,922 km",Petrol,Auto,"EMI ₹21,413/m*",₹2.41 lakh
Honda Mobilio,Honda,2015,"1,59,914 km",Petrol,Manual,"EMI ₹8,005/m*",₹3.04 lakh
Tata PUNCH,Tata,2024,"74,691 km",Petrol,Manual,"EMI ₹11,474/m*",₹6.50 lakh
Mahindra Quanto,Mahindra,2013,"80,594 km",Diesel,Manual,"EMI ₹10,573/m*",₹1.19 lakh
Maruti Ertiga,Maruti,2015,"1,41,065 km",Petrol,Manual,"EMI ₹13,167/m*",₹5.00 lakh
Maruti SX4,Maruti,2013,"1,23,019 km",Petrol,Manual,"EMI ₹7,767/m*",₹1.65 lakh
Hyundai Elite i20,Hyundai,2017,"1,44,797 km",Petrol,Manual,"EMI ₹8,097/m*",₹3.64 lakh
Maruti Ertiga,Maruti,2022,"1,11,501 km",Petrol,Manual,"EMI ₹18,981/m*",₹8.73 lakh
Hyundai Eon,Hyundai,2013,"89,417 km",Petrol,Manual,"EMI ₹5,413/m*",₹1.15 lakh
Volkswagen Vento,Volkswagen,2014,"53,511 km",Diesel,Manual,"EMI ₹16,052/m*",₹3.41 lakh
Renault TRIBER,Renault,2022,"36,888 km",Petrol,Auto,"EMI ₹9,003/m*",₹5.10 lakh
Tata NEXON,Tata,2022,"29,761 km",Petrol,Manual,"EMI ₹13,766/m*",₹8.04 lakh
Maruti Ertiga,Maruti,2015,"86,911 km",Petrol,Manual,"EMI ₹12,219/m*",₹4.64 lakh
Hyundai Grand i10,Hyundai,2018,"35,081 km",Petrol,Auto,"EMI ₹7,732/m*",₹4.38 lakh
Mahindra SCORPIO-N,Mahindra,2023,"28,700 km",Diesel,Auto,"EMI ₹27,910/m*",₹16.30 lakh
Maruti Baleno,Maruti,2019,"26,213 km",Petrol,Manual,"EMI ₹7,944/m*",₹4.50 lakh
Ford Ecosport,Ford,2015,"64,888 km",Petrol,Manual,"EMI ₹8,005/m*",₹3.04 lakh
Hyundai Elite i20,Hyundai,2015,"78,130 km",Petrol,Manual,"EMI ₹9,164/m*",₹3.48 lakh
Maruti Dzire,Maruti,2018,"88,210 km",Petrol,Manual,"EMI ₹7,979/m*",₹4.52 lakh
Maruti Swift Dzire,Maruti,2016,"1,07,524 km",Petrol,Auto,"EMI ₹7,741/m*",₹3.48 lakh
Toyota Corolla Altis,Toyota,2015,"1,09,068 km",Petrol,Manual,"EMI ₹9,322/m*",₹3.54 lakh
Tata NEXON,Tata,2021,"63,051 km",Petrol,Manual,"EMI ₹11,827/m*",₹6.70 lakh
Chevrolet Beat,Chevrolet,2012,"1,80,943 km",Diesel,Manual,"EMI ₹11,827/m*",₹0.87 lakh
Maruti Vitara Brezza,Maruti,2016,"79,647 km",Diesel,Manual,"EMI ₹13,720/m*",₹5.21 lakh
Renault Lodgy,Renault,2016,"1,80,826 km",Diesel,Manual,"EMI ₹8,058/m*",₹3.06 lakh
Maruti Ertiga,Maruti,2016,"67,241 km",Petrol,Manual,"EMI ₹13,458/m*",₹6.05 lakh
Honda City,Honda,2014,"2,95,000 km",Petrol,Manual,"EMI ₹10,263/m*",₹3.09 lakh
Honda Jazz,Honda,2016,"87,546 km",Petrol,Auto,"EMI ₹6,673/m*",₹3.00 lakh
Hyundai Creta,Hyundai,2018,"33,433 km",Petrol,Manual,"EMI ₹11,139/m*",₹6.31 lakh
Honda City,Honda,2014,"54,113 km",Petrol,Auto,"EMI ₹12,821/m*",₹3.86 lakh
Mahindra BOLERO NEO,Mahindra,2024,"17,596 km",Diesel,Manual,"EMI ₹14,691/m*",₹8.58 lakh
Volkswagen Vento,Volkswagen,2011,"53,807 km",Petrol,Manual,"EMI ₹14,691/m*",₹1.68 lakh
Ford Ecosport,Ford,2014,"12,345 km",Diesel,Manual,"EMI ₹14,216/m*",₹3.02 lakh
Maruti Zen Estilo,Maruti,2010,"33,432 km",Petrol,Manual,"EMI ₹14,216/m*",₹0.98 lakh
Hyundai Creta,Hyundai,2015,"75,094 km",Petrol,Manual,"EMI ₹14,931/m*",₹5.67 lakh
Maruti Alto K10,Maruti,2023,"61,780 km",Petrol,Manual,"EMI ₹7,781/m*",₹4.41 lakh
Toyota Corolla Altis,Toyota,2016,"58,709 km",Petrol,Auto,"EMI ₹12,079/m*",₹5.43 lakh
Hyundai Verna,Hyundai,2011,"45,846 km",Diesel,Manual,"EMI ₹12,079/m*",₹2.50 lakh
Tata PUNCH,Tata,2024,"21,565 km",Petrol,Manual,"EMI ₹13,840/m*",₹7.84 lakh
Mahindra Xylo,Mahindra,2012,"7,50,000 km",Diesel,Manual,"EMI ₹13,840/m*",₹2.27 lakh
Honda Amaze,Honda,2022,"11,754 km",Petrol,Manual,"EMI ₹11,774/m*",₹6.67 lakh
Maruti Baleno,Maruti,2018,"60,964 km",Diesel,Manual,"EMI ₹10,010/m*",₹5.12 lakh
Tata Tiago,Tata,2021,"61,694 km",Petrol,Manual,"EMI ₹7,520/m*",₹4.26 lakh
Honda City,Honda,2013,"84,737 km",Petrol,Manual,"EMI ₹11,627/m*",₹2.47 lakh
Maruti Dzire,Maruti,2019,"50,658 km",Petrol,Auto,"EMI ₹7,944/m*",₹4.50 lakh
Hyundai NEW I20,Hyundai,2022,"25,160 km",Petrol,Manual,"EMI ₹11,510/m*",₹6.52 lakh
Maruti Swift Dzire,Maruti,2012,"93,397 km",Diesel,Manual,"EMI ₹11,510/m*",₹3.09 lakh
Tata NEXON,Tata,2021,"10,106 km",Petrol,Manual,"EMI ₹13,835/m*",₹8.08 lakh
Hyundai Xcent,Hyundai,2015,"37,900 km",Petrol,Manual,"EMI ₹7,874/m*",₹2.99 lakh
Maruti Ertiga,Maruti,2019,"36,173 km",Petrol,Manual,"EMI ₹12,569/m*",₹7.12 lakh
Maruti SX4,Maruti,2011,"1,09,998 km",Petrol,Manual,"EMI ₹12,569/m*",₹1.30 lakh
Maruti Celerio,Maruti,2015,"1,04,885 km",Petrol,Auto,"EMI ₹6,583/m*",₹2.50 lakh
Maruti Wagon R 1.0,Maruti,2016,"29,909 km",Petrol,Manual,"EMI ₹5,895/m*",₹2.65 lakh
Mahindra XUV300,Mahindra,2019,"47,149 km",Diesel,Manual,"EMI ₹12,233/m*",₹6.93 lakh
Maruti Baleno,Maruti,2017,"92,070 km",Petrol,Manual,"EMI ₹6,530/m*",₹3.34 lakh
Tata TIGOR,Tata,2018,"62,378 km",Petrol,Auto,"EMI ₹7,026/m*",₹3.98 lakh
Ford Ecosport,Ford,2014,"1,21,635 km",Diesel,Manual,"EMI ₹15,440/m*",₹3.28 lakh
Tata NEXON,Tata,2023,"42,935 km",Petrol,Manual,"EMI ₹12,233/m*",₹6.93 lakh
Maruti A Star,Maruti,2011,"1,04,903 km",Petrol,Auto,"EMI ₹12,233/m*",₹1.15 lakh
Ford Endeavour,Ford,2012,"1,08,873 km",Diesel,Auto,"EMI ₹12,233/m*",₹3.50 lakh
Maruti Celerio,Maruti,2014,"91,567 km",Petrol,Manual,"EMI ₹8,503/m*",₹2.56 lakh
Mahindra XUV500,Mahindra,2016,"1,60,367 km",Diesel,Auto,"EMI ₹15,010/m*",₹5.70 lakh
Honda BR-V,Honda,2016,"79,582 km",Petrol,Auto,"EMI ₹11,856/m*",₹5.33 lakh
Hyundai Creta,Hyundai,2016,"1,04,931 km",Petrol,Manual,"EMI ₹12,880/m*",₹5.79 lakh
Hyundai Creta,Hyundai,2015,"1,06,693 km",Diesel,Manual,"EMI ₹15,943/m*",₹4.80 lakh
Maruti Vitara Brezza,Maruti,2017,"2,07,911 km",Diesel,Manual,"EMI ₹11,478/m*",₹5.16 lakh
KIA SELTOS,KIA,2021,"45,883 km",Petrol,Manual,"EMI ₹14,605/m*",₹8.53 lakh
Maruti New Wagon-R,Maruti,2019,"34,376 km",Petrol,Manual,"EMI ₹6,814/m*",₹3.86 lakh
Hyundai Elite i20,Hyundai,2019,"1,84,017 km",Petrol,Manual,"EMI ₹10,121/m*",₹4.55 lakh
Tata Tiago,Tata,2022,"47,318 km",Petrol,Manual,"EMI ₹8,562/m*",₹4.85 lakh
Maruti New Wagon-R,Maruti,2019,"1,77,632 km",Petrol,Manual,"EMI ₹7,786/m*",₹3.50 lakh
ISUZU MU-7,ISUZU,2015,"1,56,145 km",Diesel,Auto,"EMI ₹19,464/m*",₹5.86 lakh
Honda City,Honda,2015,"17,574 km",Petrol,Auto,"EMI ₹11,218/m*",₹4.26 lakh
Maruti Dzire,Maruti,2017,"55,812 km",Petrol,Manual,"EMI ₹7,703/m*",₹3.94 lakh
Honda City,Honda,2014,"1,00,072 km",Petrol,Auto,"EMI ₹13,983/m*",₹4.21 lakh
Hyundai NEW I20,Hyundai,2023,"28,238 km",Petrol,Auto,"EMI ₹13,928/m*",₹7.89 lakh
Hyundai i10,Hyundai,2010,"47,195 km",Petrol,Manual,"EMI ₹13,928/m*",₹1.00 lakh
Hyundai Creta,Hyundai,2016,"40,864 km",Petrol,Manual,"EMI ₹13,792/m*",₹6.20 lakh
Tata NEXON,Tata,2019,"58,202 km",Petrol,Manual,"EMI ₹9,074/m*",₹5.14 lakh
Tata NEXON,Tata,2023,"17,397 km",Petrol,Auto,"EMI ₹14,143/m*",₹8.26 lakh
Maruti Wagon R 1.0,Maruti,2015,"30,186 km",Petrol,Manual,"EMI ₹6,188/m*",₹2.35 lakh
Maruti Wagon R 1.0,Maruti,2015,"33,358 km",Petrol,Manual,"EMI ₹7,084/m*",₹2.69 lakh
Hyundai Verna,Hyundai,2017,"69,644 km",Petrol,Auto,"EMI ₹12,023/m*",₹6.15 lakh
Ford Figo,Ford,2011,"47,850 km",Petrol,Manual,"EMI ₹12,023/m*",₹0.90 lakh
Maruti Zen Estilo,Maruti,2011,"54,915 km",Petrol,Manual,"EMI ₹12,023/m*",₹1.00 lakh
Maruti Baleno,Maruti,2018,"51,845 km",Petrol,Manual,"EMI ₹6,938/m*",₹3.93 lakh
Maruti Ertiga,Maruti,2015,"1,51,148 km",Petrol,Manual,"EMI ₹12,140/m*",₹4.61 lakh
Skoda Superb,Skoda,2012,"54,157 km",Petrol,Auto,"EMI ₹21,501/m*",₹2.42 lakh
Hyundai i10,Hyundai,2011,"96,395 km",Petrol,Manual,"EMI ₹21,501/m*",₹1.12 lakh
Mahindra XUV500,Mahindra,2018,"1,11,824 km",Diesel,Auto,"EMI ₹18,372/m*",₹8.45 lakh
Maruti Ciaz,Maruti,2017,"35,643 km",Petrol,Auto,"EMI ₹10,420/m*",₹5.33 lakh
Tata PUNCH,Tata,2024,"20,679 km",Petrol,Manual,"EMI ₹12,180/m*",₹6.90 lakh
Hyundai Verna,Hyundai,2015,"40,210 km",Diesel,Manual,"EMI ₹15,378/m*",₹4.63 lakh
Hyundai Creta,Hyundai,2016,"63,030 km",Petrol,Manual,"EMI ₹13,347/m*",₹6.00 lakh
Maruti Eeco,Maruti,2018,"1,36,605 km",Petrol,Manual,"EMI ₹8,119/m*",₹3.65 lakh
Maruti Baleno,Maruti,2017,"42,281 km",Petrol,Manual,"EMI ₹8,504/m*",₹4.35 lakh
Maruti Wagon R 1.0,Maruti,2011,"28,843 km",Petrol,Manual,"EMI ₹8,504/m*",₹1.45 lakh
Maruti Ciaz,Maruti,2016,"75,016 km",Petrol,Manual,"EMI ₹8,497/m*",₹3.82 lakh
Maruti Ciaz,Maruti,2019,"75,380 km",Petrol,Manual,"EMI ₹9,109/m*",₹5.16 lakh
Maruti Ciaz,Maruti,2017,"1,47,941 km",Diesel,Manual,"EMI ₹9,721/m*",₹4.37 lakh
Honda City,Honda,2017,"66,397 km",Petrol,Auto,"EMI ₹10,107/m*",₹5.17 lakh
Maruti Wagon R 1.0,Maruti,2016,"62,509 km",Petrol,Manual,"EMI ₹5,650/m*",₹2.54 lakh
Honda City,Honda,2014,"92,552 km",Petrol,Manual,"EMI ₹11,127/m*",₹3.35 lakh
Maruti Celerio,Maruti,2018,"91,214 km",Petrol,Manual,"EMI ₹5,261/m*",₹2.98 lakh
Maruti New Wagon-R,Maruti,2021,"59,506 km",Petrol,Manual,"EMI ₹8,632/m*",₹4.89 lakh
Ford Ecosport,Ford,2018,"77,400 km",Petrol,Auto,"EMI ₹8,720/m*",₹4.94 lakh
Maruti Celerio,Maruti,2017,"22,089 km",Petrol,Auto,"EMI ₹6,588/m*",₹3.37 lakh
Hyundai GRAND I10 NIOS,Hyundai,2022,"79,000 km",Petrol,Manual,"EMI ₹8,473/m*",₹4.80 lakh
Maruti Wagon R 1.0,Maruti,2015,"28,990 km",Petrol,Manual,"EMI ₹6,452/m*",₹2.45 lakh
Honda City,Honda,2014,"94,785 km",Petrol,Auto,"EMI ₹11,127/m*",₹3.35 lakh
Hyundai Creta,Hyundai,2016,"51,819 km",Petrol,Auto,"EMI ₹14,526/m*",₹6.53 lakh
Maruti Celerio,Maruti,2019,"40,000 km",Petrol,Manual,"EMI ₹6,549/m*",₹3.71 lakh
Tata Tiago,Tata,2020,"17,532 km",Petrol,Manual,"EMI ₹7,591/m*",₹4.30 lakh
Maruti New Wagon-R,Maruti,2019,"5,93,300 km",Petrol,Manual,"EMI ₹7,919/m*",₹3.56 lakh
Hyundai Tucson,Hyundai,2016,"1,39,670 km",Petrol,Auto,"EMI ₹14,793/m*",₹6.65 lakh
Skoda Superb,Skoda,2012,"47,158 km",Petrol,Manual,"EMI ₹23,989/m*",₹2.70 lakh
Maruti New Wagon-R,Maruti,2022,"49,198 km",Petrol,Manual,"EMI ₹8,261/m*",₹4.68 lakh
Ford Ecosport,Ford,2015,"15,000 km",Diesel,Manual,"EMI ₹12,954/m*",₹3.90 lakh
Honda City,Honda,2016,"44,557 km",Petrol,Auto,"EMI ₹9,943/m*",₹4.47 lakh
Mahindra XUV500,Mahindra,2012,"43,516 km",Diesel,Manual,"EMI ₹9,943/m*",₹3.75 lakh
Hyundai GRAND I10 NIOS,Hyundai,2020,"27,718 km",Petrol,Auto,"EMI ₹9,480/m*",₹5.37 lakh
Maruti Baleno,Maruti,2018,"61,724 km",Petrol,Auto,"EMI ₹7,520/m*",₹4.26 lakh
Maruti Ciaz,Maruti,2017,"1,03,516 km",Petrol,Manual,"EMI ₹8,898/m*",₹4.00 lakh
Maruti Baleno,Maruti,2017,"76,083 km",Petrol,Manual,"EMI ₹7,312/m*",₹3.74 lakh
Toyota Innova,Toyota,2015,"1,42,630 km",Diesel,Manual,"EMI ₹18,235/m*",₹5.49 lakh
Maruti Celerio,Maruti,2018,"22,981 km",Petrol,Auto,"EMI ₹6,214/m*",₹3.52 lakh
Maruti New Wagon-R,Maruti,2021,"46,069 km",Petrol,Manual,"EMI ₹7,891/m*",₹4.47 lakh
Hyundai Grand i10,Hyundai,2019,"35,445 km",Petrol,Manual,"EMI ₹6,620/m*",₹3.75 lakh
Hyundai Creta,Hyundai,2017,"1,14,999 km",Diesel,Manual,"EMI ₹14,704/m*",₹6.61 lakh
Maruti SX4,Maruti,2010,"1,29,015 km",Petrol,Manual,"EMI ₹14,704/m*",₹3.42 lakh
Maruti Swift,Maruti,2012,"58,347 km",Diesel,Manual,"EMI ₹14,704/m*",₹3.00 lakh
Hyundai Creta,Hyundai,2021,"33,658 km",Petrol,Manual,"EMI ₹16,968/m*",₹9.91 lakh
Honda City,Honda,2017,"89,024 km",Petrol,Auto,"EMI ₹10,049/m*",₹5.14 lakh
Maruti Ciaz,Maruti,2017,"79,503 km",Petrol,Manual,"EMI ₹9,384/m*",₹4.80 lakh
Hyundai i20 Active,Hyundai,2016,"14,945 km",Petrol,Manual,"EMI ₹9,254/m*",₹4.16 lakh
Hyundai Elite i20,Hyundai,2016,"1,30,167 km",Petrol,Manual,"EMI ₹6,896/m*",₹3.10 lakh
Honda City,Honda,2021,"39,044 km",Petrol,Manual,"EMI ₹12,816/m*",₹7.26 lakh
Volkswagen Jetta,Volkswagen,2011,"1,81,217 km",Diesel,Manual,"EMI ₹12,816/m*",₹2.50 lakh
Skoda Rapid,Skoda,2020,"69,996 km",Petrol,Auto,"EMI ₹12,057/m*",₹6.83 lakh
Maruti Ertiga,Maruti,2017,"44,056 km",Petrol,Manual,"EMI ₹13,372/m*",₹6.84 lakh
Hyundai Grand i10,Hyundai,2014,"42,094 km",Petrol,Auto,"EMI ₹10,296/m*",₹3.10 lakh
Maruti New Wagon-R,Maruti,2019,"26,260 km",Petrol,Manual,"EMI ₹7,238/m*",₹4.10 lakh
Hyundai Grand i10,Hyundai,2014,"54,500 km",Petrol,Auto,"EMI ₹9,964/m*",₹3.00 lakh
Maruti New Wagon-R,Maruti,2023,"50,832 km",Petrol,Auto,"EMI ₹7,644/m*",₹4.33 lakh
Ford Figo,Ford,2011,"1,01,110 km",Diesel,Manual,"EMI ₹7,644/m*",₹1.02 lakh
Maruti Eeco,Maruti,2010,"1,41,049 km",Petrol,Manual,"EMI ₹7,644/m*",₹1.78 lakh
Hyundai VENUE,Hyundai,2020,"17,832 km",Petrol,Auto,"EMI ₹13,240/m*",₹7.50 lakh
Hyundai Creta,Hyundai,2015,"1,08,714 km",Diesel,Manual,"EMI ₹22,685/m*",₹6.83 lakh
Volkswagen Ameo,Volkswagen,2019,"52,916 km",Diesel,Auto,"EMI ₹9,356/m*",₹5.30 lakh
Mahindra Xylo,Mahindra,2011,"2,21,006 km",Diesel,Manual,"EMI ₹9,356/m*",₹1.65 lakh
Hyundai Elite i20,Hyundai,2015,"87,805 km",Petrol,Manual,"EMI ₹8,805/m*",₹3.34 lakh
Tata Hexa,Tata,2018,"87,398 km",Diesel,Auto,"EMI ₹13,451/m*",₹6.88 lakh
Jeep Compass,Jeep,2018,"55,277 km",Diesel,Manual,"EMI ₹14,272/m*",₹7.30 lakh
Skoda Octavia,Skoda,2019,"64,875 km",Petrol,Auto,"EMI ₹13,240/m*",₹7.50 lakh
Tata NEXON EV,Tata,2022,"50,410 km",Electric,Auto,"EMI ₹11,880/m*",₹6.73 lakh
KIA SONET,KIA,2020,"1,27,641 km",Diesel,Manual,"EMI ₹15,705/m*",₹7.06 lakh
Volkswagen Ameo,Volkswagen,2017,"1,18,149 km",Diesel,Auto,"EMI ₹8,586/m*",₹3.86 lakh
Honda City,Honda,2016,"38,114 km",Petrol,Auto,"EMI ₹10,588/m*",₹4.76 lakh
Maruti Ertiga,Maruti,2012,"1,57,712 km",Diesel,Manual,"EMI ₹10,588/m*",₹3.51 lakh
Tata Tiago,Tata,2022,"31,252 km",Petrol,Manual,"EMI ₹7,502/m*",₹4.25 lakh
Hyundai Creta,Hyundai,2015,"48,332 km",Petrol,Manual,"EMI ₹13,167/m*",₹5.00 lakh
Renault Kwid,Renault,2022,"27,820 km",Petrol,Auto,"EMI ₹6,637/m*",₹3.76 lakh
Toyota Innova,Toyota,2015,"1,49,942 km",Diesel,Manual,"EMI ₹21,722/m*",₹6.54 lakh
Mahindra XUV500,Mahindra,2015,"1,25,018 km",Diesel,Manual,"EMI ₹19,397/m*",₹5.84 lakh
Tata NEXON,Tata,2021,"45,057 km",Diesel,Manual,"EMI ₹14,349/m*",₹8.38 lakh
Maruti Swift,Maruti,2010,"92,293 km",Petrol,Manual,"EMI ₹14,349/m*",₹1.24 lakh
Tata NEXON,Tata,2022,"34,402 km",Petrol,Manual,"EMI ₹13,822/m*",₹7.83 lakh
Honda City,Honda,2015,"24,962 km",Petrol,Manual,"EMI ₹12,087/m*",₹4.59 lakh
Maruti XL6,Maruti,2021,"32,156 km",Petrol,Manual,"EMI ₹14,537/m*",₹8.49 lakh
Tata Aria,Tata,2011,"1,02,498 km",Diesel,Manual,"EMI ₹14,537/m*",₹1.28 lakh
Maruti Ertiga,Maruti,2020,"1,00,184 km",Petrol,Manual,"EMI ₹16,683/m*",₹7.50 lakh
Maruti Ertiga,Maruti,2013,"1,81,687 km",Diesel,Manual,"EMI ₹37,316/m*",₹4.20 lakh
Toyota YARIS,Toyota,2018,"64,960 km",Petrol,Auto,"EMI ₹9,886/m*",₹5.60 lakh
Maruti Celerio,Maruti,2019,"76,143 km",Petrol,Manual,"EMI ₹6,567/m*",₹3.72 lakh
Hyundai Creta,Hyundai,2019,"60,328 km",Petrol,Manual,"EMI ₹12,145/m*",₹6.88 lakh
Mahindra XUV500,Mahindra,2011,"1,04,510 km",Diesel,Manual,"EMI ₹12,145/m*",₹2.49 lakh
Maruti Celerio,Maruti,2015,"48,305 km",Petrol,Auto,"EMI ₹6,820/m*",₹2.59 lakh
Audi A6,Audi,2013,"1,09,524 km",Diesel,Auto,"EMI ₹66,637/m*",₹7.50 lakh
Tata Tiago,Tata,2022,"78,696 km",Petrol,Manual,"EMI ₹9,444/m*",₹5.35 lakh
Mahindra XUV300,Mahindra,2021,"41,613 km",Petrol,Auto,"EMI ₹12,551/m*",₹7.11 lakh
Maruti Dzire,Maruti,2018,"70,967 km",Petrol,Auto,"EMI ₹7,785/m*",₹4.41 lakh
Volkswagen Vento,Volkswagen,2013,"50,365 km",Petrol,Manual,"EMI ₹11,768/m*",₹2.50 lakh
Maruti Baleno,Maruti,2017,"47,409 km",Petrol,Manual,"EMI ₹7,722/m*",₹3.95 lakh
Skoda Octavia,Skoda,2018,"1,28,378 km",Diesel,Auto,"EMI ₹18,959/m*",₹8.72 lakh
Maruti Alto,Maruti,2020,"17,732 km",Petrol,Manual,"EMI ₹4,731/m*",₹2.68 lakh
Honda City,Honda,2016,"57,699 km",Petrol,Auto,"EMI ₹9,610/m*",₹4.32 lakh
Mitsubishi Pajero Sport,Mitsubishi,2013,"83,564 km",Diesel,Manual,"EMI ₹40,782/m*",₹4.59 lakh
Mahindra XUV500,Mahindra,2015,"1,49,965 km",Diesel,Manual,"EMI ₹19,563/m*",₹5.89 lakh
Hyundai Creta,Hyundai,2020,"54,386 km",Diesel,Manual,"EMI ₹16,044/m*",₹9.37 lakh
Maruti S PRESSO,Maruti,2022,"21,675 km",Petrol,Manual,"EMI ₹5,825/m*",₹3.30 lakh
Maruti New Wagon-R,Maruti,2023,"1,04,664 km",Petrol,Manual,"EMI ₹10,989/m*",₹4.94 lakh
Honda City,Honda,2014,"41,810 km",Petrol,Auto,"EMI ₹14,349/m*",₹4.32 lakh
Maruti New Wagon-R,Maruti,2020,"1,32,339 km",Petrol,Manual,"EMI ₹8,609/m*",₹3.87 lakh
Hyundai Creta,Hyundai,2016,"95,299 km",Petrol,Auto,"EMI ₹14,548/m*",₹6.54 lakh
Maruti Ertiga,Maruti,2015,"1,04,094 km",Petrol,Manual,"EMI ₹11,798/m*",₹4.48 lakh
Maruti Celerio,Maruti,2019,"93,465 km",Petrol,Manual,"EMI ₹6,214/m*",₹3.52 lakh
Maruti New Wagon-R,Maruti,2021,"63,650 km",Petrol,Manual,"EMI ₹7,485/m*",₹4.24 lakh
Maruti Eeco,Maruti,2021,"66,886 km",Petrol,Manual,"EMI ₹8,297/m*",₹4.70 lakh
Tata Curvv,Tata,2025,224 km,Petrol,Manual,"EMI ₹18,818/m*",₹10.99 lakh
Tata NEXON,Tata,2023,"34,064 km",Diesel,Auto,"EMI ₹16,831/m*",₹9.83 lakh
Mahindra XUV500,Mahindra,2015,"1,21,993 km",Diesel,Manual,"EMI ₹18,799/m*",₹5.66 lakh
Honda Mobilio,Honda,2014,"1,10,728 km",Diesel,Manual,"EMI ₹16,711/m*",₹3.55 lakh
Maruti Swift,Maruti,2012,"74,097 km",Petrol,Manual,"EMI ₹19,991/m*",₹2.25 lakh
Tata Tiago,Tata,2021,"27,304 km",Petrol,Auto,"EMI ₹8,120/m*",₹4.60 lakh
Hyundai Grand i10,Hyundai,2019,"93,691 km",Petrol,Manual,"EMI ₹6,214/m*",₹3.52 lakh
Ford Figo,Ford,2011,"1,18,732 km",Diesel,Manual,"EMI ₹6,214/m*",₹1.05 lakh
Hyundai Grand i10,Hyundai,2017,"80,653 km",Petrol,Manual,"EMI ₹7,234/m*",₹3.70 lakh
Maruti Ertiga,Maruti,2021,"46,380 km",Petrol,Manual,"EMI ₹15,581/m*",₹9.10 lakh
Tata ALTROZ,Tata,2023,"20,939 km",Petrol,Manual,"EMI ₹10,609/m*",₹6.01 lakh
Honda City,Honda,2015,"35,963 km",Petrol,Manual,"EMI ₹12,061/m*",₹4.58 lakh
Tata Safari,Tata,2014,"1,71,830 km",Diesel,Manual,"EMI ₹12,051/m*",₹2.56 lakh
Mahindra Scorpio,Mahindra,2015,"1,05,749 km",Diesel,Auto,"EMI ₹20,859/m*",₹6.28 lakh
Mahindra TUV300,Mahindra,2016,"72,310 km",Diesel,Manual,"EMI ₹12,640/m*",₹4.80 lakh
Tata NEXON,Tata,2017,"12,686 km",Petrol,Manual,"EMI ₹9,345/m*",₹4.78 lakh
Hyundai Creta,Hyundai,2018,"27,555 km",Petrol,Manual,"EMI ₹10,786/m*",₹6.11 lakh
Hyundai VENUE,Hyundai,2019,"1,49,974 km",Petrol,Manual,"EMI ₹13,369/m*",₹6.01 lakh
Volkswagen Vento,Volkswagen,2016,"89,643 km",Petrol,Auto,"EMI ₹9,098/m*",₹4.09 lakh
KIA SONET,KIA,2025,"1,104 km",Petrol,Manual,"EMI ₹16,112/m*",₹9.41 lakh
Hyundai Elite i20,Hyundai,2017,"1,90,182 km",Petrol,Manual,"EMI ₹8,609/m*",₹3.87 lakh
Hyundai Creta,Hyundai,2020,"13,736 km",Petrol,Auto,"EMI ₹18,835/m*",₹11.00 lakh
Maruti Ertiga,Maruti,2014,"91,007 km",Petrol,Manual,"EMI ₹14,249/m*",₹4.29 lakh
KIA SELTOS,KIA,2023,"25,593 km",Diesel,Auto,"EMI ₹25,119/m*",₹14.67 lakh
Maruti Ertiga,Maruti,2020,"97,181 km",Petrol,Manual,"EMI ₹14,725/m*",₹8.60 lakh
BMW 3 Series,BMW,2014,"42,000 km",Diesel,Auto,"EMI ₹44,277/m*",₹9.50 lakh
Tata Harrier,Tata,2021,"97,956 km",Diesel,Auto,"EMI ₹20,547/m*",₹12.00 lakh
Hyundai Xcent,Hyundai,2016,"1,74,098 km",Petrol,Manual,"EMI ₹5,739/m*",₹2.58 lakh
Tata Tiago,Tata,2020,"66,228 km",Petrol,Auto,"EMI ₹7,114/m*",₹4.03 lakh
Nissan MAGNITE,Nissan,2021,"29,214 km",Petrol,Manual,"EMI ₹9,021/m*",₹5.11 lakh
Maruti New Wagon-R,Maruti,2021,"54,543 km",Petrol,Manual,"EMI ₹7,414/m*",₹4.20 lakh
Hyundai Creta,Hyundai,2021,"32,695 km",Petrol,Auto,"EMI ₹20,252/m*",₹11.83 lakh
Tata NEXON,Tata,2022,"63,092 km",Petrol,Auto,"EMI ₹12,586/m*",₹7.13 lakh
Maruti Baleno,Maruti,2017,"44,848 km",Petrol,Manual,"EMI ₹8,719/m*",₹4.46 lakh
Mahindra Xylo,Mahindra,2015,"1,16,233 km",Diesel,Manual,"EMI ₹10,429/m*",₹3.14 lakh
Hyundai VENUE,Hyundai,2019,"1,18,693 km",Petrol,Manual,"EMI ₹13,525/m*",₹6.08 lakh
Tata Safari,Tata,2022,"28,650 km",Diesel,Manual,"EMI ₹26,403/m*",₹15.42 lakh
Hyundai Creta,Hyundai,2016,"80,811 km",Petrol,Auto,"EMI ₹12,546/m*",₹5.64 lakh
Honda City,Honda,2018,"1,16,817 km",Petrol,Auto,"EMI ₹12,234/m*",₹5.50 lakh
Honda CRV,Honda,2014,"94,458 km",Petrol,Manual,"EMI ₹15,179/m*",₹4.57 lakh
Maruti Ciaz,Maruti,2015,"1,46,580 km",Diesel,Manual,"EMI ₹13,718/m*",₹4.13 lakh
Hyundai Creta,Hyundai,2019,"26,800 km",Petrol,Manual,"EMI ₹12,057/m*",₹6.83 lakh
Maruti Ertiga,Maruti,2012,32 km,Diesel,Manual,"EMI ₹12,057/m*",₹4.20 lakh
Mahindra Thar,Mahindra,2023,"49,276 km",Petrol,Auto,"EMI ₹21,403/m*",₹12.50 lakh
Ford Ecosport,Ford,2016,"40,596 km",Petrol,Manual,"EMI ₹9,053/m*",₹4.07 lakh
Tata NEXON,Tata,2023,"28,191 km",Diesel,Auto,"EMI ₹20,684/m*",₹12.08 lakh
Volkswagen Passat,Volkswagen,2011,"1,70,935 km",Diesel,Auto,"EMI ₹20,684/m*",₹3.50 lakh
Maruti Baleno,Maruti,2018,"75,825 km",Petrol,Auto,"EMI ₹7,185/m*",₹4.07 lakh
Hyundai Creta,Hyundai,2021,"42,000 km",Diesel,Manual,"EMI ₹21,848/m*",₹12.76 lakh
Toyota Innova,Toyota,2010,"1,23,261 km",Diesel,Manual,"EMI ₹21,848/m*",₹3.60 lakh
Hyundai Creta,Hyundai,2017,"65,525 km",Petrol,Auto,"EMI ₹12,981/m*",₹6.64 lakh
Honda WR-V,Honda,2017,"1,01,200 km",Diesel,Manual,"EMI ₹10,455/m*",₹4.70 lakh
Maruti Swift,Maruti,2025,"7,293 km",Petrol,Manual,"EMI ₹12,498/m*",₹7.08 lakh
Hyundai VENUE,Hyundai,2019,"86,657 km",Petrol,Auto,"EMI ₹12,145/m*",₹6.88 lakh
Hyundai Creta,Hyundai,2017,"33,250 km",Petrol,Manual,"EMI ₹13,079/m*",₹6.69 lakh
Tata NEXON,Tata,2022,"25,824 km",Petrol,Auto,"EMI ₹12,304/m*",₹6.97 lakh
Tata Tiago,Tata,2021,"19,500 km",Petrol,Auto,"EMI ₹8,456/m*",₹4.79 lakh
Hyundai Creta,Hyundai,2017,"65,902 km",Petrol,Auto,"EMI ₹12,805/m*",₹6.55 lakh
Tata NEXON,Tata,2022,"74,227 km",Diesel,Auto,"EMI ₹13,081/m*",₹7.41 lakh
Tata Tiago,Tata,2020,"30,951 km",Petrol,Manual,"EMI ₹7,220/m*",₹4.09 lakh
Toyota Innova,Toyota,2013,"1,59,846 km",Diesel,Manual,"EMI ₹37,850/m*",₹4.26 lakh
Toyota Camry,Toyota,2016,"86,342 km",Hybrid,Auto,"EMI ₹29,200/m*",₹13.43 lakh
Tata NEXON,Tata,2024,"8,262 km",Petrol,Manual,"EMI ₹16,643/m*",₹9.72 lakh
BMW 3 Series,BMW,2011,"87,724 km",Petrol,Auto,"EMI ₹16,643/m*",₹5.00 lakh
Mahindra XUV300,Mahindra,2022,"27,000 km",Petrol,Manual,"EMI ₹11,545/m*",₹6.54 lakh
BMW X1,BMW,2013,"87,292 km",Diesel,Auto,"EMI ₹51,621/m*",₹5.81 lakh
Tata NEXON,Tata,2024,"13,500 km",Petrol,Auto,"EMI ₹17,054/m*",₹9.96 lakh
Mahindra Scorpio,Mahindra,2014,"58,146 km",Diesel,Manual,"EMI ₹41,295/m*",₹8.86 lakh
Maruti Wagon R 1.0,Maruti,2018,"56,795 km",Petrol,Manual,"EMI ₹6,002/m*",₹3.40 lakh
Ford Figo,Ford,2011,"1,21,930 km",Petrol,Manual,"EMI ₹6,002/m*",₹0.74 lakh
Maruti S Cross,Maruti,2015,"71,917 km",Diesel,Manual,"EMI ₹13,917/m*",₹4.19 lakh
Ford Ecosport,Ford,2017,"39,251 km",Petrol,Manual,"EMI ₹10,010/m*",₹5.12 lakh
Hyundai Creta,Hyundai,2019,"38,365 km",Petrol,Manual,"EMI ₹14,034/m*",₹7.95 lakh
Hyundai NEW I20,Hyundai,2021,"24,925 km",Petrol,Auto,"EMI ₹13,504/m*",₹7.65 lakh
Mercedes Benz B Class,Mercedes,2013,"55,491 km",Petrol,Auto,"EMI ₹21,560/m*",₹4.58 lakh
Hyundai Grand i10,Hyundai,2019,"1,08,266 km",Petrol,Manual,"EMI ₹7,941/m*",₹3.57 lakh
Mahindra XUV500,Mahindra,2015,"1,53,199 km",Diesel,Manual,"EMI ₹18,766/m*",₹5.65 lakh
Hyundai Creta,Hyundai,2023,"8,149 km",Petrol,Auto,"EMI ₹25,684/m*",₹15.00 lakh
Maruti New Wagon-R,Maruti,2022,"30,199 km",Petrol,Manual,"EMI ₹8,562/m*",₹4.85 lakh
MG HECTOR PLUS,MG,2023,671 km,Petrol,Manual,"EMI ₹29,228/m*",₹17.07 lakh
Tata PUNCH,Tata,2024,"28,605 km",Petrol,Manual,"EMI ₹14,383/m*",₹8.40 lakh
Ford Ecosport,Ford,2017,"1,58,933 km",Diesel,Manual,"EMI ₹9,610/m*",₹4.32 lakh
Tata Tiago,Tata,2024,"12,690 km",Petrol,Auto,"EMI ₹13,363/m*",₹7.57 lakh
Mahindra XUV500,Mahindra,2015,"1,11,355 km",Diesel,Manual,"EMI ₹14,016/m*",₹4.22 lakh
Maruti Ertiga,Maruti,2021,"51,159 km",Petrol,Manual,"EMI ₹16,283/m*",₹9.51 lakh
Ford Ecosport,Ford,2019,"1,09,241 km",Diesel,Manual,"EMI ₹13,591/m*",₹6.11 lakh
Honda City,Honda,2015,"73,488 km",Petrol,Manual,"EMI ₹10,033/m*",₹3.81 lakh
Hyundai Creta,Hyundai,2017,"57,906 km",Diesel,Manual,"EMI ₹16,127/m*",₹7.25 lakh
Tata Tiago,Tata,2023,"59,526 km",Petrol,Manual,"EMI ₹8,985/m*",₹5.09 lakh
Hyundai Creta,Hyundai,2018,"42,936 km",Petrol,Auto,"EMI ₹17,722/m*",₹10.35 lakh
Honda City,Honda,2015,"66,255 km",Petrol,Manual,"EMI ₹9,954/m*",₹3.78 lakh
Maruti Celerio,Maruti,2016,"22,199 km",Petrol,Auto,"EMI ₹7,363/m*",₹3.31 lakh
Honda Mobilio,Honda,2015,"1,19,867 km",Diesel,Manual,"EMI ₹11,226/m*",₹3.38 lakh
Maruti Baleno,Maruti,2024,"2,937 km",Petrol,Auto,"EMI ₹14,742/m*",₹8.61 lakh
Hyundai Xcent,Hyundai,2016,"35,739 km",Petrol,Manual,"EMI ₹7,541/m*",₹3.39 lakh
Maruti Ertiga,Maruti,2013,"1,04,560 km",Diesel,Manual,"EMI ₹38,827/m*",₹4.37 lakh
Maruti Vitara Brezza,Maruti,2020,"35,373 km",Petrol,Manual,"EMI ₹13,240/m*",₹7.50 lakh
Maruti XL6,Maruti,2024,"12,598 km",Petrol,Auto,"EMI ₹20,067/m*",₹11.72 lakh
Maruti Ertiga,Maruti,2016,"76,502 km",Petrol,Manual,"EMI ₹12,234/m*",₹5.50 lakh
Maruti New Wagon-R,Maruti,2020,"1,59,924 km",Petrol,Manual,"EMI ₹8,297/m*",₹3.73 lakh
Hyundai Creta,Hyundai,2018,"76,177 km",Petrol,Manual,"EMI ₹11,863/m*",₹6.72 lakh
Maruti Ertiga,Maruti,2013,"94,885 km",Diesel,Manual,"EMI ₹38,827/m*",₹4.37 lakh
Skoda Superb,Skoda,2016,"89,376 km",Petrol,Auto,"EMI ₹16,305/m*",₹7.33 lakh
Renault Kwid,Renault,2023,"5,072 km",Petrol,Auto,"EMI ₹8,473/m*",₹4.80 lakh
Maruti Ertiga,Maruti,2015,"61,813 km",Petrol,Manual,"EMI ₹13,167/m*",₹5.00 lakh
Audi A4,Audi,2011,"65,388 km",Petrol,Auto,"EMI ₹13,167/m*",₹4.11 lakh
Tata ALTROZ,Tata,2023,"35,885 km",Petrol,Manual,"EMI ₹13,989/m*",₹8.17 lakh
Honda City,Honda,2013,"85,357 km",Petrol,Manual,"EMI ₹11,768/m*",₹2.50 lakh
MG ASTOR,MG,2023,"9,145 km",Petrol,Auto,"EMI ₹19,434/m*",₹11.35 lakh
KIA SONET,KIA,2021,"63,706 km",Petrol,Manual,"EMI ₹13,363/m*",₹7.57 lakh
Renault Kiger,Renault,2021,"12,686 km",Petrol,Auto,"EMI ₹10,274/m*",₹5.82 lakh
Maruti Ciaz,Maruti,2016,"1,02,352 km",Diesel,Manual,"EMI ₹11,850/m*",₹4.50 lakh
Maruti New Wagon-R,Maruti,2022,"77,249 km",Petrol,Manual,"EMI ₹9,074/m*",₹5.14 lakh
Maruti Celerio,Maruti,2022,"20,765 km",Petrol,Manual,"EMI ₹8,385/m*",₹4.75 lakh
Hyundai Creta,Hyundai,2017,"95,137 km",Diesel,Auto,"EMI ₹17,551/m*",₹7.89 lakh
Maruti New Wagon-R,Maruti,2021,"52,447 km",Petrol,Manual,"EMI ₹8,173/m*",₹4.63 lakh
Maruti Ertiga,Maruti,2023,"61,685 km",Petrol,Manual,"EMI ₹14,434/m*",₹8.43 lakh
Maruti Ertiga,Maruti,2018,"2,10,751 km",Petrol,Manual,"EMI ₹13,792/m*",₹6.20 lakh
Maruti Ertiga,Maruti,2012,"1,28,831 km",Diesel,Manual,"EMI ₹13,792/m*",₹3.70 lakh
Mahindra XUV300,Mahindra,2021,"32,638 km",Petrol,Auto,"EMI ₹14,109/m*",₹8.24 lakh
MG HECTOR,MG,2019,"70,859 km",Petrol,Auto,"EMI ₹14,845/m*",₹8.67 lakh
Volkswagen Vento,Volkswagen,2016,"1,12,383 km",Diesel,Auto,"EMI ₹12,087/m*",₹4.59 lakh
Maruti Ertiga,Maruti,2020,"72,519 km",Petrol,Manual,"EMI ₹14,571/m*",₹8.51 lakh
Maruti XL6,Maruti,2021,"26,528 km",Petrol,Manual,"EMI ₹15,462/m*",₹9.03 lakh
Mahindra XUV300,Mahindra,2020,"62,851 km",Diesel,Manual,"EMI ₹13,575/m*",₹7.69 lakh
Hyundai Creta,Hyundai,2016,"42,700 km",Petrol,Manual,"EMI ₹14,815/m*",₹6.66 lakh
Hyundai Creta,Hyundai,2016,"67,641 km",Petrol,Auto,"EMI ₹14,459/m*",₹6.50 lakh
Ford Ecosport,Ford,2017,"25,679 km",Petrol,Manual,"EMI ₹8,719/m*",₹4.46 lakh
Hyundai VENUE,Hyundai,2020,"76,092 km",Petrol,Manual,"EMI ₹11,933/m*",₹6.76 lakh
Hyundai Creta,Hyundai,2016,"1,17,327 km",Petrol,Manual,"EMI ₹12,234/m*",₹5.50 lakh
Renault Kiger,Renault,2021,"39,914 km",Petrol,Manual,"EMI ₹9,656/m*",₹5.47 lakh
Skoda Superb,Skoda,2016,"92,305 km",Diesel,Auto,"EMI ₹23,209/m*",₹8.98 lakh
MG ASTOR,MG,2023,"45,614 km",Petrol,Auto,"EMI ₹16,694/m*",₹9.75 lakh
KIA SYROS,KIA,2025,"4,587 km",Diesel,Auto,"EMI ₹30,358/m*",₹17.73 lakh
Hyundai Creta,Hyundai,2018,"77,067 km",Petrol,Manual,"EMI ₹11,615/m*",₹6.58 lakh
Audi Q7,Audi,2011,"94,075 km",Diesel,Auto,"EMI ₹11,615/m*",₹5.98 lakh
Chevrolet Cruze,Chevrolet,2016,"1,41,929 km",Diesel,Auto,"EMI ₹13,509/m*",₹5.13 lakh
Mahindra Thar,Mahindra,2022,"34,577 km",Diesel,Auto,"EMI ₹21,146/m*",₹12.35 lakh
Hyundai Elite i20,Hyundai,2017,"75,897 km",Petrol,Manual,"EMI ₹7,331/m*",₹3.75 lakh
Audi A4,Audi,2011,"1,35,566 km",Diesel,Auto,"EMI ₹7,331/m*",₹4.51 lakh
Maruti New Wagon-R,Maruti,2021,"30,341 km",Petrol,Auto,"EMI ₹9,462/m*",₹5.36 lakh
Volkswagen Passat,Volkswagen,2012,"1,13,170 km",Diesel,Manual,"EMI ₹9,462/m*",₹3.50 lakh
Toyota Innova,Toyota,2015,"1,99,689 km",Diesel,Manual,"EMI ₹17,604/m*",₹5.30 lakh
KIA SONET,KIA,2021,"33,679 km",Diesel,Auto,"EMI ₹16,095/m*",₹9.40 lakh
KIA SONET,KIA,2024,"12,049 km",Petrol,Manual,"EMI ₹14,280/m*",₹8.34 lakh
Hyundai VENUE,Hyundai,2024,"18,746 km",Petrol,Auto,"EMI ₹18,287/m*",₹10.68 lakh
Hyundai VENUE,Hyundai,2021,"15,800 km",Petrol,Manual,"EMI ₹13,593/m*",₹7.70 lakh
Toyota Fortuner,Toyota,2017,"88,091 km",Diesel,Auto,"EMI ₹49,507/m*",₹22.77 lakh
Hyundai Creta,Hyundai,2016,"77,494 km",Petrol,Auto,"EMI ₹15,371/m*",₹6.91 lakh
Ford Ecosport,Ford,2019,"73,937 km",Petrol,Auto,"EMI ₹10,768/m*",₹6.10 lakh
Ford Ecosport,Ford,2018,"37,219 km",Petrol,Auto,"EMI ₹10,415/m*",₹5.90 lakh
Maruti Ertiga,Maruti,2017,"1,14,374 km",Petrol,Manual,"EMI ₹13,124/m*",₹5.90 lakh
Hyundai Creta,Hyundai,2016,"76,039 km",Diesel,Auto,"EMI ₹19,039/m*",₹7.23 lakh
KIA SELTOS,KIA,2023,"23,303 km",Petrol,Auto,"EMI ₹22,156/m*",₹12.94 lakh
Honda Mobilio,Honda,2015,"53,172 km",Petrol,Manual,"EMI ₹9,875/m*",₹3.75 lakh
Jaguar XF,Jaguar,2013,"1,05,971 km",Diesel,Auto,"EMI ₹70,705/m*",₹8.00 lakh
Tata ALTROZ,Tata,2024,"13,810 km",Petrol,Auto,"EMI ₹14,948/m*",₹8.73 lakh
Maruti Dzire,Maruti,2023,"15,656 km",Petrol,Manual,"EMI ₹12,886/m*",₹7.30 lakh
Hyundai Creta,Hyundai,2018,"74,329 km",Petrol,Auto,"EMI ₹13,946/m*",₹7.90 lakh
Honda City,Honda,2022,"26,024 km",Petrol,Auto,"EMI ₹17,807/m*",₹10.40 lakh
Maruti BREZZA,Maruti,2023,"55,938 km",Petrol,Manual,"EMI ₹14,087/m*",₹7.98 lakh
Maruti Ciaz,Maruti,2022,"60,238 km",Petrol,Auto,"EMI ₹12,745/m*",₹7.22 lakh
Mahindra XUV700,Mahindra,2023,"22,068 km",Petrol,Auto,"EMI ₹31,248/m*",₹18.25 lakh
Tata NEXON EV,Tata,2023,"17,762 km",Electric,Auto,"EMI ₹18,287/m*",₹10.68 lakh
Mahindra Thar Roxx,Mahindra,2025,"16,057 km",Diesel,Auto,"EMI ₹31,351/m*",₹18.31 lakh
Toyota Innova,Toyota,2011,"1,34,624 km",Diesel,Manual,"EMI ₹31,351/m*",₹3.50 lakh
Maruti Ertiga,Maruti,2016,"1,13,121 km",Petrol,Manual,"EMI ₹12,123/m*",₹5.45 lakh
KIA SELTOS,KIA,2024,"11,036 km",Diesel,Manual,"EMI ₹26,540/m*",₹15.50 lakh
MG ASTOR,MG,2024,"15,307 km",Petrol,Auto,"EMI ₹23,030/m*",₹13.45 lakh
Mahindra TUV300,Mahindra,2018,"63,000 km",Diesel,Manual,"EMI ₹12,023/m*",₹6.15 lakh
Toyota Fortuner,Toyota,2012,"1,87,101 km",Diesel,Manual,"EMI ₹12,023/m*",₹8.06 lakh
Honda City,Honda,2021,"11,502 km",Petrol,Manual,"EMI ₹16,951/m*",₹9.90 lakh
Volvo XC 60,Volvo,2013,"1,18,547 km",Diesel,Auto,"EMI ₹79,543/m*",₹9.00 lakh
Maruti Ertiga,Maruti,2020,"1,14,114 km",Petrol,Manual,"EMI ₹17,959/m*",₹8.26 lakh
Jeep Compass,Jeep,2021,"66,891 km",Petrol,Manual,"EMI ₹17,122/m*",₹10.00 lakh
Ford Ecosport,Ford,2015,"75,722 km",Diesel,Manual,"EMI ₹12,754/m*",₹3.84 lakh
Mahindra XUV500,Mahindra,2013,"63,522 km",Diesel,Manual,"EMI ₹29,320/m*",₹3.30 lakh
Hyundai VENUE,Hyundai,2023,"20,831 km",Diesel,Manual,"EMI ₹18,783/m*",₹10.97 lakh
Maruti New Wagon-R,Maruti,2020,"51,934 km",Petrol,Manual,"EMI ₹7,185/m*",₹4.07 lakh
Mahindra XUV300,Mahindra,2021,"22,935 km",Petrol,Manual,"EMI ₹11,139/m*",₹6.31 lakh
Tata NEXON,Tata,2023,"47,846 km",Petrol,Auto,"EMI ₹16,711/m*",₹9.76 lakh
Mercedes Benz Ml Class,Mercedes,2014,"57,273 km",Diesel,Auto,"EMI ₹58,586/m*",₹12.57 lakh
Mercedes Benz C Class,Mercedes,2013,"62,778 km",Petrol,Auto,"EMI ₹28,244/m*",₹6.00 lakh
Toyota YARIS,Toyota,2021,"43,028 km",Petrol,Auto,"EMI ₹13,989/m*",₹8.17 lakh
Chevrolet Captiva,Chevrolet,2010,"1,01,476 km",Diesel,Auto,"EMI ₹13,989/m*",₹3.00 lakh
Maruti Ertiga,Maruti,2021,"68,000 km",Petrol,Manual,"EMI ₹15,581/m*",₹9.10 lakh
Honda City,Honda,2021,"46,365 km",Petrol,Auto,"EMI ₹15,855/m*",₹9.26 lakh
Tata TIGOR,Tata,2025,"9,891 km",Petrol,Auto,"EMI ₹14,554/m*",₹8.50 lakh
MG HECTOR,MG,2019,"86,634 km",Petrol,Auto,"EMI ₹14,554/m*",₹8.50 lakh
Volkswagen Passat,Volkswagen,2011,"91,312 km",Diesel,Auto,"EMI ₹14,554/m*",₹5.62 lakh
Hyundai Creta,Hyundai,2019,"98,915 km",Petrol,Manual,"EMI ₹13,045/m*",₹7.39 lakh
Maruti FRONX,Maruti,2024,"3,218 km",Petrol,Auto,"EMI ₹18,167/m*",₹10.61 lakh
KIA SONET,KIA,2024,"9,743 km",Petrol,Manual,"EMI ₹15,753/m*",₹9.20 lakh
Maruti New Wagon-R,Maruti,2020,"53,328 km",Petrol,Manual,"EMI ₹7,291/m*",₹4.13 lakh
Toyota Innova,Toyota,2015,"2,15,000 km",Diesel,Manual,"EMI ₹21,589/m*",₹6.50 lakh
MG ZS EV,MG,2021,"1,07,249 km",Electric,Auto,"EMI ₹18,198/m*",₹8.37 lakh
Hyundai Creta,Hyundai,2016,"1,01,967 km",Diesel,Auto,"EMI ₹17,038/m*",₹6.47 lakh
Toyota Innova,Toyota,2012,"2,02,982 km",Diesel,Manual,"EMI ₹17,038/m*",₹4.29 lakh
MG HECTOR,MG,2019,"1,42,118 km",Diesel,Manual,"EMI ₹22,047/m*",₹10.14 lakh
BMW 3 Series,BMW,2013,"34,657 km",Diesel,Auto,"EMI ₹59,084/m*",₹6.65 lakh
Mahindra XUV700,Mahindra,2023,"9,752 km",Petrol,Auto,"EMI ₹33,577/m*",₹19.61 lakh
Mitsubishi Outlander,Mitsubishi,2012,"1,19,930 km",Petrol,Auto,"EMI ₹33,763/m*",₹3.80 lakh
Mahindra XUV300,Mahindra,2021,"74,877 km",Petrol,Auto,"EMI ₹13,698/m*",₹8.00 lakh
BMW X1,BMW,2025,"6,428 km",Petrol,Auto,"EMI ₹74,226/m*",₹43.35 lakh
Skoda KUSHAQ,Skoda,2021,"44,601 km",Petrol,Manual,"EMI ₹15,410/m*",₹9.00 lakh
Tata NEXON,Tata,2022,"17,500 km",Petrol,Auto,"EMI ₹14,948/m*",₹8.73 lakh
Maruti Ertiga,Maruti,2018,"86,560 km",Petrol,Manual,"EMI ₹11,863/m*",₹6.72 lakh
Toyota Corolla Altis,Toyota,2014,"1,28,624 km",Petrol,Manual,"EMI ₹11,891/m*",₹3.58 lakh
Audi Q3,Audi,2013,"1,09,741 km",Diesel,Auto,"EMI ₹57,752/m*",₹6.50 lakh
KIA SONET,KIA,2022,"20,109 km",Petrol,Manual,"EMI ₹13,801/m*",₹8.06 lakh
Maruti S Cross,Maruti,2020,"4,724 km",Petrol,Auto,"EMI ₹13,749/m*",₹8.03 lakh
Tata Safari,Tata,2021,"91,304 km",Diesel,Auto,"EMI ₹23,458/m*",₹13.70 lakh
Jaguar XF,Jaguar,2013,"49,000 km",Diesel,Auto,"EMI ₹79,543/m*",₹9.00 lakh
Hyundai Creta,Hyundai,2016,"1,18,219 km",Diesel,Manual,"EMI ₹18,697/m*",₹7.10 lakh
Hyundai GRAND I10 NIOS,Hyundai,2024,"3,863 km",Petrol,Auto,"EMI ₹12,057/m*",₹6.83 lakh
Ford Ecosport,Ford,2017,"1,00,982 km",Diesel,Manual,"EMI ₹11,211/m*",₹5.04 lakh
Hyundai Creta,Hyundai,2017,"60,411 km",Petrol,Auto,"EMI ₹13,509/m*",₹6.91 lakh
Maruti Ertiga,Maruti,2016,"78,611 km",Petrol,Manual,"EMI ₹12,234/m*",₹5.50 lakh
Skoda Octavia,Skoda,2016,"92,574 km",Petrol,Auto,"EMI ₹12,768/m*",₹5.74 lakh
Ford Ecosport,Ford,2021,"66,300 km",Diesel,Manual,"EMI ₹13,698/m*",₹8.00 lakh
Hyundai VENUE,Hyundai,2020,"27,141 km",Petrol,Auto,"EMI ₹13,749/m*",₹8.03 lakh
Jeep Compass,Jeep,2019,"46,765 km",Petrol,Manual,"EMI ₹13,151/m*",₹7.45 lakh
Tata Safari,Tata,2024,"7,861 km",Diesel,Auto,"EMI ₹36,779/m*",₹21.48 lakh
Maruti FRONX,Maruti,2024,"3,241 km",Petrol,Auto,"EMI ₹18,526/m*",₹10.82 lakh
Mahindra Bolero Neo Plus,Mahindra,2024,"14,892 km",Diesel,Manual,"EMI ₹18,116/m*",₹10.58 lakh
BMW X1,BMW,2014,"94,549 km",Diesel,Auto,"EMI ₹34,646/m*",₹7.36 lakh
MG HECTOR,MG,2021,"24,324 km",Petrol,Auto,"EMI ₹20,547/m*",₹12.00 lakh
Audi Q5,Audi,2011,"87,317 km",Diesel,Auto,"EMI ₹20,547/m*",₹5.00 lakh
KIA SELTOS,KIA,2020,"89,484 km",Diesel,Auto,"EMI ₹19,759/m*",₹11.54 lakh
Audi A6,Audi,2011,"67,972 km",Diesel,Auto,"EMI ₹19,759/m*",₹7.52 lakh
Hyundai Creta,Hyundai,2018,"1,24,682 km",Petrol,Auto,"EMI ₹14,681/m*",₹6.60 lakh
Maruti Ertiga,Maruti,2021,"1,19,966 km",Petrol,Manual,"EMI ₹17,807/m*",₹8.19 lakh
Hyundai Creta,Hyundai,2016,"1,76,590 km",Petrol,Manual,"EMI ₹13,369/m*",₹6.01 lakh
KIA SONET,KIA,2023,"19,730 km",Petrol,Manual,"EMI ₹16,266/m*",₹9.50 lakh
Ssangyong Rexton,Ssangyong,2015,"1,14,051 km",Diesel,Auto,"EMI ₹11,791/m*",₹3.55 lakh
Mahindra XUV700,Mahindra,2024,"24,491 km",Diesel,Auto,"EMI ₹36,813/m*",₹21.50 lakh
MG HECTOR PLUS,MG,2022,"30,400 km",Diesel,Manual,"EMI ₹24,828/m*",₹14.50 lakh
Honda City,Honda,2016,"54,685 km",Petrol,Auto,"EMI ₹10,789/m*",₹4.85 lakh
Hyundai AURA,Hyundai,2024,"12,977 km",Petrol,Manual,"EMI ₹14,143/m*",₹8.26 lakh
KIA SELTOS,KIA,2021,"29,712 km",Petrol,Auto,"EMI ₹19,691/m*",₹11.50 lakh
Toyota Camry,Toyota,2014,"1,24,622 km",Petrol,Auto,"EMI ₹23,815/m*",₹7.17 lakh
MG HECTOR,MG,2019,"23,885 km",Petrol,Auto,"EMI ₹17,157/m*",₹10.02 lakh
BMW 5 Series,BMW,2012,"1,25,571 km",Diesel,Auto,"EMI ₹17,157/m*",₹8.30 lakh
MG HECTOR PLUS,MG,2020,"59,000 km",Petrol,Auto,"EMI ₹17,979/m*",₹10.50 lakh
MG HECTOR,MG,2021,"67,562 km",Petrol,Auto,"EMI ₹18,869/m*",₹11.02 lakh
Skoda Octavia,Skoda,2019,"62,704 km",Petrol,Auto,"EMI ₹18,304/m*",₹10.69 lakh
Maruti Ertiga,Maruti,2021,"79,720 km",Petrol,Manual,"EMI ₹15,479/m*",₹9.04 lakh
Mahindra SCORPIO-N,Mahindra,2022,"13,668 km",Petrol,Auto,"EMI ₹28,594/m*",₹16.70 lakh
Maruti Alto K10,Maruti,2024,"6,519 km",Petrol,Auto,"EMI ₹7,926/m*",₹4.49 lakh
Skoda Kodiaq,Skoda,2019,"78,902 km",Diesel,Auto,"EMI ₹33,611/m*",₹19.63 lakh
Audi Q5,Audi,2012,"82,943 km",Diesel,Auto,"EMI ₹33,611/m*",₹6.57 lakh
Maruti New Wagon-R,Maruti,2024,"5,714 km",Petrol,Auto,"EMI ₹11,527/m*",₹6.53 lakh
Toyota Fortuner,Toyota,2010,"1,60,862 km",Diesel,Manual,"EMI ₹11,527/m*",₹6.88 lakh
Honda WR-V,Honda,2018,"1,24,081 km",Diesel,Manual,"EMI ₹13,569/m*",₹6.10 lakh
Hyundai Creta,Hyundai,2018,"1,12,000 km",Diesel,Auto,"EMI ₹19,807/m*",₹9.11 lakh
KIA SELTOS,KIA,2019,"68,044 km",Petrol,Auto,"EMI ₹16,729/m*",₹9.77 lakh
KIA SONET,KIA,2023,"19,161 km",Petrol,Auto,"EMI ₹17,619/m*",₹10.29 lakh
MG HECTOR,MG,2021,"36,675 km",Petrol,Auto,"EMI ₹18,407/m*",₹10.75 lakh
Audi Q3,Audi,2014,"1,17,177 km",Diesel,Auto,"EMI ₹39,617/m*",₹8.50 lakh
Audi Q3,Audi,2013,"1,83,873 km",Diesel,Auto,"EMI ₹58,374/m*",₹6.57 lakh
MG HECTOR PLUS,MG,2020,"27,596 km",Petrol,Auto,"EMI ₹20,735/m*",₹12.11 lakh
BMW X3,BMW,2013,"1,29,000 km",Diesel,Auto,"EMI ₹66,637/m*",₹7.50 lakh
Mahindra XUV300,Mahindra,2023,"30,340 km",Petrol,Auto,"EMI ₹14,948/m*",₹8.73 lakh
Volkswagen TAIGUN,Volkswagen,2023,"27,440 km",Petrol,Manual,"EMI ₹17,568/m*",₹10.26 lakh
MG HECTOR,MG,2019,"79,920 km",Diesel,Manual,"EMI ₹17,979/m*",₹10.50 lakh
Tata Tiago,Tata,2023,"18,400 km",Petrol,Manual,"EMI ₹11,474/m*",₹6.50 lakh
Toyota Innova Crysta,Toyota,2021,"12,251 km",Diesel,Manual,"EMI ₹33,971/m*",₹19.84 lakh
Jeep Compass,Jeep,2022,"23,376 km",Diesel,Auto,"EMI ₹35,957/m*",₹21.00 lakh
MG HECTOR,MG,2020,"57,947 km",Petrol,Auto,"EMI ₹15,855/m*",₹9.26 lakh
Mahindra XUV500,Mahindra,2013,"1,88,045 km",Diesel,Manual,"EMI ₹30,386/m*",₹3.42 lakh
Audi Q5,Audi,2012,"91,530 km",Diesel,Auto,"EMI ₹30,386/m*",₹6.25 lakh
MG HECTOR,MG,2020,"76,716 km",Petrol,Auto,"EMI ₹16,951/m*",₹9.90 lakh
Audi Q5,Audi,2013,"1,15,728 km",Diesel,Auto,"EMI ₹63,527/m*",₹7.15 lakh
Toyota Innova,Toyota,2011,"1,54,296 km",Diesel,Manual,"EMI ₹63,527/m*",₹4.05 lakh
Tata MAGIC,Tata,2020,"44,174 km",Diesel,Manual,"EMI ₹7,061/m*",₹4.00 lakh
Maruti Wagon R,Maruti,2010,"77,134 km",Petrol,Manual,"EMI ₹7,061/m*",₹6.90 lakh
Tata Harrier,Tata,2021,"97,097 km",Diesel,Auto,"EMI ₹20,307/m*",₹11.86 lakh
MG HECTOR,MG,2021,"80,187 km",Petrol,Auto,"EMI ₹19,297/m*",₹11.27 lakh
Maruti Eeco,Maruti,2021,"1,25,878 km",Petrol,Manual,"EMI ₹11,278/m*",₹5.07 lakh
Maruti New Wagon-R,Maruti,2024,"67,755 km",Petrol,Manual,"EMI ₹9,797/m*",₹5.55 lakh
Audi Q5,Audi,2013,"75,836 km",Diesel,Auto,"EMI ₹65,748/m*",₹7.40 lakh
Mercedes Benz S Class,Mercedes,2010,"1,10,320 km",Petrol,Auto,"EMI ₹65,748/m*",₹12.50 lakh
MG HECTOR,MG,2023,"19,890 km",Diesel,Manual,"EMI ₹30,101/m*",₹17.58 lakh
Maruti Eeco,Maruti,2022,"22,608 km",Petrol,Manual,"EMI ₹10,150/m*",₹5.75 lakh
Tata ALTROZ,Tata,2023,"28,800 km",Petrol,Auto,"EMI ₹13,469/m*",₹7.63 lakh
Tata TIGOR EV,Tata,2022,"97,352 km",Electric,Auto,"EMI ₹9,532/m*",₹5.40 lakh
Hyundai Santa Fe,Hyundai,2011,"1,35,140 km",Diesel,Manual,"EMI ₹9,532/m*",₹4.00 lakh
Skoda Kodiaq,Skoda,2018,"88,760 km",Diesel,Auto,"EMI ₹30,226/m*",₹15.88 lakh
Hyundai Creta,Hyundai,2025,"3,928 km",Petrol,Auto,"EMI ₹33,235/m*",₹19.41 lakh
Toyota Innova,Toyota,2012,"1,63,844 km",Diesel,Manual,"EMI ₹33,235/m*",₹4.84 lakh
Mercedes Benz E Class,Mercedes,2011,"1,17,185 km",Diesel,Auto,"EMI ₹33,235/m*",₹4.99 lakh
Tata NEXON EV,Tata,2022,"40,534 km",Electric,Auto,"EMI ₹13,698/m*",₹8.00 lakh
Hyundai EXTER,Hyundai,2025,"2,440 km",Petrol,Manual,"EMI ₹16,763/m*",₹9.79 lakh
Maruti S PRESSO,Maruti,2025,"1,534 km",Petrol,Auto,"EMI ₹9,709/m*",₹5.50 lakh
MG HECTOR,MG,2024,"7,261 km",Petrol,Auto,"EMI ₹34,587/m*",₹20.20 lakh
Maruti Ertiga,Maruti,2021,"1,01,267 km",Petrol,Manual,"EMI ₹19,459/m*",₹8.95 lakh
Toyota Innova,Toyota,2014,"1,12,081 km",Diesel,Manual,"EMI ₹35,823/m*",₹7.61 lakh
Maruti S Cross,Maruti,2015,"1,77,469 km",Diesel,Manual,"EMI ₹14,747/m*",₹4.44 lakh
BMW 7 Series,BMW,2011,"1,08,874 km",Diesel,Auto,"EMI ₹14,747/m*",₹10.72 lakh
MG HECTOR,MG,2021,"45,078 km",Petrol,Auto,"EMI ₹17,961/m*",₹10.49 lakh
Tata NEXON EV,Tata,2021,"72,313 km",Electric,Auto,"EMI ₹11,969/m*",₹6.78 lakh
KIA SELTOS,KIA,2025,"3,934 km",Petrol,Auto,"EMI ₹31,540/m*",₹18.42 lakh
MG HECTOR,MG,2022,"22,065 km",Petrol,Auto,"EMI ₹23,184/m*",₹13.54 lakh
Tata TIGOR EV,Tata,2022,"37,831 km",Electric,Auto,"EMI ₹11,421/m*",₹6.47 lakh
Nissan MAGNITE,Nissan,2023,"54,270 km",Petrol,Auto,"EMI ₹12,816/m*",₹7.26 lakh
Mahindra XUV300,Mahindra,2022,"27,732 km",Petrol,Auto,"EMI ₹15,170/m*",₹8.86 lakh
Tata NEXON EV,Tata,2022,"49,800 km",Electric,Auto,"EMI ₹15,068/m*",₹8.80 lakh
Mahindra XUV700,Mahindra,2024,"23,925 km",Diesel,Auto,"EMI ₹34,844/m*",₹20.35 lakh
Toyota Innova,Toyota,2012,"1,94,517 km",Diesel,Manual,"EMI ₹34,844/m*",₹5.16 lakh
Tata NEXON EV,Tata,2021,"1,00,242 km",Electric,Auto,"EMI ₹14,459/m*",₹6.50 lakh
MG HECTOR,MG,2020,"38,814 km",Petrol,Auto,"EMI ₹18,013/m*",₹10.52 lakh
Toyota Innova,Toyota,2014,"1,23,181 km",Diesel,Manual,"EMI ₹49,777/m*",₹10.68 lakh
Toyota Corolla Altis,Toyota,2019,"1,08,421 km",Petrol,Manual,"EMI ₹17,573/m*",₹7.90 lakh
Maruti Ertiga,Maruti,2022,"18,964 km",Petrol,Manual,"EMI ₹16,694/m*",₹9.75 lakh
KIA SELTOS,KIA,2020,"51,878 km",Diesel,Manual,"EMI ₹16,626/m*",₹9.71 lakh
Maruti IGNIS,Maruti,2017,"88,305 km",Petrol,Auto,"EMI ₹5,435/m*",₹2.78 lakh
Maruti Ertiga,Maruti,2015,"13,043 km",Petrol,Manual,"EMI ₹12,851/m*",₹4.88 lakh
Mahindra XUV500,Mahindra,2012,"1,14,573 km",Diesel,Manual,"EMI ₹12,851/m*",₹2.80 lakh
Maruti Wagon R 1.0,Maruti,2012,"86,505 km",Petrol,Manual,"EMI ₹15,637/m*",₹1.76 lakh
Volkswagen Polo,Volkswagen,2014,"66,554 km",Petrol,Auto,"EMI ₹10,463/m*",₹3.15 lakh
Tata Indica Vista,Tata,2011,"1,07,823 km",Diesel,Manual,"EMI ₹10,463/m*",₹1.05 lakh
Fiat Linea,Fiat,2011,"76,177 km",Petrol,Manual,"EMI ₹10,463/m*",₹0.77 lakh
Maruti BREZZA,Maruti,2024,"6,746 km",Petrol,Manual,"EMI ₹14,194/m*",₹8.29 lakh
Hyundai i10,Hyundai,2013,"50,250 km",Petrol,Manual,"EMI ₹5,696/m*",₹1.21 lakh
Volkswagen Polo,Volkswagen,2018,"21,661 km",Petrol,Manual,"EMI ₹6,355/m*",₹3.60 lakh
Maruti Ertiga,Maruti,2013,"96,667 km",Diesel,Manual,"EMI ₹36,250/m*",₹4.08 lakh
Mahindra XUV500,Mahindra,2016,"1,05,120 km",Diesel,Auto,"EMI ₹12,956/m*",₹4.92 lakh
Hyundai New Elantra,Hyundai,2021,"43,817 km",Petrol,Auto,"EMI ₹21,523/m*",₹12.57 lakh
Hyundai Tucson,Hyundai,2018,"43,481 km",Petrol,Auto,"EMI ₹15,410/m*",₹9.00 lakh
Hyundai Xcent,Hyundai,2014,"87,572 km",Petrol,Manual,"EMI ₹7,673/m*",₹2.31 lakh
Tata Tiago,Tata,2019,"89,127 km",Petrol,Auto,"EMI ₹6,426/m*",₹3.64 lakh
Honda Brio,Honda,2012,"91,844 km",Petrol,Manual,"EMI ₹13,150/m*",₹1.48 lakh
Porsche Cayenne,Porsche,2014,"1,07,553 km",Diesel,Auto,"EMI ₹106,546/m*",₹22.86 lakh
Honda City,Honda,2012,"1,55,595 km",Petrol,Manual,"EMI ₹22,923/m*",₹2.58 lakh
Honda City,Honda,2021,"29,556 km",Petrol,Manual,"EMI ₹13,999/m*",₹7.93 lakh
Nissan Terrano,Nissan,2014,"1,41,228 km",Diesel,Manual,"EMI ₹10,121/m*",₹2.15 lakh
Maruti Wagon R 1.0,Maruti,2015,"84,634 km",Petrol,Manual,"EMI ₹5,872/m*",₹2.23 lakh
Tata NEXON,Tata,2018,"1,44,498 km",Petrol,Auto,"EMI ₹10,677/m*",₹4.80 lakh
Mahindra MARAZZO,Mahindra,2018,"98,872 km",Diesel,Manual,"EMI ₹10,323/m*",₹5.28 lakh
Hyundai i20,Hyundai,2012,"8,00,001 km",Petrol,Auto,"EMI ₹13,327/m*",₹1.50 lakh
Toyota Corolla Altis,Toyota,2011,"1,14,899 km",Petrol,Manual,"EMI ₹13,327/m*",₹1.45 lakh
Volkswagen Polo,Volkswagen,2011,"28,183 km",Petrol,Manual,"EMI ₹13,327/m*",₹1.53 lakh
Maruti Ertiga,Maruti,2015,"42,130 km",Petrol,Manual,"EMI ₹14,499/m*",₹5.51 lakh
Honda Jazz,Honda,2017,"25,431 km",Petrol,Auto,"EMI ₹8,205/m*",₹4.20 lakh
Maruti Ertiga,Maruti,2022,"15,361 km",Petrol,Manual,"EMI ₹16,523/m*",₹9.65 lakh
Mahindra XUV700,Mahindra,2021,"57,080 km",Petrol,Auto,"EMI ₹28,337/m*",₹16.55 lakh
Tata TIAGO NRG,Tata,2021,"17,859 km",Petrol,Auto,"EMI ₹8,699/m*",₹4.93 lakh
Honda City,Honda,2014,"63,249 km",Petrol,Manual,"EMI ₹8,769/m*",₹2.64 lakh
Honda WR-V,Honda,2018,"22,342 km",Petrol,Manual,"EMI ₹8,883/m*",₹5.03 lakh
Mahindra TUV300,Mahindra,2016,"73,742 km",Diesel,Manual,"EMI ₹9,875/m*",₹3.75 lakh
Volkswagen Ameo,Volkswagen,2017,"38,332 km",Petrol,Manual,"EMI ₹6,002/m*",₹3.07 lakh
Ford New Figo,Ford,2018,"51,350 km",Diesel,Manual,"EMI ₹6,281/m*",₹3.21 lakh
Nissan MAGNITE,Nissan,2025,"9,264 km",Petrol,Manual,"EMI ₹11,933/m*",₹6.76 lakh
Jeep Compass,Jeep,2018,"40,683 km",Petrol,Manual,"EMI ₹10,680/m*",₹6.05 lakh
KIA SONET,KIA,2021,"54,549 km",Petrol,Manual,"EMI ₹11,833/m*",₹6.70 lakh
Tata TIGOR,Tata,2019,"85,687 km",Petrol,Auto,"EMI ₹6,456/m*",₹3.66 lakh
Hyundai Verna,Hyundai,2018,"69,617 km",Petrol,Auto,"EMI ₹10,486/m*",₹5.94 lakh
Maruti Dzire,Maruti,2018,"44,042 km",Petrol,Auto,"EMI ₹7,238/m*",₹4.10 lakh
Maruti Dzire,Maruti,2020,"27,687 km",Petrol,Manual,"EMI ₹7,873/m*",₹4.46 lakh
KIA SONET,KIA,2021,"72,779 km",Petrol,Manual,"EMI ₹10,486/m*",₹5.94 lakh
Volkswagen Polo,Volkswagen,2012,"1,00,825 km",Petrol,Manual,"EMI ₹14,417/m*",₹1.62 lakh
Maruti Swift Dzire,Maruti,2015,"35,909 km",Petrol,Manual,"EMI ₹8,058/m*",₹3.06 lakh
Honda City,Honda,2018,"69,608 km",Petrol,Manual,"EMI ₹8,667/m*",₹4.91 lakh
Hyundai Elite i20,Hyundai,2015,"51,757 km",Petrol,Manual,"EMI ₹7,400/m*",₹2.81 lakh
Renault Kiger,Renault,2021,"57,005 km",Petrol,Manual,"EMI ₹7,626/m*",₹4.32 lakh
Skoda Rapid,Skoda,2020,"64,140 km",Petrol,Manual,"EMI ₹7,822/m*",₹4.43 lakh
Tata NEXON,Tata,2019,"49,119 km",Petrol,Manual,"EMI ₹8,730/m*",₹4.95 lakh
Honda City,Honda,2015,"40,069 km",Petrol,Manual,"EMI ₹9,296/m*",₹3.53 lakh
Maruti New Wagon-R,Maruti,2019,"4,694 km",Petrol,Manual,"EMI ₹6,902/m*",₹3.91 lakh
Hyundai i10,Hyundai,2012,"70,918 km",Petrol,Manual,"EMI ₹10,573/m*",₹1.19 lakh
Hyundai i20,Hyundai,2012,"78,000 km",Petrol,Manual,"EMI ₹16,979/m*",₹1.91 lakh
Ford New Figo,Ford,2016,"52,830 km",Petrol,Manual,"EMI ₹5,005/m*",₹2.25 lakh
Maruti Baleno,Maruti,2019,"79,687 km",Petrol,Auto,"EMI ₹8,615/m*",₹4.88 lakh
Maruti Dzire,Maruti,2017,"1,06,513 km",CNG,Auto,"EMI ₹11,931/m*",₹4.53 lakh
Maruti Celerio,Maruti,2017,"43,644 km",Petrol,Auto,"EMI ₹5,709/m*",₹2.92 lakh
Maruti Ciaz,Maruti,2018,"44,997 km",Petrol,Manual,"EMI ₹9,303/m*",₹5.27 lakh
Maruti Dzire,Maruti,2017,"74,653 km",Diesel,Manual,"EMI ₹11,147/m*",₹5.01 lakh
Honda City,Honda,2019,"39,259 km",Petrol,Manual,"EMI ₹10,397/m*",₹5.89 lakh
Tata Zest,Tata,2014,"36,411 km",Petrol,Manual,"EMI ₹6,674/m*",₹2.01 lakh
Hyundai i20,Hyundai,2012,"89,094 km",Petrol,Manual,"EMI ₹18,001/m*",₹2.03 lakh
Renault Kiger,Renault,2021,"63,106 km",Petrol,Manual,"EMI ₹8,909/m*",₹5.05 lakh
Mahindra XUV300,Mahindra,2021,"46,170 km",Petrol,Auto,"EMI ₹12,286/m*",₹6.96 lakh
Maruti Wagon R 1.0,Maruti,2013,"44,814 km",CNG,Manual,"EMI ₹12,286/m*",₹2.03 lakh
Tata Tiago,Tata,2022,"21,156 km",Petrol,Manual,"EMI ₹7,644/m*",₹4.33 lakh
Hyundai NEW SANTRO,Hyundai,2019,"8,005 km",Petrol,Manual,"EMI ₹5,410/m*",₹3.06 lakh
Honda Brio,Honda,2014,"13,264 km",Petrol,Manual,"EMI ₹7,606/m*",₹2.29 lakh
Hyundai EXTER,Hyundai,2025,"6,674 km",Petrol,Auto,"EMI ₹13,993/m*",₹8.17 lakh
Honda City,Honda,2014,"70,543 km",Petrol,Auto,"EMI ₹12,980/m*",₹3.91 lakh
Nissan MAGNITE,Nissan,2022,"18,165 km",Petrol,Auto,"EMI ₹12,277/m*",₹6.96 lakh
Honda City,Honda,2017,"60,476 km",Petrol,Auto,"EMI ₹9,697/m*",₹4.96 lakh
Hyundai NEW SANTRO,Hyundai,2018,"63,687 km",CNG,Manual,"EMI ₹6,696/m*",₹3.01 lakh
MG HECTOR,MG,2021,"12,596 km",Petrol,Auto,"EMI ₹20,584/m*",₹12.02 lakh
MG HECTOR,MG,2024,"9,214 km",Petrol,Auto,"EMI ₹27,310/m*",₹15.95 lakh
