Car Name,Company,Year of Manufacture,Distance Driven,Fuel Type,Gear Type,EMI,Price
Mahindra KUV 100 NXT,Mahindra,2017,"54,683 km",Petrol,Manual,"EMI ₹5,939/m*",₹3.04 lakh
MG HECTOR,MG,2019,"52,206 km",Petrol,Auto,"EMI ₹17,379/m*",₹10.15 lakh
Toyota Fortuner,Toyota,2020,"48,819 km",Diesel,Auto,"EMI ₹71,075/m*",₹27.50 lakh
KIA SELTOS,KIA,2020,"16,459 km",Petrol,Manual,"EMI ₹16,266/m*",₹9.50 lakh
MG HECTOR,MG,2023,"15,809 km",Petrol,Auto,"EMI ₹25,512/m*",₹14.90 lakh
Maruti Swift,Maruti,2019,"47,053 km",Petrol,Manual,"EMI ₹6,620/m*",₹3.75 lakh
Hyundai Verna,Hyundai,2018,"52,177 km",Petrol,Manual,"EMI ₹9,568/m*",₹5.42 lakh
Volkswagen VIRTUS,Volkswagen,2022,"47,712 km",Petrol,Manual,"EMI ₹12,198/m*",₹6.91 lakh
Mahindra XUV700,Mahindra,2022,"41,024 km",Petrol,Manual,"EMI ₹23,115/m*",₹13.50 lakh
Hyundai Creta,Hyundai,2020,"88,094 km",Diesel,Manual,"EMI ₹19,487/m*",₹7.40 lakh
Mahindra Thar,Mahindra,2022,"30,690 km",Petrol,Manual,"EMI ₹20,119/m*",₹11.75 lakh
Tata NEXON EV,Tata,2024,"29,329 km",Electric,Auto,"EMI ₹25,256/m*",₹14.75 lakh
Mahindra XUV700,Mahindra,2024,"20,913 km",Diesel,Auto,"EMI ₹39,382/m*",₹23.00 lakh
Mahindra SCORPIO-N,Mahindra,2024,"5,142 km",Petrol,Auto,"EMI ₹35,101/m*",₹20.50 lakh
Hyundai EXTER,Hyundai,2024,"10,309 km",Petrol,Auto,"EMI ₹14,982/m*",₹8.75 lakh
KIA SONET,KIA,2024,"14,386 km",Petrol,Auto,"EMI ₹18,407/m*",₹10.75 lakh
Jeep Compass,Jeep,2019,"50,367 km",Petrol,Auto,"EMI ₹15,410/m*",₹9.00 lakh
Hyundai Tucson,Hyundai,2024,"14,376 km",Petrol,Auto,"EMI ₹43,662/m*",₹25.50 lakh
KIA CARNIVAL,KIA,2025,"10,558 km",Diesel,Auto,"EMI ₹107,015/m*",₹62.50 lakh
MG HECTOR PLUS,MG,2024,"3,244 km",Petrol,Auto,"EMI ₹30,392/m*",₹17.75 lakh
Maruti New Wagon-R,Maruti,2019,"74,374 km",Petrol,Manual,"EMI ₹5,719/m*",₹3.24 lakh
Hyundai NEW SANTRO,Hyundai,2022,"91,678 km",CNG,Manual,"EMI ₹6,743/m*",₹3.82 lakh
Renault Kiger,Renault,2022,"57,927 km",Petrol,Manual,"EMI ₹6,532/m*",₹3.70 lakh
Maruti Baleno,Maruti,2023,"47,454 km",Petrol,Manual,"EMI ₹8,473/m*",₹4.80 lakh
Volkswagen Polo,Volkswagen,2021,"58,213 km",Petrol,Manual,"EMI ₹7,997/m*",₹4.53 lakh
Renault Kwid,Renault,2017,"75,770 km",Petrol,Manual,"EMI ₹3,128/m*",₹1.60 lakh
Maruti Swift,Maruti,2016,"48,436 km",Petrol,Manual,"EMI ₹5,806/m*",₹2.61 lakh
Renault Kwid,Renault,2019,"63,301 km",Petrol,Manual,"EMI ₹3,495/m*",₹1.98 lakh
Mahindra Scorpio,Mahindra,2019,"35,267 km",Diesel,Manual,"EMI ₹28,745/m*",₹8.78 lakh
Tata PUNCH,Tata,2023,"46,004 km",Petrol,Manual,"EMI ₹8,543/m*",₹4.84 lakh
Maruti Alto 800,Maruti,2017,"29,630 km",Petrol,Manual,"EMI ₹3,548/m*",₹1.81 lakh
Maruti Wagon R 1.0,Maruti,2013,"98,532 km",Petrol,Manual,"EMI ₹6,072/m*",₹1.29 lakh
Tata Safari,Tata,2021,"43,449 km",Diesel,Auto,"EMI ₹28,265/m*",₹13.00 lakh
Hyundai Elite i20,Hyundai,2020,"28,357 km",Petrol,Manual,"EMI ₹7,520/m*",₹4.26 lakh
Maruti Swift,Maruti,2018,"64,451 km",Petrol,Manual,"EMI ₹6,373/m*",₹3.61 lakh
Hyundai Verna,Hyundai,2019,"51,996 km",Petrol,Auto,"EMI ₹12,304/m*",₹6.97 lakh
Ford Ecosport,Ford,2016,"50,410 km",Petrol,Manual,"EMI ₹6,028/m*",₹2.71 lakh
Honda Amaze,Honda,2022,"44,853 km",Petrol,Manual,"EMI ₹7,767/m*",₹4.40 lakh
Mahindra XUV300,Mahindra,2020,"76,769 km",Petrol,Manual,"EMI ₹7,714/m*",₹4.37 lakh
Tata Harrier,Tata,2020,"84,776 km",Diesel,Manual,"EMI ₹21,374/m*",₹8.27 lakh
Tata ALTROZ,Tata,2022,"45,910 km",Petrol,Manual,"EMI ₹6,863/m*",₹3.89 lakh
Renault Kiger,Renault,2022,"83,215 km",Petrol,Manual,"EMI ₹6,532/m*",₹3.70 lakh
Hyundai Verna,Hyundai,2018,"24,996 km",Petrol,Manual,"EMI ₹8,932/m*",₹5.06 lakh
Maruti Celerio,Maruti,2014,"92,764 km",Petrol,Manual,"EMI ₹4,650/m*",₹1.40 lakh
Hyundai Elite i20,Hyundai,2017,"74,204 km",Petrol,Manual,"EMI ₹6,354/m*",₹3.25 lakh
Tata NEXON,Tata,2018,"72,470 km",Petrol,Manual,"EMI ₹5,946/m*",₹3.37 lakh
Toyota Fortuner,Toyota,2018,"1,58,439 km",Diesel,Manual,"EMI ₹78,721/m*",₹16.89 lakh
Maruti Alto K10,Maruti,2018,"67,276 km",Petrol,Manual,"EMI ₹3,601/m*",₹2.04 lakh
Volkswagen Polo,Volkswagen,2020,"33,751 km",Petrol,Manual,"EMI ₹6,814/m*",₹3.86 lakh
Honda City,Honda,2020,"89,920 km",Petrol,Auto,"EMI ₹9,727/m*",₹5.51 lakh
Honda City,Honda,2018,"46,469 km",Petrol,Manual,"EMI ₹7,344/m*",₹4.16 lakh
Hyundai VENUE,Hyundai,2021,"34,800 km",Petrol,Manual,"EMI ₹9,903/m*",₹5.61 lakh
KIA SELTOS,KIA,2023,"43,943 km",Diesel,Manual,"EMI ₹14,451/m*",₹8.44 lakh
Datsun Redi Go,Datsun,2020,"25,838 km",Petrol,Manual,"EMI ₹3,403/m*",₹1.93 lakh
Maruti Swift Dzire,Maruti,2014,"40,494 km",Petrol,Manual,"EMI ₹6,477/m*",₹1.95 lakh
Maruti Swift,Maruti,2014,"61,207 km",Petrol,Manual,"EMI ₹6,477/m*",₹1.95 lakh
Honda City,Honda,2016,"64,786 km",Petrol,Manual,"EMI ₹8,698/m*",₹3.91 lakh
Tata Safari,Tata,2021,"71,206 km",Diesel,Auto,"EMI ₹25,695/m*",₹11.82 lakh
Mahindra XUV 3XO,Mahindra,2024,"14,838 km",Diesel,Auto,"EMI ₹15,085/m*",₹8.81 lakh
Ford Ecosport,Ford,2018,"26,424 km",Diesel,Manual,"EMI ₹23,772/m*",₹5.05 lakh
Maruti Alto 800,Maruti,2013,"17,608 km",Petrol,Manual,"EMI ₹6,072/m*",₹1.29 lakh
Volkswagen Polo,Volkswagen,2016,"62,351 km",Petrol,Manual,"EMI ₹6,228/m*",₹2.80 lakh
Toyota Glanza,Toyota,2024,"13,172 km",Petrol,Manual,"EMI ₹9,334/m*",₹5.29 lakh
Tata NEXON,Tata,2022,"27,608 km",Petrol,Manual,"EMI ₹10,103/m*",₹5.72 lakh
Hyundai Creta,Hyundai,2020,"28,568 km",Petrol,Auto,"EMI ₹16,546/m*",₹9.66 lakh
Maruti Swift,Maruti,2021,"30,386 km",Petrol,Manual,"EMI ₹9,356/m*",₹5.30 lakh
Honda Civic,Honda,2019,"70,935 km",Petrol,Auto,"EMI ₹16,181/m*",₹9.45 lakh
Tata NEXON,Tata,2022,"24,704 km",Petrol,Manual,"EMI ₹10,314/m*",₹5.84 lakh
Hyundai VENUE,Hyundai,2022,"78,722 km",Petrol,Manual,"EMI ₹10,367/m*",₹5.87 lakh
Maruti Ertiga,Maruti,2024,"18,586 km",CNG,Manual,"EMI ₹15,753/m*",₹9.20 lakh
Tata Safari,Tata,2021,"64,038 km",Diesel,Manual,"EMI ₹24,786/m*",₹11.40 lakh
Audi A6,Audi,2021,"31,259 km",Petrol,Auto,"EMI ₹58,216/m*",₹34.00 lakh
Hyundai NEW I20,Hyundai,2022,"19,259 km",Petrol,Manual,"EMI ₹9,555/m*",₹5.41 lakh
Tata Tiago,Tata,2023,"30,462 km",Petrol,Manual,"EMI ₹6,708/m*",₹3.80 lakh
Skoda Kodiaq,Skoda,2023,"60,781 km",Petrol,Auto,"EMI ₹44,518/m*",₹26.00 lakh
Mahindra SCORPIO-N,Mahindra,2023,"43,965 km",Diesel,Auto,"EMI ₹31,677/m*",₹18.50 lakh
Maruti JIMNY,Maruti,2025,"2,589 km",Petrol,Auto,"EMI ₹20,804/m*",₹12.15 lakh
Skoda KUSHAQ,Skoda,2025,"20,617 km",Petrol,Manual,"EMI ₹13,451/m*",₹7.62 lakh
Maruti Swift Dzire,Maruti,2021,"57,071 km",CNG,Manual,"EMI ₹7,750/m*",₹4.39 lakh
BMW 3 Series,BMW,2019,"69,884 km",Diesel,Auto,"EMI ₹76,936/m*",₹23.50 lakh
Nissan MAGNITE,Nissan,2023,"60,570 km",Petrol,Manual,"EMI ₹6,814/m*",₹3.86 lakh
Tata Safari,Tata,2022,"66,510 km",Diesel,Manual,"EMI ₹19,218/m*",₹10.10 lakh
Renault TRIBER,Renault,2021,"52,312 km",Petrol,Manual,"EMI ₹6,660/m*",₹3.77 lakh
Hyundai i10,Hyundai,2012,"1,00,643 km",Petrol,Manual,"EMI ₹9,123/m*",₹1.03 lakh
Volkswagen Vento,Volkswagen,2016,"83,034 km",Petrol,Auto,"EMI ₹8,186/m*",₹3.68 lakh
KIA SELTOS,KIA,2021,"49,033 km",Petrol,Manual,"EMI ₹14,759/m*",₹8.62 lakh
Honda Amaze,Honda,2014,"91,353 km",Petrol,Manual,"EMI ₹5,348/m*",₹1.61 lakh
Maruti Alto 800,Maruti,2019,"45,382 km",CNG,Manual,"EMI ₹4,790/m*",₹2.45 lakh
Ford Ecosport,Ford,2017,"83,374 km",Petrol,Manual,"EMI ₹7,194/m*",₹3.68 lakh
Hyundai Verna,Hyundai,2024,"31,194 km",Petrol,Manual,"EMI ₹17,367/m*",₹10.14 lakh
Hyundai VENUE,Hyundai,2021,"53,312 km",Petrol,Manual,"EMI ₹9,427/m*",₹5.34 lakh
Hyundai Elite i20,Hyundai,2019,"36,435 km",Petrol,Manual,"EMI ₹7,326/m*",₹4.15 lakh
Datsun Go,Datsun,2020,"70,667 km",Petrol,Manual,"EMI ₹4,078/m*",₹2.31 lakh
Mahindra SCORPIO-N,Mahindra,2023,"79,841 km",Diesel,Manual,"EMI ₹29,091/m*",₹16.99 lakh
Maruti Eeco,Maruti,2023,"1,25,308 km",Petrol,Manual,"EMI ₹7,964/m*",₹3.58 lakh
Maruti Swift,Maruti,2016,"57,222 km",Petrol,Manual,"EMI ₹6,028/m*",₹2.71 lakh
Toyota URBAN CRUISER,Toyota,2021,"79,736 km",CNG,Manual,"EMI ₹9,674/m*",₹5.48 lakh
Maruti Alto K10,Maruti,2017,"66,405 km",Petrol,Manual,"EMI ₹3,793/m*",₹1.94 lakh
Hyundai Verna,Hyundai,2021,"37,722 km",Petrol,Manual,"EMI ₹13,769/m*",₹7.80 lakh
MG HECTOR,MG,2020,"66,365 km",Petrol,Auto,"EMI ₹13,628/m*",₹7.72 lakh
Hyundai Creta,Hyundai,2023,"37,322 km",Petrol,Manual,"EMI ₹17,102/m*",₹9.99 lakh
Honda WR-V,Honda,2021,"68,250 km",Diesel,Manual,"EMI ₹11,278/m*",₹5.07 lakh
KIA SELTOS,KIA,2019,"76,363 km",Petrol,Manual,"EMI ₹16,640/m*",₹9.72 lakh
Nissan MAGNITE,Nissan,2023,"47,686 km",Petrol,Manual,"EMI ₹8,385/m*",₹4.75 lakh
Hyundai Creta,Hyundai,2017,"72,611 km",Petrol,Manual,"EMI ₹8,307/m*",₹4.25 lakh
Ford Ecosport,Ford,2019,"28,638 km",Petrol,Manual,"EMI ₹8,826/m*",₹5.00 lakh
Maruti Swift,Maruti,2019,"36,634 km",Petrol,Auto,"EMI ₹8,597/m*",₹4.87 lakh
Renault Kwid,Renault,2016,"41,281 km",Petrol,Manual,"EMI ₹3,470/m*",₹1.56 lakh
KIA SONET,KIA,2022,"40,431 km",CNG,Manual,"EMI ₹11,209/m*",₹6.35 lakh
Toyota Corolla Altis,Toyota,2018,"48,588 km",Petrol,Auto,"EMI ₹14,636/m*",₹8.55 lakh
Honda City,Honda,2018,"48,398 km",Petrol,Manual,"EMI ₹8,103/m*",₹4.59 lakh
Mahindra XUV700,Mahindra,2023,"37,993 km",Petrol,Manual,"EMI ₹17,465/m*",₹10.20 lakh
Mahindra Thar,Mahindra,2022,"72,242 km",Diesel,Manual,"EMI ₹18,787/m*",₹9.87 lakh
MG HECTOR,MG,2021,"73,136 km",Diesel,Manual,"EMI ₹19,236/m*",₹8.85 lakh
Renault TRIBER,Renault,2022,"1,01,614 km",Petrol,Manual,"EMI ₹7,381/m*",₹3.32 lakh
Maruti Alto K10,Maruti,2025,"6,308 km",Petrol,Manual,"EMI ₹6,214/m*",₹3.52 lakh
Tata PUNCH,Tata,2023,"2,591 km",Petrol,Manual,"EMI ₹9,495/m*",₹5.38 lakh
Maruti Baleno,Maruti,2018,"52,863 km",Petrol,Manual,"EMI ₹6,249/m*",₹3.54 lakh
KIA SELTOS,KIA,2022,"84,971 km",Diesel,Manual,"EMI ₹15,557/m*",₹7.96 lakh
Hyundai Grand i10,Hyundai,2017,"83,901 km",Petrol,Manual,"EMI ₹5,435/m*",₹2.78 lakh
KIA SELTOS,KIA,2020,"69,741 km",Petrol,Manual,"EMI ₹11,580/m*",₹6.56 lakh
Tata ALTROZ,Tata,2022,"58,361 km",Petrol,Manual,"EMI ₹7,979/m*",₹4.52 lakh
Tata ALTROZ,Tata,2025,"28,096 km",CNG,Manual,"EMI ₹12,110/m*",₹6.86 lakh
Renault Kiger,Renault,2021,"38,927 km",Petrol,Manual,"EMI ₹6,567/m*",₹3.72 lakh
Honda Amaze,Honda,2019,"70,348 km",Petrol,Manual,"EMI ₹6,281/m*",₹3.56 lakh
Hyundai Grand i10,Hyundai,2018,"94,763 km",Petrol,Manual,"EMI ₹4,890/m*",₹2.77 lakh
Tata NEXON,Tata,2021,"86,573 km",Petrol,Auto,"EMI ₹9,103/m*",₹5.16 lakh
Tata ALTROZ,Tata,2022,"33,014 km",Petrol,Manual,"EMI ₹8,339/m*",₹4.72 lakh
Maruti Ertiga,Maruti,2021,"89,102 km",Petrol,Manual,"EMI ₹12,271/m*",₹6.95 lakh
Honda City,Honda,2021,"49,297 km",Petrol,Manual,"EMI ₹11,601/m*",₹6.57 lakh
Maruti Alto K10,Maruti,2019,"74,835 km",Petrol,Manual,"EMI ₹4,396/m*",₹2.49 lakh
Renault Duster,Renault,2021,"38,842 km",Petrol,Manual,"EMI ₹10,018/m*",₹5.67 lakh
Maruti Ciaz,Maruti,2019,"90,128 km",Petrol,Auto,"EMI ₹10,496/m*",₹5.95 lakh
Tata TIGOR,Tata,2021,"37,084 km",Petrol,Manual,"EMI ₹6,617/m*",₹3.75 lakh
Hyundai Verna,Hyundai,2018,"25,871 km",Petrol,Manual,"EMI ₹10,680/m*",₹6.05 lakh
Tata ALTROZ,Tata,2021,"73,822 km",Diesel,Manual,"EMI ₹15,122/m*",₹6.80 lakh
Maruti Celerio X,Maruti,2019,"30,013 km",Petrol,Manual,"EMI ₹5,238/m*",₹2.97 lakh
Maruti Dzire,Maruti,2019,"54,316 km",Petrol,Auto,"EMI ₹7,414/m*",₹4.20 lakh
Tata Tiago,Tata,2020,"41,031 km",Petrol,Manual,"EMI ₹5,993/m*",₹3.40 lakh
Honda BR-V,Honda,2018,"56,546 km",Petrol,Manual,"EMI ₹7,979/m*",₹4.52 lakh
Renault Kiger,Renault,2023,"23,310 km",Petrol,Manual,"EMI ₹7,891/m*",₹4.47 lakh
Mahindra Kuv100,Mahindra,2018,"68,537 km",Diesel,Manual,"EMI ₹13,039/m*",₹2.77 lakh
Tata ALTROZ,Tata,2021,"42,989 km",Petrol,Manual,"EMI ₹6,796/m*",₹3.85 lakh
Renault Duster,Renault,2019,"75,991 km",Diesel,Manual,"EMI ₹13,286/m*",₹4.00 lakh
Ford Ecosport,Ford,2020,"64,042 km",Diesel,Manual,"EMI ₹13,852/m*",₹5.26 lakh
Tata TIGOR,Tata,2023,"60,776 km",CNG,Manual,"EMI ₹7,714/m*",₹4.37 lakh
Ford Ecosport,Ford,2016,"60,315 km",Petrol,Auto,"EMI ₹7,519/m*",₹3.38 lakh
Tata ALTROZ,Tata,2020,"43,628 km",Petrol,Manual,"EMI ₹7,987/m*",₹4.52 lakh
Ford Ecosport,Ford,2019,"33,076 km",Petrol,Manual,"EMI ₹9,338/m*",₹5.29 lakh
Maruti Ritz,Maruti,2014,"72,014 km",Petrol,Manual,"EMI ₹4,689/m*",₹1.41 lakh
Honda City,Honda,2018,"33,608 km",Petrol,Manual,"EMI ₹8,509/m*",₹4.82 lakh
Hyundai Creta,Hyundai,2018,"60,320 km",Petrol,Auto,"EMI ₹10,800/m*",₹6.12 lakh
Honda City,Honda,2020,"78,966 km",Petrol,Manual,"EMI ₹13,769/m*",₹7.80 lakh
Maruti Baleno,Maruti,2017,"54,849 km",Petrol,Manual,"EMI ₹6,771/m*",₹3.46 lakh
Hyundai GRAND I10 NIOS,Hyundai,2021,"43,900 km",Petrol,Manual,"EMI ₹7,326/m*",₹4.15 lakh
KIA CARENS,KIA,2022,"63,035 km",Petrol,Auto,"EMI ₹21,202/m*",₹12.38 lakh
Hyundai Elite i20,Hyundai,2020,"48,878 km",Petrol,Manual,"EMI ₹7,158/m*",₹4.05 lakh
Hyundai Verna,Hyundai,2014,"27,848 km",Petrol,Auto,"EMI ₹10,874/m*",₹3.27 lakh
Maruti Wagon R 1.0,Maruti,2017,"99,250 km",CNG,Manual,"EMI ₹5,872/m*",₹2.23 lakh
Hyundai i10,Hyundai,2016,"39,867 km",Petrol,Manual,"EMI ₹4,785/m*",₹2.15 lakh
Renault Kiger,Renault,2022,"33,351 km",Petrol,Manual,"EMI ₹8,579/m*",₹4.86 lakh
Maruti Vitara Brezza,Maruti,2021,"82,149 km",Petrol,Manual,"EMI ₹10,449/m*",₹5.92 lakh
Maruti Ertiga,Maruti,2017,"78,498 km",CNG,Manual,"EMI ₹12,825/m*",₹4.87 lakh
Maruti Swift,Maruti,2019,"55,895 km",Petrol,Auto,"EMI ₹7,803/m*",₹4.42 lakh
Honda City,Honda,2017,"28,344 km",Petrol,Auto,"EMI ₹9,404/m*",₹4.81 lakh
Toyota Etios,Toyota,2015,"64,189 km",CNG,Manual,"EMI ₹12,201/m*",₹2.59 lakh
Datsun Go,Datsun,2019,"31,633 km",Petrol,Manual,"EMI ₹4,819/m*",₹2.73 lakh
Tata NEXON,Tata,2022,"41,875 km",CNG,Auto,"EMI ₹13,593/m*",₹7.70 lakh
Hyundai Elite i20,Hyundai,2017,"49,965 km",Petrol,Manual,"EMI ₹6,535/m*",₹3.34 lakh
Maruti Wagon R 1.0,Maruti,2018,"57,443 km",Petrol,Manual,"EMI ₹4,078/m*",₹2.31 lakh
Toyota Urban Cruiser Taisor,Toyota,2024,"1,840 km",Petrol,Manual,"EMI ₹16,523/m*",₹9.65 lakh
Maruti Swift Dzire,Maruti,2015,"49,923 km",Petrol,Manual,"EMI ₹6,131/m*",₹2.33 lakh
Maruti Baleno,Maruti,2018,"72,925 km",Petrol,Manual,"EMI ₹6,104/m*",₹3.46 lakh
Skoda SLAVIA,Skoda,2022,"41,251 km",Petrol,Manual,"EMI ₹17,623/m*",₹10.29 lakh
KIA SELTOS,KIA,2020,"95,398 km",Petrol,Manual,"EMI ₹11,351/m*",₹6.43 lakh
Mahindra XUV300,Mahindra,2021,"1,18,148 km",Petrol,Manual,"EMI ₹11,345/m*",₹5.10 lakh
Hyundai Eon,Hyundai,2016,"53,770 km",Petrol,Manual,"EMI ₹3,559/m*",₹1.60 lakh
Mahindra XUV700,Mahindra,2023,"52,319 km",Diesel,Manual,"EMI ₹23,646/m*",₹13.81 lakh
Ford Ecosport,Ford,2019,"16,215 km",Petrol,Manual,"EMI ₹9,290/m*",₹5.26 lakh
KIA CARENS,KIA,2022,"34,307 km",Petrol,Manual,"EMI ₹14,533/m*",₹8.49 lakh
Hyundai Elite i20,Hyundai,2015,"54,437 km",Petrol,Manual,"EMI ₹7,821/m*",₹2.97 lakh
Tata Tiago,Tata,2022,"34,641 km",Petrol,Manual,"EMI ₹6,447/m*",₹3.65 lakh
Honda Amaze,Honda,2023,"26,288 km",CNG,Manual,"EMI ₹11,504/m*",₹6.52 lakh
Hyundai NEW I20,Hyundai,2023,"9,132 km",Petrol,Auto,"EMI ₹13,446/m*",₹7.62 lakh
Maruti Ertiga,Maruti,2022,"45,483 km",Petrol,Manual,"EMI ₹14,897/m*",₹8.70 lakh
Hyundai Elite i20,Hyundai,2017,"90,588 km",Petrol,Manual,"EMI ₹6,921/m*",₹3.54 lakh
Nissan MAGNITE,Nissan,2021,"76,368 km",Petrol,Auto,"EMI ₹8,332/m*",₹4.72 lakh
Tata TIGOR,Tata,2022,"70,473 km",CNG,Manual,"EMI ₹9,468/m*",₹5.36 lakh
Toyota Glanza,Toyota,2021,"39,544 km",Petrol,Manual,"EMI ₹8,453/m*",₹4.79 lakh
Jeep Compass,Jeep,2019,"71,588 km",Petrol,Auto,"EMI ₹13,291/m*",₹7.53 lakh
Hyundai Creta,Hyundai,2018,"55,657 km",Petrol,Auto,"EMI ₹11,122/m*",₹6.30 lakh
Hyundai Creta,Hyundai,2019,"69,387 km",Diesel,Manual,"EMI ₹17,633/m*",₹5.31 lakh
MG HECTOR,MG,2021,"55,082 km",Petrol,Auto,"EMI ₹15,804/m*",₹9.23 lakh
Hyundai Grand i10,Hyundai,2018,"48,090 km",CNG,Auto,"EMI ₹8,030/m*",₹3.61 lakh
Ford Ecosport,Ford,2017,"73,655 km",Petrol,Manual,"EMI ₹7,507/m*",₹3.84 lakh
Honda WR-V,Honda,2018,"26,503 km",Petrol,Manual,"EMI ₹7,185/m*",₹4.07 lakh
Mahindra XUV300,Mahindra,2023,"28,371 km",Petrol,Manual,"EMI ₹13,373/m*",₹7.58 lakh
Mahindra Thar,Mahindra,2021,"29,980 km",Petrol,Auto,"EMI ₹17,722/m*",₹10.35 lakh
Hyundai Elite i20,Hyundai,2014,"28,532 km",Petrol,Manual,"EMI ₹8,304/m*",₹2.50 lakh
Tata Tiago,Tata,2018,"59,679 km",Petrol,Manual,"EMI ₹4,766/m*",₹2.70 lakh
Tata PUNCH,Tata,2023,"69,618 km",Petrol,Manual,"EMI ₹7,919/m*",₹4.49 lakh
Maruti Swift,Maruti,2015,"1,05,004 km",Petrol,Manual,"EMI ₹6,215/m*",₹2.36 lakh
MG HECTOR,MG,2020,"80,149 km",Petrol,Manual,"EMI ₹15,201/m*",₹8.88 lakh
Maruti Celerio,Maruti,2022,"38,808 km",Petrol,Manual,"EMI ₹6,867/m*",₹3.89 lakh
Tata NEXON,Tata,2023,"5,562 km",Petrol,Manual,"EMI ₹14,873/m*",₹8.69 lakh
MG HECTOR,MG,2020,"21,627 km",Petrol,Auto,"EMI ₹15,144/m*",₹8.84 lakh
Tata Tiago,Tata,2022,"83,247 km",Petrol,Manual,"EMI ₹6,020/m*",₹3.41 lakh
Tata Tiago,Tata,2020,"37,874 km",Petrol,Manual,"EMI ₹6,954/m*",₹3.94 lakh
Hyundai ALCAZAR,Hyundai,2022,"73,803 km",Diesel,Auto,"EMI ₹22,213/m*",₹11.67 lakh
Maruti Alto 800,Maruti,2019,"53,252 km",Petrol,Manual,"EMI ₹3,672/m*",₹2.08 lakh
Ford Figo Aspire,Ford,2017,"58,060 km",Petrol,Manual,"EMI ₹5,670/m*",₹2.90 lakh
Nissan MAGNITE,Nissan,2022,"37,048 km",Petrol,Manual,"EMI ₹6,920/m*",₹3.92 lakh
Renault Kwid,Renault,2022,"54,988 km",Petrol,Manual,"EMI ₹5,013/m*",₹2.84 lakh
Renault Kwid,Renault,2018,"62,058 km",Petrol,Manual,"EMI ₹4,267/m*",₹2.42 lakh
Honda Amaze,Honda,2019,"42,525 km",CNG,Manual,"EMI ₹8,465/m*",₹4.33 lakh
Mahindra XUV700,Mahindra,2023,"76,365 km",Diesel,Auto,"EMI ₹27,071/m*",₹15.81 lakh
Hyundai VENUE,Hyundai,2023,"5,981 km",Petrol,Manual,"EMI ₹11,848/m*",₹6.71 lakh
KIA SELTOS,KIA,2019,"74,030 km",Diesel,Auto,"EMI ₹27,913/m*",₹8.53 lakh
Honda Amaze,Honda,2017,"98,131 km",Petrol,Manual,"EMI ₹5,767/m*",₹2.95 lakh
Renault Kwid,Renault,2024,"19,926 km",Petrol,Manual,"EMI ₹7,823/m*",₹4.43 lakh
Volkswagen Ameo,Volkswagen,2017,"87,143 km",Petrol,Manual,"EMI ₹6,460/m*",₹3.30 lakh
Tata NEXON,Tata,2019,"59,707 km",CNG,Manual,"EMI ₹9,070/m*",₹4.64 lakh
Maruti Baleno,Maruti,2022,"11,179 km",Petrol,Manual,"EMI ₹11,112/m*",₹6.29 lakh
Hyundai Creta,Hyundai,2020,"58,280 km",Petrol,Auto,"EMI ₹16,985/m*",₹9.92 lakh
Tata NEXON,Tata,2019,"40,741 km",Petrol,Manual,"EMI ₹7,880/m*",₹4.46 lakh
Honda Amaze,Honda,2020,"57,465 km",Petrol,Manual,"EMI ₹7,783/m*",₹4.41 lakh
Maruti Swift,Maruti,2017,"54,181 km",Petrol,Manual,"EMI ₹6,021/m*",₹3.08 lakh
Jeep Compass,Jeep,2022,"65,823 km",Diesel,Auto,"EMI ₹30,416/m*",₹15.98 lakh
Maruti Swift,Maruti,2016,"72,548 km",Petrol,Manual,"EMI ₹5,828/m*",₹2.62 lakh
Tata Harrier,Tata,2022,"75,732 km",Diesel,Auto,"EMI ₹22,251/m*",₹11.69 lakh
Tata NEXON,Tata,2022,"70,442 km",Diesel,Manual,"EMI ₹14,878/m*",₹7.61 lakh
Hyundai Elite i20,Hyundai,2018,"90,375 km",Petrol,Manual,"EMI ₹6,673/m*",₹3.78 lakh
Hyundai Grand i10,Hyundai,2018,"36,128 km",Petrol,Manual,"EMI ₹5,830/m*",₹3.30 lakh
Mahindra XUV700,Mahindra,2023,"23,750 km",Petrol,Manual,"EMI ₹21,496/m*",₹12.55 lakh
Hyundai Grand i10,Hyundai,2016,"78,628 km",Petrol,Manual,"EMI ₹6,030/m*",₹2.71 lakh
Hyundai i20 Active,Hyundai,2017,"46,270 km",Petrol,Manual,"EMI ₹7,231/m*",₹3.70 lakh
Maruti Ciaz,Maruti,2014,"91,723 km",Petrol,Manual,"EMI ₹9,471/m*",₹2.85 lakh
Nissan MAGNITE,Nissan,2022,"33,922 km",Petrol,Auto,"EMI ₹9,774/m*",₹5.54 lakh
Nissan Micra Active,Nissan,2014,"39,225 km",Petrol,Manual,"EMI ₹5,480/m*",₹1.65 lakh
Tata TIGOR,Tata,2021,"34,824 km",Petrol,Manual,"EMI ₹6,514/m*",₹3.69 lakh
Ford Ecosport,Ford,2018,"42,025 km",Petrol,Auto,"EMI ₹7,502/m*",₹4.25 lakh
KIA SONET,KIA,2021,"45,633 km",Petrol,Auto,"EMI ₹12,586/m*",₹7.13 lakh
Honda Amaze,Honda,2018,"70,902 km",Petrol,Manual,"EMI ₹6,143/m*",₹3.48 lakh
Maruti Alto K10,Maruti,2023,"13,918 km",Petrol,Manual,"EMI ₹5,953/m*",₹3.37 lakh
Renault Kwid,Renault,2016,"51,234 km",Petrol,Manual,"EMI ₹3,648/m*",₹1.64 lakh
Hyundai NEW I20,Hyundai,2021,"37,096 km",Petrol,Auto,"EMI ₹9,903/m*",₹5.61 lakh
Renault Kwid,Renault,2018,"45,635 km",Petrol,Manual,"EMI ₹3,548/m*",₹2.01 lakh
Maruti XL6,Maruti,2021,"1,11,572 km",Petrol,Manual,"EMI ₹17,084/m*",₹7.68 lakh
Ford New Figo,Ford,2021,"21,674 km",Petrol,Manual,"EMI ₹7,149/m*",₹4.05 lakh
Maruti Wagon R 1.0,Maruti,2014,"89,518 km",CNG,Manual,"EMI ₹15,444/m*",₹1.74 lakh
Tata NEXON,Tata,2023,"39,337 km",Petrol,Manual,"EMI ₹10,224/m*",₹5.79 lakh
Renault Kwid,Renault,2020,"94,786 km",Petrol,Manual,"EMI ₹3,937/m*",₹2.23 lakh
Ford Ecosport,Ford,2018,"93,259 km",Petrol,Auto,"EMI ₹7,677/m*",₹4.35 lakh
MG HECTOR,MG,2020,"88,474 km",Petrol,Auto,"EMI ₹14,419/m*",₹8.42 lakh
Hyundai Elite i20,Hyundai,2019,"40,333 km",Petrol,Manual,"EMI ₹7,326/m*",₹4.15 lakh
Hyundai Elite i20,Hyundai,2015,"85,226 km",Petrol,Manual,"EMI ₹7,663/m*",₹2.91 lakh
Hyundai Creta,Hyundai,2022,"79,869 km",Petrol,Manual,"EMI ₹17,803/m*",₹10.40 lakh
Maruti Baleno,Maruti,2017,"66,155 km",Petrol,Manual,"EMI ₹6,197/m*",₹3.17 lakh
Skoda KUSHAQ,Skoda,2022,"47,063 km",Petrol,Manual,"EMI ₹12,803/m*",₹7.25 lakh
Hyundai EXTER,Hyundai,2023,"31,536 km",Petrol,Auto,"EMI ₹11,508/m*",₹6.52 lakh
Honda Amaze,Honda,2021,"18,004 km",Petrol,Manual,"EMI ₹8,244/m*",₹4.67 lakh
Tata Tiago,Tata,2023,"31,687 km",Petrol,Manual,"EMI ₹7,767/m*",₹4.40 lakh
Hyundai Elite i20,Hyundai,2015,"43,082 km",CNG,Manual,"EMI ₹16,240/m*",₹3.45 lakh
Datsun Go,Datsun,2014,"36,599 km",Petrol,Manual,"EMI ₹4,384/m*",₹1.32 lakh
Renault Kwid,Renault,2021,"21,089 km",Petrol,Manual,"EMI ₹4,996/m*",₹2.83 lakh
Maruti Wagon R 1.0,Maruti,2017,"97,744 km",Petrol,Manual,"EMI ₹4,047/m*",₹2.07 lakh
Hyundai Creta,Hyundai,2023,"22,040 km",Petrol,Auto,"EMI ₹21,574/m*",₹12.60 lakh
Maruti Celerio X,Maruti,2018,"14,228 km",Petrol,Auto,"EMI ₹6,203/m*",₹3.51 lakh
Maruti Swift Dzire,Maruti,2015,"35,987 km",Petrol,Manual,"EMI ₹6,847/m*",₹2.60 lakh
Tata Tiago,Tata,2020,"77,018 km",Petrol,Manual,"EMI ₹5,667/m*",₹3.21 lakh
Renault Kwid,Renault,2019,"27,315 km",Petrol,Manual,"EMI ₹4,031/m*",₹2.28 lakh
Ford Ecosport,Ford,2018,"38,205 km",Petrol,Manual,"EMI ₹7,344/m*",₹4.16 lakh
Honda Amaze,Honda,2019,"59,641 km",Petrol,Manual,"EMI ₹10,443/m*",₹5.92 lakh
Hyundai Grand i10,Hyundai,2018,"27,261 km",Petrol,Manual,"EMI ₹5,225/m*",₹2.96 lakh
Maruti Wagon R 1.0,Maruti,2014,"54,178 km",Petrol,Manual,"EMI ₹4,883/m*",₹1.47 lakh
Hyundai Grand i10,Hyundai,2016,"26,981 km",Petrol,Manual,"EMI ₹5,589/m*",₹2.51 lakh
Hyundai Creta,Hyundai,2021,"98,937 km",Diesel,Manual,"EMI ₹19,682/m*",₹9.05 lakh
Maruti Baleno,Maruti,2016,"95,828 km",Petrol,Manual,"EMI ₹7,608/m*",₹3.42 lakh
Honda Amaze,Honda,2016,"88,903 km",Petrol,Manual,"EMI ₹6,416/m*",₹2.88 lakh
Nissan Terrano,Nissan,2014,"92,036 km",Petrol,Manual,"EMI ₹8,868/m*",₹2.67 lakh
Honda Amaze,Honda,2020,"45,447 km",Petrol,Manual,"EMI ₹7,915/m*",₹4.48 lakh
MG GLOSTER,MG,2023,"36,456 km",Diesel,Auto,"EMI ₹45,751/m*",₹26.72 lakh
Tata Tiago,Tata,2019,"72,230 km",Petrol,Manual,"EMI ₹5,949/m*",₹3.37 lakh
Maruti Grand Vitara,Maruti,2022,"33,032 km",Petrol,Auto,"EMI ₹18,525/m*",₹10.82 lakh
Hyundai Elite i20,Hyundai,2019,"80,799 km",Petrol,Manual,"EMI ₹6,655/m*",₹3.77 lakh
MG HECTOR,MG,2023,"45,336 km",Petrol,Auto,"EMI ₹21,506/m*",₹12.56 lakh
Tata NEXON,Tata,2024,"20,886 km",Diesel,Manual,"EMI ₹18,835/m*",₹11.00 lakh
Datsun Redi Go,Datsun,2017,"57,959 km",Petrol,Manual,"EMI ₹3,220/m*",₹1.65 lakh
Maruti Alto K10,Maruti,2024,"18,473 km",Petrol,Manual,"EMI ₹6,620/m*",₹3.75 lakh
Honda City,Honda,2016,"70,341 km",Petrol,Manual,"EMI ₹8,358/m*",₹3.76 lakh
Maruti Alto K10,Maruti,2016,"79,244 km",Petrol,Manual,"EMI ₹3,670/m*",₹1.65 lakh
Tata ALTROZ,Tata,2024,"13,191 km",Petrol,Manual,"EMI ₹16,073/m*",₹9.39 lakh
Toyota Glanza,Toyota,2020,"72,926 km",Petrol,Manual,"EMI ₹8,459/m*",₹4.79 lakh
Maruti Baleno,Maruti,2019,"38,633 km",Petrol,Manual,"EMI ₹8,332/m*",₹4.72 lakh
Nissan MAGNITE,Nissan,2022,"26,952 km",Petrol,Manual,"EMI ₹7,326/m*",₹4.15 lakh
Maruti Baleno,Maruti,2018,"63,606 km",Petrol,Manual,"EMI ₹6,143/m*",₹3.48 lakh
Toyota URBAN CRUISER,Toyota,2021,"66,071 km",Petrol,Manual,"EMI ₹10,623/m*",₹6.02 lakh
Tata Harrier,Tata,2021,"70,674 km",Diesel,Auto,"EMI ₹21,568/m*",₹9.92 lakh
MG HECTOR,MG,2019,"83,300 km",Petrol,Auto,"EMI ₹15,068/m*",₹8.80 lakh
MG HECTOR,MG,2019,"32,506 km",Petrol,Auto,"EMI ₹14,750/m*",₹8.61 lakh
Renault Kwid,Renault,2017,"31,490 km",Petrol,Manual,"EMI ₹4,014/m*",₹2.05 lakh
KIA SELTOS,KIA,2019,"66,097 km",Petrol,Auto,"EMI ₹14,745/m*",₹8.61 lakh
Honda City,Honda,2014,"70,800 km",Petrol,Manual,"EMI ₹12,667/m*",₹3.81 lakh
Renault Kiger,Renault,2021,"41,147 km",Petrol,Auto,"EMI ₹7,661/m*",₹4.34 lakh
Hyundai Elite i20,Hyundai,2015,"64,232 km",Petrol,Manual,"EMI ₹7,946/m*",₹3.02 lakh
Hyundai i20,Hyundai,2012,"51,452 km",Diesel,Manual,"EMI ₹7,946/m*",₹2.00 lakh
Honda City,Honda,2019,"64,055 km",CNG,Manual,"EMI ₹12,809/m*",₹6.55 lakh
Hyundai Creta,Hyundai,2018,"60,896 km",Petrol,Manual,"EMI ₹10,184/m*",₹5.77 lakh
Tata NEXON,Tata,2023,"23,315 km",Diesel,Auto,"EMI ₹15,496/m*",₹9.05 lakh
Toyota Corolla Altis,Toyota,2015,"81,290 km",Petrol,Auto,"EMI ₹13,114/m*",₹4.98 lakh
Maruti Celerio,Maruti,2019,"23,808 km",Petrol,Manual,"EMI ₹5,554/m*",₹3.15 lakh
Renault Kwid,Renault,2023,"43,629 km",Petrol,Manual,"EMI ₹5,261/m*",₹2.98 lakh
Ford Ecosport,Ford,2018,"77,151 km",Diesel,Manual,"EMI ₹19,583/m*",₹4.16 lakh
MG ASTOR,MG,2022,"44,245 km",Petrol,Manual,"EMI ₹12,601/m*",₹7.14 lakh
Honda City,Honda,2016,"39,506 km",Petrol,Manual,"EMI ₹8,659/m*",₹3.89 lakh
Ford Ecosport,Ford,2021,"39,048 km",Diesel,Manual,"EMI ₹13,213/m*",₹5.94 lakh
Hyundai GRAND I10 NIOS,Hyundai,2023,"49,100 km",CNG,Manual,"EMI ₹9,232/m*",₹5.23 lakh
Toyota Etios Liva,Toyota,2014,"69,429 km",Petrol,Manual,"EMI ₹5,835/m*",₹1.76 lakh
Ford Ecosport,Ford,2019,"22,880 km",Petrol,Manual,"EMI ₹8,796/m*",₹4.98 lakh
KIA SELTOS,KIA,2021,"41,097 km",Petrol,Auto,"EMI ₹14,879/m*",₹8.69 lakh
Mahindra XUV300,Mahindra,2022,"19,006 km",Petrol,Auto,"EMI ₹11,928/m*",₹6.76 lakh
Tata ALTROZ,Tata,2021,"37,476 km",Petrol,Manual,"EMI ₹8,685/m*",₹4.92 lakh
KIA SONET,KIA,2023,"19,063 km",Petrol,Auto,"EMI ₹14,366/m*",₹8.39 lakh
Maruti Alto,Maruti,2020,"6,421 km",Petrol,Manual,"EMI ₹4,424/m*",₹2.51 lakh
Maruti Swift Dzire,Maruti,2014,"73,257 km",Petrol,Manual,"EMI ₹6,909/m*",₹2.08 lakh
Maruti Alto K10,Maruti,2015,"1,59,790 km",Petrol,Manual,"EMI ₹4,055/m*",₹1.54 lakh
Maruti Baleno,Maruti,2017,"69,926 km",Petrol,Auto,"EMI ₹6,637/m*",₹3.40 lakh
Hyundai Xcent,Hyundai,2016,"84,195 km",Petrol,Manual,"EMI ₹5,750/m*",₹2.58 lakh
Hyundai VENUE N LINE,Hyundai,2024,"75,358 km",Petrol,Auto,"EMI ₹14,092/m*",₹8.23 lakh
Maruti Wagon R 1.0,Maruti,2015,"48,072 km",Petrol,Manual,"EMI ₹6,110/m*",₹2.32 lakh
Hyundai Grand i10,Hyundai,2021,"29,791 km",Petrol,Manual,"EMI ₹7,525/m*",₹4.26 lakh
Maruti Ciaz,Maruti,2019,"85,255 km",Petrol,Auto,"EMI ₹9,247/m*",₹5.24 lakh
Hyundai Creta,Hyundai,2016,"78,009 km",Petrol,Auto,"EMI ₹11,028/m*",₹4.96 lakh
Maruti Ciaz,Maruti,2018,"98,565 km",Petrol,Manual,"EMI ₹7,474/m*",₹4.23 lakh
Nissan MAGNITE,Nissan,2021,"43,428 km",Petrol,Manual,"EMI ₹6,938/m*",₹3.93 lakh
Toyota Urban Cruiser Taisor,Toyota,2024,"18,391 km",Petrol,Manual,"EMI ₹14,092/m*",₹8.23 lakh
Hyundai AURA,Hyundai,2020,"76,765 km",Petrol,Manual,"EMI ₹7,967/m*",₹4.51 lakh
Hyundai Grand i10,Hyundai,2015,"59,847 km",CNG,Manual,"EMI ₹12,419/m*",₹2.64 lakh
Hyundai GRAND I10 NIOS,Hyundai,2023,"14,226 km",CNG,Manual,"EMI ₹11,262/m*",₹6.38 lakh
Tata NEXON,Tata,2023,"24,657 km",Petrol,Auto,"EMI ₹16,831/m*",₹9.83 lakh
Hyundai Grand i10,Hyundai,2018,"51,511 km",CNG,Manual,"EMI ₹7,608/m*",₹3.42 lakh
Ford Ecosport,Ford,2019,"82,116 km",Petrol,Manual,"EMI ₹8,050/m*",₹4.56 lakh
Maruti Swift,Maruti,2017,"59,181 km",CNG,Manual,"EMI ₹9,665/m*",₹3.67 lakh
MG HECTOR,MG,2020,"82,542 km",Petrol,Auto,"EMI ₹14,417/m*",₹8.42 lakh
Renault Kwid,Renault,2018,"43,049 km",Petrol,Manual,"EMI ₹3,887/m*",₹2.20 lakh
Honda City,Honda,2015,"55,331 km",Petrol,Manual,"EMI ₹8,111/m*",₹3.08 lakh
Mahindra XUV700,Mahindra,2022,"33,015 km",Petrol,Manual,"EMI ₹21,917/m*",₹12.80 lakh
KIA SELTOS,KIA,2022,"38,780 km",Petrol,Manual,"EMI ₹16,845/m*",₹9.84 lakh
Mahindra Thar,Mahindra,2022,"27,661 km",Petrol,Manual,"EMI ₹17,771/m*",₹10.38 lakh
Honda Amaze,Honda,2017,"52,149 km",CNG,Manual,"EMI ₹8,032/m*",₹3.05 lakh
Honda WR-V,Honda,2018,"50,054 km",Petrol,Manual,"EMI ₹8,200/m*",₹4.65 lakh
Hyundai Elite i20,Hyundai,2017,"77,475 km",Petrol,Manual,"EMI ₹6,764/m*",₹3.46 lakh
Maruti Baleno,Maruti,2016,"32,115 km",Petrol,Manual,"EMI ₹7,496/m*",₹3.37 lakh
Toyota Corolla Altis,Toyota,2015,"97,407 km",Petrol,Manual,"EMI ₹11,640/m*",₹4.42 lakh
Renault Duster,Renault,2020,"29,103 km",Petrol,Manual,"EMI ₹9,179/m*",₹5.20 lakh
MG HECTOR,MG,2019,"65,518 km",Petrol,Auto,"EMI ₹15,259/m*",₹8.91 lakh
Maruti Ertiga,Maruti,2019,"30,528 km",Petrol,Manual,"EMI ₹12,022/m*",₹6.81 lakh
Hyundai EXTER,Hyundai,2023,"70,650 km",CNG,Manual,"EMI ₹11,768/m*",₹6.67 lakh
Tata TIGOR,Tata,2022,"70,690 km",CNG,Manual,"EMI ₹9,040/m*",₹5.12 lakh
Honda City,Honda,2015,"1,37,152 km",Petrol,Auto,"EMI ₹9,033/m*",₹3.43 lakh
Mahindra XUV300,Mahindra,2023,"38,391 km",Petrol,Manual,"EMI ₹11,555/m*",₹6.55 lakh
Skoda SLAVIA,Skoda,2022,"58,144 km",Petrol,Manual,"EMI ₹16,266/m*",₹9.50 lakh
Tata NEXON,Tata,2021,"90,829 km",Petrol,Manual,"EMI ₹9,886/m*",₹5.60 lakh
Tata TIGOR,Tata,2018,"63,593 km",Petrol,Manual,"EMI ₹5,649/m*",₹3.20 lakh
Tata Safari,Tata,2021,"60,703 km",Diesel,Auto,"EMI ₹25,097/m*",₹11.54 lakh
Volkswagen Vento,Volkswagen,2016,"94,776 km",Petrol,Manual,"EMI ₹7,763/m*",₹3.49 lakh
Maruti Baleno,Maruti,2019,"43,855 km",Petrol,Manual,"EMI ₹8,611/m*",₹4.88 lakh
Tata NEXON,Tata,2023,"28,958 km",Petrol,Auto,"EMI ₹11,611/m*",₹6.58 lakh
Hyundai Creta,Hyundai,2018,"74,475 km",Petrol,Auto,"EMI ₹12,110/m*",₹6.86 lakh
Maruti Alto 800,Maruti,2014,"63,081 km",Petrol,Manual,"EMI ₹4,484/m*",₹1.35 lakh
Maruti S PRESSO,Maruti,2022,"91,275 km",Petrol,Manual,"EMI ₹5,271/m*",₹2.99 lakh
Tata Tiago,Tata,2019,"68,757 km",Petrol,Manual,"EMI ₹5,649/m*",₹3.20 lakh
Maruti Baleno,Maruti,2018,"71,461 km",Petrol,Manual,"EMI ₹6,196/m*",₹3.51 lakh
Volkswagen Polo,Volkswagen,2015,"44,879 km",Petrol,Manual,"EMI ₹7,331/m*",₹2.78 lakh
Hyundai VENUE,Hyundai,2022,"43,017 km",Petrol,Manual,"EMI ₹10,380/m*",₹5.88 lakh
KIA SELTOS,KIA,2020,"39,045 km",Petrol,Manual,"EMI ₹12,922/m*",₹7.32 lakh
Honda City,Honda,2014,"71,402 km",Petrol,Manual,"EMI ₹9,765/m*",₹2.94 lakh
Hyundai Creta,Hyundai,2017,"59,366 km",Petrol,Auto,"EMI ₹10,680/m*",₹5.46 lakh
Hyundai Elite i20,Hyundai,2016,"55,791 km",Petrol,Manual,"EMI ₹6,939/m*",₹3.12 lakh
Hyundai VENUE,Hyundai,2021,"9,795 km",Petrol,Manual,"EMI ₹11,827/m*",₹6.70 lakh
Hyundai Creta,Hyundai,2018,"63,746 km",Petrol,Auto,"EMI ₹10,733/m*",₹6.08 lakh
Maruti Ertiga,Maruti,2015,"54,714 km",Petrol,Manual,"EMI ₹11,853/m*",₹4.50 lakh
Maruti Swift Dzire,Maruti,2014,"46,549 km",Petrol,Manual,"EMI ₹7,307/m*",₹2.20 lakh
Honda City,Honda,2019,"70,565 km",Petrol,Manual,"EMI ₹9,093/m*",₹5.15 lakh
Hyundai NEW SANTRO,Hyundai,2020,"76,904 km",Petrol,Auto,"EMI ₹6,231/m*",₹3.53 lakh
Maruti Ciaz,Maruti,2018,"91,969 km",Petrol,Manual,"EMI ₹7,803/m*",₹4.42 lakh
Tata ALTROZ,Tata,2023,"33,580 km",CNG,Manual,"EMI ₹12,167/m*",₹6.89 lakh
Hyundai VENUE,Hyundai,2020,"56,321 km",Petrol,Manual,"EMI ₹10,860/m*",₹6.15 lakh
Renault Kwid,Renault,2017,"86,916 km",Petrol,Manual,"EMI ₹3,832/m*",₹1.96 lakh
Hyundai Creta,Hyundai,2019,"88,207 km",Petrol,Manual,"EMI ₹10,345/m*",₹5.86 lakh
Hyundai Elite i20,Hyundai,2016,"27,722 km",Petrol,Manual,"EMI ₹8,481/m*",₹3.81 lakh
Maruti Dzire,Maruti,2019,"70,875 km",Petrol,Manual,"EMI ₹7,626/m*",₹4.32 lakh
Honda Brio,Honda,2015,"71,352 km",Petrol,Manual,"EMI ₹4,977/m*",₹1.89 lakh
KIA SELTOS,KIA,2020,"75,763 km",Petrol,Auto,"EMI ₹15,907/m*",₹9.29 lakh
Maruti Swift Dzire,Maruti,2017,"81,419 km",Petrol,Manual,"EMI ₹5,918/m*",₹3.03 lakh
Toyota YARIS,Toyota,2018,"46,605 km",Petrol,Auto,"EMI ₹10,625/m*",₹6.02 lakh
Maruti Alto 800,Maruti,2015,"55,706 km",Petrol,Manual,"EMI ₹4,477/m*",₹1.70 lakh
Renault Kwid,Renault,2018,"47,253 km",Petrol,Manual,"EMI ₹3,744/m*",₹2.12 lakh
Tata NEXON,Tata,2021,"56,481 km",Petrol,Auto,"EMI ₹11,693/m*",₹6.62 lakh
Hyundai VENUE,Hyundai,2021,"44,609 km",Petrol,Manual,"EMI ₹11,334/m*",₹6.42 lakh
MG ASTOR,MG,2023,"27,978 km",Petrol,Manual,"EMI ₹19,040/m*",₹11.12 lakh
Maruti Swift Dzire,Maruti,2015,"70,934 km",Petrol,Manual,"EMI ₹7,431/m*",₹2.82 lakh
Maruti Grand Vitara,Maruti,2024,"25,818 km",Petrol,Manual,"EMI ₹17,445/m*",₹10.19 lakh
Maruti Vitara Brezza,Maruti,2022,"32,698 km",Petrol,Manual,"EMI ₹12,535/m*",₹7.10 lakh
Tata PUNCH,Tata,2023,"71,387 km",Petrol,Manual,"EMI ₹9,430/m*",₹5.34 lakh
Tata Tiago,Tata,2021,"39,004 km",Petrol,Auto,"EMI ₹7,271/m*",₹4.12 lakh
Renault Kwid,Renault,2018,"62,125 km",Petrol,Auto,"EMI ₹4,307/m*",₹2.44 lakh
Maruti Alto K10,Maruti,2016,"47,570 km",Petrol,Manual,"EMI ₹4,048/m*",₹1.82 lakh
Maruti Alto 800,Maruti,2014,"57,463 km",Petrol,Manual,"EMI ₹4,955/m*",₹1.49 lakh
Renault Kiger,Renault,2023,"21,298 km",Petrol,Manual,"EMI ₹8,809/m*",₹4.99 lakh
Renault Kwid,Renault,2018,"25,035 km",Petrol,Auto,"EMI ₹4,572/m*",₹2.59 lakh
Honda City,Honda,2016,"55,445 km",Petrol,Auto,"EMI ₹10,488/m*",₹4.71 lakh
Hyundai i20,Hyundai,2012,"67,286 km",Petrol,Manual,"EMI ₹17,070/m*",₹1.92 lakh
MG HECTOR PLUS,MG,2022,"57,165 km",Petrol,Auto,"EMI ₹18,736/m*",₹10.94 lakh
KIA SELTOS,KIA,2019,"82,762 km",Petrol,Auto,"EMI ₹14,105/m*",₹7.99 lakh
Honda Amaze,Honda,2017,"74,414 km",Petrol,Manual,"EMI ₹6,127/m*",₹3.13 lakh
Tata NEXON,Tata,2018,"70,917 km",CNG,Manual,"EMI ₹9,914/m*",₹4.46 lakh
KIA SONET,KIA,2023,"70,770 km",Petrol,Manual,"EMI ₹13,085/m*",₹7.41 lakh
Honda City,Honda,2019,"99,677 km",Petrol,Auto,"EMI ₹9,624/m*",₹5.45 lakh
Maruti Ciaz,Maruti,2016,"95,574 km",Petrol,Manual,"EMI ₹8,056/m*",₹3.62 lakh
MG HECTOR,MG,2021,"80,076 km",Diesel,Manual,"EMI ₹27,269/m*",₹12.54 lakh
Honda City,Honda,2014,"75,162 km",Petrol,Manual,"EMI ₹9,824/m*",₹2.96 lakh
KIA SELTOS,KIA,2021,"64,647 km",Petrol,Auto,"EMI ₹15,393/m*",₹8.99 lakh
Tata NEXON,Tata,2019,"60,922 km",Petrol,Manual,"EMI ₹7,502/m*",₹4.25 lakh
Maruti Wagon R 1.0,Maruti,2018,"58,511 km",Petrol,Manual,"EMI ₹4,837/m*",₹2.74 lakh
Hyundai Grand i10,Hyundai,2016,"51,434 km",CNG,Manual,"EMI ₹9,533/m*",₹2.87 lakh
Hyundai Elite i20,Hyundai,2015,"49,578 km",Petrol,Manual,"EMI ₹7,505/m*",₹2.85 lakh
Nissan MAGNITE,Nissan,2023,"16,395 km",Petrol,Auto,"EMI ₹12,196/m*",₹6.91 lakh
KIA SONET,KIA,2020,"59,144 km",Petrol,Manual,"EMI ₹10,732/m*",₹6.08 lakh
Honda Amaze,Honda,2016,"36,232 km",Petrol,Manual,"EMI ₹5,745/m*",₹2.58 lakh
Maruti Alto 800,Maruti,2016,"52,137 km",Petrol,Manual,"EMI ₹4,275/m*",₹1.92 lakh
Honda Amaze,Honda,2015,"73,654 km",CNG,Manual,"EMI ₹11,109/m*",₹2.36 lakh
Mahindra Thar,Mahindra,2023,"21,341 km",Petrol,Auto,"EMI ₹20,925/m*",₹12.22 lakh
Tata Harrier,Tata,2020,"92,436 km",Diesel,Manual,"EMI ₹21,297/m*",₹8.24 lakh
Hyundai Elite i20,Hyundai,2016,"93,390 km",Petrol,Manual,"EMI ₹7,452/m*",₹3.35 lakh
Maruti New Wagon-R,Maruti,2022,"6,077 km",Petrol,Manual,"EMI ₹6,270/m*",₹3.55 lakh
Tata TIGOR,Tata,2017,"56,510 km",Petrol,Manual,"EMI ₹5,830/m*",₹2.98 lakh
Maruti Baleno,Maruti,2018,"58,016 km",Petrol,Manual,"EMI ₹6,549/m*",₹3.71 lakh
KIA SONET,KIA,2020,"40,443 km",Petrol,Auto,"EMI ₹11,386/m*",₹6.45 lakh
Hyundai Creta,Hyundai,2018,"1,49,778 km",Petrol,Manual,"EMI ₹11,574/m*",₹5.20 lakh
KIA SONET,KIA,2021,"30,923 km",Petrol,Manual,"EMI ₹11,227/m*",₹6.36 lakh
Renault TRIBER,Renault,2023,"48,055 km",Petrol,Manual,"EMI ₹7,820/m*",₹4.43 lakh
Renault Kwid,Renault,2017,"49,444 km",Petrol,Auto,"EMI ₹4,653/m*",₹2.38 lakh
MG HECTOR,MG,2023,"37,229 km",Petrol,Auto,"EMI ₹25,153/m*",₹14.69 lakh
MG HECTOR,MG,2019,"55,723 km",Petrol,Auto,"EMI ₹14,725/m*",₹8.60 lakh
Hyundai Grand i10,Hyundai,2018,"62,916 km",Petrol,Manual,"EMI ₹5,296/m*",₹3.00 lakh
Hyundai Verna,Hyundai,2017,"54,792 km",Petrol,Auto,"EMI ₹12,769/m*",₹6.53 lakh
Honda Amaze,Honda,2019,"71,278 km",Petrol,Manual,"EMI ₹6,620/m*",₹3.75 lakh
Honda Brio,Honda,2014,"60,371 km",Petrol,Manual,"EMI ₹6,377/m*",₹1.92 lakh
KIA SONET,KIA,2021,"72,631 km",Petrol,Manual,"EMI ₹11,056/m*",₹6.26 lakh
Hyundai GRAND I10 NIOS,Hyundai,2023,"35,566 km",Petrol,Manual,"EMI ₹8,915/m*",₹5.05 lakh
Maruti Ertiga,Maruti,2014,"58,974 km",Petrol,Manual,"EMI ₹11,592/m*",₹3.49 lakh
Hyundai Grand i10,Hyundai,2016,"35,189 km",Petrol,Manual,"EMI ₹6,228/m*",₹2.80 lakh
Maruti Dzire,Maruti,2024,"22,482 km",Petrol,Manual,"EMI ₹11,979/m*",₹6.79 lakh
Honda Amaze,Honda,2017,"74,140 km",CNG,Manual,"EMI ₹7,926/m*",₹3.01 lakh
Maruti Ciaz,Maruti,2018,"69,630 km",Petrol,Manual,"EMI ₹7,555/m*",₹4.28 lakh
Jeep Compass,Jeep,2019,"64,924 km",Petrol,Auto,"EMI ₹14,310/m*",₹8.36 lakh
Hyundai i10,Hyundai,2014,"48,213 km",Petrol,Manual,"EMI ₹4,822/m*",₹1.45 lakh
Maruti Wagon R 1.0,Maruti,2018,"35,511 km",Petrol,Manual,"EMI ₹5,349/m*",₹3.03 lakh
Maruti Ciaz,Maruti,2018,"60,510 km",Petrol,Auto,"EMI ₹9,532/m*",₹5.40 lakh
Tata ALTROZ,Tata,2022,"54,561 km",Petrol,Manual,"EMI ₹9,505/m*",₹5.38 lakh
KIA SONET,KIA,2020,"29,298 km",Petrol,Auto,"EMI ₹12,996/m*",₹7.36 lakh
Maruti Ciaz,Maruti,2018,"82,276 km",Petrol,Manual,"EMI ₹8,385/m*",₹4.75 lakh
Honda City,Honda,2016,"91,696 km",Petrol,Auto,"EMI ₹8,609/m*",₹3.87 lakh
Maruti Wagon R 1.0,Maruti,2018,"73,846 km",CNG,Manual,"EMI ₹6,317/m*",₹2.84 lakh
Maruti Wagon R 1.0,Maruti,2016,"69,991 km",Petrol,Manual,"EMI ₹5,606/m*",₹2.52 lakh
Honda City,Honda,2018,"74,770 km",Petrol,Auto,"EMI ₹10,062/m*",₹5.70 lakh
KIA SELTOS,KIA,2022,"35,386 km",Petrol,Manual,"EMI ₹18,304/m*",₹10.69 lakh
Tata Tiago,Tata,2016,"77,558 km",Diesel,Manual,"EMI ₹18,304/m*",₹2.52 lakh
Honda City,Honda,2015,"78,070 km",Petrol,Auto,"EMI ₹9,533/m*",₹3.62 lakh
Maruti New Wagon-R,Maruti,2022,"60,435 km",Petrol,Manual,"EMI ₹6,461/m*",₹3.66 lakh
Maruti Wagon R 1.0,Maruti,2018,"56,700 km",Petrol,Manual,"EMI ₹4,554/m*",₹2.58 lakh
Hyundai Grand i10,Hyundai,2013,"75,236 km",Petrol,Manual,"EMI ₹6,779/m*",₹1.44 lakh
Maruti Ciaz,Maruti,2016,"80,669 km",Petrol,Auto,"EMI ₹8,731/m*",₹3.93 lakh
Honda Amaze,Honda,2015,"67,359 km",Petrol,Manual,"EMI ₹5,872/m*",₹2.23 lakh
Maruti Ertiga,Maruti,2022,"33,086 km",Petrol,Auto,"EMI ₹15,935/m*",₹9.31 lakh
Tata ALTROZ,Tata,2023,"33,744 km",Petrol,Manual,"EMI ₹9,620/m*",₹5.45 lakh
Maruti Ertiga,Maruti,2014,"83,739 km",CNG,Manual,"EMI ₹32,696/m*",₹3.68 lakh
Maruti Baleno,Maruti,2019,"29,346 km",Petrol,Manual,"EMI ₹7,538/m*",₹4.27 lakh
Hyundai Creta,Hyundai,2019,"49,264 km",Petrol,Auto,"EMI ₹13,668/m*",₹7.74 lakh
Maruti Ciaz,Maruti,2020,"88,508 km",Petrol,Manual,"EMI ₹10,086/m*",₹5.71 lakh
Hyundai i10,Hyundai,2015,"55,435 km",Petrol,Manual,"EMI ₹5,082/m*",₹1.93 lakh
Honda Jazz,Honda,2017,"63,606 km",Petrol,Auto,"EMI ₹6,745/m*",₹3.45 lakh
Honda Amaze,Honda,2023,"36,870 km",Petrol,Auto,"EMI ₹12,706/m*",₹7.20 lakh
Tata TIGOR,Tata,2017,"54,681 km",Petrol,Manual,"EMI ₹6,158/m*",₹3.15 lakh
Maruti Vitara Brezza,Maruti,2021,"52,709 km",Petrol,Manual,"EMI ₹10,980/m*",₹6.22 lakh
KIA SELTOS,KIA,2021,"66,115 km",Petrol,Manual,"EMI ₹12,928/m*",₹7.32 lakh
Maruti Celerio,Maruti,2017,"20,300 km",Petrol,Manual,"EMI ₹5,376/m*",₹2.75 lakh
Hyundai i10,Hyundai,2015,"64,473 km",Petrol,Manual,"EMI ₹5,867/m*",₹2.23 lakh
Maruti Alto 800,Maruti,2014,"50,625 km",Petrol,Manual,"EMI ₹4,716/m*",₹1.42 lakh
Honda City,Honda,2019,"68,365 km",Petrol,Auto,"EMI ₹12,622/m*",₹7.15 lakh
Maruti Swift,Maruti,2015,"32,329 km",Petrol,Manual,"EMI ₹7,189/m*",₹2.73 lakh
Hyundai Elite i20,Hyundai,2020,"99,016 km",Petrol,Manual,"EMI ₹8,103/m*",₹4.59 lakh
Maruti Ciaz,Maruti,2020,"60,613 km",Petrol,Manual,"EMI ₹9,949/m*",₹5.64 lakh
Mahindra XUV700,Mahindra,2021,"60,237 km",Petrol,Auto,"EMI ₹22,653/m*",₹13.23 lakh
Hyundai Creta,Hyundai,2023,"18,891 km",Petrol,Manual,"EMI ₹19,143/m*",₹11.18 lakh
Maruti Ciaz,Maruti,2020,"47,925 km",Petrol,Manual,"EMI ₹10,945/m*",₹6.20 lakh
Hyundai VENUE,Hyundai,2021,"28,805 km",Petrol,Manual,"EMI ₹11,386/m*",₹6.45 lakh
Maruti Wagon R 1.0,Maruti,2017,"63,218 km",Petrol,Manual,"EMI ₹4,438/m*",₹2.27 lakh
KIA SELTOS,KIA,2023,"39,139 km",Petrol,Manual,"EMI ₹17,807/m*",₹10.40 lakh
Hyundai Elite i20,Hyundai,2018,"42,928 km",Petrol,Manual,"EMI ₹7,175/m*",₹4.06 lakh
Honda City,Honda,2016,"65,297 km",Petrol,Auto,"EMI ₹10,403/m*",₹4.68 lakh
Honda City,Honda,2015,"81,695 km",Petrol,Auto,"EMI ₹9,457/m*",₹3.59 lakh
Maruti Wagon R 1.0,Maruti,2014,"62,307 km",Petrol,Manual,"EMI ₹5,899/m*",₹1.78 lakh
Honda City,Honda,2015,"52,631 km",Petrol,Manual,"EMI ₹10,112/m*",₹3.84 lakh
KIA SELTOS,KIA,2020,"90,801 km",Petrol,Auto,"EMI ₹14,366/m*",₹8.39 lakh
Hyundai VENUE,Hyundai,2019,"77,534 km",Petrol,Auto,"EMI ₹10,715/m*",₹6.07 lakh
Tata TIGOR,Tata,2023,"25,490 km",CNG,Manual,"EMI ₹9,727/m*",₹5.51 lakh
Hyundai Grand i10,Hyundai,2016,"52,592 km",Petrol,Manual,"EMI ₹6,251/m*",₹2.81 lakh
Hyundai Verna,Hyundai,2019,"75,966 km",Petrol,Manual,"EMI ₹10,661/m*",₹6.04 lakh
Ford Ecosport,Ford,2014,"74,404 km",Petrol,Manual,"EMI ₹9,029/m*",₹2.72 lakh
Hyundai Grand i10,Hyundai,2016,"84,495 km",Petrol,Manual,"EMI ₹5,339/m*",₹2.40 lakh
Honda City,Honda,2014,"64,542 km",Petrol,Manual,"EMI ₹10,224/m*",₹3.08 lakh
KIA SONET,KIA,2021,"39,789 km",Petrol,Manual,"EMI ₹12,326/m*",₹6.98 lakh
Honda Brio,Honda,2015,"54,080 km",Petrol,Auto,"EMI ₹7,005/m*",₹2.66 lakh
Tata NEXON,Tata,2021,"47,581 km",Petrol,Manual,"EMI ₹10,186/m*",₹5.77 lakh
Hyundai VENUE,Hyundai,2020,"50,605 km",Petrol,Auto,"EMI ₹12,562/m*",₹7.12 lakh
Hyundai Xcent,Hyundai,2014,"71,613 km",Petrol,Manual,"EMI ₹6,584/m*",₹1.98 lakh
Hyundai Creta,Hyundai,2019,"85,070 km",Petrol,Auto,"EMI ₹12,675/m*",₹7.18 lakh
Maruti Baleno,Maruti,2018,"51,393 km",Petrol,Manual,"EMI ₹7,008/m*",₹3.97 lakh
Maruti Ciaz,Maruti,2017,"35,410 km",Petrol,Manual,"EMI ₹9,521/m*",₹4.87 lakh
Honda Jazz,Honda,2015,"63,334 km",Petrol,Manual,"EMI ₹6,826/m*",₹2.59 lakh
Maruti Ciaz,Maruti,2019,"25,647 km",Petrol,Manual,"EMI ₹9,914/m*",₹5.62 lakh
Honda City,Honda,2015,"27,516 km",Petrol,Manual,"EMI ₹9,875/m*",₹3.75 lakh
Maruti Wagon R 1.0,Maruti,2014,"19,205 km",Petrol,Manual,"EMI ₹6,211/m*",₹1.87 lakh
Hyundai i10,Hyundai,2014,"35,672 km",Petrol,Manual,"EMI ₹5,613/m*",₹1.69 lakh
Honda WR-V,Honda,2018,"70,726 km",Petrol,Manual,"EMI ₹7,591/m*",₹4.30 lakh
Maruti Swift,Maruti,2014,"43,849 km",Petrol,Manual,"EMI ₹8,204/m*",₹2.47 lakh
KIA SELTOS,KIA,2020,"73,424 km",Petrol,Manual,"EMI ₹12,074/m*",₹6.84 lakh
Honda City,Honda,2014,"80,285 km",Petrol,Auto,"EMI ₹9,343/m*",₹2.81 lakh
Maruti Ciaz,Maruti,2015,"83,773 km",Petrol,Manual,"EMI ₹7,874/m*",₹2.99 lakh
Hyundai AURA,Hyundai,2023,"22,764 km",Petrol,Auto,"EMI ₹11,595/m*",₹6.57 lakh
Tata Tiago,Tata,2021,"72,428 km",Petrol,Manual,"EMI ₹5,649/m*",₹3.20 lakh
Hyundai Verna,Hyundai,2017,"74,214 km",Petrol,Manual,"EMI ₹10,596/m*",₹5.42 lakh
Maruti Wagon R 1.0,Maruti,2015,"54,011 km",Petrol,Manual,"EMI ₹5,590/m*",₹2.12 lakh
Ford Ecosport,Ford,2016,"49,785 km",Petrol,Manual,"EMI ₹7,252/m*",₹3.26 lakh
MG HECTOR,MG,2022,"81,106 km",Petrol,Manual,"EMI ₹17,297/m*",₹10.10 lakh
Maruti S PRESSO,Maruti,2021,"22,711 km",Petrol,Auto,"EMI ₹6,020/m*",₹3.41 lakh
MG ASTOR,MG,2022,"17,169 km",Petrol,Manual,"EMI ₹15,564/m*",₹9.09 lakh
Hyundai Grand i10,Hyundai,2014,"65,529 km",Petrol,Manual,"EMI ₹6,922/m*",₹2.08 lakh
Maruti Baleno,Maruti,2018,"63,358 km",Petrol,Manual,"EMI ₹7,440/m*",₹4.21 lakh
Honda Amaze,Honda,2015,"68,267 km",Petrol,Manual,"EMI ₹5,815/m*",₹2.21 lakh
Hyundai Grand i10,Hyundai,2016,"34,604 km",Petrol,Manual,"EMI ₹5,962/m*",₹2.68 lakh
Hyundai Xcent,Hyundai,2014,"80,611 km",Petrol,Manual,"EMI ₹7,573/m*",₹2.28 lakh
Maruti Alto 800,Maruti,2019,"64,167 km",Petrol,Manual,"EMI ₹4,237/m*",₹2.40 lakh
Maruti S Cross,Maruti,2020,"33,344 km",Petrol,Manual,"EMI ₹10,489/m*",₹5.94 lakh
KIA SELTOS,KIA,2021,"88,190 km",Diesel,Manual,"EMI ₹17,489/m*",₹8.04 lakh
Maruti Alto K10,Maruti,2015,"27,754 km",Petrol,Manual,"EMI ₹5,030/m*",₹1.91 lakh
Renault Kwid,Renault,2017,"29,313 km",Petrol,Manual,"EMI ₹4,018/m*",₹2.06 lakh
Maruti Wagon R 1.0,Maruti,2016,"42,705 km",Petrol,Manual,"EMI ₹5,494/m*",₹2.47 lakh
Maruti Wagon R 1.0,Maruti,2015,"89,234 km",CNG,Manual,"EMI ₹10,276/m*",₹2.18 lakh
MG HECTOR,MG,2023,"68,526 km",Petrol,Auto,"EMI ₹22,602/m*",₹13.20 lakh
Toyota Glanza,Toyota,2019,"38,264 km",Petrol,Manual,"EMI ₹7,954/m*",₹4.51 lakh
Hyundai Grand i10,Hyundai,2014,"37,475 km",Petrol,Auto,"EMI ₹8,436/m*",₹2.54 lakh
Maruti Wagon R 1.0,Maruti,2014,"87,492 km",Petrol,Manual,"EMI ₹6,145/m*",₹1.85 lakh
Honda City,Honda,2016,"73,688 km",Petrol,Auto,"EMI ₹10,943/m*",₹4.92 lakh
MG ASTOR,MG,2022,"67,966 km",Petrol,Manual,"EMI ₹14,828/m*",₹8.66 lakh
Honda Amaze,Honda,2015,"39,498 km",Petrol,Manual,"EMI ₹6,412/m*",₹2.44 lakh
Maruti Celerio,Maruti,2016,"38,024 km",Petrol,Manual,"EMI ₹5,383/m*",₹2.42 lakh
Maruti Vitara Brezza,Maruti,2021,"72,614 km",Petrol,Manual,"EMI ₹11,916/m*",₹6.75 lakh
Honda Amaze,Honda,2016,"75,014 km",Petrol,Manual,"EMI ₹6,302/m*",₹2.83 lakh
MG HECTOR,MG,2020,"72,067 km",Petrol,Auto,"EMI ₹16,707/m*",₹9.76 lakh
Hyundai Grand i10,Hyundai,2018,"42,839 km",Petrol,Manual,"EMI ₹5,967/m*",₹3.38 lakh
Ford Ecosport,Ford,2016,"55,779 km",Petrol,Manual,"EMI ₹8,752/m*",₹3.93 lakh
Honda City,Honda,2016,"73,025 km",Petrol,Manual,"EMI ₹8,679/m*",₹3.90 lakh
Maruti Swift,Maruti,2016,"83,889 km",Petrol,Manual,"EMI ₹6,682/m*",₹3.00 lakh
Honda City,Honda,2016,"72,808 km",Petrol,Auto,"EMI ₹10,455/m*",₹4.70 lakh
Honda City,Honda,2014,"49,020 km",Petrol,Manual,"EMI ₹10,928/m*",₹3.29 lakh
Honda Amaze,Honda,2014,"62,701 km",Petrol,Manual,"EMI ₹7,297/m*",₹2.20 lakh
Honda Jazz,Honda,2015,"59,611 km",Petrol,Auto,"EMI ₹7,813/m*",₹2.97 lakh
Hyundai Xcent,Hyundai,2014,"68,104 km",Petrol,Manual,"EMI ₹8,403/m*",₹2.53 lakh
Maruti Alto K10,Maruti,2016,"27,800 km",Petrol,Manual,"EMI ₹4,723/m*",₹2.12 lakh
Honda City,Honda,2016,"67,735 km",Petrol,Auto,"EMI ₹9,120/m*",₹4.10 lakh
MG HECTOR,MG,2022,"41,170 km",Petrol,Auto,"EMI ₹19,109/m*",₹11.16 lakh
Hyundai Grand i10,Hyundai,2014,"72,710 km",CNG,Manual,"EMI ₹22,252/m*",₹2.50 lakh
Hyundai i10,Hyundai,2015,"75,430 km",Petrol,Manual,"EMI ₹5,335/m*",₹2.03 lakh
Honda City,Honda,2015,"83,292 km",Petrol,Manual,"EMI ₹9,567/m*",₹3.63 lakh
Tata NEXON,Tata,2022,"25,118 km",Petrol,Manual,"EMI ₹12,728/m*",₹7.21 lakh
Skoda SLAVIA,Skoda,2022,"78,412 km",Petrol,Manual,"EMI ₹16,951/m*",₹9.90 lakh
Honda Amaze,Honda,2018,"62,085 km",Petrol,Manual,"EMI ₹6,483/m*",₹3.67 lakh
MG HECTOR,MG,2020,"72,238 km",Diesel,Manual,"EMI ₹24,398/m*",₹9.44 lakh
Renault Kwid,Renault,2016,"80,098 km",Petrol,Manual,"EMI ₹4,293/m*",₹1.93 lakh
Hyundai GRAND I10 NIOS,Hyundai,2021,"42,914 km",Petrol,Manual,"EMI ₹7,066/m*",₹4.00 lakh
Honda City,Honda,2014,"1,02,780 km",CNG,Manual,"EMI ₹27,116/m*",₹3.05 lakh
Ford Ecosport,Ford,2016,"71,072 km",Petrol,Auto,"EMI ₹9,099/m*",₹4.09 lakh
Hyundai i10,Hyundai,2015,"37,919 km",Petrol,Manual,"EMI ₹5,285/m*",₹2.01 lakh
Maruti Swift Dzire,Maruti,2015,"1,04,627 km",CNG,Manual,"EMI ₹13,039/m*",₹2.77 lakh
KIA SELTOS,KIA,2020,"70,739 km",Petrol,Manual,"EMI ₹12,625/m*",₹7.15 lakh
Maruti Celerio,Maruti,2015,"40,792 km",Petrol,Auto,"EMI ₹6,820/m*",₹2.59 lakh
Honda City,Honda,2020,"57,142 km",Petrol,Manual,"EMI ₹11,492/m*",₹6.51 lakh
Honda Jazz,Honda,2016,"94,262 km",Petrol,Manual,"EMI ₹5,739/m*",₹2.58 lakh
Maruti Swift,Maruti,2016,"23,163 km",Petrol,Manual,"EMI ₹7,266/m*",₹3.27 lakh
Nissan Micra Active,Nissan,2018,"50,586 km",Petrol,Manual,"EMI ₹4,766/m*",₹2.70 lakh
Renault Kwid,Renault,2017,"41,654 km",Petrol,Manual,"EMI ₹4,340/m*",₹2.22 lakh
Honda Jazz,Honda,2016,"1,41,338 km",Petrol,Manual,"EMI ₹5,749/m*",₹2.58 lakh
Tata NEXON,Tata,2023,"21,216 km",Petrol,Manual,"EMI ₹16,609/m*",₹9.70 lakh
Maruti Ciaz,Maruti,2022,"67,478 km",Petrol,Auto,"EMI ₹12,322/m*",₹6.98 lakh
Hyundai Grand i10,Hyundai,2017,"62,175 km",Petrol,Manual,"EMI ₹5,627/m*",₹2.88 lakh
Honda City,Honda,2016,"91,157 km",Petrol,Manual,"EMI ₹8,453/m*",₹3.80 lakh
Maruti Swift Dzire,Maruti,2015,"72,784 km",CNG,Manual,"EMI ₹14,461/m*",₹3.07 lakh
Maruti Alto K10,Maruti,2016,"24,328 km",Petrol,Manual,"EMI ₹5,116/m*",₹2.30 lakh
Maruti Swift,Maruti,2015,"28,712 km",Petrol,Manual,"EMI ₹8,410/m*",₹3.19 lakh
Maruti Baleno,Maruti,2016,"94,575 km",Petrol,Manual,"EMI ₹8,037/m*",₹3.61 lakh
Hyundai Grand i10,Hyundai,2015,"73,514 km",Petrol,Manual,"EMI ₹6,399/m*",₹2.43 lakh
Hyundai Grand i10,Hyundai,2015,"38,574 km",Petrol,Manual,"EMI ₹7,079/m*",₹2.69 lakh
Honda City,Honda,2015,"49,079 km",Petrol,Auto,"EMI ₹12,535/m*",₹4.76 lakh
Honda City,Honda,2014,"53,327 km",Petrol,Manual,"EMI ₹10,655/m*",₹3.21 lakh
Maruti Swift,Maruti,2016,"43,067 km",Petrol,Manual,"EMI ₹7,114/m*",₹3.20 lakh
Maruti Celerio,Maruti,2016,"66,324 km",Petrol,Manual,"EMI ₹5,294/m*",₹2.38 lakh
Hyundai Grand i10,Hyundai,2014,"72,675 km",Petrol,Manual,"EMI ₹8,104/m*",₹2.44 lakh
Maruti Celerio,Maruti,2015,"46,926 km",Petrol,Auto,"EMI ₹7,215/m*",₹2.74 lakh
Hyundai Elite i20,Hyundai,2014,"41,304 km",Petrol,Manual,"EMI ₹9,333/m*",₹2.81 lakh
Maruti Swift,Maruti,2015,"39,861 km",Petrol,Manual,"EMI ₹7,505/m*",₹2.85 lakh
Hyundai Grand i10,Hyundai,2015,"51,234 km",Petrol,Manual,"EMI ₹7,084/m*",₹2.69 lakh
Hyundai Grand i10,Hyundai,2015,"61,896 km",Petrol,Manual,"EMI ₹6,899/m*",₹2.62 lakh
Maruti Alto K10,Maruti,2015,"38,989 km",Petrol,Manual,"EMI ₹5,538/m*",₹2.10 lakh
Maruti Alto K10,Maruti,2015,"72,630 km",Petrol,Manual,"EMI ₹6,121/m*",₹2.32 lakh
Maruti Ertiga,Maruti,2016,"25,159 km",Petrol,Manual,"EMI ₹11,703/m*",₹5.26 lakh
Maruti Celerio,Maruti,2016,"86,564 km",Petrol,Auto,"EMI ₹5,583/m*",₹2.51 lakh
Maruti Wagon R 1.0,Maruti,2014,"65,448 km",Petrol,Manual,"EMI ₹6,619/m*",₹1.99 lakh
Hyundai Grand i10,Hyundai,2015,"56,717 km",Petrol,Manual,"EMI ₹6,215/m*",₹2.36 lakh
Maruti Alto K10,Maruti,2016,"45,176 km",Petrol,Manual,"EMI ₹4,516/m*",₹2.03 lakh
Maruti Alto K10,Maruti,2016,"64,491 km",Petrol,Manual,"EMI ₹4,471/m*",₹2.01 lakh
Hyundai i10,Hyundai,2016,"58,512 km",Petrol,Manual,"EMI ₹4,966/m*",₹2.23 lakh
Maruti Swift Dzire,Maruti,2015,"58,758 km",Petrol,Manual,"EMI ₹8,027/m*",₹3.05 lakh
Maruti Wagon R 1.0,Maruti,2015,"39,871 km",Petrol,Manual,"EMI ₹6,161/m*",₹2.34 lakh
Honda City,Honda,2014,"52,843 km",Petrol,Manual,"EMI ₹11,508/m*",₹3.46 lakh
Hyundai Grand i10,Hyundai,2016,"85,455 km",Petrol,Manual,"EMI ₹6,006/m*",₹2.70 lakh
Maruti Alto K10,Maruti,2015,"65,172 km",Petrol,Manual,"EMI ₹5,486/m*",₹2.08 lakh
Honda BR-V,Honda,2016,"53,594 km",Petrol,Manual,"EMI ₹10,526/m*",₹4.73 lakh
Ford Ecosport,Ford,2017,"1,49,754 km",Diesel,Manual,"EMI ₹37,640/m*",₹4.24 lakh
Maruti Baleno,Maruti,2020,"98,253 km",Petrol,Manual,"EMI ₹7,441/m*",₹4.22 lakh
Hyundai Creta,Hyundai,2020,"80,142 km",Petrol,Auto,"EMI ₹15,309/m*",₹8.94 lakh
Honda Amaze,Honda,2021,"39,068 km",CNG,Manual,"EMI ₹10,429/m*",₹5.91 lakh
Maruti Swift,Maruti,2018,"59,704 km",Petrol,Auto,"EMI ₹7,059/m*",₹4.00 lakh
KIA SELTOS,KIA,2019,"36,269 km",Petrol,Manual,"EMI ₹13,336/m*",₹7.55 lakh
Honda City,Honda,2016,"91,937 km",Petrol,Manual,"EMI ₹8,712/m*",₹3.92 lakh
Maruti Vitara Brezza,Maruti,2022,"38,058 km",Petrol,Manual,"EMI ₹10,495/m*",₹5.95 lakh
Toyota Innova Crysta,Toyota,2018,"92,199 km",Petrol,Manual,"EMI ₹16,720/m*",₹9.76 lakh
Hyundai i10,Hyundai,2014,"42,523 km",Petrol,Manual,"EMI ₹6,649/m*",₹2.00 lakh
Hyundai Elite i20,Hyundai,2017,"79,297 km",Petrol,Manual,"EMI ₹7,459/m*",₹3.82 lakh
Maruti Baleno,Maruti,2017,"76,921 km",Petrol,Manual,"EMI ₹7,163/m*",₹3.66 lakh
Volkswagen Polo,Volkswagen,2019,"39,462 km",Petrol,Auto,"EMI ₹9,977/m*",₹5.65 lakh
Tata PUNCH,Tata,2023,"43,088 km",Petrol,Manual,"EMI ₹6,967/m*",₹3.95 lakh
Tata Zest,Tata,2016,"1,07,374 km",Petrol,Manual,"EMI ₹4,382/m*",₹1.97 lakh
Tata PUNCH,Tata,2022,"41,245 km",Petrol,Manual,"EMI ₹8,209/m*",₹4.65 lakh
Datsun Redi Go,Datsun,2018,"62,691 km",Petrol,Manual,"EMI ₹2,560/m*",₹1.45 lakh
Maruti Alto 800,Maruti,2013,"97,500 km",Petrol,Manual,"EMI ₹6,072/m*",₹1.29 lakh
Maruti Celerio,Maruti,2015,"1,67,165 km",Petrol,Manual,"EMI ₹5,688/m*",₹2.16 lakh
Honda Accord,Honda,2011,"1,00,251 km",Petrol,Manual,"EMI ₹5,688/m*",₹2.20 lakh
Hyundai Eon,Hyundai,2016,"19,633 km",Petrol,Manual,"EMI ₹4,182/m*",₹1.88 lakh
Maruti Wagon R 1.0,Maruti,2017,"69,013 km",Petrol,Manual,"EMI ₹5,024/m*",₹2.57 lakh
Mahindra TUV300,Mahindra,2016,"90,604 km",Diesel,Manual,"EMI ₹5,024/m*",₹3.72 lakh
Hyundai Grand i10,Hyundai,2014,"74,708 km",Petrol,Manual,"EMI ₹5,646/m*",₹1.70 lakh
Renault Duster,Renault,2014,"86,921 km",Petrol,Manual,"EMI ₹7,241/m*",₹2.18 lakh
Hyundai Eon,Hyundai,2017,"39,991 km",Petrol,Manual,"EMI ₹4,164/m*",₹2.13 lakh
Maruti Swift,Maruti,2015,"69,316 km",Petrol,Manual,"EMI ₹7,584/m*",₹2.88 lakh
Maruti Swift,Maruti,2013,"1,94,099 km",Petrol,Manual,"EMI ₹9,132/m*",₹1.94 lakh
Maruti Swift,Maruti,2017,"3,35,367 km",Diesel,Manual,"EMI ₹22,301/m*",₹2.51 lakh
Volkswagen Polo,Volkswagen,2021,"1,11,516 km",Petrol,Manual,"EMI ₹11,634/m*",₹5.23 lakh
Jeep Compass,Jeep,2017,"1,34,446 km",Petrol,Auto,"EMI ₹17,503/m*",₹8.05 lakh
Maruti Swift,Maruti,2019,"25,000 km",Petrol,Manual,"EMI ₹6,143/m*",₹3.48 lakh
Renault Kwid,Renault,2021,"17,871 km",Petrol,Manual,"EMI ₹4,413/m*",₹2.50 lakh
Maruti Wagon R 1.0,Maruti,2018,"1,02,711 km",Petrol,Manual,"EMI ₹7,229/m*",₹3.25 lakh
Maruti Swift Dzire,Maruti,2016,"1,31,698 km",Petrol,Manual,"EMI ₹6,384/m*",₹2.87 lakh
Honda Amaze,Honda,2015,"1,06,151 km",Petrol,Manual,"EMI ₹6,504/m*",₹2.47 lakh
Hyundai i10,Hyundai,2015,"22,972 km",Petrol,Manual,"EMI ₹5,293/m*",₹2.01 lakh
Tata NEXON,Tata,2019,"71,055 km",Petrol,Manual,"EMI ₹7,432/m*",₹4.21 lakh
Hyundai i10,Hyundai,2013,"20,220 km",Petrol,Manual,"EMI ₹13,228/m*",₹2.81 lakh
Maruti Dzire,Maruti,2022,"72,778 km",Petrol,Manual,"EMI ₹9,780/m*",₹5.54 lakh
Honda Amaze,Honda,2015,"1,36,833 km",Petrol,Manual,"EMI ₹6,926/m*",₹2.63 lakh
Hyundai Grand i10,Hyundai,2013,"86,945 km",Petrol,Manual,"EMI ₹10,733/m*",₹2.28 lakh
Renault Kwid,Renault,2015,"43,412 km",Petrol,Manual,"EMI ₹3,055/m*",₹1.16 lakh
Mahindra Kuv100,Mahindra,2017,"58,000 km",Petrol,Manual,"EMI ₹4,223/m*",₹2.16 lakh
Maruti Vitara Brezza,Maruti,2021,"1,08,495 km",Petrol,Manual,"EMI ₹11,767/m*",₹5.29 lakh
Hyundai Verna,Hyundai,2017,"1,04,893 km",Diesel,Auto,"EMI ₹33,763/m*",₹3.80 lakh
Renault Kiger,Renault,2021,"13,890 km",Petrol,Manual,"EMI ₹5,578/m*",₹3.16 lakh
Maruti New Wagon-R,Maruti,2022,"34,430 km",Petrol,Manual,"EMI ₹8,562/m*",₹4.85 lakh
Tata TIGOR,Tata,2017,"68,864 km",Petrol,Manual,"EMI ₹4,536/m*",₹2.32 lakh
Volkswagen Polo,Volkswagen,2018,"74,450 km",Petrol,Manual,"EMI ₹6,690/m*",₹3.79 lakh
Maruti Baleno,Maruti,2016,"59,391 km",Petrol,Manual,"EMI ₹7,118/m*",₹3.20 lakh
Honda City,Honda,2014,"84,809 km",Petrol,Manual,"EMI ₹10,629/m*",₹3.20 lakh
Nissan MAGNITE,Nissan,2022,"53,722 km",Petrol,Manual,"EMI ₹7,732/m*",₹4.38 lakh
Maruti Baleno,Maruti,2023,"70,799 km",Petrol,Manual,"EMI ₹7,714/m*",₹4.37 lakh
Tata Tiago,Tata,2018,"69,743 km",Petrol,Auto,"EMI ₹5,649/m*",₹3.20 lakh
Maruti Baleno,Maruti,2023,"52,990 km",Petrol,Manual,"EMI ₹10,821/m*",₹6.13 lakh
Maruti Baleno,Maruti,2023,"15,983 km",Petrol,Manual,"EMI ₹12,092/m*",₹6.85 lakh
Maruti Baleno,Maruti,2017,"45,589 km",Petrol,Manual,"EMI ₹6,698/m*",₹3.43 lakh
Honda Amaze,Honda,2018,"72,961 km",Petrol,Manual,"EMI ₹5,702/m*",₹3.23 lakh
Tata NEXON,Tata,2024,"14,456 km",Petrol,Auto,"EMI ₹14,075/m*",₹8.22 lakh
Hyundai Elite i20,Hyundai,2018,"79,190 km",Petrol,Manual,"EMI ₹6,743/m*",₹3.82 lakh
Maruti Baleno,Maruti,2023,"39,312 km",Petrol,Manual,"EMI ₹8,279/m*",₹4.69 lakh
Maruti Celerio,Maruti,2018,"97,108 km",Petrol,Manual,"EMI ₹5,172/m*",₹2.93 lakh
Maruti Swift,Maruti,2020,"27,368 km",Petrol,Manual,"EMI ₹6,592/m*",₹3.73 lakh
Hyundai Elite i20,Hyundai,2016,"76,501 km",Petrol,Manual,"EMI ₹5,806/m*",₹2.61 lakh
Maruti Swift,Maruti,2021,"59,774 km",Petrol,Manual,"EMI ₹5,967/m*",₹3.38 lakh
Hyundai Verna,Hyundai,2021,"51,547 km",Diesel,Manual,"EMI ₹14,726/m*",₹6.62 lakh
Hyundai GRAND I10 NIOS,Hyundai,2023,"26,523 km",Petrol,Manual,"EMI ₹10,239/m*",₹5.80 lakh
Renault Kwid,Renault,2016,"89,225 km",Petrol,Manual,"EMI ₹2,336/m*",₹1.05 lakh
Maruti Swift,Maruti,2018,"75,533 km",Petrol,Manual,"EMI ₹6,390/m*",₹3.62 lakh
Renault Kiger,Renault,2022,"42,458 km",Petrol,Manual,"EMI ₹6,532/m*",₹3.70 lakh
Maruti Baleno,Maruti,2019,"37,340 km",Petrol,Manual,"EMI ₹7,291/m*",₹4.13 lakh
Honda City,Honda,2015,"1,10,862 km",Petrol,Manual,"EMI ₹10,771/m*",₹4.09 lakh
Tata Zest,Tata,2015,"42,176 km",Petrol,Manual,"EMI ₹4,345/m*",₹1.65 lakh
Honda Jazz,Honda,2015,"48,367 km",Petrol,Auto,"EMI ₹8,954/m*",₹3.40 lakh
Hyundai ALCAZAR,Hyundai,2022,"89,036 km",Petrol,Auto,"EMI ₹21,454/m*",₹12.53 lakh
Honda City,Honda,2015,"1,04,941 km",Petrol,Manual,"EMI ₹10,534/m*",₹4.00 lakh
Maruti Eeco,Maruti,2017,"1,40,185 km",Petrol,Manual,"EMI ₹5,494/m*",₹2.47 lakh
Maruti Wagon R 1.0,Maruti,2011,"19,512 km",Petrol,Manual,"EMI ₹5,494/m*",₹0.90 lakh
Tata NEXON,Tata,2022,"30,593 km",Petrol,Manual,"EMI ₹13,381/m*",₹7.58 lakh
Toyota Etios,Toyota,2011,"1,07,663 km",Petrol,Manual,"EMI ₹13,381/m*",₹1.10 lakh
Maruti New Wagon-R,Maruti,2020,"1,22,462 km",Petrol,Manual,"EMI ₹8,987/m*",₹4.04 lakh
Volkswagen Polo,Volkswagen,2015,"57,308 km",Petrol,Manual,"EMI ₹7,637/m*",₹2.90 lakh
Ford Ecosport,Ford,2016,"1,13,085 km",Diesel,Manual,"EMI ₹7,637/m*",₹2.94 lakh
Honda City,Honda,2011,"1,46,072 km",Petrol,Manual,"EMI ₹7,637/m*",₹1.08 lakh
Renault Duster,Renault,2016,"52,791 km",Diesel,Manual,"EMI ₹7,637/m*",₹2.27 lakh
Maruti Swift,Maruti,2018,"63,738 km",Petrol,Manual,"EMI ₹5,596/m*",₹3.17 lakh
Tata Tiago,Tata,2019,"44,126 km",Petrol,Manual,"EMI ₹4,572/m*",₹2.59 lakh
Tata NEXON,Tata,2022,"96,425 km",Petrol,Manual,"EMI ₹13,240/m*",₹7.50 lakh
Maruti Swift Dzire,Maruti,2011,"1,89,272 km",Petrol,Manual,"EMI ₹13,240/m*",₹1.00 lakh
Hyundai Santro Xing,Hyundai,2011,"1,13,678 km",Petrol,Manual,"EMI ₹13,240/m*",₹0.66 lakh
Hyundai VENUE,Hyundai,2022,"88,114 km",Petrol,Manual,"EMI ₹10,380/m*",₹5.88 lakh
Maruti XL6,Maruti,2023,"15,206 km",Petrol,Auto,"EMI ₹22,088/m*",₹12.90 lakh
Renault Kwid,Renault,2016,"79,385 km",Petrol,Manual,"EMI ₹3,047/m*",₹1.37 lakh
Hyundai Santro Xing,Hyundai,2014,"1,38,510 km",Petrol,Manual,"EMI ₹3,886/m*",₹1.17 lakh
Tata NEXON,Tata,2022,"28,275 km",Petrol,Auto,"EMI ₹14,982/m*",₹8.75 lakh
Hyundai Grand i10,Hyundai,2019,"98,211 km",Petrol,Manual,"EMI ₹6,037/m*",₹3.42 lakh
Maruti Celerio,Maruti,2020,"86,805 km",Petrol,Manual,"EMI ₹5,967/m*",₹3.38 lakh
Hyundai Verna,Hyundai,2021,"22,236 km",Petrol,Manual,"EMI ₹14,434/m*",₹8.43 lakh
Honda Amaze,Honda,2014,"95,056 km",Petrol,Manual,"EMI ₹8,436/m*",₹2.54 lakh
Hyundai Santro Xing,Hyundai,2011,"1,54,575 km",Petrol,Manual,"EMI ₹8,436/m*",₹0.84 lakh
Mahindra Kuv100,Mahindra,2016,"52,724 km",Diesel,Manual,"EMI ₹8,436/m*",₹1.06 lakh
Mahindra Kuv100,Mahindra,2016,"68,317 km",Petrol,Manual,"EMI ₹3,515/m*",₹1.58 lakh
Toyota Corolla Altis,Toyota,2016,"69,210 km",Petrol,Auto,"EMI ₹8,609/m*",₹3.87 lakh
Honda Jazz,Honda,2017,"69,198 km",Petrol,Manual,"EMI ₹4,868/m*",₹2.49 lakh
Maruti Swift Dzire,Maruti,2018,"1,31,488 km",Petrol,Manual,"EMI ₹5,339/m*",₹2.40 lakh
Tata ALTROZ,Tata,2021,"55,454 km",Petrol,Manual,"EMI ₹6,249/m*",₹3.54 lakh
Tata TIGOR,Tata,2021,"40,242 km",Petrol,Manual,"EMI ₹6,620/m*",₹3.75 lakh
Tata NEXON,Tata,2023,"13,207 km",Petrol,Auto,"EMI ₹17,705/m*",₹10.34 lakh
Tata Nano,Tata,2012,"37,180 km",Petrol,Manual,"EMI ₹2,754/m*",₹0.31 lakh
Hyundai EXTER,Hyundai,2023,"37,328 km",Petrol,Manual,"EMI ₹11,280/m*",₹6.39 lakh
Maruti Eeco,Maruti,2019,"1,98,821 km",Petrol,Manual,"EMI ₹4,894/m*",₹2.20 lakh
Hyundai Creta,Hyundai,2020,"72,903 km",Diesel,Manual,"EMI ₹23,261/m*",₹9.00 lakh
Tata NEXON,Tata,2023,"33,613 km",Petrol,Auto,"EMI ₹18,698/m*",₹10.92 lakh
Mahindra Thar,Mahindra,2023,"31,288 km",Petrol,Auto,"EMI ₹18,749/m*",₹10.95 lakh
Hyundai Creta,Hyundai,2018,"57,354 km",Petrol,Manual,"EMI ₹12,304/m*",₹6.97 lakh
Honda Brio,Honda,2013,"1,13,472 km",Petrol,Manual,"EMI ₹7,249/m*",₹1.54 lakh
Mahindra XUV700,Mahindra,2022,"65,052 km",Diesel,Manual,"EMI ₹20,290/m*",₹10.66 lakh
Honda Amaze,Honda,2019,"1,08,000 km",Diesel,Manual,"EMI ₹11,525/m*",₹3.47 lakh
Maruti Wagon R 1.0,Maruti,2018,"1,03,532 km",Petrol,Manual,"EMI ₹4,605/m*",₹2.07 lakh
Hyundai NEW SANTRO,Hyundai,2020,"1,39,977 km",Petrol,Manual,"EMI ₹6,874/m*",₹3.09 lakh
Maruti Swift,Maruti,2018,"1,08,654 km",Petrol,Manual,"EMI ₹7,519/m*",₹3.38 lakh
Hyundai i10,Hyundai,2012,"66,888 km",Petrol,Manual,"EMI ₹11,639/m*",₹1.31 lakh
Maruti Baleno,Maruti,2016,"1,04,731 km",Petrol,Auto,"EMI ₹6,139/m*",₹2.76 lakh
Maruti Swift,Maruti,2022,"80,670 km",Petrol,Manual,"EMI ₹7,891/m*",₹4.47 lakh
Maruti Alto 800,Maruti,2018,"51,893 km",Petrol,Manual,"EMI ₹2,913/m*",₹1.65 lakh
Maruti Swift,Maruti,2018,"50,225 km",Petrol,Manual,"EMI ₹6,125/m*",₹3.47 lakh
Maruti Swift Dzire,Maruti,2016,"1,07,567 km",Petrol,Manual,"EMI ₹6,228/m*",₹2.80 lakh
Maruti Swift Dzire,Maruti,2013,"1,27,348 km",Petrol,Manual,"EMI ₹10,592/m*",₹2.25 lakh
Hyundai Eon,Hyundai,2012,"90,387 km",Petrol,Manual,"EMI ₹9,685/m*",₹1.09 lakh
Maruti Alto 800,Maruti,2014,"50,659 km",Petrol,Manual,"EMI ₹5,879/m*",₹1.77 lakh
Hyundai i10,Hyundai,2013,"1,96,471 km",Petrol,Manual,"EMI ₹6,826/m*",₹1.45 lakh
Hyundai i10,Hyundai,2012,"1,10,893 km",Petrol,Manual,"EMI ₹14,561/m*",₹1.64 lakh
Jeep Compass,Jeep,2017,"1,00,710 km",Petrol,Auto,"EMI ₹17,618/m*",₹7.92 lakh
Maruti Wagon R 1.0,Maruti,2013,"1,29,323 km",Petrol,Manual,"EMI ₹8,520/m*",₹1.81 lakh
Tata Tigor Buzz,Tata,2018,"1,23,509 km",Petrol,Manual,"EMI ₹4,560/m*",₹2.05 lakh
Volkswagen Polo,Volkswagen,2014,"68,819 km",Petrol,Manual,"EMI ₹6,402/m*",₹1.93 lakh
Maruti Vitara Brezza,Maruti,2021,"60,214 km",Petrol,Manual,"EMI ₹8,844/m*",₹5.01 lakh
Honda Civic,Honda,2019,"1,17,940 km",Petrol,Auto,"EMI ₹19,177/m*",₹8.82 lakh
Maruti Wagon R 1.0,Maruti,2013,"1,12,462 km",Petrol,Manual,"EMI ₹10,403/m*",₹2.21 lakh
Maruti Wagon R 1.0,Maruti,2013,"51,500 km",Petrol,Manual,"EMI ₹8,897/m*",₹1.89 lakh
Maruti Celerio,Maruti,2015,"69,411 km",Petrol,Manual,"EMI ₹5,793/m*",₹2.20 lakh
Maruti Swift Dzire,Maruti,2014,"1,03,123 km",Petrol,Manual,"EMI ₹7,872/m*",₹2.37 lakh
Honda Accord,Honda,2011,"74,106 km",Petrol,Manual,"EMI ₹7,872/m*",₹1.76 lakh
Maruti Alto 800,Maruti,2013,"1,23,066 km",Petrol,Manual,"EMI ₹8,050/m*",₹1.71 lakh
Hyundai Verna,Hyundai,2012,"24,551 km",Petrol,Manual,"EMI ₹19,014/m*",₹2.14 lakh
Hyundai VENUE,Hyundai,2019,"59,073 km",Petrol,Manual,"EMI ₹11,986/m*",₹6.79 lakh
Maruti Alto K10,Maruti,2012,"39,835 km",Petrol,Manual,"EMI ₹10,928/m*",₹1.23 lakh
Maruti New Wagon-R,Maruti,2022,"35,768 km",Petrol,Manual,"EMI ₹6,461/m*",₹3.66 lakh
Maruti Alto 800,Maruti,2014,"67,258 km",Petrol,Manual,"EMI ₹4,550/m*",₹1.37 lakh
Tata Zest,Tata,2016,"1,18,625 km",Diesel,Manual,"EMI ₹4,550/m*",₹1.59 lakh
Volkswagen Polo,Volkswagen,2015,"1,79,459 km",Petrol,Manual,"EMI ₹6,636/m*",₹2.52 lakh
KIA SONET,KIA,2020,"1,08,917 km",Petrol,Manual,"EMI ₹11,122/m*",₹5.00 lakh
Maruti Swift,Maruti,2015,"1,67,038 km",Petrol,Manual,"EMI ₹6,583/m*",₹2.50 lakh
Maruti S PRESSO,Maruti,2021,"68,608 km",Petrol,Manual,"EMI ₹4,766/m*",₹2.70 lakh
Maruti Wagon R 1.0,Maruti,2015,"93,801 km",Petrol,Manual,"EMI ₹5,899/m*",₹2.24 lakh
Maruti New Wagon-R,Maruti,2020,"80,333 km",Petrol,Manual,"EMI ₹5,596/m*",₹3.17 lakh
Maruti Ciaz,Maruti,2016,"1,05,201 km",Diesel,Manual,"EMI ₹5,596/m*",₹2.40 lakh
Maruti Alto 800,Maruti,2012,"73,530 km",Petrol,Manual,"EMI ₹6,575/m*",₹0.74 lakh
Datsun Go,Datsun,2016,"53,197 km",Petrol,Manual,"EMI ₹2,336/m*",₹1.05 lakh
Maruti Swift Dzire,Maruti,2014,"91,856 km",Petrol,Manual,"EMI ₹9,964/m*",₹3.00 lakh
Tata TIGOR,Tata,2017,"44,904 km",Petrol,Manual,"EMI ₹5,376/m*",₹2.75 lakh
Honda Amaze,Honda,2014,"75,327 km",Petrol,Manual,"EMI ₹7,805/m*",₹2.35 lakh
Maruti Baleno,Maruti,2020,"56,560 km",Petrol,Manual,"EMI ₹6,549/m*",₹3.71 lakh
Honda Amaze,Honda,2014,"87,714 km",Petrol,Manual,"EMI ₹7,307/m*",₹2.20 lakh
Honda Accord,Honda,2013,"89,026 km",Petrol,Auto,"EMI ₹11,486/m*",₹2.44 lakh
Renault Kwid,Renault,2016,"92,357 km",Petrol,Manual,"EMI ₹3,003/m*",₹1.35 lakh
Hyundai i10,Hyundai,2012,"1,91,272 km",Petrol,Manual,"EMI ₹10,484/m*",₹1.18 lakh
Maruti FRONX,Maruti,2023,"55,753 km",Petrol,Manual,"EMI ₹13,766/m*",₹8.04 lakh
Tata TIGOR,Tata,2017,"52,226 km",Petrol,Manual,"EMI ₹4,829/m*",₹2.47 lakh
Maruti Swift,Maruti,2015,"48,972 km",Petrol,Manual,"EMI ₹7,136/m*",₹2.71 lakh
Honda Amaze,Honda,2019,"64,090 km",Petrol,Manual,"EMI ₹7,061/m*",₹4.00 lakh
Maruti Celerio,Maruti,2015,"40,344 km",Petrol,Manual,"EMI ₹5,793/m*",₹2.20 lakh
Maruti Swift Dzire,Maruti,2014,"1,36,852 km",Petrol,Manual,"EMI ₹8,304/m*",₹2.50 lakh
Hyundai Eon,Hyundai,2012,"1,20,375 km",Petrol,Manual,"EMI ₹7,463/m*",₹0.84 lakh
Maruti Swift Dzire,Maruti,2014,"94,756 km",Petrol,Manual,"EMI ₹8,237/m*",₹2.48 lakh
Maruti Alto 800,Maruti,2017,"30,878 km",Petrol,Manual,"EMI ₹5,212/m*",₹2.67 lakh
Honda Amaze,Honda,2015,"1,45,477 km",Petrol,Auto,"EMI ₹6,109/m*",₹2.32 lakh
Nissan MAGNITE,Nissan,2022,"42,000 km",Petrol,Manual,"EMI ₹7,944/m*",₹4.50 lakh
Hyundai Eon,Hyundai,2015,"65,478 km",Petrol,Manual,"EMI ₹4,845/m*",₹1.84 lakh
Maruti Wagon R 1.0,Maruti,2014,"96,799 km",Petrol,Manual,"EMI ₹7,008/m*",₹2.11 lakh
Audi A4,Audi,2010,"67,536 km",Petrol,Auto,"EMI ₹7,008/m*",₹2.44 lakh
Honda City,Honda,2012,"72,752 km",Petrol,Manual,"EMI ₹12,439/m*",₹1.40 lakh
Maruti Alto 800,Maruti,2014,"69,560 km",Petrol,Manual,"EMI ₹4,650/m*",₹1.40 lakh
Hyundai Grand i10,Hyundai,2013,"97,840 km",Petrol,Manual,"EMI ₹7,579/m*",₹1.61 lakh
Maruti Swift,Maruti,2014,"81,265 km",Petrol,Manual,"EMI ₹6,344/m*",₹1.91 lakh
Hyundai Grand i10,Hyundai,2014,"75,999 km",Petrol,Manual,"EMI ₹7,374/m*",₹2.22 lakh
Maruti Swift Dzire,Maruti,2017,"1,60,051 km",Petrol,Manual,"EMI ₹5,428/m*",₹2.44 lakh
Maruti Baleno,Maruti,2019,"75,852 km",Petrol,Manual,"EMI ₹6,973/m*",₹3.95 lakh
Maruti Celerio,Maruti,2015,"83,687 km",Petrol,Manual,"EMI ₹5,003/m*",₹1.90 lakh
Tata Tiago,Tata,2017,"93,774 km",Petrol,Manual,"EMI ₹4,575/m*",₹2.34 lakh
Maruti Swift,Maruti,2019,"82,128 km",Petrol,Manual,"EMI ₹6,496/m*",₹3.68 lakh
Skoda KUSHAQ,Skoda,2021,"50,689 km",Petrol,Manual,"EMI ₹11,827/m*",₹6.70 lakh
Hyundai i20,Hyundai,2013,"1,02,079 km",Petrol,Manual,"EMI ₹9,838/m*",₹2.09 lakh
Honda Amaze,Honda,2018,"1,10,035 km",Petrol,Manual,"EMI ₹6,896/m*",₹3.10 lakh
Maruti Wagon R 1.0,Maruti,2013,"1,89,857 km",Petrol,Manual,"EMI ₹5,884/m*",₹1.25 lakh
Maruti Alto K10,Maruti,2012,"59,180 km",Petrol,Manual,"EMI ₹8,618/m*",₹0.97 lakh
Hyundai Grand i10,Hyundai,2015,"68,350 km",Petrol,Manual,"EMI ₹5,082/m*",₹1.93 lakh
Hyundai Grand i10,Hyundai,2014,"1,57,003 km",Petrol,Manual,"EMI ₹9,533/m*",₹2.87 lakh
Hyundai i10,Hyundai,2012,"73,657 km",Petrol,Manual,"EMI ₹8,441/m*",₹0.95 lakh
Honda Amaze,Honda,2014,"66,423 km",Petrol,Manual,"EMI ₹8,802/m*",₹2.65 lakh
Maruti Ciaz,Maruti,2015,"2,22,492 km",Petrol,Manual,"EMI ₹7,321/m*",₹2.78 lakh
Maruti Swift,Maruti,2017,"1,09,369 km",Petrol,Manual,"EMI ₹8,097/m*",₹3.64 lakh
Datsun Go Plus,Datsun,2016,"32,144 km",Petrol,Manual,"EMI ₹3,403/m*",₹1.53 lakh
Renault Kwid,Renault,2018,"84,680 km",Petrol,Auto,"EMI ₹3,972/m*",₹2.25 lakh
Maruti Wagon R 1.0,Maruti,2016,"66,899 km",Petrol,Manual,"EMI ₹6,540/m*",₹2.94 lakh
Maruti Celerio,Maruti,2018,"93,785 km",Petrol,Manual,"EMI ₹4,131/m*",₹2.34 lakh
Hyundai Verna,Hyundai,2012,"1,37,640 km",Petrol,Manual,"EMI ₹17,237/m*",₹1.94 lakh
Maruti Wagon R 1.0,Maruti,2014,"2,28,770 km",Petrol,Manual,"EMI ₹7,075/m*",₹2.13 lakh
Honda Amaze,Honda,2015,"86,399 km",Petrol,Manual,"EMI ₹6,689/m*",₹2.54 lakh
Hyundai i10,Hyundai,2012,"1,20,304 km",Petrol,Manual,"EMI ₹7,108/m*",₹0.80 lakh
Honda Amaze,Honda,2014,"93,522 km",Petrol,Manual,"EMI ₹9,034/m*",₹2.72 lakh
Maruti Wagon R 1.0,Maruti,2015,"1,20,795 km",Petrol,Manual,"EMI ₹5,056/m*",₹1.92 lakh
Maruti Swift,Maruti,2016,"1,81,492 km",Petrol,Manual,"EMI ₹7,163/m*",₹3.22 lakh
Hyundai i10,Hyundai,2014,"66,668 km",Petrol,Manual,"EMI ₹4,883/m*",₹1.47 lakh
Maruti Vitara Brezza,Maruti,2016,"1,34,189 km",Diesel,Manual,"EMI ₹4,883/m*",₹4.65 lakh
Maruti Vitara Brezza,Maruti,2016,"89,719 km",Diesel,Manual,"EMI ₹4,883/m*",₹3.67 lakh
Honda Amaze,Honda,2014,"75,378 km",Petrol,Manual,"EMI ₹7,307/m*",₹2.20 lakh
KIA CARENS,KIA,2024,"2,741 km",Petrol,Manual,"EMI ₹18,253/m*",₹10.66 lakh
Hyundai Santro Xing,Hyundai,2011,"56,838 km",Petrol,Manual,"EMI ₹18,253/m*",₹1.11 lakh
Maruti Wagon R 1.0,Maruti,2016,"70,835 km",Petrol,Manual,"EMI ₹4,449/m*",₹2.00 lakh
Datsun Redi Go,Datsun,2017,"61,110 km",Petrol,Manual,"EMI ₹3,636/m*",₹1.86 lakh
Maruti Alto 800,Maruti,2017,"29,754 km",Petrol,Manual,"EMI ₹3,793/m*",₹1.94 lakh
Hyundai Eon,Hyundai,2013,"52,992 km",Petrol,Manual,"EMI ₹3,954/m*",₹0.84 lakh
Maruti Alto K10,Maruti,2014,"56,908 km",Petrol,Auto,"EMI ₹5,813/m*",₹1.75 lakh
Nissan MAGNITE,Nissan,2021,"43,415 km",Petrol,Manual,"EMI ₹6,532/m*",₹3.70 lakh
Maruti Celerio,Maruti,2016,"1,34,627 km",Petrol,Manual,"EMI ₹4,516/m*",₹2.03 lakh
Maruti Eeco,Maruti,2015,"68,326 km",Petrol,Manual,"EMI ₹3,454/m*",₹1.31 lakh
Ford Figo Aspire,Ford,2017,"78,322 km",Petrol,Manual,"EMI ₹4,938/m*",₹2.22 lakh
Hyundai VENUE,Hyundai,2019,"52,518 km",Diesel,Manual,"EMI ₹18,434/m*",₹5.55 lakh
Tata Indica EV2,Tata,2015,"1,35,977 km",Petrol,Manual,"EMI ₹2,212/m*",₹0.84 lakh
Hyundai i10,Hyundai,2011,"62,505 km",Petrol,Manual,"EMI ₹2,212/m*",₹1.41 lakh
Maruti Alto K10,Maruti,2018,"72,417 km",Petrol,Manual,"EMI ₹3,760/m*",₹2.13 lakh
Maruti Alto 800,Maruti,2014,"89,998 km",Petrol,Manual,"EMI ₹3,720/m*",₹1.12 lakh
Hyundai Grand i10,Hyundai,2014,"56,077 km",Petrol,Manual,"EMI ₹7,540/m*",₹2.27 lakh
Honda Brio,Honda,2013,"94,001 km",Petrol,Manual,"EMI ₹6,873/m*",₹1.46 lakh
Tata Tiago,Tata,2019,"1,18,640 km",Petrol,Manual,"EMI ₹5,784/m*",₹2.60 lakh
Maruti Ertiga,Maruti,2024,"47,720 km",Petrol,Manual,"EMI ₹16,078/m*",₹9.39 lakh
Renault Kwid,Renault,2020,"18,558 km",Petrol,Manual,"EMI ₹4,925/m*",₹2.79 lakh
Maruti Alto 800,Maruti,2014,"65,830 km",Petrol,Manual,"EMI ₹4,285/m*",₹1.29 lakh
Maruti Ritz,Maruti,2010,"12,345 km",Petrol,Manual,"EMI ₹4,285/m*",₹0.65 lakh
Maruti Wagon R 1.0,Maruti,2014,"1,02,858 km",Petrol,Manual,"EMI ₹7,971/m*",₹2.40 lakh
Maruti Wagon R 1.0,Maruti,2013,"1,42,190 km",Petrol,Manual,"EMI ₹6,261/m*",₹1.33 lakh
Maruti Wagon R 1.0,Maruti,2016,"1,22,910 km",Petrol,Manual,"EMI ₹5,672/m*",₹2.55 lakh
Volkswagen Polo,Volkswagen,2013,"1,41,416 km",Petrol,Manual,"EMI ₹8,332/m*",₹1.77 lakh
Hyundai i10,Hyundai,2012,"12,359 km",Petrol,Manual,"EMI ₹14,305/m*",₹1.61 lakh
Tata ALTROZ,Tata,2021,"1,04,665 km",Petrol,Manual,"EMI ₹6,918/m*",₹3.11 lakh
Renault Kwid,Renault,2019,"52,664 km",Petrol,Manual,"EMI ₹4,095/m*",₹2.32 lakh
Maruti Swift,Maruti,2016,"2,06,505 km",Petrol,Manual,"EMI ₹5,361/m*",₹2.41 lakh
Maruti Alto 800,Maruti,2018,"56,548 km",Petrol,Manual,"EMI ₹3,566/m*",₹2.02 lakh
Maruti Alto 800,Maruti,2017,"90,115 km",Petrol,Manual,"EMI ₹4,066/m*",₹2.08 lakh
Maruti Swift Dzire,Maruti,2014,"38,327 km",Petrol,Manual,"EMI ₹9,068/m*",₹2.73 lakh
Maruti Vitara Brezza,Maruti,2017,"80,943 km",Diesel,Manual,"EMI ₹48,689/m*",₹5.48 lakh
KIA SELTOS,KIA,2022,"39,000 km",Diesel,Manual,"EMI ₹15,227/m*",₹8.00 lakh
Hyundai Grand i10,Hyundai,2014,"59,588 km",Petrol,Manual,"EMI ₹5,514/m*",₹1.66 lakh
Hyundai Grand i10,Hyundai,2015,"74,302 km",Petrol,Manual,"EMI ₹6,452/m*",₹2.45 lakh
Maruti Wagon R 1.0,Maruti,2014,"1,19,093 km",Petrol,Manual,"EMI ₹6,975/m*",₹2.10 lakh
Ford Figo Aspire,Ford,2017,"73,543 km",Diesel,Manual,"EMI ₹25,766/m*",₹2.90 lakh
Honda Amaze,Honda,2015,"72,441 km",Petrol,Manual,"EMI ₹6,320/m*",₹2.40 lakh
Maruti New Wagon-R,Maruti,2020,"65,521 km",Petrol,Manual,"EMI ₹5,472/m*",₹3.10 lakh
Maruti Celerio,Maruti,2017,"1,26,833 km",Petrol,Manual,"EMI ₹5,695/m*",₹2.56 lakh
Tata NEXON,Tata,2025,"8,148 km",Petrol,Manual,"EMI ₹13,938/m*",₹8.14 lakh
Hyundai Grand i10,Hyundai,2015,"94,009 km",Petrol,Manual,"EMI ₹6,583/m*",₹2.50 lakh
Toyota Etios,Toyota,2013,"1,54,246 km",Petrol,Manual,"EMI ₹10,450/m*",₹2.22 lakh
Hyundai Eon,Hyundai,2014,"81,688 km",Petrol,Manual,"EMI ₹4,251/m*",₹1.28 lakh
Hyundai Verna,Hyundai,2013,"1,46,903 km",Petrol,Manual,"EMI ₹9,650/m*",₹2.05 lakh
Datsun Redi Go,Datsun,2017,"1,31,423 km",Petrol,Manual,"EMI ₹2,870/m*",₹1.29 lakh
Hyundai Grand i10,Hyundai,2014,"81,664 km",Petrol,Manual,"EMI ₹8,104/m*",₹2.44 lakh
Mahindra Kuv100,Mahindra,2016,"99,692 km",Diesel,Manual,"EMI ₹8,104/m*",₹1.45 lakh
Maruti Wagon R 1.0,Maruti,2016,"1,03,604 km",Petrol,Auto,"EMI ₹6,117/m*",₹2.75 lakh
Maruti Swift Dzire,Maruti,2016,"1,32,884 km",Petrol,Manual,"EMI ₹6,184/m*",₹2.78 lakh
Honda Amaze,Honda,2014,"90,073 km",Petrol,Manual,"EMI ₹8,104/m*",₹2.44 lakh
Maruti Wagon R 1.0,Maruti,2011,"66,071 km",Petrol,Manual,"EMI ₹8,104/m*",₹1.77 lakh
Ford Ecosport,Ford,2015,"1,37,690 km",Diesel,Manual,"EMI ₹7,075/m*",₹2.13 lakh
Maruti Vitara Brezza,Maruti,2016,"1,06,725 km",Diesel,Manual,"EMI ₹7,075/m*",₹5.01 lakh
Maruti Celerio,Maruti,2016,"45,632 km",Diesel,Manual,"EMI ₹7,075/m*",₹1.45 lakh
Maruti Swift,Maruti,2013,"1,01,186 km",Petrol,Manual,"EMI ₹10,403/m*",₹2.21 lakh
Hyundai VENUE,Hyundai,2025,720 km,Diesel,Manual,"EMI ₹17,807/m*",₹10.40 lakh
Maruti Wagon R 1.0,Maruti,2012,"69,683 km",Petrol,Manual,"EMI ₹8,885/m*",₹1.00 lakh
Volkswagen Polo,Volkswagen,2012,"2,12,998 km",Petrol,Manual,"EMI ₹10,395/m*",₹1.17 lakh
Honda Amaze,Honda,2015,"75,723 km",Petrol,Manual,"EMI ₹9,217/m*",₹3.50 lakh
Hyundai Grand i10,Hyundai,2014,"88,318 km",Petrol,Manual,"EMI ₹5,613/m*",₹1.69 lakh
Maruti Swift,Maruti,2024,"38,031 km",Petrol,Manual,"EMI ₹10,009/m*",₹5.67 lakh
Hyundai Grand i10,Hyundai,2015,"62,300 km",Petrol,Manual,"EMI ₹7,558/m*",₹2.87 lakh
Maruti Wagon R 1.0,Maruti,2015,"53,200 km",Petrol,Manual,"EMI ₹4,082/m*",₹1.55 lakh
Hyundai i20,Hyundai,2013,"71,076 km",Petrol,Manual,"EMI ₹11,392/m*",₹2.42 lakh
Maruti Swift Dzire,Maruti,2015,"1,53,124 km",Diesel,Manual,"EMI ₹11,392/m*",₹3.00 lakh
Renault Kwid,Renault,2017,"66,249 km",Petrol,Manual,"EMI ₹2,835/m*",₹1.45 lakh
Nissan Micra,Nissan,2015,"13,098 km",Petrol,Manual,"EMI ₹3,502/m*",₹1.33 lakh
Maruti Vitara Brezza,Maruti,2016,"1,78,502 km",Diesel,Manual,"EMI ₹3,502/m*",₹4.26 lakh
Hyundai i10,Hyundai,2015,"53,774 km",Petrol,Manual,"EMI ₹4,292/m*",₹1.63 lakh
Maruti Alto 800,Maruti,2014,"70,840 km",Petrol,Manual,"EMI ₹4,716/m*",₹1.42 lakh
Tata NEXON,Tata,2018,"1,38,930 km",Diesel,Manual,"EMI ₹20,195/m*",₹4.29 lakh
Hyundai i10,Hyundai,2011,"68,387 km",Petrol,Manual,"EMI ₹20,195/m*",₹1.21 lakh
Hyundai i20,Hyundai,2013,"1,18,000 km",Petrol,Manual,"EMI ₹9,226/m*",₹1.96 lakh
Ford Ecosport,Ford,2013,"1,50,000 km",Petrol,Manual,"EMI ₹9,509/m*",₹2.02 lakh
Hyundai Elite i20,Hyundai,2018,"63,647 km",Diesel,Manual,"EMI ₹20,006/m*",₹4.25 lakh
Hyundai Eon,Hyundai,2015,"85,381 km",Petrol,Manual,"EMI ₹3,476/m*",₹1.32 lakh
Hyundai Grand i10,Hyundai,2015,"1,17,835 km",Petrol,Manual,"EMI ₹6,162/m*",₹2.34 lakh
Renault Pulse,Renault,2016,"1,60,409 km",Petrol,Manual,"EMI ₹3,003/m*",₹1.35 lakh
Honda Amaze,Honda,2015,"85,000 km",Petrol,Manual,"EMI ₹5,267/m*",₹2.00 lakh
Nissan Sunny,Nissan,2012,"69,439 km",Petrol,Manual,"EMI ₹7,730/m*",₹0.87 lakh
Hyundai i10,Hyundai,2012,"1,05,570 km",Petrol,Manual,"EMI ₹8,618/m*",₹0.97 lakh
Maruti Vitara Brezza,Maruti,2016,"1,31,904 km",Diesel,Manual,"EMI ₹8,618/m*",₹4.69 lakh
KIA SELTOS,KIA,2021,"76,862 km",Petrol,Manual,"EMI ₹14,126/m*",₹8.25 lakh
Tata NEXON,Tata,2020,"60,683 km",Petrol,Auto,"EMI ₹8,120/m*",₹4.60 lakh
Hyundai Grand i10,Hyundai,2014,"46,091 km",Petrol,Manual,"EMI ₹7,772/m*",₹2.34 lakh
Honda Amaze,Honda,2013,"1,69,207 km",Petrol,Auto,"EMI ₹8,144/m*",₹1.73 lakh
Maruti Wagon R 1.0,Maruti,2018,"78,199 km",Petrol,Manual,"EMI ₹4,590/m*",₹2.60 lakh
Hyundai Elite i20,Hyundai,2017,"43,576 km",Petrol,Manual,"EMI ₹6,784/m*",₹3.47 lakh
Hyundai i10,Hyundai,2013,"85,030 km",Petrol,Manual,"EMI ₹6,402/m*",₹1.36 lakh
Hyundai NEW SANTRO,Hyundai,2018,"62,788 km",Petrol,Manual,"EMI ₹4,643/m*",₹2.63 lakh
Maruti Wagon R 1.0,Maruti,2015,"57,548 km",Petrol,Manual,"EMI ₹4,766/m*",₹1.81 lakh
Maruti Vitara Brezza,Maruti,2017,"1,37,952 km",Diesel,Manual,"EMI ₹41,137/m*",₹4.63 lakh
Maruti Alto 800,Maruti,2013,"1,20,686 km",Petrol,Manual,"EMI ₹7,296/m*",₹1.55 lakh
Tata TIGOR,Tata,2021,"41,149 km",Petrol,Manual,"EMI ₹6,885/m*",₹3.90 lakh
Maruti Wagon R 1.0,Maruti,2016,"53,962 km",Petrol,Manual,"EMI ₹6,117/m*",₹2.75 lakh
Maruti Wagon R 1.0,Maruti,2016,"2,32,351 km",Petrol,Manual,"EMI ₹3,559/m*",₹1.60 lakh
Hyundai Grand i10,Hyundai,2014,"1,36,922 km",Petrol,Manual,"EMI ₹5,281/m*",₹1.59 lakh
Hyundai Xcent,Hyundai,2014,"1,98,026 km",Petrol,Manual,"EMI ₹5,414/m*",₹1.63 lakh
Hyundai i20,Hyundai,2013,"91,353 km",Petrol,Manual,"EMI ₹7,061/m*",₹1.50 lakh
Maruti Swift Dzire,Maruti,2016,"1,83,000 km",Petrol,Manual,"EMI ₹5,850/m*",₹2.63 lakh
Maruti Celerio,Maruti,2019,"77,672 km",Petrol,Manual,"EMI ₹5,631/m*",₹3.19 lakh
Chevrolet Beat,Chevrolet,2015,"54,254 km",Petrol,Manual,"EMI ₹3,608/m*",₹1.37 lakh
Nissan MAGNITE,Nissan,2021,"20,801 km",Petrol,Auto,"EMI ₹8,826/m*",₹5.00 lakh
Maruti Swift,Maruti,2012,"1,40,131 km",Petrol,Manual,"EMI ₹20,080/m*",₹2.26 lakh
Maruti Wagon R 1.0,Maruti,2017,"1,04,143 km",Petrol,Manual,"EMI ₹3,960/m*",₹1.78 lakh
Tata Zest,Tata,2014,"1,36,654 km",Petrol,Manual,"EMI ₹4,916/m*",₹1.48 lakh
Tata Safari,Tata,2021,"78,551 km",Diesel,Auto,"EMI ₹27,293/m*",₹15.94 lakh
Honda Brio,Honda,2012,"82,494 km",Petrol,Manual,"EMI ₹8,352/m*",₹0.94 lakh
Honda City,Honda,2010,"1,12,253 km",Petrol,Auto,"EMI ₹8,352/m*",₹0.80 lakh
Hyundai i10,Hyundai,2012,"41,307 km",Petrol,Manual,"EMI ₹11,106/m*",₹1.25 lakh
Volkswagen Polo,Volkswagen,2011,"93,343 km",Petrol,Manual,"EMI ₹11,106/m*",₹0.97 lakh
Honda Amaze,Honda,2013,"68,665 km",Petrol,Manual,"EMI ₹9,368/m*",₹1.99 lakh
Tata Tiago,Tata,2018,"93,764 km",Petrol,Manual,"EMI ₹5,066/m*",₹2.87 lakh
Maruti Wagon R 1.0,Maruti,2017,"81,024 km",Petrol,Manual,"EMI ₹4,966/m*",₹2.54 lakh
Hyundai Grand i10,Hyundai,2014,"71,523 km",Petrol,Manual,"EMI ₹13,286/m*",₹4.00 lakh
Honda Amaze,Honda,2014,"1,54,363 km",Petrol,Manual,"EMI ₹7,407/m*",₹2.23 lakh
Maruti Wagon R 1.0,Maruti,2012,"1,45,041 km",Petrol,Manual,"EMI ₹6,219/m*",₹0.70 lakh
Volkswagen Polo,Volkswagen,2020,"1,11,505 km",Petrol,Manual,"EMI ₹11,122/m*",₹5.00 lakh
Toyota Corolla Altis,Toyota,2014,"1,85,972 km",Petrol,Manual,"EMI ₹9,134/m*",₹2.75 lakh
Maruti Alto 800,Maruti,2016,"7,758 km",Petrol,Manual,"EMI ₹4,983/m*",₹2.24 lakh
Toyota Etios Liva,Toyota,2014,"45,523 km",Petrol,Manual,"EMI ₹6,842/m*",₹2.06 lakh
Volkswagen Polo,Volkswagen,2013,"94,133 km",Petrol,Manual,"EMI ₹8,850/m*",₹1.88 lakh
Hyundai Verna,Hyundai,2014,"87,047 km",Petrol,Manual,"EMI ₹9,134/m*",₹2.75 lakh
Volkswagen Vento,Volkswagen,2013,"1,48,543 km",Petrol,Manual,"EMI ₹8,379/m*",₹1.78 lakh
Chevrolet Beat,Chevrolet,2015,"59,237 km",Diesel,Manual,"EMI ₹4,285/m*",₹1.29 lakh
Hyundai i10,Hyundai,2014,"82,795 km",Petrol,Manual,"EMI ₹4,916/m*",₹1.48 lakh
Tata ALTROZ,Tata,2020,"78,753 km",Petrol,Manual,"EMI ₹7,026/m*",₹3.98 lakh
Maruti Vitara Brezza,Maruti,2021,"62,514 km",Petrol,Manual,"EMI ₹9,179/m*",₹5.20 lakh
Mahindra Scorpio,Mahindra,2019,"1,20,778 km",Diesel,Manual,"EMI ₹27,402/m*",₹8.37 lakh
Hyundai New Elantra,Hyundai,2019,"46,772 km",Petrol,Manual,"EMI ₹14,280/m*",₹8.34 lakh
Hyundai Creta,Hyundai,2017,"51,903 km",Petrol,Manual,"EMI ₹13,294/m*",₹6.80 lakh
Honda City,Honda,2014,"1,75,647 km",Diesel,Manual,"EMI ₹11,674/m*",₹2.48 lakh
Jeep Compass,Jeep,2017,"59,245 km",Diesel,Manual,"EMI ₹64,860/m*",₹7.30 lakh
Honda Amaze,Honda,2016,"75,823 km",Petrol,Manual,"EMI ₹4,827/m*",₹2.17 lakh
Maruti Vitara Brezza,Maruti,2017,"57,094 km",Diesel,Manual,"EMI ₹48,245/m*",₹5.43 lakh
Mahindra Kuv100,Mahindra,2016,"1,11,075 km",Diesel,Manual,"EMI ₹48,245/m*",₹1.35 lakh
Hyundai Verna,Hyundai,2012,"79,962 km",Petrol,Manual,"EMI ₹12,350/m*",₹1.39 lakh
Skoda Superb,Skoda,2011,"47,719 km",Petrol,Manual,"EMI ₹12,350/m*",₹2.18 lakh
Toyota Etios,Toyota,2012,"1,50,000 km",Petrol,Manual,"EMI ₹9,773/m*",₹1.10 lakh
Honda WR-V,Honda,2017,"83,832 km",Diesel,Manual,"EMI ₹27,543/m*",₹3.10 lakh
BMW 3 Series,BMW,2011,"57,260 km",Petrol,Auto,"EMI ₹27,543/m*",₹2.37 lakh
Honda City,Honda,2011,"48,778 km",Petrol,Manual,"EMI ₹27,543/m*",₹1.35 lakh
Hyundai Elite i20,Hyundai,2019,"86,733 km",Petrol,Manual,"EMI ₹6,620/m*",₹3.75 lakh
Ford Ecosport,Ford,2017,"42,576 km",Petrol,Auto,"EMI ₹6,393/m*",₹3.27 lakh
Tata Tiago,Tata,2018,"1,32,885 km",Diesel,Manual,"EMI ₹9,038/m*",₹1.92 lakh
Maruti Swift Dzire,Maruti,2014,"2,26,000 km",Petrol,Manual,"EMI ₹7,573/m*",₹2.28 lakh
Tata NEXON,Tata,2017,"1,08,803 km",Diesel,Manual,"EMI ₹24,959/m*",₹2.81 lakh
Maruti Swift Dzire,Maruti,2014,"66,091 km",Petrol,Manual,"EMI ₹7,971/m*",₹2.40 lakh
Maruti Wagon R 1.0,Maruti,2013,"90,564 km",Petrol,Manual,"EMI ₹6,779/m*",₹1.44 lakh
Maruti Swift,Maruti,2017,"71,103 km",Petrol,Manual,"EMI ₹6,706/m*",₹3.43 lakh
Honda Amaze,Honda,2016,"91,437 km",Petrol,Manual,"EMI ₹6,340/m*",₹2.85 lakh
Honda Amaze,Honda,2014,"1,17,186 km",Petrol,Manual,"EMI ₹6,012/m*",₹1.81 lakh
Hyundai Grand i10,Hyundai,2017,"1,37,862 km",Petrol,Manual,"EMI ₹6,384/m*",₹2.87 lakh
Maruti Ciaz,Maruti,2016,"1,42,608 km",Diesel,Manual,"EMI ₹6,384/m*",₹2.49 lakh
Tata ALTROZ,Tata,2020,"1,06,115 km",Diesel,Manual,"EMI ₹11,324/m*",₹4.30 lakh
Renault Duster,Renault,2016,"69,045 km",Diesel,Manual,"EMI ₹11,324/m*",₹2.76 lakh
Chevrolet Sail,Chevrolet,2013,"78,354 km",Petrol,Manual,"EMI ₹4,425/m*",₹0.94 lakh
Maruti New Wagon-R,Maruti,2019,"1,34,567 km",Petrol,Manual,"EMI ₹6,651/m*",₹2.99 lakh
Hyundai Grand i10,Hyundai,2015,"1,79,162 km",Diesel,Manual,"EMI ₹4,982/m*",₹1.50 lakh
Maruti Swift Dzire,Maruti,2016,"1,85,848 km",Diesel,Manual,"EMI ₹4,982/m*",₹3.36 lakh
Nissan Terrano,Nissan,2014,"1,33,055 km",Petrol,Manual,"EMI ₹6,444/m*",₹1.94 lakh
Maruti Alto,Maruti,2021,"40,294 km",Petrol,Manual,"EMI ₹4,572/m*",₹2.59 lakh
Hyundai Xcent,Hyundai,2015,"92,147 km",Petrol,Manual,"EMI ₹7,637/m*",₹2.90 lakh
Maruti Swift,Maruti,2012,"78,353 km",Petrol,Manual,"EMI ₹16,348/m*",₹1.84 lakh
Maruti Celerio,Maruti,2019,"1,95,856 km",Petrol,Manual,"EMI ₹6,451/m*",₹2.90 lakh
Hyundai Grand i10,Hyundai,2017,"1,04,073 km",Diesel,Manual,"EMI ₹19,991/m*",₹2.25 lakh
Maruti Alto 800,Maruti,2016,"82,101 km",Petrol,Manual,"EMI ₹3,047/m*",₹1.37 lakh
Skoda Rapid,Skoda,2011,"71,080 km",Petrol,Manual,"EMI ₹3,047/m*",₹1.25 lakh
Maruti Wagon R 1.0,Maruti,2016,"34,000 km",Petrol,Manual,"EMI ₹5,405/m*",₹2.43 lakh
Maruti Wagon R 1.0,Maruti,2016,"71,016 km",Petrol,Manual,"EMI ₹5,561/m*",₹2.50 lakh
Toyota Etios Liva,Toyota,2016,"83,452 km",Diesel,Manual,"EMI ₹5,561/m*",₹2.77 lakh
Toyota Etios,Toyota,2016,"85,577 km",Petrol,Manual,"EMI ₹4,738/m*",₹2.13 lakh
Ford Ecosport,Ford,2017,"86,058 km",Petrol,Manual,"EMI ₹7,761/m*",₹3.97 lakh
Maruti Swift,Maruti,2015,"93,240 km",Petrol,Manual,"EMI ₹7,242/m*",₹2.75 lakh
Maruti Wagon R 1.0,Maruti,2017,"1,44,750 km",Petrol,Manual,"EMI ₹4,449/m*",₹2.00 lakh
Honda Amaze,Honda,2014,"1,04,248 km",Petrol,Manual,"EMI ₹5,314/m*",₹1.60 lakh
Hyundai Grand i10,Hyundai,2016,"1,04,579 km",Diesel,Manual,"EMI ₹5,314/m*",₹1.79 lakh
Maruti Swift Dzire,Maruti,2016,"90,884 km",Petrol,Manual,"EMI ₹6,762/m*",₹3.04 lakh
Maruti Wagon R 1.0,Maruti,2018,"1,17,424 km",Petrol,Manual,"EMI ₹5,650/m*",₹2.54 lakh
Maruti Swift,Maruti,2016,"95,425 km",Petrol,Manual,"EMI ₹7,252/m*",₹3.26 lakh
Toyota URBAN CRUISER HYRYDER,Toyota,2023,"75,128 km",Petrol,Auto,"EMI ₹16,266/m*",₹9.50 lakh
Hyundai i10,Hyundai,2012,"55,659 km",Petrol,Manual,"EMI ₹10,662/m*",₹1.20 lakh
Maruti Alto 800,Maruti,2018,"65,912 km",Petrol,Manual,"EMI ₹4,749/m*",₹2.69 lakh
Hyundai NEW I20,Hyundai,2022,"33,131 km",Petrol,Manual,"EMI ₹10,786/m*",₹6.11 lakh
Honda Civic,Honda,2011,"1,57,794 km",Petrol,Manual,"EMI ₹10,786/m*",₹1.10 lakh
Hyundai i10,Hyundai,2010,"1,05,637 km",Petrol,Manual,"EMI ₹10,786/m*",₹0.55 lakh
Maruti Alto K10,Maruti,2014,"1,03,060 km",Petrol,Manual,"EMI ₹5,049/m*",₹1.52 lakh
Hyundai i10,Hyundai,2012,"58,795 km",Petrol,Manual,"EMI ₹13,505/m*",₹1.52 lakh
Mahindra XUV500,Mahindra,2018,"1,09,541 km",Diesel,Manual,"EMI ₹30,598/m*",₹6.50 lakh
Tata TIGOR,Tata,2023,"51,374 km",Petrol,Manual,"EMI ₹10,874/m*",₹6.16 lakh
Hyundai Grand i10,Hyundai,2014,"37,113 km",Petrol,Manual,"EMI ₹7,706/m*",₹2.32 lakh
Maruti Dzire,Maruti,2019,"89,704 km",Petrol,Manual,"EMI ₹6,618/m*",₹3.75 lakh
Renault Kwid,Renault,2021,"51,584 km",Petrol,Auto,"EMI ₹5,525/m*",₹3.13 lakh
Maruti Swift,Maruti,2012,"1,40,706 km",Petrol,Manual,"EMI ₹21,057/m*",₹2.37 lakh
Maruti Wagon R 1.0,Maruti,2012,"51,577 km",Petrol,Manual,"EMI ₹11,106/m*",₹1.25 lakh
Hyundai i10,Hyundai,2011,"69,895 km",Petrol,Manual,"EMI ₹11,106/m*",₹1.23 lakh
Maruti Wagon R 1.0,Maruti,2017,"98,577 km",Petrol,Manual,"EMI ₹3,910/m*",₹2.00 lakh
MG ASTOR,MG,2022,"44,611 km",Petrol,Manual,"EMI ₹13,240/m*",₹7.50 lakh
Nissan Terrano,Nissan,2014,"1,00,003 km",Petrol,Manual,"EMI ₹7,241/m*",₹2.18 lakh
Hyundai i10,Hyundai,2013,"1,01,377 km",Petrol,Manual,"EMI ₹5,884/m*",₹1.25 lakh
Maruti Alto K10,Maruti,2012,"42,262 km",Petrol,Manual,"EMI ₹12,577/m*",₹1.42 lakh
Volkswagen Vento,Volkswagen,2013,"1,70,093 km",Diesel,Manual,"EMI ₹12,972/m*",₹1.46 lakh
Ford Figo Aspire,Ford,2017,"2,45,582 km",Diesel,Manual,"EMI ₹15,993/m*",₹1.80 lakh
Renault Kwid,Renault,2016,"56,168 km",Petrol,Manual,"EMI ₹5,094/m*",₹2.29 lakh
Maruti Ritz,Maruti,2014,"96,766 km",Petrol,Manual,"EMI ₹5,447/m*",₹1.64 lakh
Volkswagen Polo,Volkswagen,2016,"81,050 km",Petrol,Manual,"EMI ₹6,006/m*",₹2.70 lakh
Maruti Wagon R 1.0,Maruti,2014,"1,08,774 km",Petrol,Manual,"EMI ₹6,410/m*",₹1.93 lakh
Mahindra KUV 100 NXT,Mahindra,2017,"60,225 km",Petrol,Manual,"EMI ₹4,868/m*",₹2.49 lakh
Hyundai i10,Hyundai,2015,"1,11,660 km",Petrol,Manual,"EMI ₹3,924/m*",₹1.49 lakh
Maruti Wagon R 1.0,Maruti,2012,"2,64,959 km",Petrol,Manual,"EMI ₹9,773/m*",₹1.10 lakh
Maruti Celerio,Maruti,2014,"94,603 km",Petrol,Manual,"EMI ₹5,082/m*",₹1.53 lakh
Tata Tiago,Tata,2017,"41,166 km",Petrol,Auto,"EMI ₹5,865/m*",₹3.00 lakh
Mahindra Kuv100,Mahindra,2016,"54,372 km",Diesel,Manual,"EMI ₹5,865/m*",₹1.80 lakh
Maruti Swift Dzire,Maruti,2012,"2,14,412 km",Petrol,Manual,"EMI ₹16,437/m*",₹1.85 lakh
Maruti Swift Dzire,Maruti,2011,"89,385 km",Petrol,Manual,"EMI ₹16,437/m*",₹1.20 lakh
Renault TRIBER,Renault,2020,"69,932 km",Petrol,Manual,"EMI ₹7,591/m*",₹4.30 lakh
Hyundai New Elantra,Hyundai,2013,"1,72,661 km",Petrol,Manual,"EMI ₹10,027/m*",₹2.13 lakh
Hyundai Grand i10,Hyundai,2015,"47,272 km",Petrol,Manual,"EMI ₹5,504/m*",₹2.09 lakh
Maruti Swift,Maruti,2021,"37,755 km",Petrol,Manual,"EMI ₹8,385/m*",₹4.75 lakh
Hyundai i10,Hyundai,2013,"47,058 km",Petrol,Manual,"EMI ₹7,155/m*",₹1.52 lakh
Tata NEXON,Tata,2018,"1,52,908 km",Diesel,Manual,"EMI ₹23,443/m*",₹4.98 lakh
Hyundai GRAND I10 NIOS,Hyundai,2023,"35,313 km",Petrol,Manual,"EMI ₹8,826/m*",₹5.00 lakh
Honda Brio,Honda,2015,"53,875 km",Petrol,Manual,"EMI ₹5,530/m*",₹2.10 lakh
Maruti Wagon R 1.0,Maruti,2018,"1,16,676 km",Petrol,Manual,"EMI ₹5,005/m*",₹2.25 lakh
Maruti Ertiga,Maruti,2017,"1,34,927 km",Petrol,Manual,"EMI ₹8,453/m*",₹3.80 lakh
Maruti Swift,Maruti,2016,"99,849 km",Petrol,Manual,"EMI ₹7,096/m*",₹3.19 lakh
Maruti Swift,Maruti,2012,"44,811 km",Petrol,Manual,"EMI ₹13,772/m*",₹1.55 lakh
Maruti Vitara Brezza,Maruti,2017,"75,075 km",Diesel,Manual,"EMI ₹33,763/m*",₹3.80 lakh
Honda City,Honda,2011,"94,915 km",Petrol,Manual,"EMI ₹33,763/m*",₹1.72 lakh
Ford FREESTYLE,Ford,2019,"37,666 km",Petrol,Manual,"EMI ₹7,026/m*",₹3.98 lakh
Hyundai Accent,Hyundai,2012,"83,986 km",Petrol,Manual,"EMI ₹6,664/m*",₹0.75 lakh
Maruti Wagon R 1.0,Maruti,2018,"74,312 km",Petrol,Manual,"EMI ₹5,649/m*",₹3.20 lakh
Maruti Wagon R 1.0,Maruti,2015,"1,00,040 km",Petrol,Manual,"EMI ₹5,109/m*",₹1.94 lakh
Skoda Octavia,Skoda,2015,"1,06,298 km",Petrol,Auto,"EMI ₹10,033/m*",₹3.81 lakh
Toyota Etios,Toyota,2011,"1,06,947 km",Petrol,Manual,"EMI ₹10,033/m*",₹0.94 lakh
ISUZU MU-X,ISUZU,2018,"1,72,000 km",Diesel,Auto,"EMI ₹34,458/m*",₹7.32 lakh
Maruti Wagon R 1.0,Maruti,2011,"1,09,440 km",Petrol,Manual,"EMI ₹34,458/m*",₹0.97 lakh
Maruti Swift Dzire,Maruti,2015,"90,805 km",Petrol,Manual,"EMI ₹9,191/m*",₹3.49 lakh
Hyundai Grand i10,Hyundai,2015,"33,878 km",Petrol,Manual,"EMI ₹7,373/m*",₹2.80 lakh
Nissan Terrano,Nissan,2015,"73,710 km",Petrol,Manual,"EMI ₹5,609/m*",₹2.13 lakh
Jeep Compass,Jeep,2017,"1,07,202 km",Petrol,Auto,"EMI ₹17,351/m*",₹7.80 lakh
Maruti Baleno,Maruti,2018,"36,141 km",Petrol,Auto,"EMI ₹7,326/m*",₹4.15 lakh
Toyota Etios,Toyota,2011,"83,695 km",Petrol,Manual,"EMI ₹7,326/m*",₹1.12 lakh
Hyundai i10,Hyundai,2011,"79,217 km",Petrol,Manual,"EMI ₹7,326/m*",₹1.11 lakh
Maruti Swift Dzire,Maruti,2011,"1,34,629 km",Petrol,Manual,"EMI ₹7,326/m*",₹1.10 lakh
Maruti Alto 800,Maruti,2019,"84,290 km",Petrol,Manual,"EMI ₹3,389/m*",₹1.92 lakh
Hyundai i10,Hyundai,2014,"1,11,104 km",Petrol,Manual,"EMI ₹4,318/m*",₹1.30 lakh
Toyota Etios,Toyota,2011,"2,00,000 km",Petrol,Manual,"EMI ₹4,318/m*",₹1.45 lakh
Maruti Baleno,Maruti,2016,"59,530 km",Petrol,Manual,"EMI ₹6,050/m*",₹2.72 lakh
Jeep Compass,Jeep,2017,"74,231 km",Petrol,Auto,"EMI ₹13,235/m*",₹6.77 lakh
Maruti Ritz,Maruti,2013,"92,786 km",Petrol,Manual,"EMI ₹7,720/m*",₹1.64 lakh
Maruti Swift Dzire,Maruti,2016,"1,10,056 km",Diesel,Manual,"EMI ₹7,720/m*",₹2.52 lakh
Maruti Wagon R 1.0,Maruti,2016,"69,724 km",Petrol,Manual,"EMI ₹4,894/m*",₹2.20 lakh
Honda Amaze,Honda,2016,"84,921 km",Diesel,Manual,"EMI ₹4,894/m*",₹2.43 lakh
Maruti Alto K10,Maruti,2019,"28,754 km",Petrol,Manual,"EMI ₹4,855/m*",₹2.75 lakh
Maruti Alto 800,Maruti,2018,"1,60,417 km",Petrol,Manual,"EMI ₹4,449/m*",₹2.00 lakh
Honda City,Honda,2018,"66,290 km",Petrol,Manual,"EMI ₹8,756/m*",₹4.96 lakh
Tata ALTROZ,Tata,2020,"72,220 km",Petrol,Manual,"EMI ₹6,161/m*",₹3.49 lakh
Honda Brio,Honda,2012,"84,597 km",Petrol,Manual,"EMI ₹9,951/m*",₹1.12 lakh
Maruti Wagon R 1.0,Maruti,2012,"1,13,833 km",Petrol,Manual,"EMI ₹11,817/m*",₹1.33 lakh
Maruti Wagon R 1.0,Maruti,2015,"1,18,244 km",Petrol,Manual,"EMI ₹4,161/m*",₹1.58 lakh
Maruti IGNIS,Maruti,2017,"80,731 km",Petrol,Auto,"EMI ₹5,670/m*",₹2.90 lakh
Maruti Ertiga,Maruti,2017,"64,251 km",Diesel,Manual,"EMI ₹50,733/m*",₹5.71 lakh
Maruti Ciaz,Maruti,2022,"46,235 km",Petrol,Manual,"EMI ₹10,057/m*",₹5.70 lakh
Hyundai AURA,Hyundai,2020,"37,692 km",Petrol,Manual,"EMI ₹8,685/m*",₹4.92 lakh
Honda City,Honda,2017,"1,25,550 km",Diesel,Manual,"EMI ₹36,961/m*",₹4.16 lakh
Hyundai i10,Hyundai,2014,"65,181 km",Petrol,Manual,"EMI ₹6,244/m*",₹1.88 lakh
Maruti Swift,Maruti,2020,"89,602 km",Petrol,Manual,"EMI ₹6,955/m*",₹3.94 lakh
Maruti Swift Dzire,Maruti,2011,"1,34,370 km",Petrol,Manual,"EMI ₹6,955/m*",₹1.04 lakh
Renault TRIBER,Renault,2020,"47,684 km",Petrol,Auto,"EMI ₹7,061/m*",₹4.00 lakh
Maruti Wagon R 1.0,Maruti,2015,"73,835 km",Petrol,Manual,"EMI ₹5,425/m*",₹2.06 lakh
Hyundai i20,Hyundai,2011,"96,421 km",Petrol,Manual,"EMI ₹5,425/m*",₹1.35 lakh
Maruti Ciaz,Maruti,2018,"80,448 km",Petrol,Manual,"EMI ₹6,408/m*",₹3.63 lakh
Tata Tiago,Tata,2018,"94,492 km",Petrol,Manual,"EMI ₹5,737/m*",₹3.25 lakh
Maruti Alto 800,Maruti,2016,"28,817 km",Petrol,Manual,"EMI ₹4,805/m*",₹2.16 lakh
Maruti Alto,Maruti,2019,"18,337 km",Petrol,Manual,"EMI ₹4,237/m*",₹2.40 lakh
Maruti Swift,Maruti,2018,"49,530 km",Petrol,Manual,"EMI ₹7,149/m*",₹4.05 lakh
Tata Harrier,Tata,2019,"1,26,452 km",Diesel,Manual,"EMI ₹21,888/m*",₹6.59 lakh
Hyundai i10,Hyundai,2015,"87,628 km",Petrol,Manual,"EMI ₹5,267/m*",₹2.00 lakh
Honda City,Honda,2015,"81,296 km",Petrol,Manual,"EMI ₹10,455/m*",₹3.97 lakh
Tata TIGOR EV,Tata,2021,"1,80,215 km",Electric,Auto,"EMI ₹6,673/m*",₹3.00 lakh
Tata Curvv,Tata,2025,"6,670 km",Petrol,Manual,"EMI ₹16,609/m*",₹9.70 lakh
Maruti Celerio,Maruti,2016,"1,30,185 km",Petrol,Manual,"EMI ₹5,061/m*",₹2.27 lakh
Mahindra Kuv100,Mahindra,2016,"84,296 km",Petrol,Manual,"EMI ₹3,670/m*",₹1.65 lakh
Ford Ecosport,Ford,2016,"1,94,617 km",Diesel,Manual,"EMI ₹9,243/m*",₹3.51 lakh
Maruti Baleno,Maruti,2019,"59,230 km",Petrol,Manual,"EMI ₹7,061/m*",₹4.00 lakh
Maruti Alto,Maruti,2019,"1,07,757 km",Petrol,Manual,"EMI ₹5,227/m*",₹2.35 lakh
Honda WR-V,Honda,2019,"63,656 km",Petrol,Manual,"EMI ₹7,061/m*",₹4.00 lakh
Maruti Wagon R 1.0,Maruti,2011,"1,04,322 km",Petrol,Manual,"EMI ₹7,061/m*",₹1.25 lakh
Maruti Swift Dzire,Maruti,2015,"64,734 km",Petrol,Manual,"EMI ₹8,269/m*",₹3.14 lakh
Hyundai Grand i10,Hyundai,2014,"43,410 km",Petrol,Manual,"EMI ₹6,477/m*",₹1.95 lakh
Honda Amaze,Honda,2016,"54,620 km",Petrol,Manual,"EMI ₹5,583/m*",₹2.51 lakh
Maruti Ertiga,Maruti,2016,"1,32,604 km",Petrol,Manual,"EMI ₹9,921/m*",₹4.46 lakh
Hyundai Grand i10,Hyundai,2017,"82,308 km",Petrol,Manual,"EMI ₹5,024/m*",₹2.57 lakh
Maruti Celerio,Maruti,2015,"84,183 km",Petrol,Manual,"EMI ₹5,820/m*",₹2.21 lakh
Maruti Ertiga,Maruti,2012,"1,75,292 km",Petrol,Manual,"EMI ₹23,545/m*",₹2.65 lakh
Tata TIGOR,Tata,2018,"74,094 km",Petrol,Auto,"EMI ₹5,525/m*",₹3.13 lakh
Fiat Punto EVO,Fiat,2017,"59,744 km",Petrol,Manual,"EMI ₹4,927/m*",₹2.52 lakh
Hyundai Santro Xing,Hyundai,2012,"1,05,957 km",Petrol,Manual,"EMI ₹7,463/m*",₹0.84 lakh
Volkswagen Polo,Volkswagen,2011,"2,50,000 km",Petrol,Manual,"EMI ₹7,463/m*",₹0.84 lakh
Ford Ecosport,Ford,2017,"1,75,058 km",Diesel,Manual,"EMI ₹30,653/m*",₹3.45 lakh
Maruti Swift,Maruti,2017,"1,25,099 km",Petrol,Manual,"EMI ₹7,207/m*",₹3.24 lakh
Volkswagen Polo,Volkswagen,2013,"1,18,885 km",Petrol,Manual,"EMI ₹7,767/m*",₹1.65 lakh
Hyundai i10,Hyundai,2015,"1,51,019 km",Petrol,Manual,"EMI ₹4,082/m*",₹1.55 lakh
Maruti Vitara Brezza,Maruti,2016,"1,87,818 km",Diesel,Manual,"EMI ₹4,082/m*",₹3.78 lakh
Maruti Wagon R 1.0,Maruti,2013,"1,07,978 km",Petrol,Manual,"EMI ₹6,449/m*",₹1.37 lakh
Maruti Wagon R 1.0,Maruti,2015,"61,490 km",Petrol,Manual,"EMI ₹5,767/m*",₹2.19 lakh
Hyundai Creta,Hyundai,2016,"2,23,270 km",Diesel,Manual,"EMI ₹5,767/m*",₹5.75 lakh
Maruti Celerio,Maruti,2016,"1,44,761 km",Petrol,Auto,"EMI ₹3,532/m*",₹1.59 lakh
Maruti Baleno,Maruti,2018,"31,097 km",Petrol,Manual,"EMI ₹7,750/m*",₹4.39 lakh
Maruti Wagon R 1.0,Maruti,2014,"1,45,224 km",Petrol,Manual,"EMI ₹5,680/m*",₹1.71 lakh
Tata PUNCH,Tata,2023,"45,673 km",Petrol,Manual,"EMI ₹10,627/m*",₹6.02 lakh
Maruti Alto,Maruti,2012,"62,051 km",Petrol,Manual,"EMI ₹11,461/m*",₹1.29 lakh
Maruti Alto K10,Maruti,2013,"1,36,806 km",Petrol,Manual,"EMI ₹5,279/m*",₹1.12 lakh
Hyundai Verna,Hyundai,2024,"7,818 km",Petrol,Auto,"EMI ₹23,235/m*",₹13.57 lakh
Maruti Celerio,Maruti,2015,"1,12,482 km",Petrol,Auto,"EMI ₹4,898/m*",₹1.86 lakh
Honda City,Honda,2017,"58,860 km",Petrol,Manual,"EMI ₹9,365/m*",₹4.79 lakh
Mahindra Kuv100,Mahindra,2017,"1,51,309 km",Diesel,Manual,"EMI ₹14,394/m*",₹1.62 lakh
Maruti Ertiga,Maruti,2021,"31,312 km",Petrol,Manual,"EMI ₹13,869/m*",₹8.10 lakh
Maruti Wagon R 1.0,Maruti,2014,"1,14,982 km",Petrol,Manual,"EMI ₹6,178/m*",₹1.86 lakh
Maruti Dzire,Maruti,2017,"1,23,685 km",Petrol,Manual,"EMI ₹8,787/m*",₹3.95 lakh
Maruti Ertiga,Maruti,2024,"28,137 km",Petrol,Manual,"EMI ₹15,958/m*",₹9.32 lakh
Hyundai Grand i10,Hyundai,2014,"1,30,388 km",Petrol,Auto,"EMI ₹7,473/m*",₹2.25 lakh
Hyundai i10,Hyundai,2012,"85,408 km",Petrol,Auto,"EMI ₹10,306/m*",₹1.16 lakh
Maruti Vitara Brezza,Maruti,2016,"1,13,680 km",Diesel,Manual,"EMI ₹10,306/m*",₹4.50 lakh
Mahindra Scorpio,Mahindra,2019,"2,45,781 km",Diesel,Manual,"EMI ₹27,337/m*",₹8.35 lakh
Toyota Etios,Toyota,2011,"1,33,350 km",Petrol,Manual,"EMI ₹27,337/m*",₹0.90 lakh
Ford Figo,Ford,2014,"1,10,351 km",Petrol,Manual,"EMI ₹4,617/m*",₹1.39 lakh
Honda BR-V,Honda,2018,"40,500 km",Petrol,Manual,"EMI ₹10,239/m*",₹5.80 lakh
Honda City,Honda,2017,"84,822 km",Petrol,Auto,"EMI ₹9,384/m*",₹4.80 lakh
Hyundai Santro Xing,Hyundai,2013,"24,691 km",Petrol,Manual,"EMI ₹6,167/m*",₹1.31 lakh
Tata TIGOR,Tata,2018,"90,272 km",Petrol,Manual,"EMI ₹4,996/m*",₹2.83 lakh
Mahindra Scorpio,Mahindra,2019,"65,918 km",Diesel,Manual,"EMI ₹30,577/m*",₹9.34 lakh
Maruti Ertiga,Maruti,2019,"87,913 km",Petrol,Manual,"EMI ₹10,592/m*",₹6.00 lakh
Maruti Wagon R 1.0,Maruti,2015,"1,50,394 km",Petrol,Manual,"EMI ₹4,793/m*",₹1.82 lakh
Hyundai Santro Xing,Hyundai,2011,"1,21,551 km",Petrol,Manual,"EMI ₹4,793/m*",₹0.75 lakh
Honda WR-V,Honda,2022,"37,355 km",Petrol,Manual,"EMI ₹10,786/m*",₹6.11 lakh
Renault Kwid,Renault,2016,"97,103 km",Petrol,Manual,"EMI ₹3,581/m*",₹1.61 lakh
Maruti Swift Dzire,Maruti,2011,"1,28,566 km",Petrol,Manual,"EMI ₹3,581/m*",₹0.87 lakh
Toyota Camry,Toyota,2014,"1,20,888 km",Petrol,Auto,"EMI ₹18,268/m*",₹5.50 lakh
Ford Figo Aspire,Ford,2017,"97,662 km",Diesel,Manual,"EMI ₹25,500/m*",₹2.87 lakh
Hyundai VENUE,Hyundai,2020,"1,07,000 km",Petrol,Manual,"EMI ₹11,100/m*",₹4.99 lakh
Toyota URBAN CRUISER,Toyota,2022,"65,665 km",Petrol,Auto,"EMI ₹10,433/m*",₹5.91 lakh
Honda Amaze,Honda,2015,"92,500 km",Petrol,Manual,"EMI ₹5,793/m*",₹2.20 lakh
Maruti Ertiga,Maruti,2019,"75,000 km",Petrol,Manual,"EMI ₹13,293/m*",₹7.53 lakh
Renault Kwid,Renault,2020,"22,000 km",Petrol,Manual,"EMI ₹4,890/m*",₹2.77 lakh
Hyundai i20,Hyundai,2011,"51,492 km",Petrol,Manual,"EMI ₹4,890/m*",₹1.28 lakh
Maruti Ciaz,Maruti,2016,"1,80,762 km",Diesel,Manual,"EMI ₹4,890/m*",₹2.89 lakh
Maruti Swift,Maruti,2012,"89,140 km",Petrol,Manual,"EMI ₹13,594/m*",₹1.53 lakh
Tata PUNCH,Tata,2022,"51,967 km",Petrol,Manual,"EMI ₹9,338/m*",₹5.29 lakh
Tata Tiago,Tata,2017,"40,101 km",Petrol,Manual,"EMI ₹6,217/m*",₹3.18 lakh
Maruti Baleno,Maruti,2018,"76,341 km",Petrol,Manual,"EMI ₹7,061/m*",₹4.00 lakh
Chevrolet Beat,Chevrolet,2012,"32,097 km",Petrol,Manual,"EMI ₹6,397/m*",₹0.72 lakh
Honda Amaze,Honda,2014,"2,04,502 km",Diesel,Manual,"EMI ₹7,249/m*",₹1.54 lakh
Hyundai Santro Xing,Hyundai,2012,"1,05,646 km",Petrol,Manual,"EMI ₹6,841/m*",₹0.77 lakh
Hyundai i10,Hyundai,2011,"96,770 km",Petrol,Manual,"EMI ₹6,841/m*",₹1.18 lakh
Honda Amaze,Honda,2016,"65,676 km",Petrol,Manual,"EMI ₹7,897/m*",₹3.55 lakh
Skoda Rapid,Skoda,2012,"28,711 km",Petrol,Manual,"EMI ₹15,637/m*",₹1.76 lakh
Maruti Baleno,Maruti,2016,"1,13,092 km",Petrol,Manual,"EMI ₹6,896/m*",₹3.10 lakh
Hyundai Xcent,Hyundai,2015,"1,00,951 km",Petrol,Manual,"EMI ₹4,529/m*",₹1.72 lakh
Maruti Ritz,Maruti,2012,"1,06,868 km",Petrol,Manual,"EMI ₹11,284/m*",₹1.27 lakh
Hyundai Grand i10,Hyundai,2016,"88,464 km",Petrol,Manual,"EMI ₹5,205/m*",₹2.34 lakh
Tata Tiago,Tata,2016,"72,622 km",Diesel,Manual,"EMI ₹5,205/m*",₹1.98 lakh
Hyundai Grand i10,Hyundai,2014,"50,169 km",Petrol,Manual,"EMI ₹10,130/m*",₹3.05 lakh
Maruti Swift,Maruti,2011,"79,453 km",Petrol,Manual,"EMI ₹10,130/m*",₹1.25 lakh
Hyundai i20,Hyundai,2013,"87,484 km",Petrol,Manual,"EMI ₹9,415/m*",₹2.00 lakh
Nissan Micra,Nissan,2015,"72,506 km",Petrol,Manual,"EMI ₹4,055/m*",₹1.54 lakh
Maruti Alto K10,Maruti,2016,"1,47,911 km",Petrol,Auto,"EMI ₹5,161/m*",₹2.32 lakh
Maruti Alto K10,Maruti,2011,"69,037 km",Petrol,Manual,"EMI ₹5,161/m*",₹0.81 lakh
Maruti Swift Dzire,Maruti,2011,"1,57,390 km",Petrol,Manual,"EMI ₹5,161/m*",₹1.04 lakh
Hyundai Santro Xing,Hyundai,2011,"1,17,518 km",Petrol,Manual,"EMI ₹5,161/m*",₹0.74 lakh
Maruti Zen Estilo,Maruti,2011,"18,363 km",Petrol,Manual,"EMI ₹5,161/m*",₹0.69 lakh
Tata Tiago,Tata,2019,"38,164 km",Petrol,Manual,"EMI ₹5,049/m*",₹2.86 lakh
Hyundai Elite i20,Hyundai,2019,"5,39,225 km",Petrol,Manual,"EMI ₹8,342/m*",₹3.75 lakh
Tata PUNCH,Tata,2024,"26,635 km",Petrol,Manual,"EMI ₹11,298/m*",₹6.40 lakh
Tata PUNCH,Tata,2023,"18,911 km",Petrol,Manual,"EMI ₹9,285/m*",₹5.26 lakh
Maruti Celerio,Maruti,2018,"90,234 km",Petrol,Manual,"EMI ₹4,448/m*",₹2.52 lakh
Maruti Alto K10,Maruti,2011,"88,807 km",Petrol,Manual,"EMI ₹4,448/m*",₹0.97 lakh
Maruti New Wagon-R,Maruti,2019,"1,22,207 km",Petrol,Manual,"EMI ₹6,874/m*",₹3.09 lakh
Maruti Vitara Brezza,Maruti,2018,"1,25,216 km",Diesel,Manual,"EMI ₹24,337/m*",₹5.17 lakh
Hyundai i10,Hyundai,2011,"58,818 km",Petrol,Manual,"EMI ₹24,337/m*",₹1.30 lakh
Maruti Baleno,Maruti,2019,"59,725 km",Petrol,Manual,"EMI ₹10,256/m*",₹5.81 lakh
Maruti Baleno,Maruti,2016,"80,778 km",Petrol,Manual,"EMI ₹6,362/m*",₹2.86 lakh
Maruti Celerio,Maruti,2018,"50,862 km",Petrol,Auto,"EMI ₹4,378/m*",₹2.48 lakh
Maruti Ciaz,Maruti,2016,"1,50,024 km",Diesel,Manual,"EMI ₹4,378/m*",₹2.85 lakh
Hyundai i10,Hyundai,2011,"61,364 km",Petrol,Manual,"EMI ₹4,378/m*",₹1.15 lakh
Maruti Alto K10,Maruti,2011,"68,192 km",Petrol,Manual,"EMI ₹4,378/m*",₹1.11 lakh
Maruti Baleno,Maruti,2020,"33,657 km",Petrol,Manual,"EMI ₹9,144/m*",₹5.18 lakh
Toyota Glanza,Toyota,2023,"16,603 km",Petrol,Manual,"EMI ₹9,444/m*",₹5.35 lakh
Tata NEXON,Tata,2018,"95,223 km",Diesel,Auto,"EMI ₹25,278/m*",₹5.37 lakh
Maruti Celerio,Maruti,2017,"31,000 km",Petrol,Manual,"EMI ₹4,888/m*",₹2.50 lakh
Honda City,Honda,2015,"72,821 km",Petrol,Auto,"EMI ₹12,245/m*",₹4.65 lakh
Hyundai Grand i10,Hyundai,2015,"49,030 km",Petrol,Manual,"EMI ₹7,189/m*",₹2.73 lakh
Ford Ecosport,Ford,2016,"86,925 km",Petrol,Auto,"EMI ₹10,277/m*",₹4.62 lakh
Maruti New Wagon-R,Maruti,2019,"76,619 km",Petrol,Manual,"EMI ₹6,567/m*",₹3.72 lakh
Maruti Baleno,Maruti,2021,"45,486 km",Petrol,Manual,"EMI ₹8,314/m*",₹4.71 lakh
Ford FREESTYLE,Ford,2021,"65,531 km",Petrol,Manual,"EMI ₹7,891/m*",₹4.47 lakh
Maruti Alto,Maruti,2010,"1,68,951 km",Petrol,Manual,"EMI ₹7,891/m*",₹0.56 lakh
Hyundai Elite i20,Hyundai,2015,"1,10,610 km",Petrol,Manual,"EMI ₹7,373/m*",₹2.80 lakh
Honda Amaze,Honda,2017,"51,870 km",Petrol,Manual,"EMI ₹7,496/m*",₹3.83 lakh
Maruti Vitara Brezza,Maruti,2019,"93,614 km",Diesel,Manual,"EMI ₹20,394/m*",₹6.14 lakh
Maruti Wagon R 1.0,Maruti,2016,"29,668 km",Petrol,Manual,"EMI ₹5,895/m*",₹2.65 lakh
Renault Duster,Renault,2016,"80,241 km",Diesel,Manual,"EMI ₹5,895/m*",₹2.93 lakh
Hyundai Santro Xing,Hyundai,2011,"1,37,591 km",Petrol,Manual,"EMI ₹5,895/m*",₹0.73 lakh
Toyota Etios,Toyota,2011,"1,45,544 km",Petrol,Manual,"EMI ₹5,895/m*",₹1.43 lakh
Honda City,Honda,2016,"83,800 km",Petrol,Manual,"EMI ₹10,077/m*",₹4.53 lakh
Maruti New Wagon-R,Maruti,2019,"39,772 km",Petrol,Manual,"EMI ₹6,178/m*",₹3.50 lakh
Maruti Baleno,Maruti,2020,"10,778 km",Petrol,Manual,"EMI ₹8,667/m*",₹4.91 lakh
Honda WR-V,Honda,2021,"7,970 km",Petrol,Manual,"EMI ₹11,333/m*",₹6.42 lakh
Mahindra XUV300,Mahindra,2019,"44,034 km",Diesel,Manual,"EMI ₹19,929/m*",₹6.00 lakh
Hyundai Grand i10,Hyundai,2017,"66,500 km",Petrol,Manual,"EMI ₹5,670/m*",₹2.90 lakh
Maruti Baleno,Maruti,2017,"71,129 km",Diesel,Manual,"EMI ₹29,320/m*",₹3.30 lakh
Maruti Ciaz,Maruti,2015,"69,552 km",Petrol,Manual,"EMI ₹9,059/m*",₹3.44 lakh
Maruti Wagon R 1.0,Maruti,2012,"94,953 km",Petrol,Manual,"EMI ₹8,618/m*",₹0.97 lakh
Hyundai Creta,Hyundai,2017,"92,576 km",Petrol,Auto,"EMI ₹15,406/m*",₹7.88 lakh
Hyundai Grand i10,Hyundai,2017,"1,34,443 km",Petrol,Manual,"EMI ₹6,340/m*",₹2.85 lakh
Mahindra MARAZZO,Mahindra,2019,"42,676 km",Diesel,Manual,"EMI ₹19,663/m*",₹5.92 lakh
Tata TIGOR,Tata,2018,"1,07,944 km",Petrol,Manual,"EMI ₹6,607/m*",₹2.97 lakh
Honda City,Honda,2011,"1,48,071 km",Petrol,Manual,"EMI ₹6,607/m*",₹1.30 lakh
Maruti Wagon R 1.0,Maruti,2011,"58,170 km",Petrol,Manual,"EMI ₹6,607/m*",₹0.75 lakh
MG HECTOR,MG,2021,"37,751 km",Petrol,Auto,"EMI ₹14,177/m*",₹8.28 lakh
Skoda Fabia,Skoda,2011,"1,41,405 km",Petrol,Manual,"EMI ₹14,177/m*",₹0.87 lakh
Maruti Celerio,Maruti,2016,"1,43,237 km",Petrol,Manual,"EMI ₹5,450/m*",₹2.45 lakh
Hyundai Creta,Hyundai,2017,"84,986 km",Petrol,Auto,"EMI ₹13,568/m*",₹6.94 lakh
Maruti Wagon R 1.0,Maruti,2018,"60,333 km",Petrol,Auto,"EMI ₹4,943/m*",₹2.80 lakh
MG HECTOR,MG,2019,"38,263 km",Petrol,Auto,"EMI ₹16,592/m*",₹9.69 lakh
Ford Ecosport,Ford,2016,"95,107 km",Diesel,Manual,"EMI ₹16,592/m*",₹2.66 lakh
Maruti Baleno,Maruti,2022,"50,000 km",Petrol,Manual,"EMI ₹8,297/m*",₹4.70 lakh
Hyundai Elite i20,Hyundai,2016,"1,43,722 km",Diesel,Manual,"EMI ₹8,297/m*",₹2.80 lakh
Maruti Wagon R 1.0,Maruti,2017,"74,139 km",Petrol,Manual,"EMI ₹4,712/m*",₹2.41 lakh
Maruti Swift,Maruti,2016,"90,224 km",Petrol,Manual,"EMI ₹5,895/m*",₹2.65 lakh
Maruti Baleno,Maruti,2017,"52,905 km",Petrol,Manual,"EMI ₹8,621/m*",₹4.41 lakh
Renault Kwid,Renault,2019,"43,851 km",Petrol,Manual,"EMI ₹4,007/m*",₹2.27 lakh
Tata ALTROZ,Tata,2021,"75,524 km",Diesel,Manual,"EMI ₹8,103/m*",₹4.59 lakh
Volkswagen Polo,Volkswagen,2011,"96,523 km",Petrol,Manual,"EMI ₹8,103/m*",₹0.95 lakh
Maruti Vitara Brezza,Maruti,2016,"1,01,430 km",Diesel,Manual,"EMI ₹8,103/m*",₹4.51 lakh
Tata Harrier,Tata,2020,"1,39,421 km",Diesel,Manual,"EMI ₹29,645/m*",₹11.47 lakh
Hyundai Santro Xing,Hyundai,2012,"1,06,731 km",Petrol,Manual,"EMI ₹9,685/m*",₹1.09 lakh
KIA CARENS,KIA,2023,"73,660 km",Petrol,Manual,"EMI ₹14,058/m*",₹8.21 lakh
Maruti Swift,Maruti,2020,"48,033 km",Petrol,Manual,"EMI ₹7,449/m*",₹4.22 lakh
Maruti Swift,Maruti,2017,"55,194 km",Diesel,Manual,"EMI ₹28,609/m*",₹3.22 lakh
Tata Tiago,Tata,2016,"47,211 km",Petrol,Manual,"EMI ₹5,339/m*",₹2.40 lakh
Hyundai Grand i10,Hyundai,2014,"11,495 km",Petrol,Manual,"EMI ₹7,706/m*",₹2.32 lakh
Volkswagen Polo,Volkswagen,2015,"78,067 km",Petrol,Manual,"EMI ₹7,505/m*",₹2.85 lakh
Maruti Wagon R 1.0,Maruti,2012,"1,09,623 km",Petrol,Manual,"EMI ₹11,106/m*",₹1.25 lakh
Maruti Wagon R 1.0,Maruti,2011,"66,298 km",Petrol,Manual,"EMI ₹11,106/m*",₹0.74 lakh
Skoda Rapid,Skoda,2012,"1,10,251 km",Petrol,Auto,"EMI ₹16,881/m*",₹1.90 lakh
Hyundai Grand i10,Hyundai,2014,"1,83,267 km",Petrol,Manual,"EMI ₹6,204/m*",₹1.87 lakh
Maruti Swift,Maruti,2017,"57,096 km",Petrol,Manual,"EMI ₹5,865/m*",₹3.00 lakh
Honda Jazz,Honda,2019,"21,989 km",Petrol,Auto,"EMI ₹7,838/m*",₹4.44 lakh
Renault Kwid,Renault,2018,"80,148 km",Petrol,Auto,"EMI ₹3,884/m*",₹2.20 lakh
Maruti Wagon R 1.0,Maruti,2014,"1,03,493 km",Petrol,Manual,"EMI ₹5,646/m*",₹1.70 lakh
Maruti Wagon R 1.0,Maruti,2016,"89,390 km",Petrol,Manual,"EMI ₹4,849/m*",₹2.18 lakh
Maruti Swift,Maruti,2015,"1,04,357 km",Petrol,Manual,"EMI ₹7,031/m*",₹2.67 lakh
Maruti Vitara Brezza,Maruti,2017,"1,11,781 km",Diesel,Manual,"EMI ₹35,540/m*",₹4.00 lakh
Renault Kwid,Renault,2019,"12,284 km",Petrol,Manual,"EMI ₹5,296/m*",₹3.00 lakh
Honda City,Honda,2014,"1,13,246 km",Petrol,Manual,"EMI ₹11,459/m*",₹3.45 lakh
Maruti Wagon R 1.0,Maruti,2011,"1,00,531 km",Petrol,Manual,"EMI ₹11,459/m*",₹0.99 lakh
Hyundai Verna,Hyundai,2019,"99,736 km",Petrol,Auto,"EMI ₹12,357/m*",₹7.00 lakh
Mahindra SCORPIO-N,Mahindra,2023,"81,604 km",Diesel,Manual,"EMI ₹19,725/m*",₹11.52 lakh
Maruti Baleno,Maruti,2016,"95,044 km",Petrol,Manual,"EMI ₹6,540/m*",₹2.94 lakh
Maruti Ertiga,Maruti,2014,"35,507 km",Petrol,Manual,"EMI ₹16,840/m*",₹5.07 lakh
Maruti Swift,Maruti,2019,"1,24,472 km",Petrol,Manual,"EMI ₹7,897/m*",₹3.55 lakh
Renault TRIBER,Renault,2020,"1,35,026 km",Petrol,Manual,"EMI ₹7,786/m*",₹3.50 lakh
Hyundai Verna,Hyundai,2014,"41,885 km",Petrol,Manual,"EMI ₹13,618/m*",₹4.10 lakh
Hyundai Creta,Hyundai,2017,"1,15,342 km",Diesel,Manual,"EMI ₹52,598/m*",₹5.92 lakh
Chevrolet Cruze,Chevrolet,2017,"1,07,285 km",Diesel,Auto,"EMI ₹37,583/m*",₹4.23 lakh
Honda Amaze,Honda,2017,"1,37,452 km",Petrol,Manual,"EMI ₹6,651/m*",₹2.99 lakh
Maruti Wagon R 1.0,Maruti,2016,"1,95,390 km",Petrol,Manual,"EMI ₹4,671/m*",₹2.10 lakh
Hyundai Grand i10,Hyundai,2014,"1,31,107 km",Petrol,Manual,"EMI ₹5,480/m*",₹1.65 lakh
Hyundai Creta,Hyundai,2017,"64,211 km",Petrol,Manual,"EMI ₹11,730/m*",₹6.00 lakh
Maruti Ertiga,Maruti,2017,"1,62,513 km",Diesel,Manual,"EMI ₹43,714/m*",₹4.92 lakh
Maruti Swift,Maruti,2015,"47,375 km",Petrol,Manual,"EMI ₹7,874/m*",₹2.99 lakh
Hyundai i10,Hyundai,2011,"42,565 km",Petrol,Manual,"EMI ₹7,874/m*",₹0.82 lakh
Tata TIAGO NRG,Tata,2023,"15,563 km",Petrol,Manual,"EMI ₹8,826/m*",₹5.00 lakh
Maruti Alto 800,Maruti,2015,"1,38,426 km",Petrol,Manual,"EMI ₹4,240/m*",₹1.61 lakh
Hyundai Eon,Hyundai,2017,"28,633 km",Petrol,Manual,"EMI ₹4,301/m*",₹2.20 lakh
Hyundai Creta,Hyundai,2017,"1,25,822 km",Diesel,Auto,"EMI ₹56,152/m*",₹6.32 lakh
Hyundai i20,Hyundai,2012,"85,700 km",Petrol,Manual,"EMI ₹15,282/m*",₹1.72 lakh
Honda City,Honda,2011,"80,441 km",Petrol,Manual,"EMI ₹15,282/m*",₹1.60 lakh
Honda Jazz,Honda,2018,"62,139 km",Diesel,Manual,"EMI ₹14,781/m*",₹3.14 lakh
Chevrolet Sail,Chevrolet,2013,"6,526 km",Petrol,Manual,"EMI ₹6,873/m*",₹1.46 lakh
Hyundai VENUE,Hyundai,2021,"57,986 km",Petrol,Manual,"EMI ₹9,532/m*",₹5.40 lakh
Hyundai Creta,Hyundai,2016,"1,33,074 km",Diesel,Manual,"EMI ₹9,532/m*",₹4.57 lakh
Tata NEXON,Tata,2024,"11,084 km",Petrol,Auto,"EMI ₹14,554/m*",₹8.50 lakh
Nissan MAGNITE,Nissan,2024,"14,440 km",Petrol,Auto,"EMI ₹11,121/m*",₹6.30 lakh
Honda City,Honda,2014,"65,928 km",Petrol,Manual,"EMI ₹12,123/m*",₹3.65 lakh
Hyundai Eon,Hyundai,2013,"90,323 km",Petrol,Manual,"EMI ₹5,084/m*",₹1.08 lakh
Hyundai New Elantra,Hyundai,2012,"48,540 km",Petrol,Manual,"EMI ₹29,853/m*",₹3.36 lakh
Hyundai i20,Hyundai,2010,"1,45,682 km",Petrol,Manual,"EMI ₹29,853/m*",₹1.84 lakh
Maruti Vitara Brezza,Maruti,2016,"65,491 km",Diesel,Manual,"EMI ₹29,853/m*",₹4.10 lakh
Hyundai i10,Hyundai,2011,"63,962 km",Petrol,Manual,"EMI ₹29,853/m*",₹0.85 lakh
Mahindra XUV500,Mahindra,2018,"93,519 km",Diesel,Auto,"EMI ₹43,159/m*",₹9.26 lakh
Hyundai i20,Hyundai,2011,"1,32,736 km",Petrol,Manual,"EMI ₹43,159/m*",₹1.15 lakh
Hyundai NEW I20,Hyundai,2022,"56,587 km",Petrol,Auto,"EMI ₹10,239/m*",₹5.80 lakh
Maruti Baleno,Maruti,2018,"1,28,319 km",Petrol,Auto,"EMI ₹8,520/m*",₹3.83 lakh
Honda City,Honda,2011,"98,793 km",Petrol,Manual,"EMI ₹8,520/m*",₹1.58 lakh
Ford Ecosport,Ford,2016,"1,19,180 km",Diesel,Manual,"EMI ₹8,520/m*",₹3.06 lakh
Maruti Alto K10,Maruti,2016,"81,207 km",Petrol,Auto,"EMI ₹4,649/m*",₹2.09 lakh
Hyundai GRAND I10 NIOS,Hyundai,2022,"51,182 km",Petrol,Manual,"EMI ₹7,061/m*",₹4.00 lakh
Maruti Alto K10,Maruti,2011,"1,510 km",Petrol,Manual,"EMI ₹7,061/m*",₹1.00 lakh
Hyundai NEW SANTRO,Hyundai,2020,"1,19,256 km",Petrol,Manual,"EMI ₹6,050/m*",₹2.72 lakh
Hyundai i10,Hyundai,2013,"1,16,873 km",Petrol,Manual,"EMI ₹6,881/m*",₹1.46 lakh
Maruti Wagon R 1.0,Maruti,2011,"42,624 km",Petrol,Manual,"EMI ₹6,881/m*",₹1.35 lakh
Hyundai Creta,Hyundai,2017,"1,11,298 km",Diesel,Manual,"EMI ₹47,534/m*",₹5.35 lakh
Honda WR-V,Honda,2017,"1,12,300 km",Petrol,Manual,"EMI ₹6,985/m*",₹3.14 lakh
Maruti Wagon R 1.0,Maruti,2012,"90,008 km",Petrol,Manual,"EMI ₹11,995/m*",₹1.35 lakh
Maruti Ertiga,Maruti,2017,"86,497 km",Petrol,Manual,"EMI ₹10,029/m*",₹5.13 lakh
Honda City,Honda,2014,"2,01,315 km",Petrol,Manual,"EMI ₹9,300/m*",₹2.80 lakh
Hyundai i20,Hyundai,2011,"96,356 km",Petrol,Manual,"EMI ₹9,300/m*",₹0.85 lakh
Hyundai i20,Hyundai,2013,"56,150 km",Petrol,Manual,"EMI ₹8,426/m*",₹1.79 lakh
Renault Lodgy,Renault,2016,"94,165 km",Diesel,Manual,"EMI ₹8,426/m*",₹2.00 lakh
Maruti Wagon R 1.0,Maruti,2012,"1,60,733 km",Petrol,Manual,"EMI ₹10,573/m*",₹1.19 lakh
Tata Tiago,Tata,2022,"68,016 km",Petrol,Manual,"EMI ₹7,750/m*",₹4.39 lakh
Toyota Etios,Toyota,2011,"51,180 km",Petrol,Manual,"EMI ₹7,750/m*",₹1.20 lakh
Hyundai Grand i10,Hyundai,2016,"64,617 km",Petrol,Manual,"EMI ₹6,740/m*",₹3.03 lakh
Hyundai Elite i20,Hyundai,2019,"54,429 km",Petrol,Manual,"EMI ₹7,997/m*",₹4.53 lakh
Maruti Dzire,Maruti,2018,"1,16,752 km",Petrol,Auto,"EMI ₹10,255/m*",₹4.61 lakh
Hyundai Creta,Hyundai,2025,"4,180 km",Petrol,Manual,"EMI ₹18,595/m*",₹10.86 lakh
Toyota Etios,Toyota,2011,"91,127 km",Petrol,Manual,"EMI ₹18,595/m*",₹1.06 lakh
Honda City,Honda,2012,"86,852 km",Petrol,Auto,"EMI ₹15,726/m*",₹1.77 lakh
Maruti Swift,Maruti,2015,"51,590 km",Petrol,Manual,"EMI ₹8,301/m*",₹3.15 lakh
Honda City,Honda,2015,"1,47,795 km",Petrol,Auto,"EMI ₹11,166/m*",₹4.24 lakh
Maruti Celerio,Maruti,2018,"1,22,986 km",Petrol,Manual,"EMI ₹7,140/m*",₹3.21 lakh
Maruti Celerio,Maruti,2019,"30,088 km",Petrol,Manual,"EMI ₹5,596/m*",₹3.17 lakh
Maruti Wagon R 1.0,Maruti,2014,"94,287 km",Petrol,Manual,"EMI ₹4,982/m*",₹1.50 lakh
Ford Ecosport,Ford,2016,"89,743 km",Diesel,Manual,"EMI ₹7,768/m*",₹2.95 lakh
Maruti Celerio,Maruti,2016,"43,881 km",Petrol,Auto,"EMI ₹8,008/m*",₹3.60 lakh
Maruti Ertiga,Maruti,2017,"1,03,402 km",Diesel,Manual,"EMI ₹47,534/m*",₹5.35 lakh
Honda Jazz,Honda,2016,"1,33,212 km",Diesel,Manual,"EMI ₹47,534/m*",₹2.55 lakh
Maruti Swift Dzire,Maruti,2011,"46,577 km",Petrol,Manual,"EMI ₹47,534/m*",₹1.34 lakh
Maruti Baleno,Maruti,2016,"42,204 km",Petrol,Manual,"EMI ₹7,786/m*",₹3.50 lakh
Tata NEXON,Tata,2018,"83,137 km",Petrol,Manual,"EMI ₹7,096/m*",₹4.02 lakh
Toyota Etios,Toyota,2011,"26,593 km",Petrol,Manual,"EMI ₹7,096/m*",₹1.60 lakh
Maruti Vitara Brezza,Maruti,2019,"79,181 km",Diesel,Manual,"EMI ₹18,766/m*",₹5.65 lakh
Tata NEXON,Tata,2019,"2,05,365 km",Diesel,Manual,"EMI ₹14,116/m*",₹4.25 lakh
KIA CARENS,KIA,2023,"44,690 km",Petrol,Manual,"EMI ₹14,897/m*",₹8.70 lakh
Maruti Baleno,Maruti,2021,"53,433 km",Petrol,Manual,"EMI ₹7,414/m*",₹4.20 lakh
Hyundai Accent,Hyundai,2012,"1,12,332 km",Petrol,Manual,"EMI ₹8,352/m*",₹0.94 lakh
Maruti Ertiga,Maruti,2013,"82,331 km",Petrol,Manual,"EMI ₹15,958/m*",₹3.39 lakh
Maruti Ciaz,Maruti,2015,"75,691 km",Petrol,Manual,"EMI ₹8,163/m*",₹3.10 lakh
Maruti Swift,Maruti,2011,"83,993 km",Petrol,Manual,"EMI ₹8,163/m*",₹0.98 lakh
Maruti Eeco,Maruti,2016,"2,41,952 km",Petrol,Manual,"EMI ₹4,026/m*",₹1.81 lakh
Honda City,Honda,2016,"1,50,550 km",Petrol,Manual,"EMI ₹8,342/m*",₹3.75 lakh
Hyundai Grand i10,Hyundai,2015,"80,054 km",Petrol,Manual,"EMI ₹7,558/m*",₹2.87 lakh
Maruti SX4,Maruti,2011,"1,27,222 km",Petrol,Manual,"EMI ₹7,558/m*",₹0.82 lakh
Honda Brio,Honda,2015,"83,546 km",Petrol,Manual,"EMI ₹6,136/m*",₹2.33 lakh
Maruti Eeco,Maruti,2017,"1,19,600 km",Petrol,Manual,"EMI ₹5,383/m*",₹2.42 lakh
Maruti Eeco,Maruti,2019,"86,998 km",Petrol,Manual,"EMI ₹5,119/m*",₹2.90 lakh
Maruti Celerio,Maruti,2016,"1,60,956 km",Petrol,Manual,"EMI ₹5,339/m*",₹2.40 lakh
Maruti Wagon R 1.0,Maruti,2018,"52,085 km",Petrol,Manual,"EMI ₹5,472/m*",₹3.10 lakh
Honda Amaze,Honda,2018,"82,428 km",Petrol,Auto,"EMI ₹8,085/m*",₹4.58 lakh
Maruti Vitara Brezza,Maruti,2018,"91,899 km",Diesel,Manual,"EMI ₹25,937/m*",₹5.51 lakh
Maruti Swift,Maruti,2025,"9,935 km",Petrol,Auto,"EMI ₹11,457/m*",₹6.49 lakh
Maruti Alto K10,Maruti,2011,"74,184 km",Petrol,Manual,"EMI ₹11,457/m*",₹0.75 lakh
Honda City,Honda,2012,"86,255 km",Petrol,Manual,"EMI ₹15,637/m*",₹1.76 lakh
Maruti Baleno,Maruti,2018,"85,244 km",Petrol,Manual,"EMI ₹10,945/m*",₹6.20 lakh
Tata Tiago,Tata,2017,"44,123 km",Petrol,Manual,"EMI ₹6,197/m*",₹3.17 lakh
Ford Ecosport,Ford,2014,"1,62,027 km",Petrol,Auto,"EMI ₹8,802/m*",₹2.65 lakh
Hyundai Santro Xing,Hyundai,2012,"1,59,834 km",Petrol,Manual,"EMI ₹10,751/m*",₹1.21 lakh
Hyundai Santro Xing,Hyundai,2012,"7,035 km",Petrol,Manual,"EMI ₹7,463/m*",₹0.84 lakh
Datsun Redi Go,Datsun,2019,"1,08,179 km",Petrol,Manual,"EMI ₹3,826/m*",₹1.72 lakh
Honda Amaze,Honda,2016,"60,934 km",Petrol,Manual,"EMI ₹7,285/m*",₹3.27 lakh
Maruti Dzire,Maruti,2022,"82,754 km",Petrol,Manual,"EMI ₹9,656/m*",₹5.47 lakh
Hyundai Santro Xing,Hyundai,2013,"67,818 km",Petrol,Manual,"EMI ₹5,461/m*",₹1.16 lakh
Maruti Vitara Brezza,Maruti,2018,"1,70,720 km",Diesel,Manual,"EMI ₹18,547/m*",₹3.94 lakh
Maruti Wagon R 1.0,Maruti,2011,"92,353 km",Petrol,Manual,"EMI ₹18,547/m*",₹0.82 lakh
Honda Amaze,Honda,2016,"54,104 km",Petrol,Manual,"EMI ₹6,006/m*",₹2.70 lakh
Hyundai i10,Hyundai,2013,"71,934 km",Petrol,Manual,"EMI ₹6,355/m*",₹1.35 lakh
Honda City,Honda,2011,"1,06,973 km",Petrol,Manual,"EMI ₹6,355/m*",₹1.15 lakh
Maruti Dzire,Maruti,2017,"1,14,761 km",Diesel,Manual,"EMI ₹8,230/m*",₹3.70 lakh
Tata Tiago,Tata,2020,"35,169 km",Petrol,Manual,"EMI ₹6,532/m*",₹3.70 lakh
Honda City,Honda,2015,"1,45,255 km",Petrol,Auto,"EMI ₹9,259/m*",₹3.52 lakh
Maruti Wagon R 1.0,Maruti,2017,"22,507 km",Petrol,Auto,"EMI ₹6,452/m*",₹3.30 lakh
Toyota Etios,Toyota,2011,"65,045 km",Petrol,Manual,"EMI ₹6,452/m*",₹1.00 lakh
Toyota Etios,Toyota,2016,"93,640 km",Petrol,Manual,"EMI ₹5,761/m*",₹2.59 lakh
Maruti Swift Dzire,Maruti,2015,"97,977 km",Petrol,Manual,"EMI ₹9,164/m*",₹3.48 lakh
Maruti Wagon R 1.0,Maruti,2011,"1,27,388 km",Petrol,Manual,"EMI ₹9,164/m*",₹0.93 lakh
Maruti Celerio,Maruti,2021,"64,304 km",Petrol,Manual,"EMI ₹6,037/m*",₹3.42 lakh
Hyundai Santro Xing,Hyundai,2011,"95,495 km",Petrol,Manual,"EMI ₹6,037/m*",₹0.84 lakh
Honda Amaze,Honda,2016,"91,709 km",Petrol,Manual,"EMI ₹5,784/m*",₹2.60 lakh
Ford Figo,Ford,2011,"75,357 km",Petrol,Manual,"EMI ₹5,784/m*",₹0.89 lakh
Tata Tiago,Tata,2018,"1,35,075 km",Diesel,Manual,"EMI ₹12,098/m*",₹2.57 lakh
Hyundai VENUE,Hyundai,2021,"52,990 km",Petrol,Manual,"EMI ₹9,938/m*",₹5.63 lakh
Maruti Swift Dzire,Maruti,2011,"87,889 km",Petrol,Manual,"EMI ₹9,938/m*",₹0.90 lakh
Maruti Baleno,Maruti,2016,"1,13,167 km",Petrol,Manual,"EMI ₹6,740/m*",₹3.03 lakh
Honda City,Honda,2011,"1,25,774 km",Petrol,Auto,"EMI ₹6,740/m*",₹1.29 lakh
Maruti Wagon R 1.0,Maruti,2012,"1,88,079 km",Petrol,Manual,"EMI ₹11,017/m*",₹1.24 lakh
Hyundai Creta,Hyundai,2017,"1,78,371 km",Petrol,Manual,"EMI ₹10,455/m*",₹4.70 lakh
Honda City,Honda,2011,"82,107 km",Petrol,Manual,"EMI ₹10,455/m*",₹1.45 lakh
Hyundai Grand i10,Hyundai,2018,"16,282 km",Petrol,Manual,"EMI ₹7,326/m*",₹4.15 lakh
Hyundai i20,Hyundai,2013,"1,13,740 km",Petrol,Manual,"EMI ₹7,908/m*",₹1.68 lakh
Hyundai Creta,Hyundai,2016,"1,45,392 km",Diesel,Manual,"EMI ₹7,908/m*",₹6.17 lakh
Mahindra Scorpio,Mahindra,2019,"96,692 km",Diesel,Manual,"EMI ₹27,926/m*",₹8.53 lakh
Maruti Swift Dzire,Maruti,2011,"1,05,466 km",Petrol,Manual,"EMI ₹27,926/m*",₹1.20 lakh
Maruti Vitara Brezza,Maruti,2017,"1,01,904 km",Diesel,Manual,"EMI ₹37,316/m*",₹4.20 lakh
Tata ALTROZ,Tata,2021,"1,05,051 km",Diesel,Manual,"EMI ₹9,699/m*",₹4.36 lakh
Skoda SLAVIA,Skoda,2023,"42,028 km",Petrol,Auto,"EMI ₹19,400/m*",₹11.33 lakh
Hyundai Grand i10,Hyundai,2017,"1,64,004 km",Diesel,Manual,"EMI ₹22,301/m*",₹2.51 lakh
Volkswagen Polo,Volkswagen,2011,"1,26,679 km",Petrol,Manual,"EMI ₹22,301/m*",₹1.11 lakh
Renault Kwid,Renault,2021,"54,036 km",Petrol,Manual,"EMI ₹4,837/m*",₹2.74 lakh
Toyota Etios Liva,Toyota,2017,"26,481 km",Petrol,Manual,"EMI ₹6,725/m*",₹3.44 lakh
Hyundai i10,Hyundai,2011,"73,870 km",Petrol,Manual,"EMI ₹6,725/m*",₹0.81 lakh
Maruti Wagon R 1.0,Maruti,2012,"3,26,909 km",Petrol,Manual,"EMI ₹8,174/m*",₹0.92 lakh
Tata Harrier,Tata,2022,"74,338 km",Diesel,Auto,"EMI ₹26,648/m*",₹14.00 lakh
Maruti Celerio,Maruti,2015,"44,216 km",Petrol,Manual,"EMI ₹7,610/m*",₹2.89 lakh
Honda Amaze,Honda,2015,"54,543 km",Petrol,Manual,"EMI ₹7,979/m*",₹3.03 lakh
Honda City,Honda,2014,"48,000 km",Petrol,Manual,"EMI ₹9,466/m*",₹2.85 lakh
Hyundai i10,Hyundai,2014,"83,000 km",Petrol,Manual,"EMI ₹5,248/m*",₹1.58 lakh
Toyota Etios,Toyota,2014,"24,198 km",Petrol,Manual,"EMI ₹7,979/m*",₹2.40 lakh
KIA SELTOS,KIA,2024,"23,113 km",Petrol,Auto,"EMI ₹21,523/m*",₹12.57 lakh
Honda Brio,Honda,2012,"93,708 km",Petrol,Manual,"EMI ₹10,484/m*",₹1.18 lakh
Maruti Celerio,Maruti,2019,"1,18,685 km",Petrol,Manual,"EMI ₹6,651/m*",₹2.99 lakh
Hyundai i20,Hyundai,2011,"1,06,982 km",Petrol,Manual,"EMI ₹6,651/m*",₹0.93 lakh
Hyundai Elite i20,Hyundai,2017,"72,503 km",Petrol,Manual,"EMI ₹7,155/m*",₹3.66 lakh
Nissan Micra,Nissan,2013,"1,13,479 km",Petrol,Manual,"EMI ₹4,849/m*",₹1.03 lakh
Ford Ecosport,Ford,2017,"81,315 km",Diesel,Manual,"EMI ₹37,850/m*",₹4.26 lakh
Maruti Alto,Maruti,2011,"40,412 km",Petrol,Manual,"EMI ₹37,850/m*",₹0.64 lakh
Honda City,Honda,2016,"1,09,573 km",Petrol,Auto,"EMI ₹10,455/m*",₹4.70 lakh
Maruti Dzire,Maruti,2017,"77,120 km",Diesel,Auto,"EMI ₹36,353/m*",₹4.09 lakh
Hyundai Santro Xing,Hyundai,2013,"91,105 km",Petrol,Manual,"EMI ₹6,449/m*",₹1.37 lakh
Maruti New Wagon-R,Maruti,2022,"57,276 km",Petrol,Manual,"EMI ₹7,661/m*",₹4.34 lakh
Tata NEXON,Tata,2021,"62,282 km",Petrol,Manual,"EMI ₹12,074/m*",₹6.84 lakh
Hyundai Santro Xing,Hyundai,2011,"1,17,506 km",Petrol,Manual,"EMI ₹12,074/m*",₹0.77 lakh
Maruti Swift Dzire,Maruti,2011,"1,05,033 km",Petrol,Manual,"EMI ₹12,074/m*",₹0.99 lakh
Maruti Alto K10,Maruti,2011,"32,342 km",Petrol,Manual,"EMI ₹12,074/m*",₹1.27 lakh
Maruti Wagon R 1.0,Maruti,2014,"1,65,787 km",Petrol,Manual,"EMI ₹4,982/m*",₹1.50 lakh
Maruti IGNIS,Maruti,2018,"1,67,786 km",Petrol,Manual,"EMI ₹7,274/m*",₹3.27 lakh
Nissan Micra,Nissan,2012,"1,51,045 km",Petrol,Manual,"EMI ₹7,463/m*",₹0.84 lakh
Tata Tiago,Tata,2021,"38,306 km",Petrol,Manual,"EMI ₹5,737/m*",₹3.25 lakh
Honda Brio,Honda,2013,"70,061 km",Petrol,Manual,"EMI ₹7,014/m*",₹1.49 lakh
Mahindra XUV500,Mahindra,2019,"2,53,720 km",Diesel,Manual,"EMI ₹18,500/m*",₹5.57 lakh
Hyundai Creta,Hyundai,2016,"1,05,680 km",Petrol,Auto,"EMI ₹12,234/m*",₹5.50 lakh
Hyundai VENUE,Hyundai,2021,"59,347 km",Petrol,Manual,"EMI ₹10,027/m*",₹5.68 lakh
Maruti Alto,Maruti,2020,"17,073 km",Petrol,Manual,"EMI ₹5,261/m*",₹2.98 lakh
Hyundai i10,Hyundai,2011,"81,847 km",Petrol,Manual,"EMI ₹5,261/m*",₹1.10 lakh
Maruti Ertiga,Maruti,2012,"1,74,378 km",Petrol,Manual,"EMI ₹23,367/m*",₹2.63 lakh
Maruti Vitara Brezza,Maruti,2019,"90,785 km",Diesel,Manual,"EMI ₹17,205/m*",₹5.18 lakh
Honda City,Honda,2011,"93,830 km",Petrol,Manual,"EMI ₹17,205/m*",₹1.65 lakh
Mahindra XUV500,Mahindra,2017,"2,03,798 km",Diesel,Manual,"EMI ₹34,384/m*",₹3.87 lakh
Hyundai Creta,Hyundai,2017,"65,338 km",Petrol,Manual,"EMI ₹9,032/m*",₹4.62 lakh
Nissan Sunny,Nissan,2011,"1,12,067 km",Petrol,Manual,"EMI ₹9,032/m*",₹0.97 lakh
Hyundai Creta,Hyundai,2018,"1,66,362 km",Petrol,Auto,"EMI ₹14,014/m*",₹6.30 lakh
Hyundai i10,Hyundai,2010,"1,19,931 km",Petrol,Manual,"EMI ₹14,014/m*",₹0.68 lakh
KIA SELTOS,KIA,2023,"20,523 km",Petrol,Manual,"EMI ₹16,711/m*",₹9.76 lakh
Volkswagen Cross Polo,Volkswagen,2016,"52,328 km",Petrol,Manual,"EMI ₹7,786/m*",₹3.50 lakh
Hyundai Accent,Hyundai,2011,"2,05,882 km",Petrol,Manual,"EMI ₹7,786/m*",₹0.82 lakh
Mahindra Scorpio,Mahindra,2019,"37,603 km",Diesel,Manual,"EMI ₹40,923/m*",₹12.50 lakh
Maruti Baleno,Maruti,2016,"91,998 km",Petrol,Manual,"EMI ₹7,986/m*",₹3.59 lakh
Toyota Corolla Altis,Toyota,2011,"63,975 km",Petrol,Manual,"EMI ₹7,986/m*",₹1.80 lakh
Hyundai i10,Hyundai,2013,"1,19,275 km",Petrol,Manual,"EMI ₹6,496/m*",₹1.38 lakh
Honda WR-V,Honda,2019,"20,692 km",Petrol,Manual,"EMI ₹8,957/m*",₹5.07 lakh
Hyundai i20 Active,Hyundai,2016,"1,08,482 km",Petrol,Manual,"EMI ₹6,251/m*",₹2.81 lakh
Renault Kwid,Renault,2019,"51,392 km",Petrol,Manual,"EMI ₹4,802/m*",₹2.72 lakh
Ford Figo Aspire,Ford,2015,"1,04,671 km",Diesel,Manual,"EMI ₹4,802/m*",₹1.80 lakh
Mahindra Scorpio,Mahindra,2019,"52,728 km",Diesel,Manual,"EMI ₹36,013/m*",₹11.00 lakh
Honda City,Honda,2014,"64,613 km",Petrol,Manual,"EMI ₹9,533/m*",₹2.87 lakh
Hyundai Santro Xing,Hyundai,2013,"1,13,345 km",Petrol,Manual,"EMI ₹4,472/m*",₹0.95 lakh
Renault TRIBER,Renault,2023,"83,484 km",Petrol,Manual,"EMI ₹7,538/m*",₹4.27 lakh
Honda Amaze,Honda,2016,"1,44,558 km",Petrol,Manual,"EMI ₹5,383/m*",₹2.42 lakh
Tata Tiago,Tata,2016,"86,003 km",Petrol,Manual,"EMI ₹6,184/m*",₹2.78 lakh
Ford Figo Aspire,Ford,2018,"1,15,026 km",Diesel,Manual,"EMI ₹12,710/m*",₹2.70 lakh
Maruti Ciaz,Maruti,2020,"82,698 km",Petrol,Manual,"EMI ₹10,539/m*",₹5.97 lakh
Tata NEXON,Tata,2019,"46,342 km",Petrol,Manual,"EMI ₹7,944/m*",₹4.50 lakh
Mahindra MARAZZO,Mahindra,2019,"1,58,015 km",Diesel,Manual,"EMI ₹13,286/m*",₹4.00 lakh
Honda Amaze,Honda,2018,"49,331 km",Petrol,Auto,"EMI ₹6,708/m*",₹3.80 lakh
Maruti XL6,Maruti,2021,"59,003 km",Petrol,Manual,"EMI ₹12,922/m*",₹7.32 lakh
Honda City,Honda,2011,"2,31,062 km",Petrol,Manual,"EMI ₹12,922/m*",₹1.20 lakh
Honda City,Honda,2011,"85,658 km",Petrol,Manual,"EMI ₹12,922/m*",₹1.55 lakh
Maruti Baleno,Maruti,2018,"80,696 km",Petrol,Manual,"EMI ₹6,938/m*",₹3.93 lakh
Maruti Vitara Brezza,Maruti,2021,"1,04,861 km",Petrol,Manual,"EMI ₹11,701/m*",₹5.26 lakh
Maruti Alto K10,Maruti,2011,"1,06,405 km",Petrol,Manual,"EMI ₹11,701/m*",₹0.91 lakh
Maruti Baleno,Maruti,2022,"13,275 km",Petrol,Manual,"EMI ₹9,179/m*",₹5.20 lakh
Maruti Alto,Maruti,2021,"28,538 km",Petrol,Manual,"EMI ₹5,508/m*",₹3.12 lakh
Maruti Baleno,Maruti,2023,"18,800 km",Petrol,Manual,"EMI ₹9,780/m*",₹5.54 lakh
Honda City,Honda,2012,"77,206 km",Petrol,Manual,"EMI ₹15,104/m*",₹1.70 lakh
Maruti Alto K10,Maruti,2011,"84,159 km",Petrol,Manual,"EMI ₹15,104/m*",₹0.88 lakh
Maruti Wagon R 1.0,Maruti,2012,"90,061 km",Petrol,Manual,"EMI ₹9,596/m*",₹1.08 lakh
Hyundai Elite i20,Hyundai,2015,"1,04,313 km",Petrol,Manual,"EMI ₹7,163/m*",₹2.72 lakh
Maruti Baleno,Maruti,2018,"52,058 km",Petrol,Manual,"EMI ₹6,090/m*",₹3.45 lakh
Hyundai Elite i20,Hyundai,2019,"66,408 km",Petrol,Manual,"EMI ₹9,374/m*",₹5.31 lakh
Hyundai Grand i10,Hyundai,2014,"79,621 km",Petrol,Manual,"EMI ₹6,909/m*",₹2.08 lakh
Maruti New Wagon-R,Maruti,2021,"1,06,849 km",Petrol,Manual,"EMI ₹8,230/m*",₹3.70 lakh
Hyundai Santro Xing,Hyundai,2013,"88,420 km",Petrol,Manual,"EMI ₹5,178/m*",₹1.10 lakh
Hyundai Elite i20,Hyundai,2019,"54,913 km",Petrol,Manual,"EMI ₹7,911/m*",₹4.48 lakh
Mahindra XUV500,Mahindra,2016,"1,60,951 km",Diesel,Manual,"EMI ₹7,911/m*",₹5.76 lakh
Honda City,Honda,2017,"1,03,574 km",Diesel,Manual,"EMI ₹37,494/m*",₹4.22 lakh
Mahindra XUV500,Mahindra,2017,"1,61,558 km",Diesel,Manual,"EMI ₹48,778/m*",₹5.49 lakh
Maruti Baleno,Maruti,2022,"31,906 km",Petrol,Manual,"EMI ₹8,809/m*",₹4.99 lakh
Maruti Swift,Maruti,2011,"41,394 km",Petrol,Manual,"EMI ₹8,809/m*",₹0.85 lakh
Maruti Ritz,Maruti,2011,"46,319 km",Petrol,Manual,"EMI ₹8,809/m*",₹0.80 lakh
Mahindra XUV500,Mahindra,2018,"48,322 km",Diesel,Manual,"EMI ₹38,451/m*",₹8.25 lakh
Maruti IGNIS,Maruti,2018,"15,326 km",Petrol,Manual,"EMI ₹6,320/m*",₹3.58 lakh
Hyundai VENUE,Hyundai,2020,"46,582 km",Petrol,Manual,"EMI ₹9,691/m*",₹5.49 lakh
Maruti New Wagon-R,Maruti,2021,"68,018 km",Petrol,Manual,"EMI ₹6,708/m*",₹3.80 lakh
Maruti New Wagon-R,Maruti,2022,"62,839 km",Petrol,Manual,"EMI ₹7,206/m*",₹4.08 lakh
Maruti Wagon R 1.0,Maruti,2012,"84,368 km",Petrol,Manual,"EMI ₹12,528/m*",₹1.41 lakh
Maruti Swift,Maruti,2022,"64,312 km",Petrol,Manual,"EMI ₹8,332/m*",₹4.72 lakh
Volkswagen VIRTUS,Volkswagen,2023,"14,814 km",Petrol,Auto,"EMI ₹21,745/m*",₹12.70 lakh
Honda Amaze,Honda,2017,"1,04,221 km",Diesel,Manual,"EMI ₹24,167/m*",₹2.72 lakh
Tata Tiago,Tata,2019,"91,932 km",Diesel,Manual,"EMI ₹8,304/m*",₹2.50 lakh
Maruti Swift Dzire,Maruti,2015,"1,06,272 km",Petrol,Manual,"EMI ₹6,926/m*",₹2.63 lakh
Maruti Baleno,Maruti,2018,"51,810 km",Petrol,Manual,"EMI ₹6,532/m*",₹3.70 lakh
Honda Jazz,Honda,2016,"1,17,701 km",Petrol,Manual,"EMI ₹6,673/m*",₹3.00 lakh
Hyundai Verna,Hyundai,2019,"96,923 km",Petrol,Auto,"EMI ₹11,474/m*",₹6.50 lakh
Hyundai Elite i20,Hyundai,2016,"1,15,336 km",Petrol,Manual,"EMI ₹7,652/m*",₹3.44 lakh
Maruti Wagon R 1.0,Maruti,2011,"1,28,349 km",Petrol,Manual,"EMI ₹7,652/m*",₹0.90 lakh
Hyundai Creta,Hyundai,2016,"1,56,297 km",Diesel,Manual,"EMI ₹7,652/m*",₹5.50 lakh
Maruti New Wagon-R,Maruti,2020,"43,377 km",Petrol,Manual,"EMI ₹6,673/m*",₹3.78 lakh
Mahindra XUV700,Mahindra,2022,"65,009 km",Diesel,Auto,"EMI ₹37,459/m*",₹19.68 lakh
Toyota Fortuner,Toyota,2017,"1,84,043 km",Diesel,Manual,"EMI ₹44,246/m*",₹20.35 lakh
Tata PUNCH,Tata,2022,"80,483 km",Petrol,Manual,"EMI ₹8,279/m*",₹4.69 lakh
Maruti Wagon R 1.0,Maruti,2011,"90,119 km",Petrol,Manual,"EMI ₹8,279/m*",₹0.91 lakh
Hyundai Elite i20,Hyundai,2015,"83,412 km",Petrol,Manual,"EMI ₹7,900/m*",₹3.00 lakh
Toyota Innova Crysta,Toyota,2017,"1,60,348 km",Diesel,Manual,"EMI ₹95,010/m*",₹10.75 lakh
Ford Figo Aspire,Ford,2017,"53,217 km",Diesel,Manual,"EMI ₹29,942/m*",₹3.37 lakh
Volkswagen VIRTUS,Volkswagen,2024,"17,278 km",Petrol,Auto,"EMI ₹24,965/m*",₹14.58 lakh
Maruti Wagon R 1.0,Maruti,2010,"72,616 km",Petrol,Manual,"EMI ₹24,965/m*",₹0.72 lakh
Hyundai Santro Xing,Hyundai,2013,"60,291 km",Petrol,Manual,"EMI ₹8,379/m*",₹1.78 lakh
Maruti Eeco,Maruti,2018,"55,532 km",Petrol,Manual,"EMI ₹5,190/m*",₹2.94 lakh
Maruti Wagon R 1.0,Maruti,2014,"1,03,477 km",Petrol,Manual,"EMI ₹5,979/m*",₹1.80 lakh
Tata NEXON,Tata,2018,"1,54,555 km",Diesel,Auto,"EMI ₹19,263/m*",₹4.09 lakh
Hyundai Elite i20,Hyundai,2018,"1,00,384 km",Petrol,Manual,"EMI ₹8,030/m*",₹3.61 lakh
Maruti Swift,Maruti,2017,"31,092 km",Petrol,Manual,"EMI ₹5,767/m*",₹2.95 lakh
Maruti Alto K10,Maruti,2018,"46,913 km",Petrol,Auto,"EMI ₹5,472/m*",₹3.10 lakh
Ford Ecosport,Ford,2014,"63,848 km",Petrol,Auto,"EMI ₹7,905/m*",₹2.38 lakh
Maruti Celerio,Maruti,2018,"60,545 km",Petrol,Manual,"EMI ₹5,631/m*",₹3.19 lakh
Maruti Wagon R 1.0,Maruti,2014,"1,14,118 km",Petrol,Manual,"EMI ₹4,982/m*",₹1.50 lakh
Maruti Dzire,Maruti,2018,"1,81,005 km",Petrol,Auto,"EMI ₹10,766/m*",₹4.84 lakh
Maruti Wagon R 1.0,Maruti,2014,"1,83,440 km",Petrol,Manual,"EMI ₹5,447/m*",₹1.64 lakh
Honda City,Honda,2019,"82,531 km",Diesel,Manual,"EMI ₹19,098/m*",₹5.75 lakh
Maruti Ciaz,Maruti,2017,"56,641 km",Petrol,Manual,"EMI ₹9,091/m*",₹4.65 lakh
Maruti Vitara Brezza,Maruti,2020,"33,971 km",Petrol,Manual,"EMI ₹11,810/m*",₹6.69 lakh
Toyota Etios,Toyota,2011,"75,871 km",Petrol,Manual,"EMI ₹11,810/m*",₹1.10 lakh
Ford Figo,Ford,2011,"1,14,108 km",Petrol,Manual,"EMI ₹11,810/m*",₹0.69 lakh
Mahindra XUV500,Mahindra,2018,"1,21,348 km",Diesel,Manual,"EMI ₹37,985/m*",₹8.15 lakh
Hyundai Verna,Hyundai,2011,"2,97,332 km",Petrol,Manual,"EMI ₹37,985/m*",₹1.74 lakh
Maruti Dzire,Maruti,2019,"45,587 km",Petrol,Manual,"EMI ₹8,791/m*",₹4.98 lakh
Maruti Ciaz,Maruti,2019,"42,718 km",Petrol,Auto,"EMI ₹9,938/m*",₹5.63 lakh
Maruti Swift Dzire,Maruti,2017,"70,988 km",Diesel,Manual,"EMI ₹39,449/m*",₹4.44 lakh
Honda City,Honda,2012,"1,91,878 km",Petrol,Manual,"EMI ₹13,949/m*",₹1.57 lakh
Hyundai Santro Xing,Hyundai,2014,"1,16,735 km",Petrol,Manual,"EMI ₹4,916/m*",₹1.48 lakh
Honda Amaze,Honda,2018,"78,401 km",Petrol,Manual,"EMI ₹6,973/m*",₹3.95 lakh
Ford Ecosport,Ford,2015,"62,996 km",Petrol,Manual,"EMI ₹7,900/m*",₹3.00 lakh
Ford Ecosport,Ford,2017,"78,392 km",Petrol,Manual,"EMI ₹7,273/m*",₹3.72 lakh
Tata ALTROZ,Tata,2020,"65,375 km",Diesel,Manual,"EMI ₹12,983/m*",₹4.93 lakh
Maruti Dzire,Maruti,2017,"81,084 km",Petrol,Auto,"EMI ₹6,843/m*",₹3.50 lakh
Maruti Vitara Brezza,Maruti,2018,"1,92,758 km",Diesel,Manual,"EMI ₹23,725/m*",₹5.04 lakh
Maruti Wagon R 1.0,Maruti,2011,"30,497 km",Petrol,Manual,"EMI ₹23,725/m*",₹0.86 lakh
Tata Tiago,Tata,2021,"45,682 km",Petrol,Manual,"EMI ₹6,196/m*",₹3.51 lakh
Chevrolet Beat,Chevrolet,2013,"1,05,684 km",Petrol,Manual,"EMI ₹3,954/m*",₹0.84 lakh
Hyundai Santro Xing,Hyundai,2012,"92,511 km",Petrol,Manual,"EMI ₹7,463/m*",₹0.84 lakh
Renault Kwid,Renault,2022,"20,364 km",Petrol,Manual,"EMI ₹5,737/m*",₹3.25 lakh
Nissan MAGNITE,Nissan,2021,"15,888 km",Petrol,Manual,"EMI ₹7,767/m*",₹4.40 lakh
Maruti Baleno,Maruti,2019,"94,491 km",Petrol,Manual,"EMI ₹7,644/m*",₹4.33 lakh
Hyundai Grand i10,Hyundai,2017,"46,970 km",Petrol,Manual,"EMI ₹5,670/m*",₹2.90 lakh
Hyundai Santro Xing,Hyundai,2011,"44,975 km",Petrol,Manual,"EMI ₹5,670/m*",₹0.87 lakh
Maruti Swift Dzire,Maruti,2011,"1,57,199 km",Petrol,Manual,"EMI ₹5,670/m*",₹0.80 lakh
Mahindra XUV500,Mahindra,2018,"1,48,556 km",Diesel,Manual,"EMI ₹26,691/m*",₹5.67 lakh
Hyundai Verna,Hyundai,2011,"1,30,367 km",Petrol,Manual,"EMI ₹26,691/m*",₹1.40 lakh
Maruti Alto,Maruti,2011,"59,649 km",Petrol,Manual,"EMI ₹26,691/m*",₹0.70 lakh
Maruti Celerio,Maruti,2014,"1,96,106 km",Petrol,Manual,"EMI ₹5,879/m*",₹1.77 lakh
Maruti Eeco,Maruti,2012,"1,39,299 km",Petrol,Manual,"EMI ₹10,306/m*",₹1.16 lakh
Maruti Alto,Maruti,2012,"37,728 km",Petrol,Manual,"EMI ₹8,263/m*",₹0.93 lakh
Maruti Vitara Brezza,Maruti,2019,"1,44,380 km",Diesel,Manual,"EMI ₹16,541/m*",₹4.98 lakh
Maruti A Star,Maruti,2011,"71,813 km",Petrol,Manual,"EMI ₹16,541/m*",₹0.80 lakh
MG ASTOR,MG,2023,"16,086 km",Petrol,Auto,"EMI ₹19,691/m*",₹11.50 lakh
Maruti Swift Dzire,Maruti,2021,"1,07,089 km",Petrol,Manual,"EMI ₹8,831/m*",₹3.97 lakh
Tata NEXON,Tata,2019,"65,073 km",Diesel,Manual,"EMI ₹14,282/m*",₹4.30 lakh
Ford FREESTYLE,Ford,2019,"65,297 km",Diesel,Manual,"EMI ₹15,378/m*",₹4.63 lakh
Hyundai Creta,Hyundai,2017,"1,31,280 km",Diesel,Manual,"EMI ₹61,928/m*",₹6.97 lakh
Ford Ecosport,Ford,2016,"1,26,250 km",Petrol,Auto,"EMI ₹8,164/m*",₹3.67 lakh
Hyundai Verna,Hyundai,2018,"80,951 km",Diesel,Manual,"EMI ₹28,432/m*",₹6.04 lakh
Maruti Alto K10,Maruti,2010,"99,999 km",Petrol,Manual,"EMI ₹28,432/m*",₹0.72 lakh
Maruti Baleno,Maruti,2016,"67,974 km",Petrol,Manual,"EMI ₹7,852/m*",₹3.53 lakh
Maruti Swift Dzire,Maruti,2011,"1,13,281 km",Petrol,Manual,"EMI ₹7,852/m*",₹0.88 lakh
Maruti Dzire,Maruti,2019,"95,523 km",Petrol,Manual,"EMI ₹6,708/m*",₹3.80 lakh
Maruti Ciaz,Maruti,2015,"1,03,874 km",Petrol,Manual,"EMI ₹9,322/m*",₹3.54 lakh
Tata Harrier,Tata,2020,"43,000 km",Diesel,Auto,"EMI ₹22,841/m*",₹13.34 lakh
Hyundai Santro Xing,Hyundai,2013,"98,917 km",Petrol,Manual,"EMI ₹4,425/m*",₹0.94 lakh
Maruti Vitara Brezza,Maruti,2021,"56,679 km",Petrol,Manual,"EMI ₹9,532/m*",₹5.40 lakh
Maruti Swift,Maruti,2011,"1,02,392 km",Petrol,Manual,"EMI ₹9,532/m*",₹1.10 lakh
Hyundai Xcent,Hyundai,2017,"1,36,611 km",Diesel,Manual,"EMI ₹24,167/m*",₹2.72 lakh
Hyundai i20,Hyundai,2011,"91,898 km",Petrol,Manual,"EMI ₹24,167/m*",₹0.80 lakh
Tata Tiago,Tata,2022,"29,741 km",Petrol,Manual,"EMI ₹7,026/m*",₹3.98 lakh
Honda Jazz,Honda,2016,"90,329 km",Petrol,Auto,"EMI ₹6,673/m*",₹3.00 lakh
Hyundai Creta,Hyundai,2017,"83,261 km",Petrol,Manual,"EMI ₹9,716/m*",₹4.97 lakh
Maruti Swift Dzire,Maruti,2011,"1,08,824 km",Petrol,Manual,"EMI ₹9,716/m*",₹1.39 lakh
Honda City,Honda,2016,"1,32,913 km",Petrol,Manual,"EMI ₹9,743/m*",₹4.38 lakh
Renault Duster,Renault,2013,"1,08,972 km",Petrol,Manual,"EMI ₹9,415/m*",₹2.00 lakh
Volkswagen Polo,Volkswagen,2011,"1,05,480 km",Petrol,Manual,"EMI ₹9,415/m*",₹1.16 lakh
Hyundai Santro Xing,Hyundai,2013,"45,305 km",Petrol,Manual,"EMI ₹7,155/m*",₹1.52 lakh
Maruti Baleno,Maruti,2024,"60,195 km",Petrol,Manual,"EMI ₹11,563/m*",₹6.55 lakh
Hyundai Elite i20,Hyundai,2017,"92,498 km",Petrol,Manual,"EMI ₹7,194/m*",₹3.68 lakh
Hyundai Creta,Hyundai,2017,"66,746 km",Petrol,Manual,"EMI ₹11,100/m*",₹4.99 lakh
Mahindra Thar,Mahindra,2023,"43,541 km",Diesel,Manual,"EMI ₹19,331/m*",₹11.29 lakh
Maruti Vitara Brezza,Maruti,2016,"1,53,962 km",Diesel,Manual,"EMI ₹12,166/m*",₹4.62 lakh
Hyundai Santro Xing,Hyundai,2010,"1,94,630 km",Petrol,Manual,"EMI ₹12,166/m*",₹0.63 lakh
Renault TRIBER,Renault,2022,"28,760 km",Petrol,Manual,"EMI ₹7,700/m*",₹4.36 lakh
Hyundai Santro Xing,Hyundai,2012,"1,25,112 km",Petrol,Manual,"EMI ₹8,085/m*",₹0.91 lakh
Mahindra XUV700,Mahindra,2023,"85,037 km",Diesel,Auto,"EMI ₹33,697/m*",₹19.68 lakh
Maruti Celerio,Maruti,2018,"85,564 km",Petrol,Manual,"EMI ₹6,055/m*",₹3.43 lakh
Maruti Swift Dzire,Maruti,2017,"88,118 km",Diesel,Manual,"EMI ₹25,766/m*",₹2.90 lakh
Maruti Ertiga,Maruti,2012,"76,523 km",Petrol,Manual,"EMI ₹24,433/m*",₹2.75 lakh
Tata TIGOR,Tata,2018,"54,971 km",Petrol,Auto,"EMI ₹6,620/m*",₹3.75 lakh
Maruti New Wagon-R,Maruti,2021,"66,309 km",Petrol,Manual,"EMI ₹6,973/m*",₹3.95 lakh
Maruti Dzire,Maruti,2017,"73,940 km",Diesel,Manual,"EMI ₹33,940/m*",₹3.82 lakh
Maruti FRONX,Maruti,2023,"24,683 km",Petrol,Manual,"EMI ₹11,157/m*",₹6.32 lakh
Maruti Alto,Maruti,2022,"60,394 km",Petrol,Manual,"EMI ₹5,366/m*",₹3.04 lakh
Mahindra Thar,Mahindra,2023,"22,381 km",Diesel,Manual,"EMI ₹22,088/m*",₹12.90 lakh
Maruti Ertiga,Maruti,2019,"41,781 km",Petrol,Manual,"EMI ₹13,766/m*",₹8.04 lakh
Maruti Ertiga,Maruti,2020,"1,10,427 km",Petrol,Manual,"EMI ₹17,195/m*",₹7.73 lakh
Maruti Swift,Maruti,2023,"8,484 km",Petrol,Manual,"EMI ₹10,592/m*",₹6.00 lakh
Ford Ecosport,Ford,2017,"51,219 km",Diesel,Manual,"EMI ₹8,942/m*",₹4.02 lakh
Tata PUNCH,Tata,2024,"4,190 km",Petrol,Auto,"EMI ₹14,468/m*",₹8.45 lakh
Hyundai Santro Xing,Hyundai,2012,"99,913 km",Petrol,Manual,"EMI ₹7,019/m*",₹0.79 lakh
Maruti Swift Dzire,Maruti,2011,"52,845 km",Petrol,Manual,"EMI ₹7,019/m*",₹0.90 lakh
Toyota Innova Crysta,Toyota,2018,"70,031 km",Diesel,Manual,"EMI ₹47,400/m*",₹10.17 lakh
Tata NEXON,Tata,2021,"66,553 km",Petrol,Manual,"EMI ₹9,585/m*",₹5.43 lakh
Mahindra XUV500,Mahindra,2016,"90,287 km",Diesel,Manual,"EMI ₹9,585/m*",₹3.91 lakh
Maruti Baleno,Maruti,2018,"40,974 km",Petrol,Manual,"EMI ₹6,849/m*",₹3.88 lakh
Honda Jazz,Honda,2011,"46,579 km",Petrol,Manual,"EMI ₹6,849/m*",₹2.02 lakh
Maruti Wagon R 1.0,Maruti,2017,"64,500 km",Petrol,Manual,"EMI ₹4,731/m*",₹2.42 lakh
Nissan MAGNITE,Nissan,2022,"36,844 km",Petrol,Manual,"EMI ₹8,032/m*",₹4.55 lakh
Toyota Etios,Toyota,2011,"94,092 km",Petrol,Manual,"EMI ₹8,032/m*",₹0.85 lakh
Maruti Vitara Brezza,Maruti,2019,"58,622 km",Diesel,Auto,"EMI ₹16,375/m*",₹4.93 lakh
Maruti Wagon R 1.0,Maruti,2010,"1,18,175 km",Petrol,Manual,"EMI ₹16,375/m*",₹0.68 lakh
Maruti New Wagon-R,Maruti,2022,"41,940 km",Petrol,Manual,"EMI ₹7,502/m*",₹4.25 lakh
Hyundai Elite i20,Hyundai,2019,"76,614 km",Petrol,Manual,"EMI ₹7,838/m*",₹4.44 lakh
Maruti Ciaz,Maruti,2016,"68,000 km",Petrol,Manual,"EMI ₹7,341/m*",₹3.30 lakh
Hyundai AURA,Hyundai,2023,"50,817 km",Petrol,Manual,"EMI ₹10,539/m*",₹5.97 lakh
Honda City,Honda,2012,"98,899 km",Petrol,Manual,"EMI ₹13,772/m*",₹1.55 lakh
Honda City,Honda,2014,"26,622 km",Petrol,Manual,"EMI ₹9,931/m*",₹2.99 lakh
Tata NEXON,Tata,2023,"37,578 km",Petrol,Manual,"EMI ₹11,068/m*",₹6.27 lakh
Tata NEXON,Tata,2021,"53,432 km",Petrol,Manual,"EMI ₹11,121/m*",₹6.30 lakh
Toyota Innova Crysta,Toyota,2021,"41,094 km",Diesel,Manual,"EMI ₹33,701/m*",₹15.50 lakh
Hyundai i10,Hyundai,2011,"85,818 km",Petrol,Manual,"EMI ₹33,701/m*",₹0.72 lakh
Maruti Ertiga,Maruti,2020,"51,893 km",Petrol,Manual,"EMI ₹12,357/m*",₹7.00 lakh
Maruti Alto,Maruti,2012,"76,323 km",Petrol,Manual,"EMI ₹9,151/m*",₹1.03 lakh
Honda WR-V,Honda,2018,"77,451 km",Petrol,Manual,"EMI ₹9,285/m*",₹5.26 lakh
Maruti IGNIS,Maruti,2018,"72,359 km",Petrol,Auto,"EMI ₹6,267/m*",₹3.55 lakh
Mahindra Thar,Mahindra,2022,"57,675 km",Petrol,Auto,"EMI ₹22,567/m*",₹13.18 lakh
Ford Ecosport,Ford,2016,"55,770 km",Petrol,Manual,"EMI ₹7,341/m*",₹3.30 lakh
Honda WR-V,Honda,2017,"73,881 km",Diesel,Manual,"EMI ₹34,296/m*",₹3.86 lakh
Honda Amaze,Honda,2019,"15,014 km",Petrol,Manual,"EMI ₹8,526/m*",₹4.83 lakh
Maruti Ciaz,Maruti,2016,"64,288 km",Petrol,Manual,"EMI ₹9,654/m*",₹4.34 lakh
Tata PUNCH,Tata,2024,"35,818 km",Petrol,Manual,"EMI ₹8,879/m*",₹5.03 lakh
Hyundai i20,Hyundai,2011,"98,201 km",Petrol,Manual,"EMI ₹8,879/m*",₹0.89 lakh
Honda Civic,Honda,2012,"1,13,785 km",Petrol,Manual,"EMI ₹13,772/m*",₹1.55 lakh
Maruti Ciaz,Maruti,2017,"1,46,242 km",Diesel,Manual,"EMI ₹39,449/m*",₹4.44 lakh
Hyundai Elite i20,Hyundai,2019,"46,292 km",Petrol,Auto,"EMI ₹8,544/m*",₹4.84 lakh
Tata NEXON,Tata,2021,"49,970 km",Petrol,Manual,"EMI ₹12,233/m*",₹6.93 lakh
Maruti Wagon R 1.0,Maruti,2011,"96,204 km",Petrol,Manual,"EMI ₹12,233/m*",₹0.86 lakh
Maruti Baleno,Maruti,2018,"69,193 km",Petrol,Manual,"EMI ₹7,026/m*",₹3.98 lakh
Maruti Zen Estilo,Maruti,2010,"1,93,092 km",Petrol,Manual,"EMI ₹7,026/m*",₹0.55 lakh
Ford Ecosport,Ford,2015,"93,299 km",Petrol,Manual,"EMI ₹8,348/m*",₹3.17 lakh
Maruti Wagon R 1.0,Maruti,2017,"37,315 km",Petrol,Auto,"EMI ₹5,982/m*",₹3.06 lakh
Maruti Baleno,Maruti,2023,"49,050 km",Petrol,Manual,"EMI ₹11,510/m*",₹6.52 lakh
Maruti Alto K10,Maruti,2016,"14,493 km",Petrol,Manual,"EMI ₹5,895/m*",₹2.65 lakh
Hyundai Elite i20,Hyundai,2016,"97,243 km",Petrol,Manual,"EMI ₹7,496/m*",₹3.37 lakh
Mahindra XUV500,Mahindra,2018,"81,483 km",Diesel,Auto,"EMI ₹37,286/m*",₹8.00 lakh
Maruti Ciaz,Maruti,2016,"1,03,870 km",Petrol,Manual,"EMI ₹8,275/m*",₹3.72 lakh
Maruti Baleno,Maruti,2019,"94,958 km",Petrol,Manual,"EMI ₹7,485/m*",₹4.24 lakh
Maruti Baleno,Maruti,2018,"1,22,664 km",Petrol,Manual,"EMI ₹7,051/m*",₹3.17 lakh
Honda Amaze,Honda,2020,"48,971 km",Petrol,Manual,"EMI ₹7,414/m*",₹4.20 lakh
Honda City,Honda,2016,"1,16,598 km",Petrol,Manual,"EMI ₹8,497/m*",₹3.82 lakh
Hyundai Creta,Hyundai,2017,"1,44,693 km",Petrol,Manual,"EMI ₹10,900/m*",₹4.90 lakh
Tata Harrier,Tata,2020,"98,660 km",Diesel,Manual,"EMI ₹22,272/m*",₹8.62 lakh
Honda Amaze,Honda,2018,"1,16,473 km",Petrol,Manual,"EMI ₹8,742/m*",₹3.93 lakh
Tata TIGOR,Tata,2022,"1,07,606 km",Petrol,Manual,"EMI ₹8,787/m*",₹3.95 lakh
Maruti Swift,Maruti,2017,"62,465 km",Diesel,Manual,"EMI ₹32,252/m*",₹3.63 lakh
Maruti FRONX,Maruti,2024,"61,112 km",Petrol,Manual,"EMI ₹13,681/m*",₹7.75 lakh
Ford Ecosport,Ford,2017,"1,25,714 km",Diesel,Manual,"EMI ₹26,388/m*",₹2.97 lakh
Nissan MAGNITE,Nissan,2021,"89,607 km",Petrol,Manual,"EMI ₹7,273/m*",₹4.12 lakh
Hyundai Verna,Hyundai,2024,"21,779 km",Petrol,Auto,"EMI ₹20,050/m*",₹11.71 lakh
Hyundai Grand i10,Hyundai,2019,"91,750 km",Petrol,Manual,"EMI ₹7,961/m*",₹4.51 lakh
Maruti SX4,Maruti,2013,"88,564 km",Petrol,Manual,"EMI ₹8,473/m*",₹1.80 lakh
Mahindra XUV500,Mahindra,2019,"48,280 km",Diesel,Manual,"EMI ₹25,309/m*",₹7.62 lakh
Hyundai Santro Xing,Hyundai,2011,"1,95,680 km",Petrol,Manual,"EMI ₹25,309/m*",₹0.63 lakh
Maruti Wagon R 1.0,Maruti,2011,"1,03,737 km",Petrol,Manual,"EMI ₹25,309/m*",₹1.12 lakh
Tata Tiago,Tata,2017,"98,966 km",Petrol,Manual,"EMI ₹5,376/m*",₹2.75 lakh
Renault Duster,Renault,2013,"81,874 km",Petrol,Manual,"EMI ₹7,532/m*",₹1.60 lakh
Hyundai i10,Hyundai,2011,"1,21,154 km",Petrol,Manual,"EMI ₹7,532/m*",₹0.77 lakh
Honda Brio,Honda,2016,"55,531 km",Petrol,Manual,"EMI ₹5,717/m*",₹2.57 lakh
Maruti Wagon R 1.0,Maruti,2011,"13,995 km",Petrol,Manual,"EMI ₹5,717/m*",₹0.86 lakh
Maruti Swift,Maruti,2020,"53,947 km",Petrol,Manual,"EMI ₹8,809/m*",₹4.99 lakh
Ford Figo,Ford,2011,"1,10,228 km",Petrol,Manual,"EMI ₹8,809/m*",₹0.94 lakh
Skoda Rapid,Skoda,2017,"74,025 km",Petrol,Manual,"EMI ₹8,974/m*",₹4.59 lakh
Tata NEXON,Tata,2022,"16,238 km",Petrol,Auto,"EMI ₹12,710/m*",₹7.20 lakh
Maruti S Cross,Maruti,2017,"66,664 km",Diesel,Manual,"EMI ₹34,651/m*",₹3.90 lakh
Honda Jazz,Honda,2017,"57,888 km",Petrol,Auto,"EMI ₹8,172/m*",₹4.18 lakh
Tata Curvv,Tata,2024,"10,922 km",Petrol,Manual,"EMI ₹16,968/m*",₹9.91 lakh
Maruti Ciaz,Maruti,2016,"64,171 km",Petrol,Manual,"EMI ₹7,763/m*",₹3.49 lakh
Maruti Celerio,Maruti,2019,"1,80,173 km",Petrol,Manual,"EMI ₹7,051/m*",₹3.17 lakh
Maruti Alto,Maruti,2011,"2,54,112 km",Petrol,Manual,"EMI ₹7,051/m*",₹0.68 lakh
Maruti Baleno,Maruti,2015,"1,72,802 km",Petrol,Manual,"EMI ₹7,558/m*",₹2.87 lakh
Mahindra XUV300,Mahindra,2021,"80,260 km",Diesel,Auto,"EMI ₹13,347/m*",₹6.00 lakh
Tata NEXON,Tata,2024,"45,000 km",Petrol,Auto,"EMI ₹16,609/m*",₹9.70 lakh
Tata PUNCH,Tata,2024,"11,865 km",Petrol,Manual,"EMI ₹12,057/m*",₹6.83 lakh
Toyota Etios Liva,Toyota,2011,"1,02,917 km",Petrol,Manual,"EMI ₹12,057/m*",₹1.10 lakh
Maruti Vitara Brezza,Maruti,2017,"1,43,125 km",Diesel,Manual,"EMI ₹36,783/m*",₹4.14 lakh
Honda Jazz,Honda,2015,"80,746 km",Petrol,Manual,"EMI ₹6,873/m*",₹2.61 lakh
Renault TRIBER,Renault,2022,"94,999 km",Petrol,Manual,"EMI ₹6,708/m*",₹3.80 lakh
Hyundai Creta,Hyundai,2017,"1,65,119 km",Diesel,Manual,"EMI ₹40,337/m*",₹4.54 lakh
Hyundai GRAND I10 NIOS,Hyundai,2022,"55,497 km",Petrol,Manual,"EMI ₹9,074/m*",₹5.14 lakh
Ford Ecosport,Ford,2017,"1,51,619 km",Diesel,Manual,"EMI ₹33,141/m*",₹3.73 lakh
Tata PUNCH,Tata,2024,"15,689 km",Petrol,Manual,"EMI ₹8,950/m*",₹5.07 lakh
Toyota Corolla Altis,Toyota,2011,"1,21,637 km",Petrol,Manual,"EMI ₹8,950/m*",₹1.47 lakh
Maruti Wagon R 1.0,Maruti,2015,"97,221 km",Petrol,Manual,"EMI ₹4,477/m*",₹1.70 lakh
Maruti Celerio,Maruti,2017,"44,869 km",Petrol,Auto,"EMI ₹5,259/m*",₹2.69 lakh
Maruti Wagon R 1.0,Maruti,2011,"91,656 km",Petrol,Manual,"EMI ₹5,259/m*",₹0.94 lakh
Toyota Etios Liva,Toyota,2018,"1,96,280 km",Diesel,Manual,"EMI ₹17,182/m*",₹3.65 lakh
Maruti New Wagon-R,Maruti,2022,"97,204 km",Petrol,Manual,"EMI ₹7,520/m*",₹4.26 lakh
Mahindra SCORPIO-N,Mahindra,2023,"82,782 km",Diesel,Manual,"EMI ₹24,725/m*",₹14.44 lakh
Maruti Alto,Maruti,2010,"1,81,156 km",Petrol,Manual,"EMI ₹24,725/m*",₹0.52 lakh
Maruti New Wagon-R,Maruti,2019,"1,02,500 km",Petrol,Manual,"EMI ₹7,229/m*",₹3.25 lakh
Hyundai NEW I20,Hyundai,2022,"25,224 km",Petrol,Manual,"EMI ₹11,192/m*",₹6.34 lakh
Mahindra XUV500,Mahindra,2019,"1,14,877 km",Diesel,Auto,"EMI ₹36,798/m*",₹11.24 lakh
Tata Harrier,Tata,2022,"59,400 km",Diesel,Auto,"EMI ₹26,115/m*",₹13.72 lakh
Tata Harrier,Tata,2022,"43,528 km",Diesel,Manual,"EMI ₹22,993/m*",₹12.08 lakh
Tata NEXON,Tata,2022,"37,745 km",Petrol,Manual,"EMI ₹12,357/m*",₹7.00 lakh
Hyundai Elite i20,Hyundai,2015,"44,606 km",Petrol,Manual,"EMI ₹8,848/m*",₹3.36 lakh
Hyundai Santro Xing,Hyundai,2010,"1,48,447 km",Petrol,Manual,"EMI ₹8,848/m*",₹0.60 lakh
Honda Amaze,Honda,2017,"54,110 km",Petrol,Manual,"EMI ₹6,364/m*",₹3.25 lakh
Maruti New Wagon-R,Maruti,2022,"85,070 km",Petrol,Manual,"EMI ₹7,873/m*",₹4.46 lakh
Mahindra TUV300,Mahindra,2018,"99,935 km",Diesel,Manual,"EMI ₹17,605/m*",₹3.74 lakh
Honda Brio,Honda,2013,"1,55,389 km",Petrol,Auto,"EMI ₹7,391/m*",₹1.57 lakh
Tata NEXON,Tata,2024,"32,526 km",Petrol,Manual,"EMI ₹16,266/m*",₹9.50 lakh
Hyundai AURA,Hyundai,2023,"47,504 km",Petrol,Manual,"EMI ₹11,051/m*",₹6.26 lakh
Tata TIGOR,Tata,2022,"81,022 km",Petrol,Manual,"EMI ₹8,120/m*",₹4.60 lakh
Maruti New Wagon-R,Maruti,2021,"1,53,997 km",Petrol,Manual,"EMI ₹9,521/m*",₹4.28 lakh
Tata ALTROZ,Tata,2021,"39,860 km",Petrol,Manual,"EMI ₹7,944/m*",₹4.50 lakh
Maruti New Wagon-R,Maruti,2023,"43,449 km",Petrol,Manual,"EMI ₹7,750/m*",₹4.39 lakh
Honda City,Honda,2014,"47,372 km",Petrol,Manual,"EMI ₹10,296/m*",₹3.10 lakh
Hyundai Creta,Hyundai,2018,"1,16,586 km",Diesel,Manual,"EMI ₹30,598/m*",₹6.50 lakh
Toyota Etios,Toyota,2014,"66,337 km",Petrol,Manual,"EMI ₹9,798/m*",₹2.95 lakh
Hyundai AURA,Hyundai,2021,"1,25,910 km",Petrol,Manual,"EMI ₹11,500/m*",₹5.17 lakh
Hyundai AURA,Hyundai,2022,"37,679 km",Petrol,Manual,"EMI ₹10,592/m*",₹6.00 lakh
Maruti S PRESSO,Maruti,2024,"6,728 km",Petrol,Manual,"EMI ₹6,496/m*",₹3.68 lakh
Mahindra XUV300,Mahindra,2019,"59,488 km",Petrol,Manual,"EMI ₹8,738/m*",₹4.95 lakh
Hyundai Elite i20,Hyundai,2018,"1,00,918 km",Petrol,Manual,"EMI ₹9,320/m*",₹4.19 lakh
Hyundai Elite i20,Hyundai,2018,"53,804 km",Petrol,Manual,"EMI ₹7,255/m*",₹4.11 lakh
Nissan Sunny,Nissan,2014,"1,02,326 km",Petrol,Manual,"EMI ₹7,706/m*",₹2.32 lakh
Hyundai NEW SANTRO,Hyundai,2019,"24,713 km",Petrol,Auto,"EMI ₹5,825/m*",₹3.30 lakh
Hyundai Creta,Hyundai,2016,"98,490 km",Petrol,Manual,"EMI ₹10,010/m*",₹4.50 lakh
Maruti New Wagon-R,Maruti,2022,"1,10,245 km",Petrol,Manual,"EMI ₹10,121/m*",₹4.55 lakh
Honda Amaze,Honda,2018,"69,793 km",Petrol,Manual,"EMI ₹7,414/m*",₹4.20 lakh
Ford Ecosport,Ford,2018,"1,00,090 km",Petrol,Manual,"EMI ₹10,010/m*",₹4.50 lakh
Mahindra Scorpio,Mahindra,2021,"75,923 km",Diesel,Manual,"EMI ₹24,808/m*",₹11.41 lakh
Maruti New Wagon-R,Maruti,2019,"38,647 km",Petrol,Manual,"EMI ₹6,284/m*",₹3.56 lakh
Hyundai NEW I20,Hyundai,2022,"48,561 km",Petrol,Auto,"EMI ₹11,351/m*",₹6.43 lakh
Maruti New Wagon-R,Maruti,2022,"21,103 km",Petrol,Manual,"EMI ₹7,873/m*",₹4.46 lakh
Honda Jazz,Honda,2015,"61,812 km",Petrol,Manual,"EMI ₹8,084/m*",₹3.07 lakh
Hyundai GRAND I10 NIOS,Hyundai,2022,"30,522 km",Petrol,Manual,"EMI ₹9,268/m*",₹5.25 lakh
Maruti Ertiga,Maruti,2017,"2,36,715 km",Petrol,Manual,"EMI ₹10,677/m*",₹4.80 lakh
Honda City,Honda,2016,"80,664 km",Petrol,Manual,"EMI ₹9,187/m*",₹4.13 lakh
Hyundai Elite i20,Hyundai,2019,"72,628 km",Petrol,Manual,"EMI ₹7,855/m*",₹4.45 lakh
Tata PUNCH,Tata,2022,"20,125 km",Petrol,Manual,"EMI ₹8,491/m*",₹4.81 lakh
Maruti Swift,Maruti,2013,"3,732 km",Petrol,Manual,"EMI ₹14,357/m*",₹3.05 lakh
Hyundai NEW SANTRO,Hyundai,2021,"63,232 km",Petrol,Manual,"EMI ₹6,426/m*",₹3.64 lakh
Hyundai NEW I20,Hyundai,2022,"98,831 km",Diesel,Manual,"EMI ₹12,512/m*",₹6.40 lakh
Tata NEXON,Tata,2023,"24,596 km",Petrol,Manual,"EMI ₹16,848/m*",₹9.84 lakh
Maruti Baleno,Maruti,2018,"93,048 km",Petrol,Auto,"EMI ₹7,043/m*",₹3.99 lakh
Maruti Swift,Maruti,2016,"93,161 km",Diesel,Manual,"EMI ₹7,043/m*",₹3.23 lakh
Hyundai Santro Xing,Hyundai,2012,"1,10,140 km",Petrol,Manual,"EMI ₹8,618/m*",₹0.97 lakh
Maruti Swift,Maruti,2019,"1,57,114 km",Petrol,Manual,"EMI ₹9,743/m*",₹4.38 lakh
Maruti Baleno,Maruti,2021,"38,377 km",Petrol,Manual,"EMI ₹9,303/m*",₹5.27 lakh
Honda Amaze,Honda,2017,"99,793 km",Diesel,Manual,"EMI ₹26,210/m*",₹2.95 lakh
Honda City,Honda,2015,"1,13,515 km",Petrol,Manual,"EMI ₹8,769/m*",₹3.33 lakh
Nissan Micra,Nissan,2011,"1,02,570 km",Petrol,Manual,"EMI ₹8,769/m*",₹0.85 lakh
Renault Kwid,Renault,2022,"30,967 km",Petrol,Manual,"EMI ₹5,102/m*",₹2.89 lakh
Ford FREESTYLE,Ford,2018,"1,22,223 km",Petrol,Manual,"EMI ₹7,919/m*",₹3.56 lakh
Maruti Swift Dzire,Maruti,2015,"38,526 km",Petrol,Manual,"EMI ₹9,217/m*",₹3.50 lakh
Maruti Alto K10,Maruti,2025,"2,630 km",Petrol,Manual,"EMI ₹7,485/m*",₹4.24 lakh
Maruti Baleno,Maruti,2015,"84,899 km",Petrol,Manual,"EMI ₹8,532/m*",₹3.24 lakh
KIA SONET,KIA,2021,"33,994 km",Petrol,Manual,"EMI ₹11,298/m*",₹6.40 lakh
Tata Tiago,Tata,2020,"61,177 km",Petrol,Manual,"EMI ₹6,390/m*",₹3.62 lakh
Hyundai i10,Hyundai,2011,"96,442 km",Petrol,Manual,"EMI ₹6,390/m*",₹0.66 lakh
Maruti New Wagon-R,Maruti,2020,"1,05,079 km",Petrol,Manual,"EMI ₹7,786/m*",₹3.50 lakh
Maruti Baleno,Maruti,2018,"58,664 km",Petrol,Manual,"EMI ₹7,096/m*",₹4.02 lakh
Tata NEXON,Tata,2019,"63,016 km",Petrol,Auto,"EMI ₹9,144/m*",₹5.18 lakh
Tata PUNCH,Tata,2023,"42,729 km",Petrol,Manual,"EMI ₹9,179/m*",₹5.20 lakh
Maruti IGNIS,Maruti,2020,"83,204 km",Petrol,Manual,"EMI ₹6,231/m*",₹3.53 lakh
Tata PUNCH,Tata,2025,64 km,Petrol,Manual,"EMI ₹12,110/m*",₹6.86 lakh
Maruti Ciaz,Maruti,2016,"69,928 km",Petrol,Manual,"EMI ₹8,475/m*",₹3.81 lakh
Tata NEXON,Tata,2024,"51,177 km",Petrol,Auto,"EMI ₹17,516/m*",₹10.23 lakh
Skoda KUSHAQ,Skoda,2021,"39,091 km",Petrol,Manual,"EMI ₹16,900/m*",₹9.87 lakh
Skoda SLAVIA,Skoda,2022,"37,331 km",Petrol,Manual,"EMI ₹14,087/m*",₹7.98 lakh
Ford Ecosport,Ford,2018,"2,05,903 km",Diesel,Manual,"EMI ₹16,099/m*",₹3.42 lakh
Tata Harrier,Tata,2020,"83,101 km",Diesel,Manual,"EMI ₹28,999/m*",₹11.22 lakh
Maruti Dzire,Maruti,2021,"31,367 km",Petrol,Manual,"EMI ₹8,544/m*",₹4.84 lakh
Toyota Corolla Altis,Toyota,2015,"1,45,264 km",Petrol,Auto,"EMI ₹14,484/m*",₹5.50 lakh
Tata NEXON,Tata,2022,"35,502 km",Petrol,Manual,"EMI ₹11,563/m*",₹6.55 lakh
Tata Tiago,Tata,2019,"62,603 km",Petrol,Manual,"EMI ₹4,819/m*",₹2.73 lakh
Maruti Vitara Brezza,Maruti,2017,"95,358 km",Diesel,Manual,"EMI ₹33,940/m*",₹3.82 lakh
Hyundai i10,Hyundai,2011,"1,02,206 km",Petrol,Manual,"EMI ₹33,940/m*",₹0.96 lakh
Maruti Baleno,Maruti,2023,"1,831 km",Petrol,Auto,"EMI ₹13,557/m*",₹7.68 lakh
Hyundai Creta,Hyundai,2017,"1,69,950 km",Diesel,Manual,"EMI ₹46,557/m*",₹5.24 lakh
Mahindra XUV500,Mahindra,2018,"1,32,172 km",Diesel,Auto,"EMI ₹32,951/m*",₹7.00 lakh
Hyundai GRAND I10 NIOS,Hyundai,2022,"13,868 km",Diesel,Auto,"EMI ₹12,219/m*",₹6.25 lakh
Tata NEXON,Tata,2019,"69,254 km",Diesel,Manual,"EMI ₹15,611/m*",₹4.70 lakh
Honda Amaze,Honda,2021,"1,12,546 km",Petrol,Manual,"EMI ₹9,765/m*",₹4.39 lakh
Honda City,Honda,2014,"1,12,609 km",Petrol,Manual,"EMI ₹11,160/m*",₹3.36 lakh
Maruti Ertiga,Maruti,2016,"85,549 km",Diesel,Manual,"EMI ₹11,160/m*",₹6.32 lakh
Toyota Innova Crysta,Toyota,2017,"90,204 km",Diesel,Manual,"EMI ₹87,675/m*",₹9.92 lakh
Maruti Baleno,Maruti,2016,"1,16,781 km",Petrol,Manual,"EMI ₹7,407/m*",₹3.33 lakh
Tata NEXON,Tata,2019,"95,745 km",Diesel,Auto,"EMI ₹14,946/m*",₹4.50 lakh
MG HECTOR PLUS,MG,2023,"18,100 km",Petrol,Auto,"EMI ₹25,769/m*",₹15.05 lakh
Hyundai i10,Hyundai,2011,"98,574 km",Petrol,Manual,"EMI ₹25,769/m*",₹0.95 lakh
Maruti Swift Dzire,Maruti,2017,"72,844 km",Diesel,Manual,"EMI ₹26,655/m*",₹3.00 lakh
Renault Duster,Renault,2019,"83,831 km",Diesel,Manual,"EMI ₹15,876/m*",₹4.78 lakh
Toyota Etios Liva,Toyota,2012,"1,82,437 km",Petrol,Manual,"EMI ₹11,728/m*",₹1.32 lakh
Tata NEXON,Tata,2022,"70,766 km",Petrol,Manual,"EMI ₹13,081/m*",₹7.41 lakh
Ford Ecosport,Ford,2015,"35,960 km",Petrol,Auto,"EMI ₹10,402/m*",₹3.95 lakh
Maruti Dzire,Maruti,2017,"1,25,953 km",Diesel,Auto,"EMI ₹34,384/m*",₹3.87 lakh
Tata Tiago,Tata,2022,"1,01,444 km",Petrol,Manual,"EMI ₹10,744/m*",₹4.83 lakh
Volkswagen Vento,Volkswagen,2021,"45,224 km",Petrol,Auto,"EMI ₹16,044/m*",₹9.37 lakh
Honda City,Honda,2014,"28,881 km",Petrol,Manual,"EMI ₹10,296/m*",₹3.10 lakh
Hyundai Creta,Hyundai,2018,"1,38,130 km",Petrol,Manual,"EMI ₹13,347/m*",₹6.00 lakh
Maruti Ciaz,Maruti,2018,"46,000 km",Petrol,Manual,"EMI ₹8,279/m*",₹4.69 lakh
Tata NEXON,Tata,2023,"73,747 km",Diesel,Auto,"EMI ₹17,979/m*",₹10.50 lakh
Maruti Vitara Brezza,Maruti,2020,"67,542 km",Petrol,Auto,"EMI ₹11,933/m*",₹6.76 lakh
Ford Figo Aspire,Ford,2019,"92,538 km",Petrol,Manual,"EMI ₹5,755/m*",₹3.26 lakh
Maruti Alto,Maruti,2012,"1,20,838 km",Petrol,Manual,"EMI ₹8,618/m*",₹0.97 lakh
Hyundai NEW SANTRO,Hyundai,2020,"11,779 km",Petrol,Manual,"EMI ₹6,743/m*",₹3.82 lakh
Hyundai Elite i20,Hyundai,2017,"59,634 km",Petrol,Manual,"EMI ₹8,094/m*",₹4.14 lakh
Honda City,Honda,2017,"68,150 km",Petrol,Manual,"EMI ₹8,563/m*",₹4.38 lakh
Honda Amaze,Honda,2023,"65,463 km",Petrol,Manual,"EMI ₹9,585/m*",₹5.43 lakh
Honda Jazz,Honda,2012,"1,09,131 km",Petrol,Manual,"EMI ₹10,129/m*",₹1.14 lakh
Tata NEXON,Tata,2019,"88,694 km",Diesel,Auto,"EMI ₹13,950/m*",₹4.20 lakh
Hyundai Creta,Hyundai,2018,"74,257 km",Diesel,Manual,"EMI ₹35,305/m*",₹7.50 lakh
Hyundai ALCAZAR,Hyundai,2022,"1,02,745 km",Diesel,Auto,"EMI ₹29,613/m*",₹13.62 lakh
Honda City,Honda,2017,"1,84,696 km",Petrol,Manual,"EMI ₹10,766/m*",₹4.84 lakh
Hyundai AURA,Hyundai,2021,"75,139 km",Petrol,Manual,"EMI ₹10,768/m*",₹6.10 lakh
Tata NEXON,Tata,2020,"79,650 km",Petrol,Auto,"EMI ₹9,956/m*",₹5.64 lakh
Maruti Ciaz,Maruti,2017,"1,50,807 km",Petrol,Auto,"EMI ₹9,387/m*",₹4.22 lakh
Tata NEXON,Tata,2021,"69,374 km",Petrol,Auto,"EMI ₹11,298/m*",₹6.40 lakh
Tata NEXON,Tata,2022,"27,476 km",Petrol,Manual,"EMI ₹12,357/m*",₹7.00 lakh
Hyundai i10,Hyundai,2011,"1,01,651 km",Petrol,Manual,"EMI ₹12,357/m*",₹0.93 lakh
Nissan MAGNITE,Nissan,2023,"27,721 km",Petrol,Manual,"EMI ₹8,438/m*",₹4.78 lakh
Tata NEXON,Tata,2021,"81,154 km",Diesel,Auto,"EMI ₹13,925/m*",₹6.26 lakh
Hyundai Creta,Hyundai,2019,"1,25,722 km",Diesel,Auto,"EMI ₹23,250/m*",₹7.00 lakh
Tata Tiago,Tata,2022,"76,672 km",Petrol,Manual,"EMI ₹6,690/m*",₹3.79 lakh
Mahindra XUV500,Mahindra,2019,"1,60,000 km",Diesel,Manual,"EMI ₹21,589/m*",₹6.50 lakh
Honda City,Honda,2017,"29,600 km",Petrol,Manual,"EMI ₹9,775/m*",₹5.00 lakh
Maruti S Cross,Maruti,2017,"1,89,259 km",Diesel,Manual,"EMI ₹39,093/m*",₹4.40 lakh
Maruti Eeco,Maruti,2011,"2,57,888 km",Petrol,Manual,"EMI ₹39,093/m*",₹0.85 lakh
Tata Hexa,Tata,2018,"78,562 km",Diesel,Manual,"EMI ₹32,650/m*",₹6.94 lakh
Maruti XL6,Maruti,2022,"51,994 km",Petrol,Manual,"EMI ₹16,061/m*",₹9.38 lakh
Tata NEXON,Tata,2022,"64,243 km",Petrol,Manual,"EMI ₹13,363/m*",₹7.57 lakh
Maruti Eeco,Maruti,2023,"1,16,234 km",Petrol,Manual,"EMI ₹12,791/m*",₹5.75 lakh
Maruti Vitara Brezza,Maruti,2022,"41,377 km",Petrol,Manual,"EMI ₹10,680/m*",₹6.05 lakh
Maruti Swift Dzire,Maruti,2011,"1,05,392 km",Petrol,Manual,"EMI ₹10,680/m*",₹0.86 lakh
Mahindra XUV500,Mahindra,2016,"1,49,169 km",Diesel,Auto,"EMI ₹10,680/m*",₹4.63 lakh
Maruti Baleno,Maruti,2018,"1,49,601 km",Petrol,Manual,"EMI ₹8,052/m*",₹3.62 lakh
Honda Mobilio,Honda,2014,"40,794 km",Petrol,Manual,"EMI ₹10,828/m*",₹3.26 lakh
Maruti New Wagon-R,Maruti,2022,"79,496 km",Petrol,Manual,"EMI ₹7,202/m*",₹4.08 lakh
Honda City,Honda,2015,"85,283 km",Petrol,Manual,"EMI ₹9,349/m*",₹3.55 lakh
Maruti IGNIS,Maruti,2021,"60,599 km",Petrol,Manual,"EMI ₹6,426/m*",₹3.64 lakh
Honda City,Honda,2013,"61,941 km",Petrol,Manual,"EMI ₹12,663/m*",₹2.69 lakh
Maruti Baleno,Maruti,2019,"70,051 km",Petrol,Auto,"EMI ₹7,626/m*",₹4.32 lakh
Maruti Swift,Maruti,2022,"24,813 km",Petrol,Manual,"EMI ₹8,968/m*",₹5.08 lakh
Mahindra XUV500,Mahindra,2016,"58,240 km",Diesel,Auto,"EMI ₹8,968/m*",₹6.50 lakh
Maruti Swift Dzire,Maruti,2020,"67,170 km",Petrol,Manual,"EMI ₹6,973/m*",₹3.95 lakh
Honda Jazz,Honda,2017,"62,370 km",Petrol,Manual,"EMI ₹6,823/m*",₹3.49 lakh
Toyota Etios Liva,Toyota,2011,"53,520 km",Petrol,Manual,"EMI ₹6,823/m*",₹1.32 lakh
Hyundai VENUE,Hyundai,2022,"29,214 km",Petrol,Manual,"EMI ₹11,474/m*",₹6.50 lakh
Maruti Baleno,Maruti,2018,"1,11,275 km",Petrol,Manual,"EMI ₹8,631/m*",₹3.88 lakh
Tata PUNCH,Tata,2025,128 km,Petrol,Manual,"EMI ₹12,586/m*",₹7.13 lakh
Hyundai ALCAZAR,Hyundai,2022,"97,127 km",Diesel,Auto,"EMI ₹25,506/m*",₹13.40 lakh
Hyundai Grand i10,Hyundai,2018,"58,887 km",Petrol,Manual,"EMI ₹5,455/m*",₹3.09 lakh
Honda City,Honda,2016,"57,392 km",Petrol,Manual,"EMI ₹9,454/m*",₹4.25 lakh
Ford FREESTYLE,Ford,2020,"1,08,233 km",Petrol,Manual,"EMI ₹8,787/m*",₹3.95 lakh
Honda Jazz,Honda,2015,"33,088 km",Petrol,Auto,"EMI ₹10,323/m*",₹3.92 lakh
Mahindra XUV500,Mahindra,2018,"92,426 km",Diesel,Manual,"EMI ₹32,292/m*",₹6.86 lakh
Maruti Dzire,Maruti,2018,"1,67,909 km",Petrol,Manual,"EMI ₹9,587/m*",₹4.31 lakh
KIA SONET,KIA,2020,"34,799 km",Petrol,Manual,"EMI ₹10,998/m*",₹6.23 lakh
Maruti Vitara Brezza,Maruti,2019,"68,541 km",Diesel,Manual,"EMI ₹18,600/m*",₹5.60 lakh
Honda Amaze,Honda,2016,"84,383 km",Petrol,Manual,"EMI ₹6,896/m*",₹3.10 lakh
Maruti Baleno,Maruti,2018,"1,38,395 km",Diesel,Manual,"EMI ₹18,971/m*",₹4.03 lakh
Maruti S PRESSO,Maruti,2020,"31,663 km",Petrol,Manual,"EMI ₹5,967/m*",₹3.38 lakh
Mahindra Thar,Mahindra,2021,"49,096 km",Petrol,Auto,"EMI ₹20,770/m*",₹12.13 lakh
Mahindra Thar,Mahindra,2021,"74,337 km",Petrol,Auto,"EMI ₹20,770/m*",₹12.13 lakh
Tata NEXON,Tata,2023,"26,558 km",Petrol,Manual,"EMI ₹11,704/m*",₹6.63 lakh
Hyundai Creta,Hyundai,2019,"70,591 km",Petrol,Auto,"EMI ₹13,681/m*",₹7.75 lakh
Hyundai Santro Xing,Hyundai,2012,"1,00,915 km",Petrol,Manual,"EMI ₹9,151/m*",₹1.03 lakh
Maruti Ciaz,Maruti,2018,"89,940 km",Petrol,Manual,"EMI ₹7,432/m*",₹4.21 lakh
Ford Ecosport,Ford,2017,"1,16,717 km",Diesel,Manual,"EMI ₹29,142/m*",₹3.28 lakh
Hyundai EXTER,Hyundai,2023,"42,781 km",Petrol,Manual,"EMI ₹11,651/m*",₹6.60 lakh
Hyundai Creta,Hyundai,2016,"57,861 km",Petrol,Manual,"EMI ₹14,125/m*",₹6.35 lakh
Tata NEXON,Tata,2022,"60,817 km",Petrol,Manual,"EMI ₹11,527/m*",₹6.53 lakh
Maruti Swift,Maruti,2011,"52,081 km",Petrol,Manual,"EMI ₹11,527/m*",₹1.25 lakh
Honda City,Honda,2021,"47,706 km",Petrol,Manual,"EMI ₹13,434/m*",₹7.61 lakh
Maruti Celerio,Maruti,2019,"1,02,832 km",Petrol,Manual,"EMI ₹7,496/m*",₹3.37 lakh
Hyundai Elite i20,Hyundai,2016,"83,583 km",Petrol,Manual,"EMI ₹7,140/m*",₹3.21 lakh
Nissan MAGNITE,Nissan,2021,"80,365 km",Petrol,Manual,"EMI ₹8,826/m*",₹5.00 lakh
Maruti Ertiga,Maruti,2017,"1,25,365 km",Petrol,Manual,"EMI ₹11,100/m*",₹4.99 lakh
Tata PUNCH,Tata,2024,"10,378 km",Petrol,Manual,"EMI ₹9,338/m*",₹5.29 lakh
Hyundai NEW I20,Hyundai,2022,"37,413 km",Petrol,Auto,"EMI ₹10,892/m*",₹6.17 lakh
Maruti Wagon R 1.0,Maruti,2012,"1,04,239 km",Petrol,Manual,"EMI ₹11,995/m*",₹1.35 lakh
Maruti Ertiga,Maruti,2021,"1,33,838 km",Petrol,Manual,"EMI ₹17,394/m*",₹8.00 lakh
Mahindra Thar,Mahindra,2023,"8,554 km",Petrol,Auto,"EMI ₹26,540/m*",₹15.50 lakh
Honda Jazz,Honda,2016,"35,003 km",Petrol,Manual,"EMI ₹7,407/m*",₹3.33 lakh
Nissan MAGNITE,Nissan,2023,"21,149 km",Petrol,Manual,"EMI ₹8,526/m*",₹4.83 lakh
MG HECTOR,MG,2019,"1,36,269 km",Diesel,Manual,"EMI ₹24,413/m*",₹7.35 lakh
Mahindra Thar,Mahindra,2017,"49,254 km",Diesel,Manual,"EMI ₹38,649/m*",₹4.35 lakh
Hyundai Creta,Hyundai,2018,"77,298 km",Diesel,Manual,"EMI ₹11,730/m*",₹6.00 lakh
Maruti Baleno,Maruti,2016,"1,03,486 km",Petrol,Manual,"EMI ₹7,341/m*",₹3.30 lakh
Maruti Vitara Brezza,Maruti,2019,"1,20,652 km",Diesel,Manual,"EMI ₹15,611/m*",₹4.70 lakh
Ford Ecosport,Ford,2017,"82,556 km",Diesel,Manual,"EMI ₹31,719/m*",₹3.57 lakh
MG HECTOR,MG,2020,"36,688 km",Petrol,Auto,"EMI ₹15,153/m*",₹8.85 lakh
KIA SELTOS,KIA,2019,"52,396 km",Petrol,Manual,"EMI ₹16,327/m*",₹7.34 lakh
Honda BR-V,Honda,2016,"2,24,545 km",Diesel,Manual,"EMI ₹16,327/m*",₹4.10 lakh
Maruti Ciaz,Maruti,2017,"80,833 km",Petrol,Manual,"EMI ₹9,697/m*",₹4.96 lakh
Mahindra XUV500,Mahindra,2016,"1,42,139 km",Diesel,Manual,"EMI ₹9,697/m*",₹4.62 lakh
Maruti Vitara Brezza,Maruti,2018,"1,44,716 km",Diesel,Auto,"EMI ₹18,453/m*",₹3.92 lakh
Maruti Ciaz,Maruti,2017,"1,07,130 km",Diesel,Manual,"EMI ₹10,299/m*",₹4.63 lakh
Honda City,Honda,2019,"37,813 km",Petrol,Auto,"EMI ₹11,933/m*",₹6.76 lakh
Maruti Swift,Maruti,2021,"85,782 km",Petrol,Manual,"EMI ₹8,385/m*",₹4.75 lakh
Nissan Terrano,Nissan,2016,"1,21,391 km",Diesel,Manual,"EMI ₹8,385/m*",₹2.90 lakh
Tata Tiago,Tata,2020,"86,093 km",Petrol,Manual,"EMI ₹5,737/m*",₹3.25 lakh
KIA CARENS,KIA,2022,"91,645 km",Diesel,Manual,"EMI ₹23,355/m*",₹12.27 lakh
Tata NEXON,Tata,2023,"29,721 km",Diesel,Manual,"EMI ₹14,034/m*",₹7.95 lakh
Ford Ecosport,Ford,2018,"58,857 km",Petrol,Manual,"EMI ₹7,803/m*",₹4.42 lakh
Maruti Baleno,Maruti,2016,"86,223 km",Petrol,Manual,"EMI ₹7,207/m*",₹3.24 lakh
Maruti Vitara Brezza,Maruti,2019,"65,770 km",Diesel,Manual,"EMI ₹17,936/m*",₹5.40 lakh
Hyundai VENUE,Hyundai,2019,"98,637 km",Diesel,Manual,"EMI ₹19,298/m*",₹5.81 lakh
Tata Tiago,Tata,2019,"74,000 km",Petrol,Manual,"EMI ₹6,814/m*",₹3.86 lakh
Mahindra SCORPIO-N,Mahindra,2023,"1,13,670 km",Diesel,Auto,"EMI ₹46,551/m*",₹21.41 lakh
Maruti Baleno,Maruti,2020,"34,518 km",Petrol,Manual,"EMI ₹7,944/m*",₹4.50 lakh
Ford Ecosport,Ford,2015,"78,380 km",Petrol,Auto,"EMI ₹8,084/m*",₹3.07 lakh
Toyota RUMION,Toyota,2024,"9,376 km",Petrol,Manual,"EMI ₹20,256/m*",₹11.83 lakh
Hyundai AURA,Hyundai,2023,"12,648 km",Petrol,Manual,"EMI ₹11,986/m*",₹6.79 lakh
Honda WR-V,Honda,2018,"1,32,266 km",Diesel,Manual,"EMI ₹20,053/m*",₹4.26 lakh
Maruti Ertiga,Maruti,2016,"76,329 km",Diesel,Manual,"EMI ₹20,053/m*",₹4.15 lakh
Tata NEXON,Tata,2023,"17,984 km",Petrol,Manual,"EMI ₹14,708/m*",₹8.59 lakh
Tata NEXON,Tata,2018,"70,968 km",Diesel,Auto,"EMI ₹21,183/m*",₹4.50 lakh
Renault Duster,Renault,2016,"1,31,966 km",Diesel,Auto,"EMI ₹21,183/m*",₹3.25 lakh
Maruti Ciaz,Maruti,2017,"1,30,281 km",Diesel,Manual,"EMI ₹32,696/m*",₹3.68 lakh
KIA SONET,KIA,2021,"89,913 km",Petrol,Manual,"EMI ₹10,592/m*",₹6.00 lakh
Hyundai Grand i10,Hyundai,2017,"78,116 km",Petrol,Manual,"EMI ₹6,041/m*",₹3.09 lakh
Mahindra XUV500,Mahindra,2017,"92,076 km",Diesel,Manual,"EMI ₹40,426/m*",₹4.55 lakh
Hyundai Creta,Hyundai,2021,"80,320 km",Diesel,Manual,"EMI ₹20,112/m*",₹9.25 lakh
Maruti Alto K10,Maruti,2012,"85,463 km",Petrol,Manual,"EMI ₹94,392/m*",₹10.68 lakh
Hyundai Creta,Hyundai,2017,"1,60,413 km",Diesel,Auto,"EMI ₹42,914/m*",₹4.83 lakh
Hyundai Creta,Hyundai,2018,"1,69,727 km",Diesel,Manual,"EMI ₹36,906/m*",₹7.84 lakh
Maruti Ciaz,Maruti,2018,"75,371 km",Petrol,Manual,"EMI ₹7,485/m*",₹4.24 lakh
Maruti S Cross,Maruti,2016,"1,23,644 km",Diesel,Manual,"EMI ₹7,485/m*",₹3.05 lakh
Mahindra XUV700,Mahindra,2023,"17,982 km",Petrol,Auto,"EMI ₹33,303/m*",₹19.45 lakh
Tata NEXON,Tata,2022,"1,01,190 km",Petrol,Manual,"EMI ₹15,260/m*",₹6.86 lakh
Maruti IGNIS,Maruti,2018,"50,946 km",Petrol,Auto,"EMI ₹6,938/m*",₹3.93 lakh
Mahindra XUV500,Mahindra,2016,"92,527 km",Diesel,Manual,"EMI ₹6,938/m*",₹5.76 lakh
Ford Ecosport,Ford,2017,"1,31,481 km",Diesel,Manual,"EMI ₹36,961/m*",₹4.16 lakh
Maruti Baleno,Maruti,2020,"61,410 km",Petrol,Manual,"EMI ₹7,344/m*",₹4.16 lakh
Hyundai Eon,Hyundai,2013,"78,350 km",Petrol,Manual,"EMI ₹5,884/m*",₹1.25 lakh
Hyundai Grand i10,Hyundai,2019,"51,386 km",Petrol,Auto,"EMI ₹6,620/m*",₹3.75 lakh
Honda Amaze,Honda,2019,"48,906 km",Petrol,Manual,"EMI ₹7,626/m*",₹4.32 lakh
Hyundai Verna,Hyundai,2016,"1,13,274 km",Diesel,Manual,"EMI ₹7,626/m*",₹4.10 lakh
Hyundai Elite i20,Hyundai,2017,"86,223 km",Petrol,Manual,"EMI ₹6,940/m*",₹3.55 lakh
Tata Hexa,Tata,2018,"1,63,191 km",Diesel,Manual,"EMI ₹24,478/m*",₹5.20 lakh
Maruti S Cross,Maruti,2016,"81,804 km",Diesel,Manual,"EMI ₹24,478/m*",₹3.89 lakh
Maruti Swift Dzire,Maruti,2017,"1,12,810 km",Diesel,Manual,"EMI ₹37,761/m*",₹4.25 lakh
Tata ALTROZ,Tata,2021,"25,540 km",Petrol,Manual,"EMI ₹8,173/m*",₹4.63 lakh
Maruti Celerio,Maruti,2018,"2,06,748 km",Petrol,Manual,"EMI ₹6,718/m*",₹3.02 lakh
Nissan MAGNITE,Nissan,2022,"51,593 km",Petrol,Manual,"EMI ₹7,149/m*",₹4.05 lakh
Maruti Ciaz,Maruti,2017,"1,78,072 km",Diesel,Manual,"EMI ₹35,984/m*",₹4.05 lakh
Tata Hexa,Tata,2018,"1,19,265 km",Diesel,Manual,"EMI ₹27,679/m*",₹5.88 lakh
Maruti New Wagon-R,Maruti,2023,"66,094 km",Petrol,Manual,"EMI ₹8,085/m*",₹4.58 lakh
Mahindra XUV700,Mahindra,2024,"5,622 km",Petrol,Auto,"EMI ₹37,378/m*",₹21.83 lakh
Tata NEXON,Tata,2022,"1,78,188 km",Diesel,Auto,"EMI ₹16,874/m*",₹7.59 lakh
Maruti Dzire,Maruti,2019,"84,386 km",Petrol,Manual,"EMI ₹7,855/m*",₹4.45 lakh
Maruti Swift,Maruti,2016,"77,632 km",Petrol,Manual,"EMI ₹7,274/m*",₹3.27 lakh
Honda City,Honda,2015,"64,707 km",Petrol,Manual,"EMI ₹8,822/m*",₹3.35 lakh
Hyundai Creta,Hyundai,2017,"66,795 km",Petrol,Manual,"EMI ₹9,865/m*",₹5.05 lakh
Maruti Dzire,Maruti,2018,"98,365 km",Diesel,Auto,"EMI ₹20,006/m*",₹4.25 lakh
Renault Duster,Renault,2017,"92,704 km",Diesel,Auto,"EMI ₹35,540/m*",₹4.00 lakh
Honda Amaze,Honda,2022,"49,521 km",Petrol,Manual,"EMI ₹8,950/m*",₹5.07 lakh
Tata Harrier,Tata,2019,"99,992 km",Diesel,Manual,"EMI ₹25,808/m*",₹7.77 lakh
Maruti New Wagon-R,Maruti,2020,"86,626 km",Petrol,Manual,"EMI ₹7,202/m*",₹4.08 lakh
Maruti Swift Dzire,Maruti,2017,"89,380 km",Petrol,Manual,"EMI ₹6,979/m*",₹3.57 lakh
Maruti Ciaz,Maruti,2018,"63,279 km",Petrol,Auto,"EMI ₹10,486/m*",₹5.94 lakh
Hyundai Creta,Hyundai,2019,"51,864 km",Petrol,Auto,"EMI ₹15,633/m*",₹9.13 lakh
Tata Tiago,Tata,2021,"42,328 km",Petrol,Manual,"EMI ₹8,226/m*",₹4.66 lakh
Maruti S PRESSO,Maruti,2021,"47,422 km",Petrol,Manual,"EMI ₹6,178/m*",₹3.50 lakh
Hyundai Creta,Hyundai,2018,"1,29,038 km",Diesel,Auto,"EMI ₹28,903/m*",₹6.14 lakh
Maruti Swift,Maruti,2021,"40,847 km",Petrol,Manual,"EMI ₹7,997/m*",₹4.53 lakh
Maruti Celerio,Maruti,2020,"62,484 km",Petrol,Manual,"EMI ₹6,796/m*",₹3.85 lakh
Hyundai Creta,Hyundai,2020,"23,576 km",Petrol,Manual,"EMI ₹14,708/m*",₹8.59 lakh
Maruti Baleno,Maruti,2018,"27,391 km",Petrol,Auto,"EMI ₹7,644/m*",₹4.33 lakh
Hyundai NEW I20,Hyundai,2023,"28,476 km",Petrol,Manual,"EMI ₹11,386/m*",₹6.45 lakh
MG HECTOR,MG,2019,"50,441 km",Diesel,Manual,"EMI ₹25,243/m*",₹7.60 lakh
Honda Jazz,Honda,2017,"55,957 km",Petrol,Auto,"EMI ₹6,940/m*",₹3.55 lakh
Maruti Wagon R 1.0,Maruti,2018,"85,186 km",Petrol,Manual,"EMI ₹5,119/m*",₹2.90 lakh
Mahindra XUV500,Mahindra,2019,"44,097 km",Diesel,Manual,"EMI ₹30,905/m*",₹9.44 lakh
Mahindra XUV700,Mahindra,2022,"32,994 km",Petrol,Auto,"EMI ₹29,947/m*",₹17.49 lakh
Hyundai Grand i10,Hyundai,2018,"77,376 km",Petrol,Manual,"EMI ₹5,490/m*",₹3.11 lakh
Hyundai VENUE,Hyundai,2021,"43,265 km",Petrol,Manual,"EMI ₹13,946/m*",₹7.90 lakh
Hyundai Elite i20,Hyundai,2016,"2,15,973 km",Petrol,Manual,"EMI ₹7,007/m*",₹3.15 lakh
Hyundai Creta,Hyundai,2017,"1,25,225 km",Diesel,Auto,"EMI ₹57,752/m*",₹6.50 lakh
Maruti S PRESSO,Maruti,2021,"57,402 km",Petrol,Manual,"EMI ₹5,402/m*",₹3.06 lakh
Maruti Vitara Brezza,Maruti,2020,"76,371 km",Diesel,Manual,"EMI ₹14,694/m*",₹5.58 lakh
Tata NEXON,Tata,2022,"28,200 km",Petrol,Auto,"EMI ₹13,698/m*",₹8.00 lakh
Tata Curvv,Tata,2025,"5,760 km",Petrol,Manual,"EMI ₹16,266/m*",₹9.50 lakh
Maruti Baleno,Maruti,2018,"1,26,827 km",Diesel,Manual,"EMI ₹17,935/m*",₹3.81 lakh
Maruti Ciaz,Maruti,2022,"1,32,077 km",Petrol,Manual,"EMI ₹12,234/m*",₹5.50 lakh
Tata Harrier,Tata,2019,"59,646 km",Diesel,Manual,"EMI ₹24,977/m*",₹7.52 lakh
Maruti S Cross,Maruti,2018,"1,02,347 km",Diesel,Manual,"EMI ₹24,949/m*",₹5.30 lakh
Hyundai Creta,Hyundai,2022,"39,525 km",Petrol,Manual,"EMI ₹17,910/m*",₹10.46 lakh
Mahindra XUV700,Mahindra,2022,"19,420 km",Petrol,Manual,"EMI ₹22,910/m*",₹13.38 lakh
MG ASTOR,MG,2022,"39,327 km",Petrol,Auto,"EMI ₹18,715/m*",₹10.93 lakh
Tata NEXON,Tata,2022,"24,551 km",Petrol,Manual,"EMI ₹11,916/m*",₹6.75 lakh
Maruti New Wagon-R,Maruti,2021,"97,458 km",Petrol,Manual,"EMI ₹7,238/m*",₹4.10 lakh
Honda WR-V,Honda,2018,"91,040 km",Diesel,Manual,"EMI ₹19,724/m*",₹4.19 lakh
Maruti S PRESSO,Maruti,2022,"29,415 km",Petrol,Manual,"EMI ₹7,043/m*",₹3.99 lakh
KIA SELTOS,KIA,2019,"1,67,351 km",Diesel,Manual,"EMI ₹27,173/m*",₹8.30 lakh
Mahindra XUV500,Mahindra,2019,"34,950 km",Diesel,Manual,"EMI ₹24,911/m*",₹7.50 lakh
Toyota Innova Crysta,Toyota,2017,"1,14,243 km",Diesel,Auto,"EMI ₹105,970/m*",₹11.99 lakh
Mahindra Thar,Mahindra,2022,"20,272 km",Petrol,Manual,"EMI ₹18,715/m*",₹10.93 lakh
Hyundai VENUE,Hyundai,2022,"51,452 km",Petrol,Manual,"EMI ₹11,209/m*",₹6.35 lakh
Mahindra XUV300,Mahindra,2019,"1,30,466 km",Diesel,Manual,"EMI ₹18,035/m*",₹5.43 lakh
Maruti S Cross,Maruti,2016,"1,12,553 km",Diesel,Manual,"EMI ₹18,035/m*",₹5.13 lakh
Mahindra XUV700,Mahindra,2022,"56,128 km",Petrol,Manual,"EMI ₹23,184/m*",₹13.54 lakh
Mahindra TUV300,Mahindra,2018,"1,08,052 km",Diesel,Manual,"EMI ₹16,570/m*",₹3.52 lakh
Honda Amaze,Honda,2018,"1,28,859 km",Diesel,Auto,"EMI ₹19,394/m*",₹4.12 lakh
Tata TIGOR,Tata,2022,"1,16,726 km",Petrol,Manual,"EMI ₹10,566/m*",₹4.75 lakh
Maruti Swift,Maruti,2023,"23,875 km",Petrol,Manual,"EMI ₹10,415/m*",₹5.90 lakh
KIA SONET,KIA,2021,"42,408 km",Diesel,Manual,"EMI ₹15,527/m*",₹6.98 lakh
Renault Kiger,Renault,2023,"15,187 km",Petrol,Manual,"EMI ₹9,409/m*",₹5.33 lakh
Honda City,Honda,2016,"83,034 km",Petrol,Manual,"EMI ₹9,120/m*",₹4.10 lakh
Honda City,Honda,2023,"12,757 km",Petrol,Manual,"EMI ₹16,592/m*",₹9.69 lakh
Ford Ecosport,Ford,2019,"66,322 km",Diesel,Manual,"EMI ₹20,228/m*",₹6.09 lakh
Hyundai Creta,Hyundai,2017,"1,13,381 km",Diesel,Manual,"EMI ₹12,902/m*",₹5.80 lakh
Hyundai GRAND I10 NIOS,Hyundai,2023,"50,348 km",Petrol,Manual,"EMI ₹9,656/m*",₹5.47 lakh
Maruti Baleno,Maruti,2018,"1,00,960 km",Petrol,Manual,"EMI ₹8,164/m*",₹3.67 lakh
MG HECTOR,MG,2021,"57,355 km",Petrol,Auto,"EMI ₹16,609/m*",₹9.70 lakh
Honda WR-V,Honda,2017,"1,89,032 km",Petrol,Manual,"EMI ₹8,853/m*",₹3.98 lakh
Hyundai Creta,Hyundai,2020,"47,105 km",Petrol,Auto,"EMI ₹20,547/m*",₹12.00 lakh
Maruti Alto K10,Maruti,2018,"1,01,135 km",Petrol,Manual,"EMI ₹4,694/m*",₹2.11 lakh
Renault TRIBER,Renault,2022,"28,210 km",Petrol,Manual,"EMI ₹8,067/m*",₹4.57 lakh
Maruti Vitara Brezza,Maruti,2019,"86,517 km",Diesel,Manual,"EMI ₹18,700/m*",₹5.63 lakh
Hyundai Grand i10,Hyundai,2017,"87,772 km",Diesel,Manual,"EMI ₹26,477/m*",₹2.98 lakh
Hyundai Creta,Hyundai,2019,"66,898 km",Petrol,Manual,"EMI ₹10,592/m*",₹6.00 lakh
Hyundai VENUE,Hyundai,2019,"45,166 km",Petrol,Auto,"EMI ₹11,792/m*",₹6.68 lakh
Tata NEXON,Tata,2023,"30,278 km",Petrol,Manual,"EMI ₹16,318/m*",₹9.53 lakh
Hyundai i20 Active,Hyundai,2015,"87,508 km",Petrol,Manual,"EMI ₹9,533/m*",₹3.62 lakh
Maruti Baleno,Maruti,2020,"55,603 km",Petrol,Manual,"EMI ₹8,491/m*",₹4.81 lakh
Tata NEXON,Tata,2023,"24,641 km",Petrol,Auto,"EMI ₹14,034/m*",₹7.95 lakh
Hyundai Creta,Hyundai,2020,"1,48,000 km",Diesel,Auto,"EMI ₹26,337/m*",₹10.19 lakh
Maruti Dzire,Maruti,2019,"59,682 km",Petrol,Manual,"EMI ₹8,067/m*",₹4.57 lakh
Hyundai Grand i10,Hyundai,2019,"1,72,289 km",Petrol,Manual,"EMI ₹7,563/m*",₹3.40 lakh
Hyundai Creta,Hyundai,2016,"1,37,001 km",Diesel,Auto,"EMI ₹7,563/m*",₹4.88 lakh
Hyundai Elite i20,Hyundai,2017,"1,13,334 km",Petrol,Manual,"EMI ₹7,808/m*",₹3.51 lakh
Mahindra MARAZZO,Mahindra,2019,"54,922 km",Diesel,Manual,"EMI ₹21,589/m*",₹6.50 lakh
Maruti Baleno,Maruti,2022,"51,387 km",Petrol,Manual,"EMI ₹8,900/m*",₹5.04 lakh
Mahindra XUV500,Mahindra,2016,"77,655 km",Diesel,Manual,"EMI ₹8,900/m*",₹5.56 lakh
Mahindra XUV500,Mahindra,2018,"95,104 km",Diesel,Auto,"EMI ₹32,951/m*",₹7.00 lakh
Hyundai Verna,Hyundai,2018,"58,763 km",Petrol,Auto,"EMI ₹12,304/m*",₹6.97 lakh
Maruti Eeco,Maruti,2018,"1,63,227 km",Petrol,Manual,"EMI ₹6,117/m*",₹2.75 lakh
Hyundai Grand i10,Hyundai,2018,"24,338 km",Petrol,Auto,"EMI ₹6,567/m*",₹3.72 lakh
Maruti Ciaz,Maruti,2025,"5,150 km",Petrol,Manual,"EMI ₹14,725/m*",₹8.60 lakh
Mahindra BOLERO NEO,Mahindra,2022,"15,989 km",Diesel,Manual,"EMI ₹15,542/m*",₹7.95 lakh
Hyundai Creta,Hyundai,2016,"1,63,072 km",Diesel,Auto,"EMI ₹15,542/m*",₹4.41 lakh
Maruti Ciaz,Maruti,2017,"1,55,152 km",Diesel,Manual,"EMI ₹30,742/m*",₹3.46 lakh
Hyundai NEW SANTRO,Hyundai,2019,"39,874 km",Petrol,Auto,"EMI ₹6,584/m*",₹3.73 lakh
Tata ALTROZ,Tata,2024,"48,256 km",Petrol,Manual,"EMI ₹11,192/m*",₹6.34 lakh
Skoda KUSHAQ,Skoda,2022,"60,933 km",Petrol,Manual,"EMI ₹18,116/m*",₹10.58 lakh
Hyundai Creta,Hyundai,2021,"1,23,977 km",Diesel,Manual,"EMI ₹24,460/m*",₹11.25 lakh
Hyundai NEW SANTRO,Hyundai,2022,"56,294 km",Petrol,Manual,"EMI ₹7,291/m*",₹4.13 lakh
Hyundai Tucson,Hyundai,2017,"1,68,404 km",Diesel,Auto,"EMI ₹53,309/m*",₹6.00 lakh
Maruti Dzire,Maruti,2018,"91,912 km",Petrol,Manual,"EMI ₹7,855/m*",₹4.45 lakh
Renault Duster,Renault,2017,"1,02,889 km",Diesel,Manual,"EMI ₹33,407/m*",₹3.76 lakh
Maruti FRONX,Maruti,2024,"34,731 km",Petrol,Auto,"EMI ₹12,745/m*",₹7.22 lakh
Hyundai Elite i20,Hyundai,2020,"70,019 km",Petrol,Manual,"EMI ₹8,791/m*",₹4.98 lakh
Jeep Compass,Jeep,2017,"78,251 km",Petrol,Auto,"EMI ₹15,230/m*",₹7.79 lakh
Jeep Compass,Jeep,2018,"85,212 km",Diesel,Manual,"EMI ₹45,349/m*",₹9.73 lakh
Tata Hexa,Tata,2017,"98,902 km",Diesel,Auto,"EMI ₹44,691/m*",₹5.03 lakh
Tata Tiago,Tata,2019,"38,643 km",Petrol,Manual,"EMI ₹6,938/m*",₹3.93 lakh
Hyundai Creta,Hyundai,2017,"85,003 km",Diesel,Manual,"EMI ₹46,734/m*",₹5.26 lakh
KIA CARENS,KIA,2022,"51,155 km",Petrol,Manual,"EMI ₹17,465/m*",₹10.20 lakh
Toyota Innova Crysta,Toyota,2017,"1,40,099 km",Diesel,Auto,"EMI ₹97,220/m*",₹11.00 lakh
Maruti Vitara Brezza,Maruti,2020,"79,022 km",Petrol,Manual,"EMI ₹10,715/m*",₹6.07 lakh
Hyundai Creta,Hyundai,2022,"61,239 km",Petrol,Auto,"EMI ₹20,119/m*",₹11.75 lakh
Mahindra XUV500,Mahindra,2017,"43,420 km",Diesel,Manual,"EMI ₹48,956/m*",₹5.51 lakh
Maruti New Wagon-R,Maruti,2021,"17,648 km",Petrol,Manual,"EMI ₹7,838/m*",₹4.44 lakh
Maruti Ertiga,Maruti,2021,"43,800 km",Petrol,Manual,"EMI ₹17,516/m*",₹10.23 lakh
Hyundai VENUE,Hyundai,2019,"47,689 km",Petrol,Manual,"EMI ₹10,998/m*",₹6.23 lakh
Tata Hexa,Tata,2018,"82,707 km",Diesel,Manual,"EMI ₹38,685/m*",₹8.30 lakh
Tata Safari,Tata,2022,"46,976 km",Diesel,Auto,"EMI ₹29,674/m*",₹15.59 lakh
MG ASTOR,MG,2022,"40,643 km",Petrol,Manual,"EMI ₹16,318/m*",₹9.53 lakh
Maruti Celerio,Maruti,2018,"77,567 km",Petrol,Manual,"EMI ₹6,196/m*",₹3.51 lakh
KIA SELTOS,KIA,2021,"1,10,031 km",Diesel,Auto,"EMI ₹26,091/m*",₹12.00 lakh
Maruti Swift,Maruti,2020,"77,600 km",Petrol,Auto,"EMI ₹8,156/m*",₹4.62 lakh
Maruti Vitara Brezza,Maruti,2018,"44,495 km",Diesel,Manual,"EMI ₹21,183/m*",₹4.50 lakh
Maruti Grand Vitara,Maruti,2024,"22,674 km",Hybrid,Auto,"EMI ₹26,968/m*",₹15.75 lakh
Renault Duster,Renault,2017,"81,362 km",Diesel,Manual,"EMI ₹35,184/m*",₹3.96 lakh
Mahindra Thar,Mahindra,2021,"11,712 km",Petrol,Auto,"EMI ₹18,116/m*",₹10.58 lakh
Tata NEXON,Tata,2023,"39,834 km",Petrol,Manual,"EMI ₹14,914/m*",₹8.71 lakh
Honda Jazz,Honda,2017,"1,26,894 km",Petrol,Auto,"EMI ₹8,742/m*",₹3.93 lakh
Maruti Vitara Brezza,Maruti,2020,"1,02,072 km",Diesel,Auto,"EMI ₹15,800/m*",₹6.00 lakh
Hyundai Creta,Hyundai,2016,"94,491 km",Petrol,Manual,"EMI ₹11,011/m*",₹4.95 lakh
Tata NEXON,Tata,2023,"28,220 km",Petrol,Manual,"EMI ₹13,381/m*",₹7.58 lakh
KIA SELTOS,KIA,2020,"1,03,653 km",Diesel,Auto,"EMI ₹19,750/m*",₹7.50 lakh
Hyundai AURA,Hyundai,2024,"33,009 km",Petrol,Manual,"EMI ₹12,410/m*",₹7.03 lakh
Hyundai Creta,Hyundai,2021,"34,339 km",Diesel,Manual,"EMI ₹22,264/m*",₹10.24 lakh
Maruti Grand Vitara,Maruti,2024,"10,712 km",Petrol,Manual,"EMI ₹19,331/m*",₹11.29 lakh
Hyundai VENUE,Hyundai,2020,"93,777 km",Diesel,Manual,"EMI ₹18,197/m*",₹6.91 lakh
Toyota Innova Crysta,Toyota,2017,"1,63,509 km",Diesel,Auto,"EMI ₹115,603/m*",₹13.08 lakh
Nissan Kicks,Nissan,2019,"57,316 km",Diesel,Manual,"EMI ₹28,221/m*",₹8.62 lakh
Maruti New Wagon-R,Maruti,2020,"79,790 km",Petrol,Manual,"EMI ₹5,931/m*",₹3.36 lakh
Hyundai Creta,Hyundai,2016,"1,05,239 km",Diesel,Auto,"EMI ₹5,931/m*",₹8.60 lakh
Maruti XL6,Maruti,2025,"25,585 km",Petrol,Manual,"EMI ₹19,451/m*",₹11.36 lakh
Honda WR-V,Honda,2017,"49,403 km",Petrol,Manual,"EMI ₹9,482/m*",₹4.85 lakh
Maruti Swift,Maruti,2019,"50,829 km",Petrol,Manual,"EMI ₹8,138/m*",₹4.61 lakh
Honda City,Honda,2018,"1,06,822 km",Petrol,Manual,"EMI ₹10,255/m*",₹4.61 lakh
Maruti Baleno,Maruti,2019,"43,600 km",Petrol,Manual,"EMI ₹8,209/m*",₹4.65 lakh
Hyundai i20 Active,Hyundai,2016,"1,24,886 km",Diesel,Manual,"EMI ₹8,209/m*",₹3.52 lakh
Tata Harrier,Tata,2019,"69,278 km",Diesel,Manual,"EMI ₹27,828/m*",₹8.50 lakh
Honda WR-V,Honda,2017,"1,51,961 km",Petrol,Manual,"EMI ₹8,141/m*",₹3.66 lakh
Toyota Etios,Toyota,2016,"1,03,592 km",Petrol,Manual,"EMI ₹6,607/m*",₹2.97 lakh
KIA CARENS,KIA,2023,"57,192 km",Diesel,Auto,"EMI ₹23,971/m*",₹14.00 lakh
Honda City,Honda,2014,"1,06,438 km",Petrol,Manual,"EMI ₹10,828/m*",₹3.26 lakh
KIA SELTOS,KIA,2019,"1,00,641 km",Petrol,Manual,"EMI ₹19,612/m*",₹9.02 lakh
Hyundai NEW I20,Hyundai,2022,"56,943 km",Petrol,Auto,"EMI ₹12,463/m*",₹7.06 lakh
Mahindra XUV700,Mahindra,2022,"1,09,300 km",Diesel,Manual,"EMI ₹25,504/m*",₹11.73 lakh
Toyota Corolla Altis,Toyota,2015,"1,08,367 km",Petrol,Auto,"EMI ₹10,665/m*",₹4.05 lakh
Tata Safari,Tata,2021,"35,274 km",Diesel,Auto,"EMI ₹35,984/m*",₹16.55 lakh
Ford Ecosport,Ford,2018,"1,25,911 km",Diesel,Manual,"EMI ₹22,548/m*",₹4.79 lakh
Maruti Ciaz,Maruti,2018,"75,214 km",Petrol,Manual,"EMI ₹8,615/m*",₹4.88 lakh
Toyota Innova Crysta,Toyota,2016,"2,57,507 km",Diesel,Manual,"EMI ₹8,615/m*",₹7.50 lakh
Toyota Corolla Altis,Toyota,2017,"1,15,425 km",Petrol,Manual,"EMI ₹13,080/m*",₹5.88 lakh
Hyundai Creta,Hyundai,2019,"1,04,096 km",Petrol,Manual,"EMI ₹12,234/m*",₹5.50 lakh
Tata Tiago,Tata,2019,"55,000 km",Petrol,Manual,"EMI ₹5,649/m*",₹3.20 lakh
Skoda KUSHAQ,Skoda,2023,"38,355 km",Petrol,Auto,"EMI ₹19,502/m*",₹11.39 lakh
Toyota Innova Crysta,Toyota,2017,"1,03,814 km",Diesel,Auto,"EMI ₹115,073/m*",₹13.02 lakh
Toyota Innova Crysta,Toyota,2022,"23,300 km",Petrol,Auto,"EMI ₹31,420/m*",₹18.35 lakh
Maruti New Wagon-R,Maruti,2020,"1,07,829 km",Petrol,Manual,"EMI ₹7,830/m*",₹3.52 lakh
Maruti Ciaz,Maruti,2019,"4,30,000 km",Petrol,Manual,"EMI ₹10,766/m*",₹4.84 lakh
Mahindra XUV300,Mahindra,2021,"70,691 km",Petrol,Manual,"EMI ₹10,503/m*",₹5.95 lakh
Hyundai VENUE,Hyundai,2020,"21,289 km",Petrol,Manual,"EMI ₹13,886/m*",₹8.11 lakh
Hyundai NEW SANTRO,Hyundai,2020,"82,203 km",Petrol,Manual,"EMI ₹6,320/m*",₹3.58 lakh
Mahindra Thar,Mahindra,2022,"42,642 km",Petrol,Manual,"EMI ₹17,465/m*",₹10.20 lakh
Maruti IGNIS,Maruti,2022,"40,848 km",Petrol,Manual,"EMI ₹7,803/m*",₹4.42 lakh
Mercedes Benz C Class,Mercedes,2011,"68,784 km",Petrol,Auto,"EMI ₹7,803/m*",₹4.00 lakh
Tata Safari,Tata,2022,"96,760 km",Diesel,Manual,"EMI ₹28,475/m*",₹14.96 lakh
Volkswagen Vento,Volkswagen,2019,"55,073 km",Petrol,Auto,"EMI ₹11,513/m*",₹6.52 lakh
Ford Ecosport,Ford,2018,"99,420 km",Petrol,Auto,"EMI ₹8,103/m*",₹4.59 lakh
Mahindra Thar Roxx,Mahindra,2025,"23,220 km",Diesel,Auto,"EMI ₹33,817/m*",₹19.75 lakh
Maruti S Cross,Maruti,2018,"1,52,223 km",Diesel,Manual,"EMI ₹18,217/m*",₹3.87 lakh
Maruti Ertiga,Maruti,2021,"85,756 km",Petrol,Manual,"EMI ₹15,068/m*",₹8.80 lakh
KIA SELTOS,KIA,2020,"76,372 km",Diesel,Manual,"EMI ₹23,907/m*",₹9.25 lakh
Maruti Celerio,Maruti,2020,"1,04,804 km",Petrol,Manual,"EMI ₹8,831/m*",₹3.97 lakh
Maruti Swift,Maruti,2022,"25,424 km",Petrol,Manual,"EMI ₹12,551/m*",₹7.11 lakh
ISUZU D-MAX S-CAB,ISUZU,2019,"1,10,802 km",Diesel,Manual,"EMI ₹20,925/m*",₹6.30 lakh
Ford Ecosport,Ford,2018,"1,50,922 km",Diesel,Manual,"EMI ₹20,901/m*",₹4.44 lakh
Honda CRV,Honda,2012,"1,64,470 km",Petrol,Auto,"EMI ₹23,012/m*",₹2.59 lakh
Maruti Ciaz,Maruti,2019,"48,507 km",Petrol,Manual,"EMI ₹9,621/m*",₹5.45 lakh
MG COMET,MG,2024,"19,780 km",Electric,Auto,"EMI ₹10,980/m*",₹6.22 lakh
Jeep Compass,Jeep,2019,"90,765 km",Diesel,Manual,"EMI ₹24,413/m*",₹7.35 lakh
Maruti New Wagon-R,Maruti,2025,"11,630 km",Petrol,Manual,"EMI ₹9,338/m*",₹5.29 lakh
KIA SONET,KIA,2020,"29,604 km",Petrol,Manual,"EMI ₹12,798/m*",₹7.25 lakh
Maruti XL6,Maruti,2023,"30,006 km",Petrol,Manual,"EMI ₹19,348/m*",₹11.30 lakh
Renault Kiger,Renault,2021,"30,316 km",Petrol,Manual,"EMI ₹10,150/m*",₹5.75 lakh
Hyundai Creta,Hyundai,2016,"60,360 km",Petrol,Manual,"EMI ₹12,457/m*",₹5.60 lakh
KIA SELTOS,KIA,2021,"1,05,063 km",Diesel,Manual,"EMI ₹19,155/m*",₹8.81 lakh
Maruti Celerio X,Maruti,2018,"80,927 km",Petrol,Auto,"EMI ₹7,167/m*",₹4.06 lakh
KIA SELTOS,KIA,2020,"1,47,955 km",Diesel,Auto,"EMI ₹27,700/m*",₹12.74 lakh
Honda City,Honda,2020,"21,832 km",Petrol,Auto,"EMI ₹16,095/m*",₹9.40 lakh
Maruti Ertiga,Maruti,2020,"1,40,170 km",Petrol,Manual,"EMI ₹17,394/m*",₹8.00 lakh
Hyundai i20 Active,Hyundai,2016,"1,17,031 km",Diesel,Manual,"EMI ₹17,394/m*",₹4.00 lakh
Hyundai Creta,Hyundai,2016,"65,224 km",Petrol,Manual,"EMI ₹10,855/m*",₹4.88 lakh
Maruti New Wagon-R,Maruti,2020,"69,086 km",Petrol,Manual,"EMI ₹6,885/m*",₹3.90 lakh
Audi Q3,Audi,2015,"71,000 km",Diesel,Auto,"EMI ₹31,102/m*",₹9.50 lakh
MG HECTOR,MG,2021,"96,193 km",Petrol,Manual,"EMI ₹16,403/m*",₹9.58 lakh
Tata Hexa,Tata,2018,"88,105 km",Diesel,Auto,"EMI ₹28,244/m*",₹6.00 lakh
Maruti IGNIS,Maruti,2021,"33,891 km",Petrol,Manual,"EMI ₹8,279/m*",₹4.69 lakh
Tata NEXON,Tata,2023,"83,654 km",Diesel,Manual,"EMI ₹14,554/m*",₹8.50 lakh
KIA SELTOS,KIA,2019,"68,083 km",Petrol,Manual,"EMI ₹16,609/m*",₹9.70 lakh
Renault Captur,Renault,2017,"1,44,976 km",Diesel,Manual,"EMI ₹32,430/m*",₹3.65 lakh
Toyota URBAN CRUISER,Toyota,2022,"79,305 km",Petrol,Manual,"EMI ₹11,757/m*",₹6.66 lakh
Renault Kiger,Renault,2022,"30,312 km",Petrol,Auto,"EMI ₹9,215/m*",₹5.22 lakh
MG HECTOR,MG,2019,"65,612 km",Diesel,Manual,"EMI ₹26,273/m*",₹7.91 lakh
Mahindra BOLERO NEO,Mahindra,2023,"49,213 km",Diesel,Manual,"EMI ₹13,903/m*",₹8.12 lakh
Tata Safari,Tata,2021,"84,909 km",Diesel,Auto,"EMI ₹30,439/m*",₹14.00 lakh
Hyundai Creta,Hyundai,2020,"46,058 km",Diesel,Manual,"EMI ₹23,003/m*",₹8.90 lakh
Mahindra XUV700,Mahindra,2022,"32,193 km",Diesel,Manual,"EMI ₹26,648/m*",₹14.00 lakh
Maruti Ertiga,Maruti,2021,"1,25,639 km",Petrol,Manual,"EMI ₹20,068/m*",₹9.23 lakh
Maruti Grand Vitara,Maruti,2023,"18,965 km",Petrol,Manual,"EMI ₹16,266/m*",₹9.50 lakh
Hyundai Creta,Hyundai,2016,"40,757 km",Petrol,Auto,"EMI ₹13,347/m*",₹6.00 lakh
Maruti Vitara Brezza,Maruti,2018,"1,25,858 km",Diesel,Manual,"EMI ₹23,396/m*",₹4.97 lakh
Skoda KUSHAQ,Skoda,2022,"73,280 km",Petrol,Manual,"EMI ₹16,609/m*",₹9.70 lakh
Tata Hexa,Tata,2018,"89,988 km",Diesel,Auto,"EMI ₹32,245/m*",₹6.85 lakh
Honda City,Honda,2015,"1,10,974 km",Petrol,Auto,"EMI ₹11,376/m*",₹4.32 lakh
Mahindra XUV300,Mahindra,2019,"95,569 km",Diesel,Auto,"EMI ₹24,944/m*",₹7.51 lakh
Mahindra XUV500,Mahindra,2016,"2,56,638 km",Diesel,Manual,"EMI ₹24,944/m*",₹4.18 lakh
MG HECTOR PLUS,MG,2023,"24,268 km",Petrol,Auto,"EMI ₹30,529/m*",₹17.83 lakh
Hyundai GRAND I10 NIOS,Hyundai,2020,"1,11,047 km",Petrol,Manual,"EMI ₹9,921/m*",₹4.46 lakh
Renault Duster,Renault,2018,"88,317 km",Petrol,Auto,"EMI ₹7,750/m*",₹4.39 lakh
Honda City,Honda,2019,"1,13,897 km",Petrol,Manual,"EMI ₹12,056/m*",₹5.42 lakh
Hyundai Creta,Hyundai,2016,"1,27,698 km",Diesel,Manual,"EMI ₹12,056/m*",₹4.69 lakh
Honda City,Honda,2015,"99,148 km",Petrol,Auto,"EMI ₹10,639/m*",₹4.04 lakh
KIA SONET,KIA,2020,"30,540 km",Diesel,Manual,"EMI ₹20,676/m*",₹8.00 lakh
Hyundai Creta,Hyundai,2022,"39,481 km",Petrol,Manual,"EMI ₹14,982/m*",₹8.75 lakh
KIA SONET,KIA,2021,"67,872 km",Petrol,Manual,"EMI ₹14,016/m*",₹7.94 lakh
KIA SONET,KIA,2020,"51,393 km",Petrol,Manual,"EMI ₹12,869/m*",₹7.29 lakh
Maruti New Wagon-R,Maruti,2022,"81,352 km",Petrol,Manual,"EMI ₹7,502/m*",₹4.25 lakh
KIA SELTOS,KIA,2019,"90,612 km",Diesel,Auto,"EMI ₹39,385/m*",₹12.03 lakh
Mahindra Thar,Mahindra,2023,"8,805 km",Petrol,Auto,"EMI ₹20,067/m*",₹11.72 lakh
Hyundai Creta,Hyundai,2019,"1,19,532 km",Petrol,Manual,"EMI ₹15,571/m*",₹7.00 lakh
Hyundai Creta,Hyundai,2017,"1,45,878 km",Petrol,Manual,"EMI ₹10,010/m*",₹4.50 lakh
Hyundai NEW SANTRO,Hyundai,2019,"69,715 km",Petrol,Manual,"EMI ₹5,561/m*",₹3.15 lakh
Honda City,Honda,2019,"69,596 km",Petrol,Auto,"EMI ₹11,298/m*",₹6.40 lakh
Ford Ecosport,Ford,2019,"1,82,064 km",Diesel,Manual,"EMI ₹11,411/m*",₹5.13 lakh
Maruti Vitara Brezza,Maruti,2019,"1,24,463 km",Diesel,Auto,"EMI ₹13,881/m*",₹6.24 lakh
KIA SELTOS,KIA,2019,"1,10,745 km",Petrol,Auto,"EMI ₹20,655/m*",₹9.50 lakh
Maruti Ertiga,Maruti,2016,"1,09,894 km",Petrol,Manual,"EMI ₹11,189/m*",₹5.03 lakh
Mahindra XUV 3XO,Mahindra,2024,"22,280 km",Petrol,Manual,"EMI ₹17,157/m*",₹10.02 lakh
Tata PUNCH,Tata,2024,"8,643 km",Petrol,Manual,"EMI ₹12,269/m*",₹6.95 lakh
Maruti Dzire,Maruti,2019,"78,880 km",Petrol,Manual,"EMI ₹8,473/m*",₹4.80 lakh
Honda Amaze,Honda,2021,"48,996 km",Petrol,Manual,"EMI ₹11,474/m*",₹6.50 lakh
Mahindra Thar,Mahindra,2022,"58,049 km",Diesel,Auto,"EMI ₹26,572/m*",₹13.96 lakh
Maruti Baleno,Maruti,2019,"86,951 km",Petrol,Manual,"EMI ₹7,944/m*",₹4.50 lakh
Hyundai GRAND I10 NIOS,Hyundai,2022,"26,309 km",Petrol,Manual,"EMI ₹8,773/m*",₹4.97 lakh
Mahindra SCORPIO-N,Mahindra,2023,"72,914 km",Diesel,Auto,"EMI ₹28,303/m*",₹16.53 lakh
Maruti Baleno,Maruti,2020,"40,813 km",Petrol,Manual,"EMI ₹9,250/m*",₹5.24 lakh
Mahindra Thar,Mahindra,2021,"44,978 km",Petrol,Auto,"EMI ₹18,835/m*",₹11.00 lakh
Tata NEXON,Tata,2019,"17,342 km",Petrol,Auto,"EMI ₹10,256/m*",₹5.81 lakh
Mahindra SCORPIO CLASSIC,Mahindra,2022,"55,565 km",Diesel,Manual,"EMI ₹20,462/m*",₹10.75 lakh
KIA SONET,KIA,2023,"16,821 km",Petrol,Manual,"EMI ₹17,773/m*",₹10.38 lakh
Audi A4,Audi,2015,"45,664 km",Diesel,Auto,"EMI ₹17,773/m*",₹8.99 lakh
Tata Hexa,Tata,2018,"85,212 km",Diesel,Auto,"EMI ₹33,610/m*",₹7.14 lakh
KIA CARENS,KIA,2025,"8,636 km",Petrol,Manual,"EMI ₹18,937/m*",₹11.06 lakh
Ford Endeavour,Ford,2016,"1,30,000 km",Diesel,Auto,"EMI ₹18,937/m*",₹11.86 lakh
Hyundai Creta,Hyundai,2023,"20,920 km",Petrol,Manual,"EMI ₹18,937/m*",₹11.06 lakh
Maruti New Wagon-R,Maruti,2024,"5,458 km",Petrol,Manual,"EMI ₹8,968/m*",₹5.08 lakh
Honda City,Honda,2011,"1,32,531 km",Petrol,Manual,"EMI ₹8,968/m*",₹4.00 lakh
Mahindra Thar,Mahindra,2023,"19,344 km",Petrol,Auto,"EMI ₹23,372/m*",₹13.65 lakh
Nissan MAGNITE,Nissan,2023,"24,273 km",Petrol,Auto,"EMI ₹14,554/m*",₹8.50 lakh
Hyundai Creta,Hyundai,2018,"1,67,734 km",Diesel,Auto,"EMI ₹20,721/m*",₹9.53 lakh
Honda City,Honda,2019,"73,007 km",Petrol,Auto,"EMI ₹11,439/m*",₹6.48 lakh
Maruti Vitara Brezza,Maruti,2019,"39,544 km",Diesel,Auto,"EMI ₹23,084/m*",₹6.95 lakh
Maruti Vitara Brezza,Maruti,2018,"1,66,601 km",Diesel,Manual,"EMI ₹21,324/m*",₹4.53 lakh
Hyundai Creta,Hyundai,2021,"42,031 km",Petrol,Auto,"EMI ₹18,698/m*",₹10.92 lakh
Mahindra Thar,Mahindra,2019,"41,337 km",Diesel,Manual,"EMI ₹23,150/m*",₹6.97 lakh
Maruti Baleno,Maruti,2017,"89,279 km",Petrol,Manual,"EMI ₹6,862/m*",₹3.51 lakh
Maruti Dzire,Maruti,2019,"22,184 km",Petrol,Manual,"EMI ₹8,138/m*",₹4.61 lakh
Hyundai Elite i20,Hyundai,2016,"60,430 km",Petrol,Manual,"EMI ₹8,520/m*",₹3.83 lakh
Maruti Eeco,Maruti,2024,"12,313 km",Petrol,Manual,"EMI ₹10,945/m*",₹6.20 lakh
Tata PUNCH,Tata,2024,"51,897 km",Petrol,Manual,"EMI ₹10,980/m*",₹6.22 lakh
Maruti IGNIS,Maruti,2023,"21,584 km",Petrol,Manual,"EMI ₹9,938/m*",₹5.63 lakh
KIA SONET,KIA,2022,"45,737 km",Petrol,Manual,"EMI ₹13,593/m*",₹7.70 lakh
Maruti Ciaz,Maruti,2020,"99,800 km",Petrol,Auto,"EMI ₹11,298/m*",₹6.40 lakh
Mahindra XUV700,Mahindra,2022,"46,479 km",Diesel,Auto,"EMI ₹33,538/m*",₹17.62 lakh
Hyundai Creta,Hyundai,2023,"34,002 km",Petrol,Manual,"EMI ₹16,540/m*",₹9.66 lakh
Hyundai Creta,Hyundai,2018,"2,31,459 km",Diesel,Manual,"EMI ₹27,585/m*",₹5.86 lakh
KIA SELTOS,KIA,2020,"67,781 km",Petrol,Auto,"EMI ₹18,013/m*",₹10.52 lakh
Mahindra XUV700,Mahindra,2024,"12,858 km",Diesel,Auto,"EMI ₹41,094/m*",₹24.00 lakh
Maruti Vitara Brezza,Maruti,2019,"85,595 km",Diesel,Auto,"EMI ₹18,733/m*",₹5.64 lakh
KIA CARENS,KIA,2022,"52,108 km",Petrol,Auto,"EMI ₹20,067/m*",₹11.72 lakh
KIA SELTOS,KIA,2021,"52,329 km",Petrol,Auto,"EMI ₹20,975/m*",₹12.25 lakh
Maruti Dzire,Maruti,2021,"1,33,061 km",Petrol,Manual,"EMI ₹8,408/m*",₹3.78 lakh
MG HECTOR,MG,2021,"37,035 km",Petrol,Auto,"EMI ₹18,184/m*",₹10.62 lakh
Mahindra SCORPIO CLASSIC,Mahindra,2025,"44,482 km",Diesel,Manual,"EMI ₹26,728/m*",₹15.61 lakh
Maruti S Cross,Maruti,2018,"79,638 km",Diesel,Manual,"EMI ₹24,525/m*",₹5.21 lakh
Hyundai Creta,Hyundai,2016,"2,21,930 km",Diesel,Manual,"EMI ₹24,525/m*",₹4.75 lakh
Tata Safari,Tata,2021,"81,169 km",Diesel,Auto,"EMI ₹26,243/m*",₹12.07 lakh
Hyundai Creta,Hyundai,2019,"55,110 km",Petrol,Manual,"EMI ₹14,006/m*",₹8.18 lakh
Volkswagen TAIGUN,Volkswagen,2024,"21,403 km",Petrol,Manual,"EMI ₹17,893/m*",₹10.45 lakh
Maruti S Cross,Maruti,2018,"1,03,452 km",Diesel,Manual,"EMI ₹23,443/m*",₹4.98 lakh
Ford Ecosport,Ford,2016,"85,417 km",Petrol,Auto,"EMI ₹8,542/m*",₹3.84 lakh
Maruti Ciaz,Maruti,2014,"1,26,942 km",Petrol,Manual,"EMI ₹9,998/m*",₹3.01 lakh
Toyota Innova Crysta,Toyota,2017,"1,25,271 km",Diesel,Manual,"EMI ₹106,058/m*",₹12.00 lakh
Hyundai Verna,Hyundai,2022,"26,810 km",Petrol,Auto,"EMI ₹17,996/m*",₹10.51 lakh
Maruti Swift,Maruti,2019,"96,604 km",Diesel,Manual,"EMI ₹16,275/m*",₹4.90 lakh
Hyundai Creta,Hyundai,2018,"97,617 km",Diesel,Auto,"EMI ₹32,951/m*",₹7.00 lakh
Tata Tiago,Tata,2021,"45,002 km",Petrol,Manual,"EMI ₹7,132/m*",₹4.04 lakh
Ford Figo Aspire,Ford,2016,"1,97,632 km",Petrol,Manual,"EMI ₹5,561/m*",₹2.50 lakh
Ford Ecosport,Ford,2018,"86,409 km",Diesel,Manual,"EMI ₹20,336/m*",₹4.32 lakh
Hyundai Creta,Hyundai,2018,"98,458 km",Diesel,Manual,"EMI ₹30,598/m*",₹6.50 lakh
Hyundai VENUE,Hyundai,2021,"72,475 km",Petrol,Auto,"EMI ₹13,328/m*",₹7.55 lakh
Mahindra Thar,Mahindra,2022,"1,01,935 km",Diesel,Manual,"EMI ₹25,417/m*",₹11.69 lakh
Hyundai Elite i20,Hyundai,2017,"55,866 km",Petrol,Manual,"EMI ₹7,957/m*",₹4.07 lakh
Toyota Corolla Altis,Toyota,2016,"88,162 km",Petrol,Auto,"EMI ₹12,613/m*",₹5.67 lakh
Mahindra Thar,Mahindra,2023,"28,232 km",Petrol,Manual,"EMI ₹21,437/m*",₹12.52 lakh
Honda City,Honda,2018,"82,375 km",Petrol,Manual,"EMI ₹10,768/m*",₹6.10 lakh
Maruti FRONX,Maruti,2024,"34,384 km",Petrol,Manual,"EMI ₹13,857/m*",₹7.85 lakh
Tata Hexa,Tata,2018,"76,035 km",Diesel,Auto,"EMI ₹40,828/m*",₹8.76 lakh
KIA SELTOS,KIA,2023,"65,709 km",Petrol,Manual,"EMI ₹14,965/m*",₹8.74 lakh
Mahindra SCORPIO-N,Mahindra,2023,"27,532 km",Petrol,Auto,"EMI ₹30,735/m*",₹17.95 lakh
Force Motors Citiline,Force,2024,"7,733 km",Diesel,Manual,"EMI ₹24,382/m*",₹14.24 lakh
MG ASTOR,MG,2022,"71,826 km",Petrol,Auto,"EMI ₹16,609/m*",₹9.70 lakh
Tata Safari,Tata,2022,"43,429 km",Diesel,Auto,"EMI ₹29,065/m*",₹15.27 lakh
Mahindra XUV300,Mahindra,2019,"79,993 km",Diesel,Manual,"EMI ₹19,563/m*",₹5.89 lakh
Hyundai Grand i10,Hyundai,2019,"71,190 km",Petrol,Manual,"EMI ₹6,532/m*",₹3.70 lakh
Maruti Grand Vitara,Maruti,2023,"35,181 km",Petrol,Manual,"EMI ₹16,044/m*",₹9.37 lakh
Maruti Ciaz,Maruti,2018,"47,625 km",Petrol,Auto,"EMI ₹9,815/m*",₹5.56 lakh
KIA SELTOS,KIA,2021,"1,25,903 km",Petrol,Manual,"EMI ₹22,656/m*",₹10.42 lakh
Maruti New Wagon-R,Maruti,2024,"40,922 km",Petrol,Manual,"EMI ₹8,985/m*",₹5.09 lakh
MG ASTOR,MG,2023,"23,494 km",Petrol,Auto,"EMI ₹17,979/m*",₹10.50 lakh
Hyundai VENUE,Hyundai,2022,"92,732 km",Diesel,Manual,"EMI ₹15,760/m*",₹8.28 lakh
Mahindra Thar,Mahindra,2017,"81,071 km",Diesel,Manual,"EMI ₹46,024/m*",₹5.18 lakh
Renault Duster,Renault,2019,"55,798 km",Diesel,Manual,"EMI ₹18,334/m*",₹5.52 lakh
KIA SELTOS,KIA,2020,"1,06,961 km",Petrol,Manual,"EMI ₹17,017/m*",₹7.65 lakh
Toyota Innova Crysta,Toyota,2016,"3,75,247 km",Diesel,Manual,"EMI ₹17,017/m*",₹10.29 lakh
KIA SONET,KIA,2020,"24,913 km",Petrol,Manual,"EMI ₹14,105/m*",₹7.99 lakh
Maruti IGNIS,Maruti,2021,"68,966 km",Petrol,Manual,"EMI ₹6,214/m*",₹3.52 lakh
Hyundai VENUE,Hyundai,2020,"68,470 km",Petrol,Manual,"EMI ₹11,986/m*",₹6.79 lakh
Maruti FRONX,Maruti,2024,"48,943 km",Petrol,Auto,"EMI ₹12,816/m*",₹7.26 lakh
MG HECTOR,MG,2020,"34,235 km",Petrol,Auto,"EMI ₹21,078/m*",₹12.31 lakh
KIA SELTOS,KIA,2019,"28,999 km",Diesel,Manual,"EMI ₹31,953/m*",₹9.76 lakh
KIA SONET,KIA,2023,"40,554 km",Petrol,Auto,"EMI ₹15,513/m*",₹9.06 lakh
Ford Ecosport,Ford,2019,"56,888 km",Diesel,Manual,"EMI ₹19,530/m*",₹5.88 lakh
Hyundai Tucson,Hyundai,2016,"67,950 km",Diesel,Auto,"EMI ₹19,530/m*",₹7.20 lakh
Maruti New Wagon-R,Maruti,2023,"60,149 km",Petrol,Manual,"EMI ₹8,244/m*",₹4.67 lakh
KIA SELTOS,KIA,2019,"52,557 km",Diesel,Manual,"EMI ₹25,907/m*",₹7.80 lakh
KIA SELTOS,KIA,2024,"23,442 km",Diesel,Manual,"EMI ₹25,324/m*",₹14.79 lakh
Mahindra Scorpio,Mahindra,2017,"98,577 km",Diesel,Manual,"EMI ₹64,415/m*",₹7.25 lakh
Maruti Ciaz,Maruti,2018,"48,669 km",Petrol,Manual,"EMI ₹11,633/m*",₹6.59 lakh
Maruti Celerio,Maruti,2022,"89,183 km",Petrol,Manual,"EMI ₹7,273/m*",₹4.12 lakh
KIA SONET,KIA,2021,"56,359 km",Petrol,Manual,"EMI ₹10,945/m*",₹6.20 lakh
Maruti S Cross,Maruti,2018,"62,717 km",Diesel,Manual,"EMI ₹25,043/m*",₹5.32 lakh
Mahindra XUV300,Mahindra,2021,"1,10,463 km",Petrol,Manual,"EMI ₹11,345/m*",₹5.10 lakh
Mahindra XUV500,Mahindra,2018,"66,000 km",Diesel,Auto,"EMI ₹33,422/m*",₹7.10 lakh
Hyundai Creta,Hyundai,2019,"86,506 km",Petrol,Manual,"EMI ₹12,110/m*",₹6.86 lakh
BMW X1,BMW,2018,"1,35,511 km",Diesel,Auto,"EMI ₹34,657/m*",₹15.94 lakh
Tata Hexa,Tata,2017,"59,449 km",Diesel,Auto,"EMI ₹44,424/m*",₹5.00 lakh
Mahindra BOLERO NEO,Mahindra,2023,"15,528 km",Diesel,Manual,"EMI ₹16,129/m*",₹9.42 lakh
Hyundai Creta,Hyundai,2019,"49,044 km",Petrol,Auto,"EMI ₹13,869/m*",₹8.10 lakh
Hyundai Verna,Hyundai,2023,"42,163 km",Petrol,Auto,"EMI ₹20,838/m*",₹12.17 lakh
Hyundai Grand i10,Hyundai,2017,"36,082 km",Petrol,Auto,"EMI ₹8,152/m*",₹4.17 lakh
Mahindra XUV300,Mahindra,2020,"1,40,396 km",Diesel,Auto,"EMI ₹17,407/m*",₹6.61 lakh
KIA SONET,KIA,2023,"53,386 km",Diesel,Manual,"EMI ₹14,554/m*",₹8.50 lakh
KIA SONET,KIA,2021,"81,608 km",Petrol,Manual,"EMI ₹12,092/m*",₹6.85 lakh
KIA SONET,KIA,2021,"21,193 km",Petrol,Auto,"EMI ₹13,903/m*",₹8.12 lakh
KIA SELTOS,KIA,2021,"36,682 km",Petrol,Manual,"EMI ₹14,034/m*",₹7.95 lakh
Hyundai VENUE,Hyundai,2019,"92,769 km",Diesel,Manual,"EMI ₹22,220/m*",₹6.69 lakh
KIA SONET,KIA,2023,"16,525 km",Petrol,Auto,"EMI ₹19,314/m*",₹11.28 lakh
KIA SELTOS,KIA,2024,"33,974 km",Petrol,Manual,"EMI ₹22,807/m*",₹13.32 lakh
Tata Harrier,Tata,2019,"1,82,986 km",Diesel,Manual,"EMI ₹30,742/m*",₹9.39 lakh
Skoda Octavia,Skoda,2013,"72,538 km",Petrol,Auto,"EMI ₹18,641/m*",₹3.96 lakh
KIA SONET,KIA,2022,"1,06,454 km",Diesel,Manual,"EMI ₹16,528/m*",₹7.43 lakh
Toyota Glanza,Toyota,2024,"21,079 km",Petrol,Manual,"EMI ₹13,398/m*",₹7.59 lakh
Tata NEXON,Tata,2017,"1,21,332 km",Diesel,Manual,"EMI ₹38,560/m*",₹4.34 lakh
MG HECTOR PLUS,MG,2022,"69,930 km",Diesel,Manual,"EMI ₹31,235/m*",₹16.41 lakh
Tata Safari,Tata,2021,"77,577 km",Diesel,Auto,"EMI ₹27,113/m*",₹12.47 lakh
Jeep Compass,Jeep,2021,"47,479 km",Petrol,Manual,"EMI ₹21,831/m*",₹12.75 lakh
Skoda Rapid,Skoda,2019,"1,18,084 km",Diesel,Manual,"EMI ₹24,213/m*",₹7.29 lakh
Mahindra Thar,Mahindra,2022,"75,666 km",Diesel,Auto,"EMI ₹25,487/m*",₹13.39 lakh
Maruti S Cross,Maruti,2018,"1,05,099 km",Diesel,Manual,"EMI ₹20,006/m*",₹4.25 lakh
Hyundai Verna,Hyundai,2018,"73,490 km",Petrol,Manual,"EMI ₹12,022/m*",₹6.81 lakh
Volkswagen TAIGUN,Volkswagen,2023,"60,828 km",Petrol,Auto,"EMI ₹17,550/m*",₹10.25 lakh
MG HECTOR PLUS,MG,2021,"39,437 km",Petrol,Auto,"EMI ₹24,057/m*",₹14.05 lakh
Hyundai Verna,Hyundai,2018,"56,408 km",Petrol,Manual,"EMI ₹17,722/m*",₹10.35 lakh
KIA SELTOS,KIA,2022,"96,128 km",Diesel,Manual,"EMI ₹24,154/m*",₹12.69 lakh
KIA SONET,KIA,2021,"23,194 km",Petrol,Manual,"EMI ₹15,102/m*",₹8.82 lakh
KIA SELTOS,KIA,2020,"5,045 km",Diesel,Auto,"EMI ₹25,070/m*",₹9.70 lakh
Mahindra XUV300,Mahindra,2019,"65,060 km",Diesel,Manual,"EMI ₹17,271/m*",₹5.20 lakh
MG HECTOR,MG,2024,"32,133 km",Petrol,Auto,"EMI ₹28,680/m*",₹16.75 lakh
KIA SELTOS,KIA,2019,"1,17,238 km",Diesel,Manual,"EMI ₹28,679/m*",₹8.76 lakh
Mahindra Thar,Mahindra,2023,"44,656 km",Petrol,Manual,"EMI ₹17,979/m*",₹10.50 lakh
MG HECTOR,MG,2020,"71,010 km",Petrol,Auto,"EMI ₹17,122/m*",₹10.00 lakh
MG HECTOR,MG,2019,"43,976 km",Petrol,Manual,"EMI ₹14,554/m*",₹8.50 lakh
Honda City,Honda,2021,"1,27,400 km",Petrol,Auto,"EMI ₹18,481/m*",₹8.50 lakh
KIA SELTOS,KIA,2019,"1,00,566 km",Petrol,Manual,"EMI ₹15,015/m*",₹6.75 lakh
Toyota URBAN CRUISER HYRYDER,Toyota,2024,"54,664 km",Petrol,Manual,"EMI ₹21,403/m*",₹12.50 lakh
MG COMET,MG,2023,"13,795 km",Electric,Auto,"EMI ₹11,916/m*",₹6.75 lakh
KIA SELTOS,KIA,2022,"24,100 km",Petrol,Manual,"EMI ₹18,235/m*",₹10.65 lakh
KIA SONET,KIA,2020,"37,496 km",Petrol,Manual,"EMI ₹13,504/m*",₹7.65 lakh
Hyundai Creta,Hyundai,2019,"67,254 km",Diesel,Manual,"EMI ₹24,114/m*",₹7.26 lakh
Maruti Grand Vitara,Maruti,2022,"90,256 km",Hybrid,Auto,"EMI ₹20,461/m*",₹11.95 lakh
Skoda Octavia,Skoda,2017,"1,31,068 km",Diesel,Auto,"EMI ₹86,172/m*",₹9.75 lakh
Hyundai EXTER,Hyundai,2025,"7,466 km",Petrol,Auto,"EMI ₹13,869/m*",₹8.10 lakh
KIA SELTOS,KIA,2022,"52,064 km",Diesel,Manual,"EMI ₹19,034/m*",₹10.00 lakh
Hyundai GRAND I10 NIOS,Hyundai,2024,"4,044 km",Petrol,Auto,"EMI ₹11,880/m*",₹6.73 lakh
Maruti S Cross,Maruti,2018,"74,362 km",Diesel,Manual,"EMI ₹30,739/m*",₹6.53 lakh
Renault Duster,Renault,2017,"1,70,101 km",Petrol,Manual,"EMI ₹7,585/m*",₹3.41 lakh
Tata Safari,Tata,2024,"19,109 km",Diesel,Auto,"EMI ₹31,968/m*",₹18.67 lakh
Maruti Swift,Maruti,2021,"86,724 km",Petrol,Auto,"EMI ₹9,215/m*",₹5.22 lakh
MG HECTOR PLUS,MG,2020,"1,00,406 km",Petrol,Auto,"EMI ₹27,004/m*",₹12.42 lakh
Hyundai GRAND I10 NIOS,Hyundai,2024,"21,520 km",Petrol,Manual,"EMI ₹9,709/m*",₹5.50 lakh
Maruti Celerio,Maruti,2021,"78,957 km",Petrol,Manual,"EMI ₹6,178/m*",₹3.50 lakh
KIA SELTOS,KIA,2023,"1,20,844 km",Diesel,Manual,"EMI ₹20,655/m*",₹9.50 lakh
Mahindra XUV700,Mahindra,2022,"33,641 km",Petrol,Auto,"EMI ₹27,961/m*",₹16.33 lakh
KIA SONET,KIA,2021,"1,14,738 km",Diesel,Manual,"EMI ₹19,438/m*",₹8.94 lakh
Maruti New Wagon-R,Maruti,2023,"43,178 km",Petrol,Manual,"EMI ₹7,344/m*",₹4.16 lakh
MG HECTOR,MG,2019,"1,01,335 km",Petrol,Auto,"EMI ₹24,373/m*",₹11.21 lakh
Renault Duster,Renault,2018,"80,657 km",Diesel,Manual,"EMI ₹20,195/m*",₹4.29 lakh
Jeep Compass,Jeep,2020,"54,091 km",Petrol,Auto,"EMI ₹13,698/m*",₹8.00 lakh
Hyundai VENUE,Hyundai,2020,"81,371 km",Petrol,Auto,"EMI ₹11,121/m*",₹6.30 lakh
Volkswagen TAIGUN,Volkswagen,2023,"54,144 km",Petrol,Auto,"EMI ₹19,691/m*",₹11.50 lakh
Maruti Ciaz,Maruti,2022,"98,091 km",Petrol,Manual,"EMI ₹11,174/m*",₹6.33 lakh
Hyundai Creta,Hyundai,2021,"81,232 km",Diesel,Auto,"EMI ₹26,091/m*",₹12.00 lakh
Maruti BREZZA,Maruti,2024,"7,361 km",Petrol,Manual,"EMI ₹15,410/m*",₹9.00 lakh
Mahindra XUV300,Mahindra,2022,"67,019 km",Petrol,Manual,"EMI ₹12,622/m*",₹7.15 lakh
Mahindra XUV300,Mahindra,2019,"82,890 km",Diesel,Manual,"EMI ₹19,596/m*",₹5.90 lakh
Maruti XL6,Maruti,2024,"17,295 km",Petrol,Manual,"EMI ₹19,160/m*",₹11.19 lakh
Tata Tiago,Tata,2023,"12,200 km",Petrol,Manual,"EMI ₹10,715/m*",₹6.07 lakh
Tata Harrier,Tata,2021,"32,095 km",Diesel,Manual,"EMI ₹22,264/m*",₹10.24 lakh
Maruti Vitara Brezza,Maruti,2022,"66,981 km",Petrol,Manual,"EMI ₹12,357/m*",₹7.00 lakh
KIA SONET,KIA,2022,"82,678 km",Diesel,Manual,"EMI ₹17,378/m*",₹9.13 lakh
Hyundai Creta,Hyundai,2024,"27,807 km",Petrol,Manual,"EMI ₹17,893/m*",₹10.45 lakh
MG HECTOR,MG,2019,"1,48,288 km",Diesel,Manual,"EMI ₹24,911/m*",₹7.50 lakh
Tata Harrier,Tata,2021,"53,013 km",Diesel,Manual,"EMI ₹28,243/m*",₹12.99 lakh
KIA SONET,KIA,2024,"9,000 km",Petrol,Manual,"EMI ₹15,033/m*",₹8.78 lakh
Maruti Swift Dzire,Maruti,2018,"1,10,801 km",Petrol,Manual,"EMI ₹7,763/m*",₹3.49 lakh
Tata Safari,Tata,2022,"67,038 km",Diesel,Manual,"EMI ₹23,602/m*",₹12.40 lakh
Tata Tiago,Tata,2022,"1,69,384 km",Petrol,Manual,"EMI ₹10,299/m*",₹4.63 lakh
Jeep Compass,Jeep,2018,"77,357 km",Diesel,Manual,"EMI ₹37,047/m*",₹7.87 lakh
Jeep Compass,Jeep,2019,"17,085 km",Diesel,Manual,"EMI ₹36,013/m*",₹11.00 lakh
Maruti Vitara Brezza,Maruti,2019,"83,788 km",Diesel,Auto,"EMI ₹21,656/m*",₹6.52 lakh
Hyundai Creta,Hyundai,2019,"93,560 km",Petrol,Auto,"EMI ₹12,357/m*",₹7.00 lakh
CITROEN C5 AIRCROSS,CITROEN,2022,"42,445 km",Diesel,Auto,"EMI ₹28,932/m*",₹15.20 lakh
MG HECTOR,MG,2024,"10,528 km",Petrol,Auto,"EMI ₹26,934/m*",₹15.73 lakh
Toyota Innova Crysta,Toyota,2018,"1,85,571 km",Diesel,Manual,"EMI ₹67,442/m*",₹14.47 lakh
KIA SELTOS,KIA,2020,"1,06,504 km",Diesel,Manual,"EMI ₹21,478/m*",₹8.31 lakh
Mercedes Benz E Class,Mercedes,2016,"55,938 km",Diesel,Auto,"EMI ₹33,573/m*",₹12.99 lakh
Hyundai VENUE N LINE,Hyundai,2023,"22,813 km",Petrol,Auto,"EMI ₹16,146/m*",₹9.43 lakh
Hyundai Creta,Hyundai,2020,"46,959 km",Petrol,Auto,"EMI ₹20,889/m*",₹12.20 lakh
Hyundai EXTER,Hyundai,2023,"49,325 km",Petrol,Manual,"EMI ₹13,134/m*",₹7.44 lakh
Skoda SLAVIA,Skoda,2022,"1,37,039 km",Petrol,Manual,"EMI ₹17,573/m*",₹7.90 lakh
Mahindra BOLERO NEO,Mahindra,2024,"13,252 km",Diesel,Manual,"EMI ₹15,410/m*",₹9.00 lakh
Mahindra XUV700,Mahindra,2024,"16,335 km",Diesel,Manual,"EMI ₹32,533/m*",₹19.00 lakh
MG HECTOR,MG,2020,"81,041 km",Petrol,Auto,"EMI ₹16,095/m*",₹9.40 lakh
KIA SELTOS,KIA,2022,"21,860 km",Petrol,Manual,"EMI ₹18,287/m*",₹10.68 lakh
Maruti IGNIS,Maruti,2021,"27,372 km",Petrol,Manual,"EMI ₹8,562/m*",₹4.85 lakh
Mahindra SCORPIO CLASSIC,Mahindra,2023,"49,448 km",Diesel,Manual,"EMI ₹23,971/m*",₹14.00 lakh
KIA SONET,KIA,2024,"9,278 km",Petrol,Auto,"EMI ₹18,835/m*",₹11.00 lakh
Tata NEXON,Tata,2022,"91,020 km",Diesel,Manual,"EMI ₹13,685/m*",₹7.00 lakh
Maruti Dzire,Maruti,2019,"59,778 km",Petrol,Manual,"EMI ₹8,014/m*",₹4.54 lakh
KIA SONET,KIA,2021,"1,05,613 km",Diesel,Auto,"EMI ₹17,394/m*",₹8.00 lakh
Ford Ecosport,Ford,2017,"1,21,766 km",Diesel,Manual,"EMI ₹36,161/m*",₹4.07 lakh
Mahindra XUV300,Mahindra,2019,"39,381 km",Diesel,Manual,"EMI ₹19,895/m*",₹5.99 lakh
Hyundai Creta,Hyundai,2022,"1,26,681 km",Diesel,Manual,"EMI ₹21,742/m*",₹10.00 lakh
Maruti XL6,Maruti,2024,"22,666 km",Petrol,Auto,"EMI ₹21,985/m*",₹12.84 lakh
Ford Ecosport,Ford,2019,"41,237 km",Petrol,Manual,"EMI ₹10,768/m*",₹6.10 lakh
Mahindra Scorpio,Mahindra,2017,"61,737 km",Diesel,Manual,"EMI ₹63,882/m*",₹7.19 lakh
Hyundai VENUE,Hyundai,2021,"60,804 km",Petrol,Manual,"EMI ₹11,192/m*",₹6.34 lakh
Mahindra MARAZZO,Mahindra,2018,"1,14,596 km",Diesel,Manual,"EMI ₹21,136/m*",₹4.49 lakh
KIA SELTOS,KIA,2020,"1,66,313 km",Diesel,Auto,"EMI ₹23,417/m*",₹10.77 lakh
Maruti Baleno,Maruti,2019,"44,619 km",Petrol,Manual,"EMI ₹13,946/m*",₹7.90 lakh
KIA SONET,KIA,2024,"11,500 km",Petrol,Manual,"EMI ₹15,410/m*",₹9.00 lakh
Tata Hexa,Tata,2017,"60,235 km",Diesel,Manual,"EMI ₹51,621/m*",₹5.81 lakh
Hyundai VENUE,Hyundai,2019,"25,549 km",Petrol,Auto,"EMI ₹12,692/m*",₹7.19 lakh
Mahindra XUV700,Mahindra,2024,"31,789 km",Petrol,Auto,"EMI ₹34,433/m*",₹20.11 lakh
KIA SELTOS,KIA,2020,"87,637 km",Diesel,Auto,"EMI ₹27,138/m*",₹10.50 lakh
Mahindra SCORPIO CLASSIC,Mahindra,2023,"79,287 km",Diesel,Manual,"EMI ₹23,971/m*",₹14.00 lakh
KIA SONET,KIA,2022,"38,000 km",Diesel,Auto,"EMI ₹20,043/m*",₹10.53 lakh
KIA SELTOS,KIA,2023,"91,958 km",Diesel,Manual,"EMI ₹17,927/m*",₹10.47 lakh
KIA SONET,KIA,2022,"58,609 km",Petrol,Manual,"EMI ₹13,681/m*",₹7.75 lakh
MG HECTOR,MG,2024,"11,601 km",Petrol,Auto,"EMI ₹30,135/m*",₹17.60 lakh
KIA SELTOS,KIA,2021,"60,652 km",Diesel,Manual,"EMI ₹19,568/m*",₹9.00 lakh
Hyundai Creta,Hyundai,2022,"1,76,575 km",Diesel,Manual,"EMI ₹23,221/m*",₹10.68 lakh
Mahindra XUV300,Mahindra,2020,"64,196 km",Petrol,Manual,"EMI ₹10,239/m*",₹5.80 lakh
KIA SELTOS,KIA,2023,"67,527 km",Petrol,Manual,"EMI ₹20,444/m*",₹11.94 lakh
KIA SELTOS,KIA,2020,"5,70,301 km",Petrol,Manual,"EMI ₹21,025/m*",₹9.67 lakh
Hyundai i20 Active,Hyundai,2018,"26,461 km",Petrol,Manual,"EMI ₹10,468/m*",₹5.93 lakh
KIA SELTOS,KIA,2019,"1,46,884 km",Diesel,Manual,"EMI ₹26,372/m*",₹7.94 lakh
Tata Safari,Tata,2021,"28,025 km",Diesel,Auto,"EMI ₹28,809/m*",₹13.25 lakh
KIA SELTOS,KIA,2020,"64,321 km",Petrol,Manual,"EMI ₹14,914/m*",₹8.71 lakh
Jeep Compass,Jeep,2018,"95,000 km",Petrol,Auto,"EMI ₹14,554/m*",₹8.50 lakh
MG HECTOR,MG,2020,"2,00,000 km",Diesel,Manual,"EMI ₹23,261/m*",₹9.00 lakh
Toyota URBAN CRUISER HYRYDER,Toyota,2023,"9,209 km",Petrol,Manual,"EMI ₹22,259/m*",₹13.00 lakh
KIA SONET,KIA,2024,"21,488 km",Petrol,Manual,"EMI ₹16,266/m*",₹9.50 lakh
KIA SONET,KIA,2024,"9,408 km",Petrol,Auto,"EMI ₹21,523/m*",₹12.57 lakh
Mahindra Scorpio,Mahindra,2017,"1,80,182 km",Diesel,Manual,"EMI ₹67,259/m*",₹7.57 lakh
Hyundai VENUE,Hyundai,2025,"2,835 km",Petrol,Manual,"EMI ₹15,838/m*",₹9.25 lakh
Hyundai VENUE,Hyundai,2019,"1,22,938 km",Petrol,Auto,"EMI ₹11,122/m*",₹5.00 lakh
MG HECTOR,MG,2020,"72,409 km",Diesel,Manual,"EMI ₹24,993/m*",₹9.67 lakh
Mahindra SCORPIO-N,Mahindra,2024,"4,370 km",Petrol,Auto,"EMI ₹31,985/m*",₹18.68 lakh
KIA SONET,KIA,2024,"36,189 km",Diesel,Auto,"EMI ₹20,341/m*",₹11.88 lakh
Mahindra XUV700,Mahindra,2024,"6,774 km",Petrol,Manual,"EMI ₹23,098/m*",₹13.49 lakh
Tata Safari,Tata,2021,"45,314 km",Diesel,Auto,"EMI ₹28,830/m*",₹13.26 lakh
Honda City,Honda,2021,"62,054 km",Petrol,Manual,"EMI ₹13,240/m*",₹7.50 lakh
Mahindra XUV300,Mahindra,2019,"1,02,432 km",Diesel,Manual,"EMI ₹14,780/m*",₹4.45 lakh
Hyundai Creta,Hyundai,2018,"65,537 km",Diesel,Manual,"EMI ₹35,305/m*",₹7.50 lakh
KIA SONET,KIA,2024,"21,659 km",Petrol,Manual,"EMI ₹15,290/m*",₹8.93 lakh
Tata Harrier,Tata,2023,"35,855 km",Diesel,Manual,"EMI ₹24,828/m*",₹14.50 lakh
Maruti Grand Vitara,Maruti,2023,"53,452 km",Petrol,Manual,"EMI ₹18,355/m*",₹10.72 lakh
KIA SELTOS,KIA,2020,"65,461 km",Petrol,Auto,"EMI ₹15,410/m*",₹9.00 lakh
Honda WR-V,Honda,2022,"35,877 km",Petrol,Manual,"EMI ₹13,681/m*",₹7.75 lakh
Jeep Compass,Jeep,2021,"99,213 km",Petrol,Auto,"EMI ₹26,540/m*",₹15.50 lakh
Mahindra XUV300,Mahindra,2023,"42,771 km",Diesel,Manual,"EMI ₹16,266/m*",₹9.50 lakh
Maruti Vitara Brezza,Maruti,2017,"60,927 km",Diesel,Manual,"EMI ₹36,695/m*",₹4.13 lakh
KIA SONET,KIA,2022,"70,733 km",Diesel,Auto,"EMI ₹16,575/m*",₹9.68 lakh
Hyundai i20 Active,Hyundai,2016,"68,614 km",Petrol,Manual,"EMI ₹7,964/m*",₹3.58 lakh
Hyundai VENUE,Hyundai,2023,"21,290 km",Petrol,Auto,"EMI ₹17,448/m*",₹10.19 lakh
KIA SELTOS,KIA,2020,"49,453 km",Diesel,Auto,"EMI ₹17,585/m*",₹10.27 lakh
Hyundai Creta,Hyundai,2017,"65,091 km",Diesel,Auto,"EMI ₹70,013/m*",₹7.88 lakh
KIA SELTOS,KIA,2019,"1,66,224 km",Diesel,Manual,"EMI ₹29,825/m*",₹9.11 lakh
Hyundai Creta,Hyundai,2018,"86,187 km",Petrol,Manual,"EMI ₹13,875/m*",₹7.86 lakh
Maruti Celerio,Maruti,2023,"12,654 km",Petrol,Auto,"EMI ₹9,656/m*",₹5.47 lakh
KIA SELTOS,KIA,2023,"84,626 km",Diesel,Manual,"EMI ₹18,064/m*",₹10.55 lakh
Tata Safari,Tata,2024,"29,507 km",Diesel,Auto,"EMI ₹28,184/m*",₹16.46 lakh
Renault Kiger,Renault,2024,"5,540 km",Petrol,Manual,"EMI ₹12,357/m*",₹7.00 lakh
KIA SELTOS,KIA,2019,"99,103 km",Petrol,Auto,"EMI ₹14,263/m*",₹8.33 lakh
Hyundai Creta,Hyundai,2019,"65,747 km",Diesel,Auto,"EMI ₹26,387/m*",₹8.06 lakh
Mahindra Scorpio,Mahindra,2018,"1,84,962 km",Diesel,Manual,"EMI ₹48,379/m*",₹10.38 lakh
MG HECTOR,MG,2021,"85,831 km",Petrol,Auto,"EMI ₹19,999/m*",₹11.68 lakh
Tata Harrier,Tata,2021,"1,32,000 km",Diesel,Auto,"EMI ₹25,265/m*",₹11.62 lakh
Hyundai VENUE,Hyundai,2021,"53,320 km",Petrol,Manual,"EMI ₹11,492/m*",₹6.51 lakh
Tata Harrier,Tata,2023,"29,335 km",Diesel,Auto,"EMI ₹24,828/m*",₹14.50 lakh
Maruti Grand Vitara,Maruti,2023,"9,032 km",Petrol,Manual,"EMI ₹17,893/m*",₹10.45 lakh
Renault Kiger,Renault,2023,"17,627 km",Petrol,Auto,"EMI ₹13,903/m*",₹8.12 lakh
KIA SELTOS,KIA,2023,"44,778 km",Diesel,Manual,"EMI ₹18,646/m*",₹10.89 lakh
Hyundai Creta,Hyundai,2023,"59,391 km",Petrol,Manual,"EMI ₹20,393/m*",₹11.91 lakh
Maruti Grand Vitara,Maruti,2023,"56,840 km",Petrol,Manual,"EMI ₹18,818/m*",₹10.99 lakh
Maruti Ciaz,Maruti,2014,"85,679 km",Petrol,Manual,"EMI ₹11,127/m*",₹3.35 lakh
Honda Amaze,Honda,2025,"13,661 km",Petrol,Auto,"EMI ₹17,140/m*",₹10.01 lakh
Maruti Vitara Brezza,Maruti,2020,"1,16,826 km",Diesel,Manual,"EMI ₹14,837/m*",₹6.67 lakh
Maruti Celerio,Maruti,2022,"46,428 km",Petrol,Manual,"EMI ₹7,873/m*",₹4.46 lakh
Mahindra XUV300,Mahindra,2022,"88,533 km",Diesel,Auto,"EMI ₹17,321/m*",₹9.10 lakh
Hyundai Creta,Hyundai,2022,"55,100 km",Diesel,Manual,"EMI ₹22,841/m*",₹12.00 lakh
Mahindra Scorpio,Mahindra,2018,"96,269 km",Diesel,Manual,"EMI ₹44,277/m*",₹9.50 lakh
Tata TIAGO EV,Tata,2023,"44,562 km",Electric,Auto,"EMI ₹11,139/m*",₹6.31 lakh
KIA SELTOS,KIA,2023,"26,451 km",Diesel,Manual,"EMI ₹23,441/m*",₹13.69 lakh
Tata Harrier,Tata,2021,"99,875 km",Diesel,Auto,"EMI ₹25,004/m*",₹11.50 lakh
KIA SELTOS,KIA,2019,"72,233 km",Petrol,Auto,"EMI ₹16,420/m*",₹9.59 lakh
Mahindra SCORPIO CLASSIC,Mahindra,2024,"87,773 km",Diesel,Manual,"EMI ₹28,954/m*",₹16.91 lakh
Mahindra Scorpio,Mahindra,2018,"64,341 km",Diesel,Manual,"EMI ₹41,947/m*",₹9.00 lakh
MG HECTOR PLUS,MG,2021,"86,305 km",Petrol,Manual,"EMI ₹20,239/m*",₹11.82 lakh
Skoda Superb,Skoda,2019,"95,898 km",Petrol,Auto,"EMI ₹23,115/m*",₹13.50 lakh
Tata Harrier,Tata,2023,"54,423 km",Diesel,Auto,"EMI ₹27,927/m*",₹16.31 lakh
Tata Tiago,Tata,2019,"68,600 km",Petrol,Auto,"EMI ₹6,761/m*",₹3.83 lakh
Hyundai Creta,Hyundai,2022,"76,279 km",Diesel,Manual,"EMI ₹24,744/m*",₹13.00 lakh
KIA SELTOS,KIA,2019,"1,44,153 km",Diesel,Auto,"EMI ₹26,191/m*",₹8.00 lakh
Tata Harrier,Tata,2021,"88,636 km",Diesel,Auto,"EMI ₹25,591/m*",₹11.77 lakh
Tata Harrier,Tata,2021,"1,56,007 km",Diesel,Manual,"EMI ₹25,417/m*",₹11.69 lakh
Jeep Compass,Jeep,2022,"47,290 km",Diesel,Auto,"EMI ₹34,261/m*",₹18.00 lakh
Maruti New Wagon-R,Maruti,2022,"19,523 km",Petrol,Manual,"EMI ₹7,926/m*",₹4.49 lakh
KIA SELTOS,KIA,2022,"51,622 km",Petrol,Manual,"EMI ₹23,715/m*",₹13.85 lakh
Mahindra Scorpio,Mahindra,2017,"46,642 km",Diesel,Manual,"EMI ₹65,926/m*",₹7.42 lakh
Mahindra XUV 3XO,Mahindra,2024,"15,317 km",Petrol,Manual,"EMI ₹14,982/m*",₹8.75 lakh
Mahindra XUV300,Mahindra,2021,"40,166 km",Diesel,Manual,"EMI ₹22,656/m*",₹10.42 lakh
KIA SELTOS,KIA,2020,"59,403 km",Petrol,Manual,"EMI ₹14,554/m*",₹8.50 lakh
MG HECTOR,MG,2020,"76,049 km",Petrol,Manual,"EMI ₹15,051/m*",₹8.79 lakh
Maruti BREZZA,Maruti,2022,"28,943 km",Petrol,Manual,"EMI ₹15,753/m*",₹9.20 lakh
Toyota Innova Crysta,Toyota,2018,"1,18,905 km",Diesel,Manual,"EMI ₹51,548/m*",₹11.06 lakh
Tata NEXON EV,Tata,2024,"22,207 km",Electric,Auto,"EMI ₹23,749/m*",₹13.87 lakh
Mahindra XUV300,Mahindra,2021,"85,097 km",Diesel,Auto,"EMI ₹17,306/m*",₹7.78 lakh
Maruti BREZZA,Maruti,2024,"57,855 km",Petrol,Manual,"EMI ₹16,609/m*",₹9.70 lakh
Honda CRV,Honda,2013,"1,24,322 km",Petrol,Auto,"EMI ₹19,959/m*",₹4.24 lakh
Tata TIAGO EV,Tata,2024,"54,968 km",Electric,Auto,"EMI ₹11,280/m*",₹6.39 lakh
Toyota Innova Crysta,Toyota,2022,"54,326 km",Diesel,Auto,"EMI ₹35,213/m*",₹18.50 lakh
MG HECTOR,MG,2023,"71,316 km",Diesel,Manual,"EMI ₹25,684/m*",₹15.00 lakh
Mahindra SCORPIO-N,Mahindra,2024,"31,418 km",Diesel,Manual,"EMI ₹30,683/m*",₹17.92 lakh
Honda Amaze,Honda,2024,"26,321 km",Petrol,Auto,"EMI ₹13,363/m*",₹7.57 lakh
Maruti New Wagon-R,Maruti,2023,"55,000 km",Petrol,Manual,"EMI ₹8,473/m*",₹4.80 lakh
Tata Harrier,Tata,2023,"72,930 km",Diesel,Manual,"EMI ₹27,259/m*",₹15.92 lakh
Jeep Compass,Jeep,2022,"24,548 km",Petrol,Auto,"EMI ₹32,550/m*",₹19.01 lakh
Tata Harrier,Tata,2021,"1,02,695 km",Diesel,Manual,"EMI ₹20,655/m*",₹9.50 lakh
Maruti Grand Vitara,Maruti,2023,"57,244 km",Petrol,Manual,"EMI ₹19,691/m*",₹11.50 lakh
Jeep Compass,Jeep,2021,"41,889 km",Petrol,Auto,"EMI ₹26,540/m*",₹15.50 lakh
Jeep Compass,Jeep,2022,"43,354 km",Petrol,Auto,"EMI ₹34,245/m*",₹20.00 lakh
Hyundai Creta,Hyundai,2024,"55,306 km",Petrol,Manual,"EMI ₹20,718/m*",₹12.10 lakh
Volkswagen TAIGUN,Volkswagen,2025,"6,612 km",Petrol,Manual,"EMI ₹21,300/m*",₹12.44 lakh
KIA SELTOS,KIA,2019,"74,821 km",Diesel,Auto,"EMI ₹40,334/m*",₹12.32 lakh
Tata Harrier,Tata,2019,"1,29,150 km",Diesel,Manual,"EMI ₹27,173/m*",₹8.30 lakh
Tata PUNCH,Tata,2022,"44,029 km",Petrol,Manual,"EMI ₹9,321/m*",₹5.28 lakh
KIA SELTOS,KIA,2019,"87,590 km",Diesel,Manual,"EMI ₹28,712/m*",₹8.77 lakh
Toyota Innova Crysta,Toyota,2016,"73,280 km",Petrol,Manual,"EMI ₹21,982/m*",₹10.11 lakh
Mahindra Scorpio,Mahindra,2018,"95,898 km",Diesel,Manual,"EMI ₹38,685/m*",₹8.30 lakh
Hyundai Creta,Hyundai,2025,"6,892 km",Petrol,Auto,"EMI ₹29,622/m*",₹17.30 lakh
Mahindra Scorpio,Mahindra,2016,"92,400 km",Diesel,Manual,"EMI ₹29,622/m*",₹7.35 lakh
Maruti FRONX,Maruti,2025,"14,460 km",Petrol,Manual,"EMI ₹14,760/m*",₹8.62 lakh
Maruti BREZZA,Maruti,2024,"14,199 km",Petrol,Auto,"EMI ₹22,841/m*",₹13.34 lakh
Tata Curvv,Tata,2024,"28,432 km",Petrol,Manual,"EMI ₹24,828/m*",₹14.50 lakh
MG HECTOR PLUS,MG,2021,"80,403 km",Diesel,Manual,"EMI ₹29,483/m*",₹13.56 lakh
Toyota Innova Crysta,Toyota,2018,"1,25,762 km",Diesel,Auto,"EMI ₹28,809/m*",₹13.25 lakh
Hyundai Creta,Hyundai,2024,"11,294 km",Petrol,Auto,"EMI ₹31,933/m*",₹18.65 lakh
Ford Endeavour,Ford,2016,"96,528 km",Diesel,Auto,"EMI ₹31,933/m*",₹13.99 lakh
Ford Endeavour,Ford,2021,"70,048 km",Diesel,Auto,"EMI ₹61,444/m*",₹28.26 lakh
Mahindra SCORPIO CLASSIC,Mahindra,2025,"15,157 km",Diesel,Manual,"EMI ₹35,786/m*",₹20.90 lakh
Hyundai Creta,Hyundai,2023,"32,320 km",Petrol,Manual,"EMI ₹20,547/m*",₹12.00 lakh
Mahindra Scorpio,Mahindra,2018,"52,470 km",Diesel,Manual,"EMI ₹44,277/m*",₹9.50 lakh
Tata TIGOR EV,Tata,2021,"87,314 km",Electric,Auto,"EMI ₹13,416/m*",₹7.60 lakh
KIA SONET,KIA,2022,"37,097 km",Petrol,Auto,"EMI ₹16,129/m*",₹9.42 lakh
Tata NEXON EV,Tata,2023,"31,494 km",Electric,Auto,"EMI ₹15,410/m*",₹9.00 lakh
Mahindra SCORPIO CLASSIC,Mahindra,2023,"40,024 km",Diesel,Manual,"EMI ₹26,112/m*",₹15.25 lakh
Tata Safari,Tata,2023,"46,000 km",Diesel,Auto,"EMI ₹28,252/m*",₹16.50 lakh
Mahindra SCORPIO CLASSIC,Mahindra,2023,"78,326 km",Diesel,Manual,"EMI ₹26,506/m*",₹15.48 lakh
Mahindra XUV300,Mahindra,2022,"23,500 km",Diesel,Manual,"EMI ₹17,245/m*",₹9.06 lakh
Tata NEXON EV,Tata,2024,"26,960 km",Electric,Auto,"EMI ₹24,554/m*",₹14.34 lakh
Jeep Compass,Jeep,2022,"92,855 km",Petrol,Auto,"EMI ₹24,828/m*",₹14.50 lakh
Mahindra SCORPIO CLASSIC,Mahindra,2022,"96,302 km",Diesel,Manual,"EMI ₹26,990/m*",₹14.18 lakh
KIA Carens Clavis,KIA,2025,"9,094 km",Petrol,Auto,"EMI ₹35,546/m*",₹20.76 lakh
MG HECTOR,MG,2022,"42,095 km",Petrol,Auto,"EMI ₹20,547/m*",₹12.00 lakh
KIA SELTOS,KIA,2020,"37,736 km",Petrol,Auto,"EMI ₹20,119/m*",₹11.75 lakh
CITROEN C5 AIRCROSS,CITROEN,2022,"52,456 km",Diesel,Auto,"EMI ₹54,247/m*",₹28.50 lakh
MG HECTOR,MG,2022,"52,465 km",Petrol,Auto,"EMI ₹22,619/m*",₹13.21 lakh
Mahindra Thar,Mahindra,2024,"27,687 km",Diesel,Auto,"EMI ₹26,591/m*",₹15.53 lakh
MG GLOSTER,MG,2023,"29,904 km",Diesel,Auto,"EMI ₹51,607/m*",₹30.14 lakh
Toyota Innova Crysta,Toyota,2019,"1,78,884 km",Diesel,Manual,"EMI ₹35,227/m*",₹10.76 lakh
KIA SELTOS,KIA,2022,"62,000 km",Petrol,Manual,"EMI ₹17,122/m*",₹10.00 lakh
Jeep Compass,Jeep,2021,"51,159 km",Petrol,Auto,"EMI ₹20,547/m*",₹12.00 lakh
Tata NEXON EV,Tata,2022,"52,855 km",Electric,Auto,"EMI ₹15,462/m*",₹9.03 lakh
Toyota Innova Crysta,Toyota,2019,"2,52,936 km",Diesel,Auto,"EMI ₹37,650/m*",₹11.50 lakh
Honda CRV,Honda,2013,"2,26,113 km",Petrol,Auto,"EMI ₹28,950/m*",₹6.15 lakh
Tata NEXON EV,Tata,2022,"81,638 km",Electric,Auto,"EMI ₹17,979/m*",₹10.50 lakh
Toyota Innova Crysta,Toyota,2019,"1,45,165 km",Diesel,Auto,"EMI ₹28,570/m*",₹13.14 lakh
Jeep Compass,Jeep,2022,"55,368 km",Petrol,Auto,"EMI ₹31,163/m*",₹18.20 lakh
Mahindra SCORPIO-N,Mahindra,2025,"16,159 km",Petrol,Auto,"EMI ₹38,115/m*",₹22.26 lakh
Tata TIAGO EV,Tata,2023,"66,225 km",Electric,Auto,"EMI ₹14,160/m*",₹8.27 lakh
MG ZS EV,MG,2024,"36,000 km",Electric,Auto,"EMI ₹29,964/m*",₹17.50 lakh
Tata Hexa,Tata,2019,"1,42,776 km",Diesel,Manual,"EMI ₹27,009/m*",₹8.25 lakh
Tata TIGOR EV,Tata,2021,"48,083 km",Electric,Auto,"EMI ₹12,463/m*",₹7.06 lakh
Tata Safari,Tata,2024,"28,657 km",Diesel,Auto,"EMI ₹35,957/m*",₹21.00 lakh
MG GLOSTER,MG,2022,"1,61,494 km",Diesel,Auto,"EMI ₹77,903/m*",₹35.83 lakh
Mahindra Thar,Mahindra,2025,"38,415 km",Petrol,Auto,"EMI ₹22,259/m*",₹13.00 lakh
Tata Safari,Tata,2021,"1,44,144 km",Diesel,Auto,"EMI ₹23,917/m*",₹11.00 lakh
Toyota Innova Crysta,Toyota,2019,"1,54,990 km",Diesel,Manual,"EMI ₹37,158/m*",₹11.35 lakh
Toyota Innova Crysta,Toyota,2021,"91,040 km",Diesel,Auto,"EMI ₹40,180/m*",₹18.48 lakh
Hyundai ALCAZAR,Hyundai,2023,"29,747 km",Petrol,Manual,"EMI ₹24,228/m*",₹14.15 lakh
Maruti S Cross,Maruti,2016,"87,632 km",Diesel,Manual,"EMI ₹24,228/m*",₹3.15 lakh
Hyundai i10,Hyundai,2012,"1,06,133 km",Petrol,Manual,"EMI ₹10,306/m*",₹1.16 lakh
Hyundai Creta,Hyundai,2025,"10,556 km",Petrol,Manual,"EMI ₹18,852/m*",₹11.01 lakh
Maruti Celerio,Maruti,2017,"1,82,857 km",Petrol,Manual,"EMI ₹5,672/m*",₹2.55 lakh
Volvo XC 60,Volvo,2018,"2,57,641 km",Diesel,Auto,"EMI ₹97,131/m*",₹20.84 lakh
Maruti New Wagon-R,Maruti,2019,"2,10,850 km",Petrol,Manual,"EMI ₹7,363/m*",₹3.31 lakh
KIA SELTOS,KIA,2019,"66,315 km",Petrol,Manual,"EMI ₹13,921/m*",₹8.13 lakh
Maruti Alto,Maruti,2012,"52,891 km",Petrol,Manual,"EMI ₹5,509/m*",₹0.62 lakh
Maruti Swift Dzire,Maruti,2017,"1,06,394 km",Petrol,Manual,"EMI ₹8,876/m*",₹3.99 lakh
Tata Safari,Tata,2022,"92,914 km",Diesel,Auto,"EMI ₹29,503/m*",₹15.50 lakh
Nissan MAGNITE,Nissan,2021,"40,493 km",Petrol,Auto,"EMI ₹10,486/m*",₹5.94 lakh
Maruti Wagon R 1.0,Maruti,2015,"68,378 km",Petrol,Manual,"EMI ₹3,950/m*",₹1.50 lakh
Maruti Baleno,Maruti,2022,"44,480 km",Petrol,Manual,"EMI ₹9,780/m*",₹5.54 lakh
Hyundai Grand i10,Hyundai,2016,"72,920 km",Petrol,Manual,"EMI ₹4,872/m*",₹2.19 lakh
Maruti Swift,Maruti,2018,"1,12,201 km",Petrol,Manual,"EMI ₹6,651/m*",₹2.99 lakh
Renault Duster,Renault,2019,"47,573 km",Petrol,Auto,"EMI ₹11,015/m*",₹6.24 lakh
Ford Ecosport,Ford,2018,"45,952 km",Diesel,Manual,"EMI ₹21,513/m*",₹4.57 lakh
Maruti Wagon R 1.0,Maruti,2011,"53,777 km",Petrol,Manual,"EMI ₹21,513/m*",₹0.94 lakh
Volkswagen TAIGUN,Volkswagen,2023,"48,358 km",Petrol,Auto,"EMI ₹20,204/m*",₹11.80 lakh
Ford Ecosport,Ford,2017,"1,09,852 km",Petrol,Manual,"EMI ₹7,096/m*",₹3.19 lakh
KIA SELTOS,KIA,2019,"1,10,932 km",Petrol,Auto,"EMI ₹22,395/m*",₹10.30 lakh
Mahindra BOLERO NEO,Mahindra,2023,"21,815 km",Diesel,Manual,"EMI ₹16,557/m*",₹9.67 lakh
Honda Amaze,Honda,2022,"34,536 km",Petrol,Auto,"EMI ₹10,768/m*",₹6.10 lakh
Ford Ecosport,Ford,2019,"1,12,149 km",Diesel,Manual,"EMI ₹16,973/m*",₹5.11 lakh
Maruti Baleno,Maruti,2016,"1,36,857 km",Petrol,Manual,"EMI ₹22,503/m*",₹10.35 lakh
Honda Amaze,Honda,2017,"83,890 km",Diesel,Manual,"EMI ₹29,764/m*",₹3.35 lakh
Maruti New Wagon-R,Maruti,2023,"32,770 km",Petrol,Manual,"EMI ₹8,650/m*",₹4.90 lakh
Renault TRIBER,Renault,2022,"32,392 km",Petrol,Manual,"EMI ₹9,074/m*",₹5.14 lakh
MG HECTOR,MG,2019,"92,582 km",Diesel,Manual,"EMI ₹25,442/m*",₹7.66 lakh
Maruti Wagon R 1.0,Maruti,2014,"66,401 km",Petrol,Manual,"EMI ₹6,477/m*",₹1.95 lakh
Ford Ecosport,Ford,2016,"57,941 km",Diesel,Manual,"EMI ₹6,477/m*",₹3.04 lakh
KIA SONET,KIA,2022,"74,505 km",Diesel,Auto,"EMI ₹16,179/m*",₹8.50 lakh
Ford Ecosport,Ford,2016,"84,602 km",Diesel,Manual,"EMI ₹16,179/m*",₹3.25 lakh
Maruti Baleno,Maruti,2017,"1,00,115 km",Petrol,Manual,"EMI ₹8,141/m*",₹3.66 lakh
Hyundai Accent,Hyundai,2013,"1,62,984 km",Petrol,Manual,"EMI ₹4,378/m*",₹0.93 lakh
Ford Ecosport,Ford,2016,"1,03,250 km",Diesel,Manual,"EMI ₹4,378/m*",₹3.33 lakh
Renault Kiger,Renault,2022,"41,541 km",Petrol,Manual,"EMI ₹7,185/m*",₹4.07 lakh
KIA SONET,KIA,2024,"5,255 km",Petrol,Auto,"EMI ₹20,187/m*",₹11.79 lakh
Maruti Celerio,Maruti,2014,"1,24,860 km",Petrol,Manual,"EMI ₹6,410/m*",₹1.93 lakh
Hyundai Creta,Hyundai,2017,"1,15,423 km",Diesel,Manual,"EMI ₹35,451/m*",₹3.99 lakh
Tata Tiago,Tata,2022,"87,600 km",CNG,Manual,"EMI ₹7,043/m*",₹3.99 lakh
Datsun Go,Datsun,2018,"1,00,023 km",Petrol,Manual,"EMI ₹3,448/m*",₹1.55 lakh
Maruti Swift,Maruti,2020,"96,007 km",CNG,Manual,"EMI ₹7,032/m*",₹3.98 lakh
Maruti Vitara Brezza,Maruti,2021,"52,923 km",Petrol,Manual,"EMI ₹8,643/m*",₹4.90 lakh
Hyundai AURA,Hyundai,2022,"63,952 km",CNG,Manual,"EMI ₹8,464/m*",₹4.79 lakh
Maruti Swift,Maruti,2024,"42,012 km",Petrol,Manual,"EMI ₹9,780/m*",₹5.54 lakh
Tata PUNCH,Tata,2022,"58,416 km",Petrol,Manual,"EMI ₹9,091/m*",₹5.15 lakh
Maruti IGNIS,Maruti,2018,"50,504 km",Petrol,Manual,"EMI ₹4,872/m*",₹2.76 lakh
Maruti Ertiga,Maruti,2020,"64,279 km",Petrol,Manual,"EMI ₹12,164/m*",₹6.89 lakh
Renault TRIBER,Renault,2020,"39,623 km",Petrol,Manual,"EMI ₹5,790/m*",₹3.28 lakh
Toyota Fortuner,Toyota,2023,"83,352 km",Diesel,Auto,"EMI ₹55,477/m*",₹32.40 lakh
Maruti Baleno,Maruti,2015,"53,068 km",Petrol,Manual,"EMI ₹6,794/m*",₹2.58 lakh
Tata NEXON,Tata,2022,"59,477 km",Petrol,Manual,"EMI ₹8,385/m*",₹4.75 lakh
Renault TRIBER,Renault,2021,"73,427 km",Petrol,Manual,"EMI ₹5,935/m*",₹3.36 lakh
KIA SELTOS,KIA,2020,"98,426 km",Petrol,Manual,"EMI ₹10,203/m*",₹5.78 lakh
Maruti Ertiga,Maruti,2020,"92,417 km",Petrol,Manual,"EMI ₹11,719/m*",₹6.64 lakh
Maruti Alto 800,Maruti,2018,"48,820 km",Petrol,Manual,"EMI ₹3,619/m*",₹2.05 lakh
Nissan Kicks,Nissan,2019,"27,818 km",Petrol,Manual,"EMI ₹8,650/m*",₹4.90 lakh
Hyundai Grand i10,Hyundai,2014,"70,601 km",Petrol,Manual,"EMI ₹5,979/m*",₹1.80 lakh
Tata Tiago,Tata,2018,"1,39,772 km",Petrol,Manual,"EMI ₹4,738/m*",₹2.13 lakh
Skoda SLAVIA,Skoda,2022,"36,805 km",Petrol,Auto,"EMI ₹14,571/m*",₹8.51 lakh
Maruti S Cross,Maruti,2022,"69,882 km",Petrol,Manual,"EMI ₹9,074/m*",₹5.14 lakh
Hyundai Creta,Hyundai,2022,"73,388 km",Petrol,Manual,"EMI ₹13,416/m*",₹7.60 lakh
Nissan MAGNITE,Nissan,2022,"49,559 km",CNG,Manual,"EMI ₹8,191/m*",₹4.64 lakh
Honda City,Honda,2022,"44,398 km",Petrol,Manual,"EMI ₹11,414/m*",₹6.47 lakh
Honda Amaze,Honda,2015,"64,050 km",Petrol,Manual,"EMI ₹5,030/m*",₹1.91 lakh
Honda Amaze,Honda,2019,"73,310 km",Petrol,Manual,"EMI ₹6,602/m*",₹3.74 lakh
Honda City,Honda,2018,"68,627 km",Petrol,Auto,"EMI ₹8,685/m*",₹4.92 lakh
Hyundai Creta,Hyundai,2019,"49,323 km",Petrol,Manual,"EMI ₹8,950/m*",₹5.07 lakh
Toyota URBAN CRUISER HYRYDER,Toyota,2022,"88,472 km",Petrol,Auto,"EMI ₹18,835/m*",₹11.00 lakh
Honda City,Honda,2022,"87,931 km",CNG,Auto,"EMI ₹14,588/m*",₹8.52 lakh
KIA SONET,KIA,2020,"38,236 km",Petrol,Manual,"EMI ₹9,938/m*",₹5.63 lakh
Ford Ecosport,Ford,2016,"72,113 km",Petrol,Manual,"EMI ₹6,184/m*",₹2.78 lakh
Hyundai Grand i10,Hyundai,2017,"35,857 km",CNG,Manual,"EMI ₹7,871/m*",₹2.99 lakh
Chevrolet Beat,Chevrolet,2015,"24,782 km",Petrol,Manual,"EMI ₹3,387/m*",₹1.29 lakh
Maruti Ciaz,Maruti,2018,"64,035 km",Petrol,Manual,"EMI ₹6,955/m*",₹3.94 lakh
Hyundai NEW I20,Hyundai,2021,"60,500 km",Petrol,Auto,"EMI ₹10,233/m*",₹5.80 lakh
Nissan MAGNITE,Nissan,2022,"66,035 km",Petrol,Manual,"EMI ₹7,920/m*",₹4.49 lakh
Maruti Baleno,Maruti,2020,"85,113 km",Petrol,Manual,"EMI ₹6,938/m*",₹3.93 lakh
Maruti Swift,Maruti,2020,"45,281 km",CNG,Manual,"EMI ₹7,340/m*",₹4.16 lakh
KIA CARENS,KIA,2024,"14,649 km",Petrol,Manual,"EMI ₹17,294/m*",₹10.10 lakh
MG ASTOR,MG,2022,"39,486 km",Petrol,Manual,"EMI ₹11,931/m*",₹6.76 lakh
KIA SONET,KIA,2023,"56,244 km",Petrol,Manual,"EMI ₹11,545/m*",₹6.54 lakh
Hyundai Creta,Hyundai,2016,"44,972 km",Petrol,Manual,"EMI ₹9,941/m*",₹4.47 lakh
Maruti Ertiga,Maruti,2015,"57,442 km",Petrol,Manual,"EMI ₹9,954/m*",₹3.78 lakh
KIA SONET,KIA,2021,"84,963 km",Petrol,Manual,"EMI ₹9,254/m*",₹5.24 lakh
Maruti Ciaz,Maruti,2016,"55,930 km",Petrol,Manual,"EMI ₹7,652/m*",₹3.44 lakh
Renault Kwid,Renault,2016,"43,942 km",Petrol,Manual,"EMI ₹3,470/m*",₹1.56 lakh
Hyundai Creta,Hyundai,2019,"58,509 km",Petrol,Manual,"EMI ₹9,183/m*",₹5.20 lakh
MG HECTOR,MG,2019,"12,823 km",Diesel,Manual,"EMI ₹26,518/m*",₹8.10 lakh
Tata PUNCH,Tata,2024,"9,051 km",Petrol,Manual,"EMI ₹9,709/m*",₹5.50 lakh
Maruti IGNIS,Maruti,2017,"31,725 km",Petrol,Manual,"EMI ₹6,354/m*",₹3.25 lakh
Hyundai GRAND I10 NIOS,Hyundai,2019,"52,695 km",Petrol,Auto,"EMI ₹6,540/m*",₹3.71 lakh
Hyundai Creta,Hyundai,2017,"98,252 km",Petrol,Auto,"EMI ₹10,850/m*",₹5.55 lakh
Maruti Celerio,Maruti,2020,"74,083 km",CNG,Manual,"EMI ₹6,603/m*",₹3.74 lakh
Volkswagen TAIGUN,Volkswagen,2024,"10,143 km",Petrol,Manual,"EMI ₹16,335/m*",₹9.54 lakh
Maruti New Wagon-R,Maruti,2022,"94,895 km",CNG,Manual,"EMI ₹6,867/m*",₹3.89 lakh
Tata NEXON,Tata,2023,"25,308 km",Petrol,Manual,"EMI ₹13,886/m*",₹8.11 lakh
Mahindra Scorpio,Mahindra,2018,"48,995 km",Diesel,Manual,"EMI ₹32,622/m*",₹6.93 lakh
Mahindra XUV300,Mahindra,2020,"91,682 km",Diesel,Manual,"EMI ₹15,357/m*",₹5.83 lakh
Honda Amaze,Honda,2017,"57,346 km",Petrol,Manual,"EMI ₹5,611/m*",₹2.87 lakh
Maruti Ciaz,Maruti,2018,"56,957 km",Petrol,Manual,"EMI ₹7,714/m*",₹4.37 lakh
Honda City,Honda,2014,"73,496 km",Petrol,Auto,"EMI ₹8,835/m*",₹2.66 lakh
Honda Amaze,Honda,2021,"30,347 km",Petrol,Auto,"EMI ₹9,956/m*",₹5.64 lakh
Maruti Ciaz,Maruti,2019,"85,161 km",Petrol,Auto,"EMI ₹8,703/m*",₹4.93 lakh
Toyota Glanza,Toyota,2024,"21,359 km",Petrol,Manual,"EMI ₹10,262/m*",₹5.81 lakh
Maruti Alto 800,Maruti,2017,"18,673 km",Petrol,Manual,"EMI ₹3,998/m*",₹2.05 lakh
Hyundai Elite i20,Hyundai,2017,"60,451 km",Petrol,Manual,"EMI ₹6,715/m*",₹3.43 lakh
Hyundai Grand i10,Hyundai,2015,"80,240 km",Petrol,Auto,"EMI ₹8,767/m*",₹3.33 lakh
Ford Ecosport,Ford,2019,"58,921 km",Petrol,Manual,"EMI ₹7,975/m*",₹4.52 lakh
Hyundai Creta,Hyundai,2016,"94,688 km",Petrol,Manual,"EMI ₹9,832/m*",₹4.42 lakh
Toyota Etios,Toyota,2015,"65,292 km",Petrol,Manual,"EMI ₹5,951/m*",₹2.26 lakh
Honda Jazz,Honda,2020,"89,822 km",Petrol,Auto,"EMI ₹8,938/m*",₹5.06 lakh
Toyota Etios,Toyota,2014,"26,781 km",Petrol,Manual,"EMI ₹7,526/m*",₹2.27 lakh
Maruti Baleno,Maruti,2021,"59,396 km",Petrol,Manual,"EMI ₹7,781/m*",₹4.41 lakh
Hyundai Creta,Hyundai,2016,"46,346 km",Petrol,Manual,"EMI ₹10,998/m*",₹4.94 lakh
Maruti Ciaz,Maruti,2018,"82,158 km",Petrol,Manual,"EMI ₹7,661/m*",₹4.34 lakh
Tata NEXON,Tata,2019,"55,501 km",Petrol,Manual,"EMI ₹7,185/m*",₹4.07 lakh
Renault Kwid,Renault,2016,"56,447 km",Petrol,Manual,"EMI ₹4,449/m*",₹2.00 lakh
Hyundai GRAND I10 NIOS,Hyundai,2022,"34,308 km",Petrol,Manual,"EMI ₹7,439/m*",₹4.21 lakh
Tata NEXON,Tata,2021,"61,553 km",Petrol,Auto,"EMI ₹12,110/m*",₹6.86 lakh
Maruti Baleno,Maruti,2020,"96,044 km",Petrol,Manual,"EMI ₹7,573/m*",₹4.29 lakh
Maruti New Wagon-R,Maruti,2022,"53,797 km",CNG,Manual,"EMI ₹7,418/m*",₹4.20 lakh
Renault Kiger,Renault,2021,"49,934 km",Petrol,Auto,"EMI ₹8,219/m*",₹4.66 lakh
Maruti Celerio,Maruti,2015,"38,037 km",Petrol,Auto,"EMI ₹6,320/m*",₹2.40 lakh
KIA SELTOS,KIA,2019,"56,532 km",Petrol,Auto,"EMI ₹14,725/m*",₹8.60 lakh
Honda Amaze,Honda,2017,"72,773 km",CNG,Manual,"EMI ₹8,482/m*",₹3.22 lakh
Maruti Swift,Maruti,2015,"69,788 km",Petrol,Manual,"EMI ₹6,241/m*",₹2.37 lakh
Tata NEXON,Tata,2019,"54,946 km",Petrol,Auto,"EMI ₹8,509/m*",₹4.82 lakh
Maruti Wagon R 1.0,Maruti,2017,"70,839 km",CNG,Manual,"EMI ₹7,637/m*",₹2.90 lakh
Maruti Baleno,Maruti,2020,"25,691 km",Petrol,Manual,"EMI ₹7,578/m*",₹4.29 lakh
Hyundai Grand i10,Hyundai,2015,"27,338 km",Petrol,Auto,"EMI ₹7,479/m*",₹2.84 lakh
Hyundai Grand i10,Hyundai,2015,"41,078 km",Petrol,Manual,"EMI ₹5,925/m*",₹2.25 lakh
Mahindra Kuv100,Mahindra,2017,"36,967 km",Petrol,Manual,"EMI ₹5,455/m*",₹2.79 lakh
