Car Name,Company,Year of Manufacture,Distance Driven,Fuel Type,Gear Type,EMI,Price
Volkswagen Polo,Volkswagen,2012,"95,466 km",Petrol,Manual,"EMI ₹20,722/m*",₹2.33 lakh
Volkswagen Polo,Volkswagen,2015,"83,337 km",CNG,Manual,"EMI ₹17,259/m*",₹3.67 lakh
Renault Kwid,Renault,2022,"30,729 km",Petrol,Manual,"EMI ₹5,349/m*",₹3.03 lakh
Renault Duster,Renault,2013,"61,904 km",Petrol,Manual,"EMI ₹10,356/m*",₹2.20 lakh
Honda Amaze,Honda,2014,"64,829 km",Petrol,Auto,"EMI ₹10,671/m*",₹3.21 lakh
Honda Amaze,Honda,2013,"83,596 km",Diesel,Manual,"EMI ₹23,545/m*",₹2.65 lakh
Maruti Grand Vitara,Maruti,2022,"31,545 km",Petrol,Auto,"EMI ₹22,687/m*",₹13.25 lakh
Hyundai Grand i10,Hyundai,2016,"1,07,079 km",CNG,Manual,"EMI ₹9,001/m*",₹2.71 lakh
Renault Kwid,Renault,2020,"44,243 km",Petrol,Manual,"EMI ₹6,130/m*",₹3.47 lakh
Volkswagen Jetta,Volkswagen,2014,"1,11,587 km",Petrol,Manual,"EMI ₹10,429/m*",₹3.14 lakh
Audi Q3,Audi,2016,"73,408 km",Diesel,Auto,"EMI ₹35,667/m*",₹13.80 lakh
Maruti Swift Dzire,Maruti,2015,"35,160 km",Petrol,Manual,"EMI ₹9,480/m*",₹3.60 lakh
Hyundai Elite i20,Hyundai,2018,"53,566 km",Petrol,Manual,"EMI ₹7,130/m*",₹4.04 lakh
Volkswagen Polo,Volkswagen,2014,"77,051 km",Petrol,Auto,"EMI ₹13,615/m*",₹4.10 lakh
Toyota Innova Crysta,Toyota,2020,"95,785 km",Diesel,Auto,"EMI ₹38,097/m*",₹22.25 lakh
Toyota Innova Crysta,Toyota,2021,"1,06,004 km",Diesel,Auto,"EMI ₹55,443/m*",₹25.50 lakh
Hyundai Grand i10,Hyundai,2017,"1,03,882 km",Petrol,Manual,"EMI ₹6,785/m*",₹3.05 lakh
MG GLOSTER,MG,2024,"17,351 km",Diesel,Auto,"EMI ₹62,497/m*",₹36.50 lakh
Maruti New Wagon-R,Maruti,2019,"64,868 km",Petrol,Auto,"EMI ₹6,910/m*",₹3.91 lakh
Maruti Vitara Brezza,Maruti,2018,"51,093 km",Diesel,Auto,"EMI ₹14,143/m*",₹7.23 lakh
Hyundai Elite i20,Hyundai,2018,"92,079 km",CNG,Manual,"EMI ₹11,802/m*",₹5.31 lakh
Toyota Fortuner,Toyota,2023,"13,228 km",Diesel,Auto,"EMI ₹65,065/m*",₹38.00 lakh
Mercedes Benz E Class,Mercedes,2013,"40,546 km",Petrol,Auto,"EMI ₹51,269/m*",₹11.00 lakh
Maruti Vitara Brezza,Maruti,2019,"86,997 km",Diesel,Manual,"EMI ₹13,698/m*",₹8.00 lakh
Maruti Celerio,Maruti,2014,"63,541 km",CNG,Auto,"EMI ₹21,756/m*",₹2.45 lakh
Tata Tiago,Tata,2023,"50,250 km",CNG,Manual,"EMI ₹10,208/m*",₹5.78 lakh
Tata Safari,Tata,2022,"19,584 km",Diesel,Auto,"EMI ₹23,954/m*",₹13.99 lakh
Honda BR-V,Honda,2017,"30,564 km",Petrol,Auto,"EMI ₹12,190/m*",₹6.24 lakh
Hyundai Elite i20,Hyundai,2016,"64,082 km",Petrol,Manual,"EMI ₹6,985/m*",₹3.14 lakh
Tata TIAGO NRG,Tata,2021,"37,330 km",Petrol,Manual,"EMI ₹7,533/m*",₹4.27 lakh
Hyundai Elite i20,Hyundai,2019,"67,545 km",Petrol,Manual,"EMI ₹7,026/m*",₹3.98 lakh
Maruti S PRESSO,Maruti,2019,"26,434 km",Petrol,Manual,"EMI ₹5,431/m*",₹3.08 lakh
KIA SONET,KIA,2024,"10,933 km",Petrol,Auto,"EMI ₹21,831/m*",₹12.75 lakh
Honda Civic,Honda,2019,"45,045 km",Petrol,Auto,"EMI ₹18,150/m*",₹10.60 lakh
Tata ALTROZ,Tata,2020,"66,605 km",Petrol,Manual,"EMI ₹9,418/m*",₹5.34 lakh
Maruti Ciaz,Maruti,2022,"26,728 km",Petrol,Manual,"EMI ₹11,292/m*",₹6.40 lakh
Skoda Rapid,Skoda,2021,"21,907 km",Petrol,Manual,"EMI ₹12,192/m*",₹6.91 lakh
Toyota Fortuner,Toyota,2023,"56,624 km",Diesel,Auto,"EMI ₹85,612/m*",₹50.00 lakh
Renault Duster,Renault,2019,"57,795 km",Petrol,Manual,"EMI ₹8,951/m*",₹5.07 lakh
Hyundai Elite i20,Hyundai,2019,"73,512 km",Petrol,Manual,"EMI ₹8,929/m*",₹5.06 lakh
Hyundai Creta,Hyundai,2025,"3,210 km",Diesel,Auto,"EMI ₹34,245/m*",₹20.00 lakh
Jaguar XF,Jaguar,2015,"48,465 km",Diesel,Auto,"EMI ₹45,638/m*",₹13.94 lakh
Hyundai GRAND I10 NIOS,Hyundai,2023,"35,759 km",CNG,Manual,"EMI ₹10,592/m*",₹6.00 lakh
Maruti Swift Dzire,Maruti,2019,"73,276 km",CNG,Manual,"EMI ₹9,786/m*",₹5.01 lakh
Hyundai i20 Active,Hyundai,2017,"89,767 km",Petrol,Manual,"EMI ₹7,234/m*",₹3.70 lakh
Honda City,Honda,2018,"73,662 km",Petrol,Auto,"EMI ₹13,136/m*",₹7.44 lakh
Maruti Wagon R 1.0,Maruti,2017,"84,524 km",CNG,Manual,"EMI ₹7,294/m*",₹2.77 lakh
Mercedes Benz GLC CLASS,Mercedes,2022,"44,177 km",Diesel,Auto,"EMI ₹70,630/m*",₹41.25 lakh
Honda Jazz,Honda,2015,"57,633 km",Petrol,Manual,"EMI ₹9,758/m*",₹3.71 lakh
Honda WR-V,Honda,2019,"62,030 km",Petrol,Manual,"EMI ₹10,116/m*",₹5.73 lakh
Volvo V 40,Volvo,2015,"48,134 km",Diesel,Auto,"EMI ₹45,834/m*",₹14.00 lakh
Toyota Innova Crysta,Toyota,2022,"1,34,428 km",Diesel,Auto,"EMI ₹53,921/m*",₹24.80 lakh
Volkswagen Polo,Volkswagen,2014,"1,24,334 km",Petrol,Manual,"EMI ₹7,314/m*",₹2.20 lakh
Maruti S Cross,Maruti,2017,"53,301 km",Diesel,Manual,"EMI ₹8,787/m*",₹3.95 lakh
Hyundai GRAND I10 NIOS,Hyundai,2023,"41,081 km",CNG,Manual,"EMI ₹11,009/m*",₹6.24 lakh
Honda Jazz,Honda,2019,"1,06,077 km",Petrol,Auto,"EMI ₹9,521/m*",₹4.28 lakh
Hyundai Verna,Hyundai,2019,"67,423 km",Diesel,Manual,"EMI ₹13,869/m*",₹8.10 lakh
Renault Kwid,Renault,2019,"30,503 km",Petrol,Manual,"EMI ₹3,813/m*",₹2.16 lakh
Maruti Alto 800,Maruti,2013,"77,268 km",Petrol,Manual,"EMI ₹6,463/m*",₹1.37 lakh
Hyundai Verna,Hyundai,2017,"48,413 km",Petrol,Manual,"EMI ₹9,189/m*",₹4.70 lakh
Maruti Baleno,Maruti,2016,"88,321 km",CNG,Manual,"EMI ₹13,219/m*",₹3.98 lakh
Tata NEXON,Tata,2017,"29,923 km",Petrol,Manual,"EMI ₹9,489/m*",₹4.85 lakh
Hyundai i20,Hyundai,2013,"86,274 km",Petrol,Manual,"EMI ₹8,520/m*",₹1.81 lakh
MG ASTOR,MG,2022,"36,542 km",Petrol,Manual,"EMI ₹11,792/m*",₹6.68 lakh
Hyundai VENUE,Hyundai,2023,"43,022 km",Petrol,Manual,"EMI ₹14,982/m*",₹8.75 lakh
Maruti Swift Dzire,Maruti,2013,"93,343 km",CNG,Manual,"EMI ₹14,982/m*",₹2.58 lakh
BMW Z4,BMW,2023,"28,878 km",Petrol,Auto,"EMI ₹148,965/m*",₹87.00 lakh
Ford New Figo,Ford,2016,"84,195 km",CNG,Manual,"EMI ₹8,370/m*",₹2.52 lakh
Hyundai NEW SANTRO,Hyundai,2018,"77,563 km",CNG,Manual,"EMI ₹7,383/m*",₹3.32 lakh
Maruti Wagon R 1.0,Maruti,2016,"66,463 km",Petrol,Auto,"EMI ₹5,388/m*",₹2.42 lakh
Datsun Go Plus,Datsun,2015,"60,016 km",Petrol,Manual,"EMI ₹4,766/m*",₹1.81 lakh
Honda Amaze,Honda,2022,"50,213 km",Petrol,Auto,"EMI ₹11,298/m*",₹6.40 lakh
Volkswagen Ameo,Volkswagen,2017,"84,816 km",Petrol,Manual,"EMI ₹6,788/m*",₹3.47 lakh
Honda City,Honda,2014,"1,05,375 km",Petrol,Manual,"EMI ₹10,130/m*",₹3.05 lakh
Hyundai Elite i20,Hyundai,2018,"1,23,460 km",Petrol,Manual,"EMI ₹9,053/m*",₹4.07 lakh
Hyundai NEW SANTRO,Hyundai,2019,"27,279 km",Petrol,Auto,"EMI ₹6,312/m*",₹3.58 lakh
Tata NEXON,Tata,2021,"22,944 km",Petrol,Auto,"EMI ₹14,116/m*",₹8.24 lakh
Toyota Glanza,Toyota,2023,"46,540 km",CNG,Manual,"EMI ₹13,596/m*",₹7.70 lakh
Datsun Redi Go,Datsun,2018,"1,04,773 km",Petrol,Manual,"EMI ₹3,203/m*",₹1.44 lakh
Tata Tiago,Tata,2016,"82,945 km",Petrol,Manual,"EMI ₹5,828/m*",₹2.62 lakh
Skoda Karoq,Skoda,2020,"77,141 km",Petrol,Auto,"EMI ₹24,639/m*",₹14.39 lakh
Hyundai Tucson,Hyundai,2019,"78,927 km",Petrol,Auto,"EMI ₹15,364/m*",₹8.97 lakh
Maruti Swift,Maruti,2020,"31,449 km",Petrol,Auto,"EMI ₹8,473/m*",₹4.80 lakh
Maruti Swift,Maruti,2013,"35,570 km",Petrol,Manual,"EMI ₹12,686/m*",₹2.69 lakh
Maruti Alto,Maruti,2020,"54,362 km",CNG,Manual,"EMI ₹4,721/m*",₹2.67 lakh
Toyota Etios,Toyota,2014,"81,689 km",Petrol,Manual,"EMI ₹7,839/m*",₹2.36 lakh
Tata Harrier,Tata,2020,"96,136 km",Diesel,Auto,"EMI ₹19,999/m*",₹11.68 lakh
Maruti Celerio,Maruti,2023,"42,976 km",Petrol,Manual,"EMI ₹8,322/m*",₹4.71 lakh
Hyundai Xcent,Hyundai,2014,"1,03,307 km",Petrol,Manual,"EMI ₹8,769/m*",₹2.64 lakh
Maruti Swift,Maruti,2017,"40,784 km",Petrol,Manual,"EMI ₹7,155/m*",₹3.66 lakh
Datsun Redi Go,Datsun,2018,"97,153 km",Petrol,Manual,"EMI ₹2,572/m*",₹1.46 lakh
Renault Kwid,Renault,2016,"80,826 km",Petrol,Manual,"EMI ₹3,848/m*",₹1.73 lakh
Maruti Celerio,Maruti,2015,"33,180 km",Petrol,Manual,"EMI ₹6,610/m*",₹2.51 lakh
Hyundai GRAND I10 NIOS,Hyundai,2021,"78,486 km",CNG,Manual,"EMI ₹8,118/m*",₹4.60 lakh
Datsun Go,Datsun,2014,"56,582 km",Petrol,Manual,"EMI ₹4,984/m*",₹1.50 lakh
Mercedes Benz E Class,Mercedes,2017,"1,13,007 km",Diesel,Auto,"EMI ₹54,356/m*",₹25.00 lakh
Honda Amaze,Honda,2014,"1,39,533 km",Petrol,Manual,"EMI ₹7,008/m*",₹2.11 lakh
Maruti FRONX,Maruti,2023,"46,348 km",Petrol,Auto,"EMI ₹12,198/m*",₹6.91 lakh
Volkswagen Polo,Volkswagen,2017,"59,524 km",Petrol,Auto,"EMI ₹9,455/m*",₹4.84 lakh
Tata Tiago,Tata,2018,"1,47,128 km",Diesel,Manual,"EMI ₹7,007/m*",₹3.15 lakh
Tata TIGOR,Tata,2018,"52,282 km",Petrol,Manual,"EMI ₹6,214/m*",₹3.52 lakh
Jeep Compass,Jeep,2019,"88,507 km",Diesel,Manual,"EMI ₹15,153/m*",₹8.85 lakh
Renault Kwid,Renault,2016,"66,090 km",Petrol,Manual,"EMI ₹3,648/m*",₹1.64 lakh
Mahindra XUV700,Mahindra,2024,"33,869 km",Diesel,Auto,"EMI ₹34,245/m*",₹20.00 lakh
Tata NEXON,Tata,2024,"22,840 km",Diesel,Manual,"EMI ₹15,102/m*",₹8.82 lakh
Tata ALTROZ,Tata,2020,"18,468 km",Petrol,Manual,"EMI ₹9,586/m*",₹5.43 lakh
Maruti Celerio,Maruti,2015,"36,276 km",Petrol,Auto,"EMI ₹6,636/m*",₹2.52 lakh
Hyundai Verna,Hyundai,2016,"31,268 km",Petrol,Manual,"EMI ₹9,098/m*",₹4.09 lakh
Maruti Vitara Brezza,Maruti,2017,"79,525 km",Diesel,Manual,"EMI ₹13,792/m*",₹6.20 lakh
Maruti Alto 800,Maruti,2016,"1,09,996 km",Petrol,Manual,"EMI ₹4,160/m*",₹1.87 lakh
Tata NEXON,Tata,2019,"29,568 km",Petrol,Auto,"EMI ₹8,597/m*",₹4.87 lakh
Maruti S PRESSO,Maruti,2020,"54,626 km",Petrol,Manual,"EMI ₹4,943/m*",₹2.80 lakh
Renault Kwid,Renault,2017,"31,480 km",Petrol,Manual,"EMI ₹3,773/m*",₹1.93 lakh
Maruti Baleno,Maruti,2017,"68,491 km",Petrol,Manual,"EMI ₹8,332/m*",₹4.26 lakh
Maruti S Cross,Maruti,2021,"31,115 km",Petrol,Manual,"EMI ₹11,209/m*",₹6.35 lakh
Tata PUNCH,Tata,2023,"23,071 km",Petrol,Manual,"EMI ₹9,940/m*",₹5.63 lakh
Maruti Alto K10,Maruti,2019,"30,434 km",Petrol,Manual,"EMI ₹4,542/m*",₹2.57 lakh
Renault Kwid,Renault,2016,"84,648 km",CNG,Manual,"EMI ₹6,676/m*",₹2.01 lakh
Hyundai Grand i10,Hyundai,2015,"71,774 km",Petrol,Manual,"EMI ₹7,189/m*",₹2.73 lakh
Renault TRIBER,Renault,2022,"52,048 km",Petrol,Manual,"EMI ₹7,421/m*",₹4.20 lakh
Hyundai Eon,Hyundai,2016,"69,776 km",Petrol,Manual,"EMI ₹3,759/m*",₹1.69 lakh
KIA SONET,KIA,2023,"28,540 km",Petrol,Manual,"EMI ₹12,445/m*",₹7.05 lakh
Hyundai AURA,Hyundai,2022,"27,951 km",CNG,Manual,"EMI ₹9,781/m*",₹5.54 lakh
Tata Tiago,Tata,2018,"49,107 km",Petrol,Manual,"EMI ₹5,313/m*",₹3.01 lakh
Maruti Swift,Maruti,2016,"98,776 km",Petrol,Manual,"EMI ₹6,380/m*",₹2.87 lakh
Skoda Rapid,Skoda,2017,"1,19,944 km",Petrol,Manual,"EMI ₹7,363/m*",₹3.31 lakh
Maruti Wagon R 1.0,Maruti,2015,"95,668 km",CNG,Manual,"EMI ₹9,685/m*",₹2.06 lakh
Maruti Dzire,Maruti,2019,"42,205 km",Petrol,Manual,"EMI ₹7,308/m*",₹4.14 lakh
Hyundai i10,Hyundai,2012,"45,212 km",Petrol,Auto,"EMI ₹16,437/m*",₹1.85 lakh
KIA SONET,KIA,2021,"47,982 km",Petrol,Manual,"EMI ₹12,180/m*",₹6.90 lakh
Tata NEXON,Tata,2019,"94,904 km",CNG,Auto,"EMI ₹10,557/m*",₹5.40 lakh
Skoda Rapid,Skoda,2020,"78,364 km",Petrol,Manual,"EMI ₹8,857/m*",₹5.02 lakh
Honda City,Honda,2015,"34,955 km",Petrol,Manual,"EMI ₹9,428/m*",₹3.58 lakh
Hyundai i20 Active,Hyundai,2015,"1,00,416 km",Petrol,Manual,"EMI ₹8,716/m*",₹3.31 lakh
Hyundai Verna,Hyundai,2013,"76,331 km",Petrol,Manual,"EMI ₹14,522/m*",₹3.08 lakh
Maruti Ciaz,Maruti,2017,"46,803 km",CNG,Auto,"EMI ₹11,613/m*",₹4.41 lakh
Volkswagen Ameo,Volkswagen,2017,"95,740 km",Petrol,Manual,"EMI ₹6,569/m*",₹3.36 lakh
Fiat Punto EVO,Fiat,2014,"79,687 km",Diesel,Manual,"EMI ₹8,633/m*",₹1.83 lakh
Renault Kwid,Renault,2016,"85,448 km",Petrol,Manual,"EMI ₹4,087/m*",₹1.84 lakh
Maruti Alto K10,Maruti,2023,"38,611 km",Petrol,Manual,"EMI ₹6,064/m*",₹3.44 lakh
Renault Kiger,Renault,2021,"39,237 km",Petrol,Auto,"EMI ₹8,863/m*",₹5.02 lakh
KIA SELTOS,KIA,2020,"74,418 km",Diesel,Manual,"EMI ₹14,708/m*",₹8.59 lakh
Volkswagen Vento,Volkswagen,2016,"74,659 km",Petrol,Manual,"EMI ₹7,741/m*",₹3.48 lakh
Honda Jazz,Honda,2018,"55,117 km",Petrol,Manual,"EMI ₹6,574/m*",₹3.72 lakh
Hyundai i10,Hyundai,2013,"1,04,045 km",Petrol,Manual,"EMI ₹7,955/m*",₹1.69 lakh
Skoda SLAVIA,Skoda,2023,"16,818 km",Petrol,Auto,"EMI ₹19,485/m*",₹11.38 lakh
Maruti Swift,Maruti,2014,"77,393 km",Petrol,Manual,"EMI ₹9,151/m*",₹2.75 lakh
Hyundai i10,Hyundai,2013,"89,603 km",CNG,Auto,"EMI ₹9,151/m*",₹1.76 lakh
KIA SELTOS,KIA,2020,"69,197 km",Petrol,Auto,"EMI ₹19,332/m*",₹11.29 lakh
Hyundai NEW SANTRO,Hyundai,2021,"21,067 km",Petrol,Auto,"EMI ₹7,326/m*",₹4.15 lakh
Hyundai Elite i20,Hyundai,2018,"47,233 km",Petrol,Auto,"EMI ₹8,288/m*",₹4.70 lakh
Renault Kwid,Renault,2015,"38,247 km",Petrol,Manual,"EMI ₹4,740/m*",₹1.80 lakh
Hyundai Elite i20,Hyundai,2016,"59,057 km",Petrol,Manual,"EMI ₹8,876/m*",₹3.99 lakh
Tata ALTROZ,Tata,2022,"22,527 km",Petrol,Manual,"EMI ₹10,846/m*",₹6.14 lakh
Maruti New Wagon-R,Maruti,2022,"64,307 km",Petrol,Manual,"EMI ₹7,061/m*",₹4.00 lakh
Maruti Celerio X,Maruti,2018,"13,586 km",Petrol,Auto,"EMI ₹6,606/m*",₹3.74 lakh
Volkswagen Polo,Volkswagen,2015,"34,158 km",Petrol,Manual,"EMI ₹8,901/m*",₹3.38 lakh
Hyundai VENUE,Hyundai,2023,"89,108 km",Petrol,Manual,"EMI ₹12,110/m*",₹6.86 lakh
Toyota URBAN CRUISER,Toyota,2022,"44,495 km",Petrol,Manual,"EMI ₹13,287/m*",₹7.53 lakh
Renault Kwid,Renault,2016,"26,334 km",Petrol,Manual,"EMI ₹4,805/m*",₹2.16 lakh
Mahindra XUV700,Mahindra,2021,"83,425 km",Petrol,Manual,"EMI ₹18,033/m*",₹10.53 lakh
Tata TIGOR,Tata,2018,"49,377 km",CNG,Manual,"EMI ₹9,547/m*",₹4.29 lakh
Maruti Swift Dzire,Maruti,2012,"65,844 km",Petrol,Manual,"EMI ₹18,747/m*",₹2.11 lakh
Honda City,Honda,2017,"66,841 km",Petrol,Auto,"EMI ₹11,821/m*",₹6.05 lakh
Hyundai Elite i20,Hyundai,2019,"46,293 km",Petrol,Manual,"EMI ₹8,562/m*",₹4.85 lakh
Hyundai NEW SANTRO,Hyundai,2019,"50,094 km",CNG,Manual,"EMI ₹6,569/m*",₹3.36 lakh
Hyundai NEW I20,Hyundai,2021,"1,49,924 km",Petrol,Manual,"EMI ₹11,233/m*",₹5.05 lakh
Maruti Wagon R 1.0,Maruti,2013,"37,495 km",Petrol,Manual,"EMI ₹10,712/m*",₹2.28 lakh
Tata TIGOR,Tata,2021,"32,695 km",Petrol,Manual,"EMI ₹8,615/m*",₹4.88 lakh
Maruti IGNIS,Maruti,2018,"35,480 km",Petrol,Manual,"EMI ₹5,896/m*",₹3.34 lakh
Maruti Baleno,Maruti,2024,"5,570 km",Petrol,Auto,"EMI ₹13,659/m*",₹7.74 lakh
KIA SONET,KIA,2021,"40,429 km",Petrol,Manual,"EMI ₹11,598/m*",₹6.57 lakh
Tata Tiago,Tata,2022,"21,841 km",Petrol,Manual,"EMI ₹7,997/m*",₹4.53 lakh
Hyundai EXTER,Hyundai,2025,"3,670 km",Petrol,Manual,"EMI ₹12,909/m*",₹7.31 lakh
Hyundai Creta,Hyundai,2020,"43,651 km",Petrol,Manual,"EMI ₹15,846/m*",₹9.25 lakh
Tata NEXON,Tata,2018,"55,956 km",Petrol,Manual,"EMI ₹8,544/m*",₹4.84 lakh
Maruti Swift,Maruti,2021,"27,489 km",Petrol,Manual,"EMI ₹10,472/m*",₹5.93 lakh
Tata TIGOR,Tata,2018,"67,411 km",Petrol,Manual,"EMI ₹6,729/m*",₹3.81 lakh
Hyundai VENUE,Hyundai,2021,"55,249 km",Petrol,Manual,"EMI ₹11,389/m*",₹6.45 lakh
Maruti Alto 800,Maruti,2014,"63,944 km",CNG,Manual,"EMI ₹16,720/m*",₹1.88 lakh
Mahindra Thar,Mahindra,2023,"20,256 km",Diesel,Manual,"EMI ₹21,728/m*",₹12.69 lakh
Hyundai VENUE,Hyundai,2023,"20,814 km",Petrol,Auto,"EMI ₹15,444/m*",₹9.02 lakh
MG HECTOR,MG,2021,"65,599 km",Petrol,Auto,"EMI ₹18,441/m*",₹10.77 lakh
Tata Harrier,Tata,2019,"40,171 km",Diesel,Manual,"EMI ₹16,694/m*",₹9.75 lakh
Honda ELEVATE,Honda,2024,"5,490 km",Petrol,Auto,"EMI ₹26,369/m*",₹15.40 lakh
MG ASTOR,MG,2022,"52,428 km",Petrol,Manual,"EMI ₹12,904/m*",₹7.31 lakh
Hyundai Elite i20,Hyundai,2018,"70,908 km",Petrol,Auto,"EMI ₹8,203/m*",₹4.65 lakh
Volkswagen Polo,Volkswagen,2017,"61,917 km",Petrol,Auto,"EMI ₹9,013/m*",₹4.61 lakh
Hyundai GRAND I10 NIOS,Hyundai,2020,"53,521 km",Petrol,Auto,"EMI ₹8,101/m*",₹4.59 lakh
Jeep Compass,Jeep,2018,"98,806 km",Diesel,Manual,"EMI ₹14,076/m*",₹7.20 lakh
Mahindra XUV300,Mahindra,2023,"95,027 km",Diesel,Manual,"EMI ₹12,745/m*",₹7.22 lakh
Maruti Ciaz,Maruti,2016,"53,859 km",Petrol,Manual,"EMI ₹10,361/m*",₹4.66 lakh
Hyundai Creta,Hyundai,2019,"85,369 km",Petrol,Auto,"EMI ₹13,999/m*",₹7.93 lakh
Hyundai Elite i20,Hyundai,2016,"71,856 km",Petrol,Manual,"EMI ₹9,888/m*",₹4.44 lakh
Maruti Celerio,Maruti,2014,"79,265 km",Petrol,Manual,"EMI ₹7,374/m*",₹2.22 lakh
Hyundai Grand i10,Hyundai,2016,"44,541 km",Petrol,Manual,"EMI ₹6,295/m*",₹2.83 lakh
Honda Jazz,Honda,2017,"78,115 km",Petrol,Auto,"EMI ₹6,588/m*",₹3.37 lakh
Ford FREESTYLE,Ford,2021,"56,744 km",Diesel,Manual,"EMI ₹10,052/m*",₹5.69 lakh
Maruti Ciaz,Maruti,2018,"81,188 km",Diesel,Manual,"EMI ₹11,650/m*",₹5.96 lakh
Maruti Wagon R 1.0,Maruti,2018,"27,836 km",Petrol,Manual,"EMI ₹5,190/m*",₹2.94 lakh
Maruti Ciaz,Maruti,2017,"60,478 km",Diesel,Manual,"EMI ₹12,101/m*",₹5.44 lakh
Hyundai Grand i10,Hyundai,2019,"68,723 km",CNG,Manual,"EMI ₹7,845/m*",₹4.01 lakh
Maruti Baleno,Maruti,2017,"84,169 km",Petrol,Auto,"EMI ₹7,488/m*",₹3.83 lakh
Hyundai i10,Hyundai,2014,"99,114 km",CNG,Manual,"EMI ₹21,501/m*",₹2.42 lakh
Maruti Swift,Maruti,2019,"1,05,798 km",Petrol,Manual,"EMI ₹10,651/m*",₹4.79 lakh
Hyundai i20,Hyundai,2013,"68,998 km",Petrol,Manual,"EMI ₹12,070/m*",₹2.56 lakh
Hyundai i20,Hyundai,2012,"30,682 km",Petrol,Manual,"EMI ₹18,658/m*",₹2.10 lakh
Maruti Wagon R 1.0,Maruti,2013,"53,988 km",Petrol,Manual,"EMI ₹11,167/m*",₹2.37 lakh
Volkswagen Polo,Volkswagen,2015,"1,38,864 km",Petrol,Auto,"EMI ₹9,172/m*",₹3.48 lakh
Renault Kiger,Renault,2022,"40,096 km",Petrol,Manual,"EMI ₹9,709/m*",₹5.50 lakh
Renault Kwid,Renault,2017,"78,922 km",Petrol,Manual,"EMI ₹4,018/m*",₹2.06 lakh
Maruti Alto K10,Maruti,2013,"55,401 km",Petrol,Manual,"EMI ₹8,248/m*",₹1.75 lakh
Maruti Alto 800,Maruti,2015,"79,198 km",Petrol,Manual,"EMI ₹4,550/m*",₹1.73 lakh
Honda City,Honda,2015,"65,266 km",Petrol,Manual,"EMI ₹9,507/m*",₹3.61 lakh
Tata TIGOR,Tata,2017,"1,00,517 km",Petrol,Manual,"EMI ₹7,697/m*",₹3.46 lakh
Maruti Wagon R 1.0,Maruti,2012,"97,754 km",Petrol,Manual,"EMI ₹15,637/m*",₹1.76 lakh
Skoda Rapid,Skoda,2017,"75,781 km",Petrol,Manual,"EMI ₹7,226/m*",₹3.70 lakh
Maruti Alto K10,Maruti,2015,"69,553 km",Petrol,Auto,"EMI ₹6,057/m*",₹2.30 lakh
Maruti New Wagon-R,Maruti,2021,"63,246 km",CNG,Manual,"EMI ₹8,122/m*",₹4.60 lakh
Maruti Alto 800,Maruti,2013,"50,210 km",Petrol,Manual,"EMI ₹6,962/m*",₹1.48 lakh
Maruti Alto 800,Maruti,2014,"25,209 km",Petrol,Manual,"EMI ₹5,580/m*",₹1.68 lakh
Tata Tiago,Tata,2018,"62,656 km",Petrol,Manual,"EMI ₹5,508/m*",₹3.12 lakh
Maruti Wagon R 1.0,Maruti,2013,"83,871 km",Petrol,Manual,"EMI ₹8,717/m*",₹1.85 lakh
Hyundai Grand i10,Hyundai,2015,"42,243 km",Petrol,Manual,"EMI ₹8,166/m*",₹3.10 lakh
Hyundai VENUE,Hyundai,2021,"39,267 km",Petrol,Manual,"EMI ₹11,939/m*",₹6.76 lakh
Maruti Celerio,Maruti,2018,"67,855 km",CNG,Manual,"EMI ₹6,963/m*",₹3.13 lakh
Hyundai GRAND I10 NIOS,Hyundai,2021,"25,726 km",Petrol,Auto,"EMI ₹9,993/m*",₹5.66 lakh
Tata PUNCH,Tata,2023,"29,209 km",Petrol,Auto,"EMI ₹11,825/m*",₹6.70 lakh
Hyundai i10,Hyundai,2014,"75,832 km",Petrol,Manual,"EMI ₹6,603/m*",₹1.99 lakh
Honda City,Honda,2016,"66,621 km",Petrol,Manual,"EMI ₹9,721/m*",₹4.37 lakh
Renault Kwid,Renault,2021,"14,515 km",Petrol,Manual,"EMI ₹5,614/m*",₹3.18 lakh
Maruti Celerio,Maruti,2018,"58,748 km",Petrol,Auto,"EMI ₹5,967/m*",₹3.38 lakh
Maruti Ciaz,Maruti,2016,"78,023 km",Petrol,Manual,"EMI ₹8,408/m*",₹3.78 lakh
Maruti Wagon R 1.0,Maruti,2016,"1,11,583 km",Petrol,Auto,"EMI ₹5,072/m*",₹2.28 lakh
Maruti Baleno,Maruti,2017,"97,724 km",Petrol,Manual,"EMI ₹7,898/m*",₹4.04 lakh
Tata Tiago,Tata,2020,"11,848 km",Petrol,Auto,"EMI ₹7,837/m*",₹4.44 lakh
Maruti Baleno,Maruti,2021,"28,741 km",Petrol,Manual,"EMI ₹10,359/m*",₹5.87 lakh
Renault Kwid,Renault,2016,"8,405 km",Petrol,Manual,"EMI ₹5,202/m*",₹2.34 lakh
Hyundai GRAND I10 NIOS,Hyundai,2021,"41,176 km",Petrol,Manual,"EMI ₹9,444/m*",₹5.35 lakh
Hyundai i10,Hyundai,2013,"1,19,983 km",Petrol,Manual,"EMI ₹7,861/m*",₹1.67 lakh
Tata TIGOR,Tata,2019,"49,058 km",CNG,Auto,"EMI ₹10,323/m*",₹5.28 lakh
Maruti IGNIS,Maruti,2018,"37,416 km",Petrol,Auto,"EMI ₹6,851/m*",₹3.88 lakh
Tata Tiago,Tata,2022,"82,167 km",CNG,Manual,"EMI ₹7,803/m*",₹4.42 lakh
Mahindra TUV300,Mahindra,2016,"66,861 km",Diesel,Manual,"EMI ₹12,337/m*",₹4.68 lakh
Maruti Ciaz,Maruti,2016,"53,124 km",Diesel,Manual,"EMI ₹14,010/m*",₹5.32 lakh
Tata TIGOR,Tata,2017,"1,16,950 km",Petrol,Manual,"EMI ₹7,430/m*",₹3.34 lakh
Maruti Wagon R 1.0,Maruti,2013,"64,513 km",Petrol,Manual,"EMI ₹9,462/m*",₹2.01 lakh
Maruti Celerio,Maruti,2015,"68,945 km",Petrol,Auto,"EMI ₹8,904/m*",₹3.38 lakh
Volkswagen Vento,Volkswagen,2014,"31,816 km",Petrol,Auto,"EMI ₹10,778/m*",₹3.25 lakh
Hyundai NEW SANTRO,Hyundai,2019,"1,00,156 km",CNG,Manual,"EMI ₹6,703/m*",₹3.01 lakh
Hyundai NEW SANTRO,Hyundai,2019,"1,07,083 km",CNG,Manual,"EMI ₹8,119/m*",₹3.65 lakh
Datsun Redi Go,Datsun,2018,"43,373 km",Petrol,Manual,"EMI ₹3,068/m*",₹1.74 lakh
Volkswagen TAIGUN,Volkswagen,2023,"28,799 km",Petrol,Auto,"EMI ₹20,824/m*",₹12.16 lakh
Honda Brio,Honda,2013,"80,237 km",Petrol,Manual,"EMI ₹9,239/m*",₹1.96 lakh
KIA SONET,KIA,2022,"65,187 km",Diesel,Manual,"EMI ₹14,751/m*",₹8.62 lakh
Skoda KUSHAQ,Skoda,2022,"49,545 km",Petrol,Manual,"EMI ₹14,742/m*",₹8.61 lakh
Tata NEXON,Tata,2020,"48,030 km",Diesel,Manual,"EMI ₹13,097/m*",₹7.42 lakh
Maruti Wagon R 1.0,Maruti,2018,"57,961 km",CNG,Manual,"EMI ₹7,519/m*",₹3.38 lakh
Maruti Celerio,Maruti,2022,"31,411 km",Petrol,Manual,"EMI ₹7,255/m*",₹4.11 lakh
Hyundai NEW I20 N LINE,Hyundai,2021,"52,885 km",Petrol,Auto,"EMI ₹13,855/m*",₹7.85 lakh
Tata NEXON,Tata,2023,"24,938 km",Petrol,Manual,"EMI ₹13,852/m*",₹8.09 lakh
Tata TIGOR,Tata,2018,"74,443 km",Petrol,Manual,"EMI ₹5,384/m*",₹3.05 lakh
Renault Kwid,Renault,2018,"41,202 km",Petrol,Manual,"EMI ₹4,590/m*",₹2.60 lakh
Hyundai Grand i10,Hyundai,2017,"95,064 km",Petrol,Manual,"EMI ₹7,234/m*",₹3.70 lakh
Maruti Wagon R 1.0,Maruti,2015,"64,833 km",Petrol,Manual,"EMI ₹6,902/m*",₹2.62 lakh
Maruti Wagon R 1.0,Maruti,2012,"64,643 km",CNG,Manual,"EMI ₹6,902/m*",₹2.02 lakh
Honda City,Honda,2016,"44,977 km",Petrol,Manual,"EMI ₹8,809/m*",₹3.96 lakh
Renault Kwid,Renault,2021,"28,242 km",Petrol,Auto,"EMI ₹6,408/m*",₹3.63 lakh
Hyundai NEW SANTRO,Hyundai,2019,"72,970 km",CNG,Manual,"EMI ₹6,549/m*",₹3.35 lakh
Toyota YARIS,Toyota,2018,"74,673 km",Petrol,Auto,"EMI ₹8,826/m*",₹5.00 lakh
Hyundai Grand i10,Hyundai,2015,"45,424 km",Petrol,Manual,"EMI ₹8,774/m*",₹3.33 lakh
Hyundai i20,Hyundai,2013,"81,185 km",CNG,Manual,"EMI ₹8,774/m*",₹2.60 lakh
Maruti Ritz,Maruti,2013,"57,961 km",Petrol,Manual,"EMI ₹10,070/m*",₹2.14 lakh
Maruti Ertiga,Maruti,2014,"47,925 km",CNG,Manual,"EMI ₹44,016/m*",₹4.95 lakh
Hyundai Grand i10,Hyundai,2015,"1,09,211 km",Petrol,Manual,"EMI ₹7,299/m*",₹2.77 lakh
Maruti Wagon R 1.0,Maruti,2016,"56,549 km",CNG,Manual,"EMI ₹10,908/m*",₹3.28 lakh
Honda Brio,Honda,2015,"1,06,275 km",Petrol,Auto,"EMI ₹8,163/m*",₹3.10 lakh
Maruti Alto 800,Maruti,2015,"57,992 km",Petrol,Manual,"EMI ₹5,419/m*",₹2.06 lakh
Hyundai AURA,Hyundai,2023,"56,354 km",CNG,Manual,"EMI ₹10,999/m*",₹6.23 lakh
Maruti Swift,Maruti,2022,"14,898 km",Petrol,Auto,"EMI ₹10,844/m*",₹6.14 lakh
Maruti Zen Estilo,Maruti,2013,"1,07,119 km",CNG,Manual,"EMI ₹10,844/m*",₹1.46 lakh
Tata NEXON,Tata,2018,"68,843 km",Diesel,Manual,"EMI ₹11,437/m*",₹5.85 lakh
Honda City,Honda,2016,"85,195 km",Petrol,Manual,"EMI ₹7,007/m*",₹3.15 lakh
Maruti Wagon R 1.0,Maruti,2013,"93,879 km",Petrol,Manual,"EMI ₹7,966/m*",₹1.69 lakh
Maruti Celerio,Maruti,2016,"79,244 km",Petrol,Manual,"EMI ₹6,228/m*",₹2.80 lakh
Maruti Alto K10,Maruti,2016,"77,388 km",Petrol,Manual,"EMI ₹4,760/m*",₹2.14 lakh
Ford Ecosport,Ford,2013,"1,29,718 km",Diesel,Manual,"EMI ₹31,008/m*",₹3.49 lakh
Hyundai EXTER,Hyundai,2023,"20,275 km",Petrol,Auto,"EMI ₹12,753/m*",₹7.22 lakh
Maruti Alto K10,Maruti,2016,"73,671 km",Petrol,Auto,"EMI ₹5,976/m*",₹2.69 lakh
Volkswagen Ameo,Volkswagen,2016,"59,833 km",Petrol,Manual,"EMI ₹8,159/m*",₹3.67 lakh
Tata TIGOR,Tata,2022,"39,569 km",CNG,Manual,"EMI ₹10,016/m*",₹5.67 lakh
Volkswagen Polo,Volkswagen,2015,"1,23,522 km",Petrol,Auto,"EMI ₹10,314/m*",₹3.92 lakh
Tata Tiago,Tata,2019,"33,480 km",Petrol,Auto,"EMI ₹8,473/m*",₹4.80 lakh
Maruti Celerio,Maruti,2016,"92,909 km",Petrol,Auto,"EMI ₹6,811/m*",₹3.06 lakh
Maruti Baleno,Maruti,2018,"90,486 km",Diesel,Manual,"EMI ₹11,802/m*",₹6.04 lakh
Tata NEXON,Tata,2022,"58,990 km",Diesel,Auto,"EMI ₹13,715/m*",₹8.01 lakh
Maruti Swift,Maruti,2013,"70,013 km",Petrol,Manual,"EMI ₹14,357/m*",₹3.05 lakh
Hyundai i10,Hyundai,2012,"1,17,801 km",CNG,Auto,"EMI ₹14,357/m*",₹1.66 lakh
Tata Tiago,Tata,2018,"37,593 km",Petrol,Auto,"EMI ₹7,648/m*",₹4.33 lakh
Maruti Celerio,Maruti,2022,"22,924 km",Petrol,Auto,"EMI ₹8,707/m*",₹4.93 lakh
Honda City,Honda,2015,"90,156 km",CNG,Manual,"EMI ₹17,605/m*",₹3.74 lakh
Hyundai Xcent,Hyundai,2014,"64,985 km",Petrol,Manual,"EMI ₹9,474/m*",₹2.85 lakh
Tata NEXON,Tata,2021,"55,708 km",Petrol,Auto,"EMI ₹14,084/m*",₹7.98 lakh
Toyota Glanza,Toyota,2020,"70,840 km",Petrol,Auto,"EMI ₹10,337/m*",₹5.86 lakh
Nissan Micra,Nissan,2013,"61,301 km",Petrol,Auto,"EMI ₹10,394/m*",₹2.21 lakh
Volkswagen TAIGUN,Volkswagen,2022,"76,808 km",Petrol,Manual,"EMI ₹17,726/m*",₹10.35 lakh
Maruti Wagon R 1.0,Maruti,2015,"82,833 km",CNG,Manual,"EMI ₹12,342/m*",₹2.62 lakh
Volkswagen Jetta,Volkswagen,2015,"1,35,517 km",Diesel,Auto,"EMI ₹18,268/m*",₹5.50 lakh
Volkswagen Ameo,Volkswagen,2017,"36,026 km",Petrol,Manual,"EMI ₹7,944/m*",₹4.06 lakh
Honda Jazz,Honda,2016,"86,443 km",Petrol,Auto,"EMI ₹9,344/m*",₹4.20 lakh
Renault Duster,Renault,2017,"75,760 km",Diesel,Auto,"EMI ₹11,488/m*",₹5.16 lakh
Tata Tiago,Tata,2016,"36,254 km",Petrol,Manual,"EMI ₹7,162/m*",₹3.22 lakh
Hyundai Elite i20,Hyundai,2016,"58,206 km",Petrol,Manual,"EMI ₹9,188/m*",₹4.13 lakh
Mahindra XUV300,Mahindra,2024,"29,360 km",Petrol,Manual,"EMI ₹14,231/m*",₹8.31 lakh
Toyota Urban Cruiser Taisor,Toyota,2024,"16,743 km",Petrol,Auto,"EMI ₹18,835/m*",₹11.00 lakh
Renault Kwid,Renault,2019,"93,218 km",Petrol,Manual,"EMI ₹4,655/m*",₹2.64 lakh
Maruti XL6,Maruti,2022,"27,960 km",Petrol,Auto,"EMI ₹17,431/m*",₹10.18 lakh
Honda WR-V,Honda,2019,"50,425 km",Petrol,Manual,"EMI ₹10,119/m*",₹5.73 lakh
Hyundai Grand i10,Hyundai,2015,"59,070 km",Petrol,Auto,"EMI ₹8,954/m*",₹3.40 lakh
Honda Amaze,Honda,2021,"38,422 km",Petrol,Auto,"EMI ₹11,504/m*",₹6.52 lakh
Maruti Baleno,Maruti,2020,"46,396 km",Petrol,Manual,"EMI ₹8,826/m*",₹5.00 lakh
Honda City,Honda,2015,"1,20,942 km",Petrol,Manual,"EMI ₹9,638/m*",₹3.66 lakh
Honda Amaze,Honda,2019,"56,524 km",CNG,Manual,"EMI ₹10,828/m*",₹5.54 lakh
Maruti Celerio,Maruti,2022,"38,810 km",CNG,Manual,"EMI ₹8,755/m*",₹4.96 lakh
Maruti Baleno,Maruti,2018,"46,954 km",Petrol,Manual,"EMI ₹7,896/m*",₹4.47 lakh
Tata ALTROZ,Tata,2021,"51,807 km",Diesel,Manual,"EMI ₹12,710/m*",₹7.20 lakh
Maruti Swift,Maruti,2015,"1,12,676 km",Petrol,Manual,"EMI ₹10,077/m*",₹3.83 lakh
Hyundai Grand i10,Hyundai,2019,"71,622 km",Petrol,Manual,"EMI ₹6,355/m*",₹3.60 lakh
Tata Tiago,Tata,2018,"54,381 km",Petrol,Manual,"EMI ₹6,173/m*",₹3.50 lakh
Maruti Wagon R 1.0,Maruti,2018,"42,943 km",Petrol,Manual,"EMI ₹5,695/m*",₹3.23 lakh
Tata PUNCH,Tata,2024,"10,180 km",Petrol,Auto,"EMI ₹13,501/m*",₹7.65 lakh
Maruti Ciaz,Maruti,2016,"84,709 km",Petrol,Auto,"EMI ₹9,941/m*",₹4.47 lakh
Maruti Celerio,Maruti,2022,"84,281 km",CNG,Manual,"EMI ₹7,873/m*",₹4.46 lakh
Renault Kwid,Renault,2017,"86,070 km",Petrol,Auto,"EMI ₹5,200/m*",₹2.66 lakh
Tata Tiago,Tata,2016,"1,09,669 km",Petrol,Manual,"EMI ₹6,602/m*",₹2.97 lakh
Ford Ecosport,Ford,2017,"60,554 km",Petrol,Manual,"EMI ₹8,961/m*",₹4.58 lakh
Renault Duster,Renault,2019,"1,18,148 km",Diesel,Manual,"EMI ₹11,345/m*",₹5.10 lakh
Maruti Celerio,Maruti,2018,"94,095 km",CNG,Manual,"EMI ₹8,185/m*",₹3.68 lakh
Tata Tiago,Tata,2018,"1,45,004 km",Petrol,Auto,"EMI ₹7,407/m*",₹3.33 lakh
Honda Jazz,Honda,2016,"88,462 km",Petrol,Manual,"EMI ₹8,388/m*",₹3.77 lakh
Renault Kwid,Renault,2018,"76,339 km",Petrol,Auto,"EMI ₹5,487/m*",₹3.11 lakh
Maruti Baleno,Maruti,2018,"81,912 km",Petrol,Manual,"EMI ₹7,767/m*",₹4.40 lakh
Volkswagen Vento,Volkswagen,2014,"98,542 km",Petrol,Auto,"EMI ₹10,186/m*",₹3.07 lakh
Hyundai Grand i10,Hyundai,2015,"96,881 km",Petrol,Manual,"EMI ₹8,434/m*",₹3.20 lakh
Hyundai Elite i20,Hyundai,2016,"44,861 km",Petrol,Manual,"EMI ₹9,654/m*",₹4.34 lakh
Honda City,Honda,2015,"1,05,718 km",Petrol,Auto,"EMI ₹10,692/m*",₹4.06 lakh
Renault Kwid,Renault,2021,"34,062 km",Petrol,Auto,"EMI ₹6,479/m*",₹3.67 lakh
Maruti Celerio,Maruti,2018,"69,161 km",Petrol,Auto,"EMI ₹6,419/m*",₹3.64 lakh
Hyundai Grand i10,Hyundai,2015,"82,447 km",CNG,Manual,"EMI ₹14,122/m*",₹3.00 lakh
Hyundai NEW SANTRO,Hyundai,2021,"89,524 km",Petrol,Manual,"EMI ₹7,414/m*",₹4.20 lakh
Hyundai NEW SANTRO,Hyundai,2022,"28,381 km",CNG,Manual,"EMI ₹7,732/m*",₹4.38 lakh
Hyundai Grand i10,Hyundai,2019,"9,788 km",Petrol,Manual,"EMI ₹8,372/m*",₹4.74 lakh
Maruti Ciaz,Maruti,2022,"22,213 km",Petrol,Manual,"EMI ₹12,202/m*",₹6.91 lakh
Hyundai i10,Hyundai,2013,"27,481 km",Petrol,Manual,"EMI ₹10,121/m*",₹2.15 lakh
Hyundai Elite i20,Hyundai,2017,"34,864 km",Petrol,Manual,"EMI ₹7,683/m*",₹3.93 lakh
Audi Q3,Audi,2023,"28,743 km",Petrol,Auto,"EMI ₹68,490/m*",₹40.00 lakh
Hyundai NEW SANTRO,Hyundai,2019,"1,34,769 km",CNG,Manual,"EMI ₹6,851/m*",₹3.08 lakh
Maruti Alto 800,Maruti,2016,"38,372 km",Petrol,Manual,"EMI ₹5,125/m*",₹2.30 lakh
Hyundai Grand i10,Hyundai,2015,"1,24,952 km",Petrol,Manual,"EMI ₹7,276/m*",₹2.76 lakh
Maruti Wagon R 1.0,Maruti,2016,"49,646 km",Petrol,Auto,"EMI ₹7,461/m*",₹3.35 lakh
Toyota Etios,Toyota,2014,"1,15,924 km",Petrol,Manual,"EMI ₹8,210/m*",₹2.47 lakh
Hyundai NEW SANTRO,Hyundai,2020,"44,345 km",CNG,Manual,"EMI ₹7,026/m*",₹3.98 lakh
Honda City,Honda,2015,"65,375 km",CNG,Auto,"EMI ₹23,546/m*",₹5.00 lakh
Maruti Alto 800,Maruti,2018,"49,512 km",CNG,Manual,"EMI ₹6,159/m*",₹2.77 lakh
Tata ALTROZ,Tata,2022,"60,344 km",Diesel,Manual,"EMI ₹12,327/m*",₹6.98 lakh
Renault Kwid,Renault,2022,"38,311 km",Petrol,Manual,"EMI ₹6,310/m*",₹3.57 lakh
Hyundai Xcent,Hyundai,2015,"25,456 km",Petrol,Manual,"EMI ₹8,848/m*",₹3.36 lakh
Honda Amaze,Honda,2013,"39,447 km",Petrol,Manual,"EMI ₹11,486/m*",₹2.44 lakh
Honda City,Honda,2014,"64,491 km",Diesel,Manual,"EMI ₹21,241/m*",₹4.51 lakh
Maruti Ciaz,Maruti,2016,"85,876 km",CNG,Auto,"EMI ₹17,271/m*",₹5.20 lakh
Maruti Swift Dzire,Maruti,2015,"61,222 km",Petrol,Manual,"EMI ₹9,454/m*",₹3.59 lakh
Tata Tiago,Tata,2018,"1,02,630 km",Petrol,Manual,"EMI ₹7,029/m*",₹3.16 lakh
KIA SONET,KIA,2022,"73,279 km",Diesel,Manual,"EMI ₹14,520/m*",₹8.48 lakh
KIA SELTOS,KIA,2023,"31,141 km",Petrol,Manual,"EMI ₹17,551/m*",₹10.25 lakh
Hyundai Grand i10,Hyundai,2015,"42,040 km",Petrol,Manual,"EMI ₹7,821/m*",₹2.97 lakh
Honda City,Honda,2018,"97,607 km",Petrol,Auto,"EMI ₹11,456/m*",₹6.49 lakh
KIA CARENS,KIA,2023,"34,614 km",Diesel,Auto,"EMI ₹25,478/m*",₹14.88 lakh
Hyundai Creta,Hyundai,2019,"1,00,514 km",Petrol,Auto,"EMI ₹18,206/m*",₹8.37 lakh
Volkswagen Vento,Volkswagen,2019,"1,16,810 km",Petrol,Auto,"EMI ₹14,859/m*",₹6.68 lakh
Hyundai Grand i10,Hyundai,2017,"70,307 km",Petrol,Manual,"EMI ₹7,075/m*",₹3.62 lakh
Maruti Celerio,Maruti,2025,80 km,Petrol,Manual,"EMI ₹8,297/m*",₹4.70 lakh
Hyundai Grand i10,Hyundai,2016,"80,145 km",CNG,Manual,"EMI ₹11,709/m*",₹3.53 lakh
Hyundai GRAND I10 NIOS,Hyundai,2021,"67,634 km",CNG,Manual,"EMI ₹8,797/m*",₹4.98 lakh
Toyota URBAN CRUISER HYRYDER,Toyota,2023,"60,430 km",Hybrid,Auto,"EMI ₹29,108/m*",₹17.00 lakh
Hyundai NEW SANTRO,Hyundai,2022,"61,834 km",CNG,Manual,"EMI ₹7,655/m*",₹4.34 lakh
Mahindra XUV700,Mahindra,2022,"76,554 km",Petrol,Auto,"EMI ₹28,697/m*",₹16.76 lakh
Renault Duster,Renault,2013,"23,481 km",Petrol,Manual,"EMI ₹14,282/m*",₹3.03 lakh
KIA SELTOS,KIA,2024,"19,001 km",Diesel,Auto,"EMI ₹29,622/m*",₹17.30 lakh
Honda Amaze,Honda,2015,"51,423 km",Petrol,Manual,"EMI ₹8,690/m*",₹3.30 lakh
Honda City,Honda,2014,"78,910 km",Petrol,Manual,"EMI ₹13,064/m*",₹3.93 lakh
Maruti Celerio X,Maruti,2020,"17,849 km",Petrol,Auto,"EMI ₹7,467/m*",₹4.23 lakh
Tata ALTROZ,Tata,2023,"25,207 km",Diesel,Manual,"EMI ₹14,097/m*",₹7.99 lakh
Hyundai NEW SANTRO,Hyundai,2021,"11,160 km",Petrol,Manual,"EMI ₹6,532/m*",₹3.70 lakh
Hyundai Grand i10,Hyundai,2016,"67,313 km",Petrol,Manual,"EMI ₹7,112/m*",₹3.20 lakh
KIA SONET,KIA,2020,"37,875 km",Diesel,Auto,"EMI ₹16,951/m*",₹9.90 lakh
Hyundai NEW SANTRO,Hyundai,2020,"1,15,243 km",CNG,Manual,"EMI ₹8,075/m*",₹3.63 lakh
Maruti Ciaz,Maruti,2020,"52,387 km",Petrol,Auto,"EMI ₹12,064/m*",₹6.83 lakh
Hyundai VENUE,Hyundai,2023,"58,132 km",Petrol,Manual,"EMI ₹15,326/m*",₹8.95 lakh
KIA SELTOS,KIA,2022,"35,856 km",Petrol,Manual,"EMI ₹23,455/m*",₹13.70 lakh
Audi Q8,Audi,2019,"19,992 km",Petrol,Auto,"EMI ₹133,555/m*",₹78.00 lakh
Renault Kwid,Renault,2019,"60,949 km",Petrol,Manual,"EMI ₹5,750/m*",₹3.26 lakh
Hyundai NEW SANTRO,Hyundai,2020,"80,349 km",CNG,Manual,"EMI ₹6,411/m*",₹3.63 lakh
Hyundai Elite i20,Hyundai,2020,"1,18,689 km",Petrol,Manual,"EMI ₹9,343/m*",₹4.20 lakh
Maruti Celerio,Maruti,2018,"57,846 km",Petrol,Auto,"EMI ₹6,651/m*",₹3.77 lakh
Honda Jazz,Honda,2015,"97,501 km",Petrol,Manual,"EMI ₹9,270/m*",₹3.52 lakh
KIA SONET,KIA,2022,"21,012 km",Diesel,Manual,"EMI ₹16,881/m*",₹9.86 lakh
MG HECTOR,MG,2020,"61,381 km",Petrol,Auto,"EMI ₹18,872/m*",₹11.02 lakh
MG HECTOR,MG,2019,"69,033 km",Petrol,Auto,"EMI ₹17,462/m*",₹10.20 lakh
KIA SELTOS,KIA,2019,"82,755 km",Petrol,Manual,"EMI ₹16,420/m*",₹9.59 lakh
KIA SONET,KIA,2024,"8,588 km",Diesel,Manual,"EMI ₹20,085/m*",₹11.73 lakh
Skoda Kodiaq,Skoda,2021,"80,095 km",Petrol,Auto,"EMI ₹40,923/m*",₹23.90 lakh
Hyundai NEW SANTRO,Hyundai,2020,"23,438 km",Petrol,Auto,"EMI ₹8,564/m*",₹4.85 lakh
Maruti Swift,Maruti,2019,"69,708 km",Petrol,Auto,"EMI ₹9,414/m*",₹5.33 lakh
Honda City,Honda,2019,"58,304 km",Petrol,Manual,"EMI ₹10,079/m*",₹5.71 lakh
Honda Amaze,Honda,2014,"94,916 km",Petrol,Manual,"EMI ₹7,313/m*",₹2.20 lakh
Maruti Baleno,Maruti,2019,"95,665 km",Petrol,Manual,"EMI ₹7,429/m*",₹4.21 lakh
Tata Tiago,Tata,2022,"64,278 km",CNG,Manual,"EMI ₹8,442/m*",₹4.78 lakh
Hyundai Grand i10,Hyundai,2017,"31,302 km",Petrol,Manual,"EMI ₹7,673/m*",₹3.92 lakh
Toyota Fortuner,Toyota,2024,"16,861 km",Diesel,Manual,"EMI ₹63,353/m*",₹37.00 lakh
Landrover Range Rover,Landrover,2020,"61,758 km",Diesel,Auto,"EMI ₹265,398/m*",₹1.55 Crore
Tata NEXON,Tata,2021,"23,563 km",Petrol,Manual,"EMI ₹13,604/m*",₹7.71 lakh
Mahindra TUV300,Mahindra,2018,"93,366 km",Diesel,Manual,"EMI ₹11,512/m*",₹5.89 lakh
Mahindra Thar,Mahindra,2024,"9,543 km",Petrol,Auto,"EMI ₹24,413/m*",₹14.26 lakh
Toyota URBAN CRUISER,Toyota,2021,"45,969 km",Petrol,Manual,"EMI ₹12,136/m*",₹6.87 lakh
Tata PUNCH,Tata,2022,"17,148 km",Petrol,Manual,"EMI ₹12,304/m*",₹6.97 lakh
Renault Kwid,Renault,2016,"44,467 km",Petrol,Auto,"EMI ₹3,804/m*",₹1.71 lakh
Maruti Alto 800,Maruti,2013,"61,572 km",Petrol,Manual,"EMI ₹7,202/m*",₹1.53 lakh
Maruti Celerio,Maruti,2015,"2,23,500 km",Petrol,Manual,"EMI ₹6,057/m*",₹2.30 lakh
Mahindra XUV500,Mahindra,2017,"1,08,618 km",Diesel,Manual,"EMI ₹12,679/m*",₹5.70 lakh
Maruti Celerio,Maruti,2017,"24,524 km",Petrol,Auto,"EMI ₹5,633/m*",₹2.88 lakh
Maruti Dzire,Maruti,2018,"1,15,542 km",Diesel,Auto,"EMI ₹11,612/m*",₹5.22 lakh
Maruti Swift,Maruti,2015,"1,14,107 km",Petrol,Manual,"EMI ₹8,005/m*",₹3.04 lakh
Hyundai Elite i20,Hyundai,2016,"1,52,649 km",Diesel,Manual,"EMI ₹9,480/m*",₹3.60 lakh
Ford Figo,Ford,2014,"1,31,816 km",Diesel,Manual,"EMI ₹7,955/m*",₹1.69 lakh
Maruti Baleno,Maruti,2017,"57,970 km",Petrol,Manual,"EMI ₹9,384/m*",₹4.80 lakh
Maruti Ritz,Maruti,2014,"52,657 km",Petrol,Manual,"EMI ₹10,662/m*",₹3.21 lakh
Maruti Ciaz,Maruti,2016,"46,848 km",Petrol,Manual,"EMI ₹10,010/m*",₹4.50 lakh
Maruti Baleno,Maruti,2016,"36,786 km",Petrol,Auto,"EMI ₹11,167/m*",₹5.02 lakh
Tata ALTROZ,Tata,2020,"58,505 km",Petrol,Manual,"EMI ₹6,125/m*",₹3.47 lakh
Maruti Wagon R 1.0,Maruti,2013,"91,972 km",Petrol,Manual,"EMI ₹14,828/m*",₹3.15 lakh
Maruti Celerio,Maruti,2021,"47,390 km",Petrol,Manual,"EMI ₹6,249/m*",₹3.54 lakh
Maruti Swift,Maruti,2014,"56,030 km",Petrol,Manual,"EMI ₹8,835/m*",₹2.66 lakh
Tata ALTROZ,Tata,2022,"42,405 km",Petrol,Manual,"EMI ₹10,150/m*",₹5.75 lakh
Maruti IGNIS,Maruti,2018,"49,826 km",Petrol,Manual,"EMI ₹4,855/m*",₹2.75 lakh
Tata Tiago,Tata,2017,"1,22,775 km",Petrol,Manual,"EMI ₹4,916/m*",₹2.21 lakh
Nissan MAGNITE,Nissan,2021,"39,147 km",Petrol,Manual,"EMI ₹7,626/m*",₹4.32 lakh
Honda City,Honda,2015,"56,312 km",Petrol,Manual,"EMI ₹14,958/m*",₹5.68 lakh
Hyundai Grand i10,Hyundai,2014,"64,877 km",Petrol,Manual,"EMI ₹10,296/m*",₹3.10 lakh
MG ASTOR,MG,2023,"53,190 km",Petrol,Manual,"EMI ₹11,827/m*",₹6.70 lakh
Honda City,Honda,2014,"90,127 km",Petrol,Manual,"EMI ₹11,027/m*",₹3.32 lakh
Maruti Celerio,Maruti,2018,"42,582 km",Petrol,Manual,"EMI ₹7,344/m*",₹4.16 lakh
Maruti Zen Estilo,Maruti,2011,"26,088 km",Petrol,Manual,"EMI ₹7,344/m*",₹0.89 lakh
Chevrolet Beat,Chevrolet,2013,"98,477 km",Petrol,Manual,"EMI ₹4,378/m*",₹0.93 lakh
Hyundai i20,Hyundai,2011,"95,429 km",Petrol,Manual,"EMI ₹4,378/m*",₹1.75 lakh
Maruti XL6,Maruti,2022,"59,444 km",Petrol,Auto,"EMI ₹14,554/m*",₹8.50 lakh
Hyundai Grand i10,Hyundai,2016,"1,24,545 km",Petrol,Manual,"EMI ₹7,786/m*",₹3.50 lakh
Tata Zest,Tata,2018,"79,179 km",Petrol,Manual,"EMI ₹4,855/m*",₹2.75 lakh
Hyundai i10,Hyundai,2012,"60,685 km",Petrol,Manual,"EMI ₹19,902/m*",₹2.24 lakh
Tata NEXON,Tata,2021,"52,684 km",Petrol,Auto,"EMI ₹15,496/m*",₹9.05 lakh
Honda City,Honda,2012,"1,06,976 km",Petrol,Manual,"EMI ₹26,477/m*",₹2.98 lakh
Hyundai i10,Hyundai,2012,"87,903 km",Petrol,Manual,"EMI ₹20,169/m*",₹2.27 lakh
Volkswagen Polo,Volkswagen,2015,"79,342 km",Petrol,Manual,"EMI ₹7,742/m*",₹2.94 lakh
Hyundai i20,Hyundai,2014,"71,762 km",Petrol,Manual,"EMI ₹10,429/m*",₹3.14 lakh
Renault Duster,Renault,2015,"53,202 km",Diesel,Manual,"EMI ₹18,035/m*",₹5.43 lakh
Volkswagen Polo,Volkswagen,2011,"1,25,629 km",Diesel,Manual,"EMI ₹18,035/m*",₹1.00 lakh
Hyundai i10,Hyundai,2012,"1,26,770 km",Petrol,Manual,"EMI ₹16,348/m*",₹1.84 lakh
MG ASTOR,MG,2022,"39,255 km",Petrol,Auto,"EMI ₹19,211/m*",₹11.22 lakh
Hyundai Verna,Hyundai,2013,"1,25,356 km",Diesel,Manual,"EMI ₹22,656/m*",₹2.55 lakh
Hyundai i10,Hyundai,2012,"61,890 km",Petrol,Manual,"EMI ₹15,993/m*",₹1.80 lakh
Skoda Rapid,Skoda,2015,"93,087 km",Diesel,Auto,"EMI ₹7,307/m*",₹2.20 lakh
Maruti Celerio,Maruti,2017,"52,029 km",Petrol,Manual,"EMI ₹5,435/m*",₹2.78 lakh
MG HECTOR PLUS,MG,2024,"11,030 km",Petrol,Manual,"EMI ₹27,396/m*",₹16.00 lakh
Maruti Alto 800,Maruti,2013,"1,15,616 km",Petrol,Manual,"EMI ₹10,309/m*",₹2.19 lakh
KIA CARENS,KIA,2023,"52,586 km",Diesel,Manual,"EMI ₹18,835/m*",₹11.00 lakh
Volkswagen Vento,Volkswagen,2012,"87,345 km",Petrol,Manual,"EMI ₹14,216/m*",₹1.60 lakh
Maruti Wagon R 1.0,Maruti,2013,"1,29,128 km",Petrol,Manual,"EMI ₹12,757/m*",₹2.71 lakh
Hyundai i10,Hyundai,2012,"96,918 km",Petrol,Manual,"EMI ₹15,637/m*",₹1.76 lakh
Maruti FRONX,Maruti,2024,"2,616 km",Petrol,Manual,"EMI ₹11,933/m*",₹6.76 lakh
Hyundai Eon,Hyundai,2012,"70,905 km",Petrol,Manual,"EMI ₹10,395/m*",₹1.17 lakh
Renault Kwid,Renault,2016,"55,823 km",Petrol,Manual,"EMI ₹4,093/m*",₹1.84 lakh
Maruti IGNIS,Maruti,2018,"41,297 km",Petrol,Manual,"EMI ₹6,267/m*",₹3.55 lakh
KIA CARENS,KIA,2024,"10,022 km",Petrol,Auto,"EMI ₹25,923/m*",₹15.14 lakh
Hyundai i10,Hyundai,2012,"39,705 km",Petrol,Manual,"EMI ₹18,303/m*",₹2.06 lakh
Maruti Wagon R 1.0,Maruti,2017,"1,71,777 km",Petrol,Manual,"EMI ₹7,519/m*",₹3.38 lakh
Maruti Vitara Brezza,Maruti,2016,"1,36,845 km",Diesel,Manual,"EMI ₹12,930/m*",₹4.91 lakh
Hyundai i10,Hyundai,2013,"75,594 km",Petrol,Manual,"EMI ₹9,650/m*",₹2.05 lakh
Maruti Wagon R 1.0,Maruti,2012,"89,797 km",Petrol,Manual,"EMI ₹15,993/m*",₹1.80 lakh
Maruti Alto 800,Maruti,2015,"73,171 km",Petrol,Manual,"EMI ₹5,267/m*",₹2.00 lakh
Maruti Ciaz,Maruti,2017,"77,438 km",Petrol,Manual,"EMI ₹7,527/m*",₹3.85 lakh
Volkswagen VIRTUS,Volkswagen,2023,"40,906 km",Petrol,Manual,"EMI ₹16,780/m*",₹9.80 lakh
Maruti Wagon R 1.0,Maruti,2012,"1,02,255 km",Petrol,Manual,"EMI ₹17,770/m*",₹2.00 lakh
Tata Nano,Tata,2017,"21,170 km",Petrol,Auto,"EMI ₹2,933/m*",₹1.50 lakh
Honda Amaze,Honda,2015,"50,886 km",Diesel,Manual,"EMI ₹6,145/m*",₹1.85 lakh
Jeep Compass,Jeep,2017,"79,075 km",Petrol,Auto,"EMI ₹15,798/m*",₹8.30 lakh
Hyundai VENUE,Hyundai,2022,"40,755 km",Diesel,Manual,"EMI ₹12,428/m*",₹7.04 lakh
Hyundai i10,Hyundai,2012,"33,341 km",Petrol,Auto,"EMI ₹23,634/m*",₹2.66 lakh
Maruti Swift,Maruti,2014,"1,33,453 km",Petrol,Manual,"EMI ₹7,440/m*",₹2.24 lakh
Honda Amaze,Honda,2013,"1,53,279 km",Diesel,Manual,"EMI ₹20,791/m*",₹2.34 lakh
Mahindra Thar,Mahindra,2016,"1,11,463 km",Diesel,Manual,"EMI ₹12,930/m*",₹4.91 lakh
Volkswagen Polo,Volkswagen,2014,"55,056 km",Petrol,Manual,"EMI ₹10,031/m*",₹3.02 lakh
Maruti Alto 800,Maruti,2012,"75,707 km",Petrol,Manual,"EMI ₹14,127/m*",₹1.59 lakh
Maruti Alto 800,Maruti,2015,"39,679 km",Petrol,Manual,"EMI ₹5,820/m*",₹2.21 lakh
Maruti Zen Estilo,Maruti,2013,"1,06,843 km",Petrol,Manual,"EMI ₹9,415/m*",₹2.00 lakh
Hyundai i10,Hyundai,2013,"84,101 km",Petrol,Manual,"EMI ₹12,192/m*",₹2.59 lakh
Maruti Celerio,Maruti,2018,"26,356 km",Petrol,Auto,"EMI ₹6,355/m*",₹3.60 lakh
Maruti Alto 800,Maruti,2014,"19,617 km",Petrol,Manual,"EMI ₹7,141/m*",₹2.15 lakh
Maruti Alto K10,Maruti,2012,"66,364 km",Petrol,Manual,"EMI ₹10,218/m*",₹1.15 lakh
Maruti IGNIS,Maruti,2017,"44,935 km",Petrol,Manual,"EMI ₹5,865/m*",₹3.00 lakh
Hyundai i10,Hyundai,2013,"60,881 km",Petrol,Manual,"EMI ₹9,038/m*",₹1.92 lakh
Hyundai Eon,Hyundai,2014,"94,377 km",Petrol,Manual,"EMI ₹4,816/m*",₹1.45 lakh
Hyundai Eon,Hyundai,2015,"61,135 km",Petrol,Manual,"EMI ₹4,766/m*",₹1.81 lakh
Ford Ecosport,Ford,2014,"97,002 km",Diesel,Manual,"EMI ₹10,686/m*",₹2.27 lakh
Volkswagen Vento,Volkswagen,2013,"83,014 km",Petrol,Manual,"EMI ₹11,062/m*",₹2.35 lakh
Maruti Wagon R 1.0,Maruti,2013,"55,866 km",Petrol,Manual,"EMI ₹7,061/m*",₹1.50 lakh
Maruti Swift,Maruti,2018,"49,390 km",Petrol,Manual,"EMI ₹9,003/m*",₹5.10 lakh
Maruti Alto 800,Maruti,2016,"15,358 km",Petrol,Manual,"EMI ₹5,005/m*",₹2.25 lakh
Maruti Wagon R 1.0,Maruti,2017,"1,01,695 km",Petrol,Manual,"EMI ₹7,808/m*",₹3.51 lakh
Ford Figo,Ford,2012,"66,083 km",Petrol,Manual,"EMI ₹10,662/m*",₹1.20 lakh
Toyota Etios Liva,Toyota,2011,"51,423 km",Petrol,Manual,"EMI ₹10,662/m*",₹1.40 lakh
Maruti Vitara Brezza,Maruti,2021,"40,089 km",Petrol,Manual,"EMI ₹10,680/m*",₹6.05 lakh
Volkswagen Passat,Volkswagen,2012,"1,51,216 km",Diesel,Auto,"EMI ₹10,680/m*",₹3.79 lakh
Maruti Alto 800,Maruti,2015,"42,372 km",Petrol,Manual,"EMI ₹4,608/m*",₹1.75 lakh
Hyundai Elite i20,Hyundai,2018,"90,145 km",Diesel,Manual,"EMI ₹10,929/m*",₹5.59 lakh
Maruti Wagon R 1.0,Maruti,2013,"95,638 km",Petrol,Manual,"EMI ₹11,533/m*",₹2.45 lakh
Maruti Swift Dzire,Maruti,2013,"95,043 km",Petrol,Manual,"EMI ₹12,333/m*",₹2.62 lakh
Maruti Ertiga,Maruti,2024,"29,423 km",Petrol,Manual,"EMI ₹18,167/m*",₹10.61 lakh
Ford Ecosport,Ford,2014,"11,657 km",Diesel,Manual,"EMI ₹17,229/m*",₹3.66 lakh
Mahindra XUV500,Mahindra,2012,"2,14,193 km",Diesel,Manual,"EMI ₹17,229/m*",₹2.68 lakh
Nissan Terrano,Nissan,2014,"2,85,847 km",Diesel,Manual,"EMI ₹11,768/m*",₹2.50 lakh
Nissan MAGNITE,Nissan,2021,"48,852 km",Petrol,Manual,"EMI ₹7,467/m*",₹4.23 lakh
Ford Ecosport,Ford,2013,"1,51,760 km",Diesel,Manual,"EMI ₹18,214/m*",₹2.05 lakh
Honda Jazz,Honda,2012,"53,624 km",Petrol,Manual,"EMI ₹19,547/m*",₹2.20 lakh
Maruti Wagon R 1.0,Maruti,2015,"59,181 km",Petrol,Manual,"EMI ₹9,164/m*",₹3.48 lakh
Hyundai i10,Hyundai,2013,"45,223 km",Petrol,Manual,"EMI ₹6,355/m*",₹1.35 lakh
Tata ALTROZ,Tata,2021,"13,851 km",Petrol,Manual,"EMI ₹8,456/m*",₹4.79 lakh
Hyundai i10,Hyundai,2015,"64,796 km",Petrol,Manual,"EMI ₹7,584/m*",₹2.88 lakh
Hyundai Verna,Hyundai,2012,"3,02,565 km",Diesel,Manual,"EMI ₹7,584/m*",₹2.76 lakh
Hyundai Xcent,Hyundai,2015,"1,08,769 km",Petrol,Manual,"EMI ₹6,847/m*",₹2.60 lakh
Maruti Wagon R 1.0,Maruti,2015,"89,076 km",Petrol,Manual,"EMI ₹8,796/m*",₹3.34 lakh
Maruti Swift,Maruti,2018,"26,457 km",Petrol,Manual,"EMI ₹7,414/m*",₹4.20 lakh
Maruti Wagon R 1.0,Maruti,2011,"92,969 km",Petrol,Manual,"EMI ₹7,414/m*",₹1.78 lakh
Honda Amaze,Honda,2014,"1,09,316 km",Diesel,Manual,"EMI ₹11,062/m*",₹2.35 lakh
Hyundai Creta,Hyundai,2023,"33,924 km",Petrol,Manual,"EMI ₹20,787/m*",₹12.14 lakh
Ford Fiesta Classic,Ford,2011,"89,862 km",Petrol,Manual,"EMI ₹20,787/m*",₹2.08 lakh
Ford Fiesta,Ford,2012,"65,701 km",Petrol,Auto,"EMI ₹16,437/m*",₹1.85 lakh
KIA SELTOS,KIA,2019,"10,353 km",Petrol,Auto,"EMI ₹20,547/m*",₹12.00 lakh
Hyundai i20,Hyundai,2012,"1,19,861 km",Petrol,Manual,"EMI ₹17,326/m*",₹1.95 lakh
Maruti Wagon R 1.0,Maruti,2016,"1,69,297 km",Petrol,Manual,"EMI ₹7,608/m*",₹3.42 lakh
Hyundai Eon,Hyundai,2015,"29,589 km",Petrol,Manual,"EMI ₹5,267/m*",₹2.00 lakh
Honda Amaze,Honda,2020,"29,366 km",Petrol,Auto,"EMI ₹8,826/m*",₹5.00 lakh
Maruti Wagon R 1.0,Maruti,2014,"49,729 km",Petrol,Manual,"EMI ₹9,134/m*",₹2.75 lakh
Maruti Wagon R 1.0,Maruti,2017,"68,519 km",Petrol,Manual,"EMI ₹6,647/m*",₹3.40 lakh
Maruti Wagon R 1.0,Maruti,2013,"1,14,519 km",Petrol,Manual,"EMI ₹8,002/m*",₹1.70 lakh
Maruti Swift Dzire,Maruti,2011,"80,386 km",Petrol,Manual,"EMI ₹8,002/m*",₹2.17 lakh
Hyundai Xcent,Hyundai,2017,"55,063 km",Petrol,Manual,"EMI ₹6,843/m*",₹3.50 lakh
Volkswagen Polo,Volkswagen,2013,"82,204 km",Petrol,Manual,"EMI ₹10,592/m*",₹2.25 lakh
Maruti Wagon R 1.0,Maruti,2016,"1,06,692 km",Petrol,Manual,"EMI ₹7,674/m*",₹3.45 lakh
Maruti Swift Dzire,Maruti,2013,"36,657 km",Petrol,Manual,"EMI ₹16,899/m*",₹3.59 lakh
Maruti Eeco,Maruti,2023,"48,445 km",Petrol,Manual,"EMI ₹10,592/m*",₹6.00 lakh
Hyundai Xcent,Hyundai,2014,"1,13,329 km",Petrol,Manual,"EMI ₹8,968/m*",₹2.70 lakh
Volkswagen Vento,Volkswagen,2015,"96,712 km",Diesel,Auto,"EMI ₹10,463/m*",₹3.15 lakh
Tata TIGOR,Tata,2021,"34,661 km",Petrol,Manual,"EMI ₹10,486/m*",₹5.94 lakh
Tata Nano,Tata,2010,"21,974 km",Petrol,Manual,"EMI ₹10,486/m*",₹0.39 lakh
Maruti Wagon R 1.0,Maruti,2016,"73,411 km",Petrol,Auto,"EMI ₹6,918/m*",₹3.11 lakh
Honda Brio,Honda,2017,"48,141 km",Petrol,Manual,"EMI ₹5,474/m*",₹2.80 lakh
Maruti Wagon R 1.0,Maruti,2012,"1,09,605 km",Petrol,Manual,"EMI ₹15,015/m*",₹1.69 lakh
Skoda Rapid,Skoda,2013,"1,14,613 km",Petrol,Manual,"EMI ₹11,345/m*",₹2.41 lakh
Tata NEXON,Tata,2018,"55,116 km",Diesel,Auto,"EMI ₹11,241/m*",₹5.75 lakh
Maruti Zen Estilo,Maruti,2011,"1,03,374 km",Petrol,Manual,"EMI ₹11,241/m*",₹1.47 lakh
Hyundai Grand i10,Hyundai,2016,"56,798 km",Petrol,Manual,"EMI ₹6,495/m*",₹2.92 lakh
Skoda Rapid,Skoda,2020,"52,195 km",Petrol,Manual,"EMI ₹9,532/m*",₹5.40 lakh
Maruti Swift,Maruti,2010,"1,13,277 km",Petrol,Manual,"EMI ₹9,532/m*",₹0.80 lakh
Tata NEXON,Tata,2023,"18,277 km",Petrol,Manual,"EMI ₹13,187/m*",₹7.47 lakh
Hyundai VENUE,Hyundai,2020,"43,619 km",Petrol,Manual,"EMI ₹9,709/m*",₹5.50 lakh
Maruti Alto K10,Maruti,2012,"86,355 km",Petrol,Manual,"EMI ₹12,883/m*",₹1.45 lakh
Hyundai i10,Hyundai,2011,"58,709 km",Petrol,Manual,"EMI ₹12,883/m*",₹1.65 lakh
Skoda Fabia,Skoda,2011,"1,10,293 km",Petrol,Manual,"EMI ₹12,883/m*",₹1.51 lakh
Hyundai i20,Hyundai,2011,"97,102 km",Petrol,Manual,"EMI ₹12,883/m*",₹1.81 lakh
Honda City,Honda,2012,"36,178 km",Petrol,Manual,"EMI ₹17,237/m*",₹1.94 lakh
Ford Figo,Ford,2010,"1,34,029 km",Petrol,Manual,"EMI ₹17,237/m*",₹0.95 lakh
Hyundai NEW I20,Hyundai,2021,"17,812 km",Petrol,Manual,"EMI ₹9,215/m*",₹5.22 lakh
Maruti Wagon R 1.0,Maruti,2011,"1,41,070 km",Petrol,Manual,"EMI ₹9,215/m*",₹1.87 lakh
Hyundai i20,Hyundai,2011,"64,341 km",Petrol,Manual,"EMI ₹9,215/m*",₹1.72 lakh
Maruti Swift,Maruti,2013,"74,482 km",Petrol,Manual,"EMI ₹16,664/m*",₹3.54 lakh
Renault Duster,Renault,2014,"91,483 km",Diesel,Manual,"EMI ₹12,004/m*",₹2.55 lakh
Tata Nano,Tata,2014,"83,291 km",Petrol,Manual,"EMI ₹2,923/m*",₹0.88 lakh
Honda City,Honda,2014,"1,20,789 km",Petrol,Manual,"EMI ₹9,632/m*",₹2.90 lakh
Tata PUNCH,Tata,2024,"12,134 km",Petrol,Auto,"EMI ₹14,674/m*",₹8.57 lakh
Tata Manza,Tata,2012,"50,913 km",Petrol,Manual,"EMI ₹17,681/m*",₹1.99 lakh
Hyundai Verna,Hyundai,2021,"63,908 km",Diesel,Manual,"EMI ₹15,701/m*",₹9.17 lakh
Maruti S Cross,Maruti,2017,"1,40,590 km",Diesel,Manual,"EMI ₹12,012/m*",₹5.40 lakh
Hyundai i10,Hyundai,2011,"60,683 km",Petrol,Auto,"EMI ₹12,012/m*",₹2.25 lakh
Maruti Vitara Brezza,Maruti,2017,"1,14,166 km",Diesel,Manual,"EMI ₹13,102/m*",₹5.89 lakh
Ford Figo,Ford,2012,"63,398 km",Diesel,Manual,"EMI ₹13,102/m*",₹1.81 lakh
Toyota Innova Crysta,Toyota,2021,"99,559 km",Diesel,Manual,"EMI ₹25,735/m*",₹15.03 lakh
Honda Jazz,Honda,2016,"71,906 km",Petrol,Manual,"EMI ₹7,318/m*",₹3.29 lakh
Honda Amaze,Honda,2013,"95,046 km",Diesel,Manual,"EMI ₹22,834/m*",₹2.57 lakh
Tata NEXON,Tata,2023,"47,435 km",Petrol,Auto,"EMI ₹14,554/m*",₹8.50 lakh
Maruti Wagon R 1.0,Maruti,2018,"1,24,730 km",Petrol,Manual,"EMI ₹7,229/m*",₹3.25 lakh
Maruti Alto K10,Maruti,2017,"28,120 km",Petrol,Auto,"EMI ₹5,583/m*",₹2.51 lakh
Maruti Wagon R 1.0,Maruti,2013,"1,34,385 km",Petrol,Manual,"EMI ₹9,603/m*",₹2.04 lakh
Tata Nano,Tata,2014,"1,00,508 km",Petrol,Manual,"EMI ₹2,757/m*",₹0.83 lakh
Honda City,Honda,2010,"1,18,903 km",Petrol,Auto,"EMI ₹2,757/m*",₹2.13 lakh
Honda City,Honda,2011,"70,005 km",Petrol,Auto,"EMI ₹2,757/m*",₹2.19 lakh
Maruti Wagon R 1.0,Maruti,2013,"29,673 km",Petrol,Manual,"EMI ₹10,403/m*",₹2.21 lakh
Maruti BREZZA,Maruti,2023,"24,017 km",Petrol,Manual,"EMI ₹13,240/m*",₹7.50 lakh
Chevrolet Beat,Chevrolet,2015,"50,736 km",Diesel,Manual,"EMI ₹5,348/m*",₹1.61 lakh
Tata Tiago,Tata,2017,"1,29,244 km",Petrol,Manual,"EMI ₹7,118/m*",₹3.20 lakh
Tata NEXON,Tata,2022,"27,755 km",Petrol,Manual,"EMI ₹12,087/m*",₹6.85 lakh
Volkswagen Polo,Volkswagen,2011,"1,33,798 km",Diesel,Manual,"EMI ₹12,087/m*",₹1.55 lakh
Maruti Zen Estilo,Maruti,2012,"91,891 km",Petrol,Manual,"EMI ₹13,949/m*",₹1.57 lakh
Hyundai Xcent,Hyundai,2014,"1,30,338 km",Petrol,Manual,"EMI ₹9,865/m*",₹2.97 lakh
Tata TIGOR,Tata,2021,"33,163 km",Petrol,Manual,"EMI ₹8,332/m*",₹4.72 lakh
Volkswagen Vento,Volkswagen,2011,"64,630 km",Petrol,Manual,"EMI ₹8,332/m*",₹2.11 lakh
Maruti Wagon R 1.0,Maruti,2017,"89,060 km",Petrol,Manual,"EMI ₹6,862/m*",₹3.51 lakh
Tata Zest,Tata,2015,"1,11,931 km",Petrol,Manual,"EMI ₹8,716/m*",₹3.31 lakh
Tata NEXON,Tata,2025,"11,125 km",Petrol,Auto,"EMI ₹19,451/m*",₹11.36 lakh
Honda Civic,Honda,2012,"67,501 km",Petrol,Auto,"EMI ₹24,433/m*",₹2.75 lakh
Maruti Dzire,Maruti,2017,"79,702 km",Petrol,Auto,"EMI ₹7,312/m*",₹3.74 lakh
Hyundai Grand i10,Hyundai,2015,"62,535 km",Petrol,Manual,"EMI ₹7,242/m*",₹2.75 lakh
Hyundai Verna,Hyundai,2011,"91,249 km",Petrol,Manual,"EMI ₹7,242/m*",₹1.94 lakh
Volkswagen Polo,Volkswagen,2013,"1,83,794 km",Petrol,Manual,"EMI ₹12,380/m*",₹2.63 lakh
Hyundai AURA,Hyundai,2021,"48,711 km",Petrol,Auto,"EMI ₹8,950/m*",₹5.07 lakh
Tata Tiago,Tata,2016,"1,49,567 km",Petrol,Manual,"EMI ₹6,451/m*",₹2.90 lakh
Hyundai Elite i20,Hyundai,2018,"46,965 km",Petrol,Auto,"EMI ₹7,592/m*",₹4.30 lakh
Honda City,Honda,2011,"1,10,542 km",Petrol,Auto,"EMI ₹7,592/m*",₹2.20 lakh
Maruti Ciaz,Maruti,2015,"2,03,596 km",Petrol,Manual,"EMI ₹8,137/m*",₹3.09 lakh
Maruti Swift Dzire,Maruti,2014,"95,278 km",Petrol,Manual,"EMI ₹12,223/m*",₹3.68 lakh
Honda City,Honda,2011,"1,00,744 km",Petrol,Manual,"EMI ₹12,223/m*",₹1.54 lakh
Maruti Baleno,Maruti,2016,"96,644 km",Petrol,Manual,"EMI ₹6,896/m*",₹3.10 lakh
Maruti Swift,Maruti,2018,"83,382 km",Petrol,Manual,"EMI ₹7,697/m*",₹4.36 lakh
Chevrolet Spark,Chevrolet,2014,"32,196 km",Petrol,Manual,"EMI ₹3,321/m*",₹1.00 lakh
Volkswagen Jetta,Volkswagen,2011,"1,69,600 km",Diesel,Auto,"EMI ₹3,321/m*",₹2.25 lakh
Volkswagen Vento,Volkswagen,2013,"2,10,050 km",Diesel,Manual,"EMI ₹28,165/m*",₹3.17 lakh
Tata Zest,Tata,2016,"1,66,078 km",Petrol,Manual,"EMI ₹5,539/m*",₹2.49 lakh
Hyundai i20,Hyundai,2011,"81,023 km",Petrol,Manual,"EMI ₹5,539/m*",₹1.97 lakh
Honda Amaze,Honda,2021,"77,346 km",Petrol,Manual,"EMI ₹7,785/m*",₹4.41 lakh
Hyundai VENUE,Hyundai,2019,"79,298 km",Petrol,Manual,"EMI ₹9,744/m*",₹5.52 lakh
Maruti Ciaz,Maruti,2017,"37,729 km",Petrol,Manual,"EMI ₹8,504/m*",₹4.35 lakh
Tata Tigor Buzz,Tata,2018,"1,69,376 km",Diesel,Manual,"EMI ₹6,851/m*",₹3.08 lakh
Maruti Swift Dzire,Maruti,2013,"2,07,698 km",Diesel,Manual,"EMI ₹39,627/m*",₹4.46 lakh
Maruti Ritz,Maruti,2012,"48,101 km",Petrol,Manual,"EMI ₹17,770/m*",₹2.00 lakh
Tata Tiago,Tata,2017,"1,07,113 km",Petrol,Manual,"EMI ₹7,541/m*",₹3.39 lakh
Hyundai i20,Hyundai,2013,"1,55,282 km",Diesel,Manual,"EMI ₹20,968/m*",₹2.36 lakh
Maruti Swift,Maruti,2018,"73,397 km",Petrol,Manual,"EMI ₹8,014/m*",₹4.54 lakh
Tata PUNCH,Tata,2024,"13,059 km",Petrol,Manual,"EMI ₹13,769/m*",₹7.80 lakh
Hyundai i20,Hyundai,2014,"64,294 km",Petrol,Manual,"EMI ₹8,636/m*",₹2.60 lakh
Hyundai Santro Xing,Hyundai,2011,"49,038 km",Petrol,Manual,"EMI ₹8,636/m*",₹1.43 lakh
Maruti Wagon R 1.0,Maruti,2013,"26,165 km",Petrol,Manual,"EMI ₹10,356/m*",₹2.20 lakh
Maruti Ritz,Maruti,2013,"1,12,265 km",Diesel,Manual,"EMI ₹23,989/m*",₹2.70 lakh
Maruti Wagon R 1.0,Maruti,2011,"72,254 km",Petrol,Manual,"EMI ₹23,989/m*",₹1.50 lakh
Hyundai i20,Hyundai,2012,"1,02,524 km",Diesel,Manual,"EMI ₹23,989/m*",₹2.17 lakh
Hyundai i10,Hyundai,2011,"51,867 km",Petrol,Manual,"EMI ₹23,989/m*",₹1.50 lakh
Tata Manza,Tata,2011,"43,068 km",Petrol,Manual,"EMI ₹23,989/m*",₹1.80 lakh
Hyundai Elite i20,Hyundai,2017,"89,521 km",Petrol,Manual,"EMI ₹8,133/m*",₹4.16 lakh
Honda Jazz,Honda,2012,"83,946 km",Petrol,Manual,"EMI ₹17,770/m*",₹2.00 lakh
Hyundai Elite i20,Hyundai,2019,"34,634 km",Petrol,Manual,"EMI ₹11,968/m*",₹5.38 lakh
Toyota Etios Liva,Toyota,2014,"60,776 km",Petrol,Manual,"EMI ₹8,636/m*",₹2.60 lakh
Hyundai Grand i10,Hyundai,2014,"97,024 km",Petrol,Manual,"EMI ₹8,835/m*",₹2.66 lakh
Hyundai Grand i10,Hyundai,2016,"53,448 km",Petrol,Manual,"EMI ₹9,231/m*",₹4.15 lakh
Toyota Innova,Toyota,2014,"2,03,288 km",Diesel,Manual,"EMI ₹32,622/m*",₹6.93 lakh
Volkswagen Polo,Volkswagen,2011,"62,254 km",Petrol,Manual,"EMI ₹32,622/m*",₹1.05 lakh
Audi A6,Audi,2013,"1,60,327 km",Diesel,Auto,"EMI ₹43,269/m*",₹4.87 lakh
Tata TIGOR,Tata,2022,"24,414 km",Petrol,Manual,"EMI ₹12,269/m*",₹6.95 lakh
Tata Tiago,Tata,2016,"54,457 km",Petrol,Manual,"EMI ₹6,473/m*",₹2.91 lakh
Hyundai i10,Hyundai,2013,"1,01,619 km",Petrol,Manual,"EMI ₹8,002/m*",₹1.70 lakh
Maruti Wagon R 1.0,Maruti,2014,"1,05,060 km",Petrol,Manual,"EMI ₹5,447/m*",₹1.64 lakh
Maruti Wagon R 1.0,Maruti,2011,"71,537 km",Petrol,Manual,"EMI ₹5,447/m*",₹1.35 lakh
Maruti Wagon R 1.0,Maruti,2014,"34,585 km",Petrol,Manual,"EMI ₹9,566/m*",₹2.88 lakh
Volkswagen Vento,Volkswagen,2011,"74,612 km",Petrol,Manual,"EMI ₹9,566/m*",₹1.55 lakh
Maruti Ertiga,Maruti,2023,"7,825 km",Petrol,Manual,"EMI ₹15,581/m*",₹9.10 lakh
Hyundai Eon,Hyundai,2013,"37,392 km",Petrol,Manual,"EMI ₹8,050/m*",₹1.71 lakh
Maruti Swift Dzire,Maruti,2013,"48,183 km",Petrol,Manual,"EMI ₹11,109/m*",₹2.36 lakh
Hyundai i20,Hyundai,2012,"1,66,394 km",Diesel,Manual,"EMI ₹11,109/m*",₹1.96 lakh
Renault Fluence,Renault,2011,"86,229 km",Diesel,Manual,"EMI ₹11,109/m*",₹2.10 lakh
Renault Duster,Renault,2013,"1,37,744 km",Petrol,Manual,"EMI ₹9,603/m*",₹2.04 lakh
Nissan MAGNITE,Nissan,2024,"10,454 km",Petrol,Manual,"EMI ₹11,633/m*",₹6.59 lakh
Maruti Ritz,Maruti,2013,"78,256 km",Petrol,Manual,"EMI ₹13,275/m*",₹2.82 lakh
Maruti Swift,Maruti,2017,"84,181 km",Petrol,Manual,"EMI ₹8,895/m*",₹4.55 lakh
Ford Figo Aspire,Ford,2017,"49,705 km",Petrol,Manual,"EMI ₹6,569/m*",₹3.36 lakh
Maruti Ertiga,Maruti,2012,"46,542 km",Diesel,Manual,"EMI ₹6,569/m*",₹2.83 lakh
Maruti Swift,Maruti,2018,"35,479 km",Petrol,Manual,"EMI ₹9,003/m*",₹5.10 lakh
Volkswagen Polo,Volkswagen,2011,"79,551 km",Petrol,Manual,"EMI ₹9,003/m*",₹1.50 lakh
Renault Duster,Renault,2017,"69,134 km",Diesel,Manual,"EMI ₹9,988/m*",₹4.49 lakh
Chevrolet Beat,Chevrolet,2011,"1,48,284 km",Diesel,Manual,"EMI ₹9,988/m*",₹0.68 lakh
Hyundai NEW I20,Hyundai,2021,"19,498 km",Petrol,Auto,"EMI ₹10,856/m*",₹6.15 lakh
Renault Kwid,Renault,2017,"71,989 km",Petrol,Manual,"EMI ₹4,790/m*",₹2.45 lakh
Maruti Swift Dzire,Maruti,2013,"1,29,954 km",Petrol,Manual,"EMI ₹14,969/m*",₹3.18 lakh
Tata PUNCH,Tata,2023,"57,387 km",Petrol,Auto,"EMI ₹11,421/m*",₹6.47 lakh
Hyundai i20,Hyundai,2010,"65,549 km",Petrol,Manual,"EMI ₹11,421/m*",₹1.84 lakh
Hyundai Grand i10,Hyundai,2015,"91,031 km",Petrol,Manual,"EMI ₹7,373/m*",₹2.80 lakh
Maruti Celerio,Maruti,2015,"1,05,655 km",Petrol,Manual,"EMI ₹6,847/m*",₹2.60 lakh
Volkswagen Polo,Volkswagen,2013,"1,14,335 km",Petrol,Manual,"EMI ₹13,416/m*",₹2.85 lakh
Maruti Ertiga,Maruti,2019,"87,394 km",Petrol,Auto,"EMI ₹14,034/m*",₹7.95 lakh
Tata ALTROZ,Tata,2021,"17,991 km",Petrol,Manual,"EMI ₹11,774/m*",₹6.67 lakh
Maruti Wagon R 1.0,Maruti,2015,"1,26,421 km",Petrol,Manual,"EMI ₹4,740/m*",₹1.80 lakh
Tata TIAGO NRG,Tata,2023,"23,641 km",Petrol,Auto,"EMI ₹9,656/m*",₹5.47 lakh
Hyundai AURA,Hyundai,2022,"22,331 km",Petrol,Manual,"EMI ₹10,044/m*",₹5.69 lakh
Hyundai Verna,Hyundai,2014,"60,977 km",Petrol,Manual,"EMI ₹11,326/m*",₹3.41 lakh
Maruti Alto K10,Maruti,2018,"60,743 km",Petrol,Auto,"EMI ₹5,596/m*",₹3.17 lakh
Mahindra Scorpio,Mahindra,2010,"27,632 km",Diesel,Manual,"EMI ₹5,596/m*",₹3.03 lakh
Maruti Wagon R 1.0,Maruti,2014,"91,203 km",Petrol,Manual,"EMI ₹7,473/m*",₹2.25 lakh
Hyundai VENUE,Hyundai,2019,"53,151 km",Petrol,Manual,"EMI ₹10,592/m*",₹6.00 lakh
Hyundai Grand i10,Hyundai,2014,"98,292 km",Petrol,Manual,"EMI ₹11,426/m*",₹3.44 lakh
Hyundai i10,Hyundai,2011,"73,248 km",Petrol,Manual,"EMI ₹11,426/m*",₹1.40 lakh
Chevrolet Sail,Chevrolet,2014,"62,934 km",Petrol,Manual,"EMI ₹5,846/m*",₹1.76 lakh
Maruti Baleno,Maruti,2020,"23,826 km",Petrol,Manual,"EMI ₹9,303/m*",₹5.27 lakh
Maruti A Star,Maruti,2013,"44,288 km",Petrol,Auto,"EMI ₹8,332/m*",₹1.77 lakh
Tata Nano,Tata,2012,"64,765 km",Petrol,Manual,"EMI ₹5,953/m*",₹0.67 lakh
Hyundai i20,Hyundai,2012,"1,28,919 km",Diesel,Manual,"EMI ₹5,953/m*",₹2.05 lakh
Maruti Celerio,Maruti,2017,"1,34,080 km",Petrol,Manual,"EMI ₹6,874/m*",₹3.09 lakh
Maruti XL6,Maruti,2022,"29,811 km",Petrol,Manual,"EMI ₹15,342/m*",₹8.96 lakh
Hyundai Santro Xing,Hyundai,2012,"52,797 km",Petrol,Manual,"EMI ₹11,461/m*",₹1.29 lakh
Maruti Wagon R 1.0,Maruti,2011,"73,869 km",Petrol,Manual,"EMI ₹11,461/m*",₹1.58 lakh
Maruti S Cross,Maruti,2017,"1,43,101 km",Diesel,Manual,"EMI ₹10,900/m*",₹4.90 lakh
Tata TIGOR,Tata,2018,"51,422 km",Petrol,Manual,"EMI ₹8,773/m*",₹4.97 lakh
Maruti SX4,Maruti,2010,"84,640 km",Petrol,Manual,"EMI ₹8,773/m*",₹1.13 lakh
Honda Brio,Honda,2017,"1,06,699 km",Petrol,Manual,"EMI ₹6,228/m*",₹2.80 lakh
Tata Harrier,Tata,2021,"82,965 km",Diesel,Manual,"EMI ₹18,509/m*",₹10.81 lakh
Chevrolet Beat,Chevrolet,2011,"1,65,337 km",Diesel,Manual,"EMI ₹18,509/m*",₹0.68 lakh
Hyundai Verna,Hyundai,2010,"70,649 km",Petrol,Manual,"EMI ₹18,509/m*",₹1.65 lakh
Ford FREESTYLE,Ford,2021,"42,052 km",Diesel,Manual,"EMI ₹9,709/m*",₹5.50 lakh
Tata Harrier,Tata,2022,"81,072 km",Diesel,Auto,"EMI ₹28,886/m*",₹16.87 lakh
Tata TIGOR,Tata,2017,"90,061 km",Diesel,Manual,"EMI ₹8,253/m*",₹3.71 lakh
Ford Ecosport,Ford,2018,"69,788 km",Petrol,Manual,"EMI ₹9,956/m*",₹5.64 lakh
Tata NEXON,Tata,2025,"8,775 km",Petrol,Manual,"EMI ₹16,592/m*",₹9.69 lakh
Hyundai Eon,Hyundai,2013,"1,27,189 km",Petrol,Manual,"EMI ₹8,850/m*",₹1.88 lakh
Maruti Alto K10,Maruti,2016,"81,314 km",Petrol,Manual,"EMI ₹4,961/m*",₹2.23 lakh
Ford FREESTYLE,Ford,2019,"65,761 km",Diesel,Manual,"EMI ₹7,873/m*",₹4.46 lakh
Hyundai Grand i10,Hyundai,2015,"90,171 km",Petrol,Manual,"EMI ₹9,375/m*",₹3.56 lakh
Hyundai i10,Hyundai,2011,"33,366 km",Petrol,Manual,"EMI ₹9,375/m*",₹1.51 lakh
Maruti Baleno,Maruti,2019,"67,633 km",Petrol,Manual,"EMI ₹8,120/m*",₹4.60 lakh
Toyota Etios,Toyota,2011,"1,06,981 km",Petrol,Manual,"EMI ₹8,120/m*",₹1.84 lakh
Mahindra XUV500,Mahindra,2017,"1,04,000 km",Diesel,Auto,"EMI ₹20,677/m*",₹9.51 lakh
Maruti Dzire,Maruti,2017,"1,09,180 km",Diesel,Manual,"EMI ₹12,724/m*",₹5.72 lakh
Chevrolet Aveo,Chevrolet,2010,"1,09,429 km",Petrol,Manual,"EMI ₹12,724/m*",₹1.33 lakh
Toyota Etios,Toyota,2012,"1,57,346 km",Diesel,Manual,"EMI ₹12,724/m*",₹3.42 lakh
Hyundai NEW I20,Hyundai,2022,"49,626 km",Petrol,Manual,"EMI ₹10,592/m*",₹6.00 lakh
Chevrolet Beat,Chevrolet,2011,"67,783 km",Petrol,Manual,"EMI ₹10,592/m*",₹1.19 lakh
Tata Tiago,Tata,2017,"75,271 km",Petrol,Manual,"EMI ₹6,803/m*",₹3.48 lakh
Hyundai Santro Xing,Hyundai,2012,"1,58,224 km",Petrol,Manual,"EMI ₹11,373/m*",₹1.28 lakh
Mahindra Kuv100,Mahindra,2016,"83,053 km",Diesel,Manual,"EMI ₹7,900/m*",₹3.00 lakh
Maruti Swift,Maruti,2022,"41,367 km",Petrol,Auto,"EMI ₹9,921/m*",₹5.62 lakh
Volkswagen Vento,Volkswagen,2011,"1,31,041 km",Diesel,Manual,"EMI ₹9,921/m*",₹1.61 lakh
Maruti Swift,Maruti,2015,"1,31,952 km",Petrol,Manual,"EMI ₹8,374/m*",₹3.18 lakh
Hyundai Verna,Hyundai,2011,"1,00,178 km",Petrol,Manual,"EMI ₹8,374/m*",₹1.81 lakh
Maruti Eeco,Maruti,2012,"1,08,262 km",Petrol,Manual,"EMI ₹18,747/m*",₹2.11 lakh
Hyundai Verna,Hyundai,2011,"1,22,988 km",Petrol,Auto,"EMI ₹18,747/m*",₹2.27 lakh
Maruti Alto K10,Maruti,2015,"81,342 km",Petrol,Auto,"EMI ₹6,926/m*",₹2.63 lakh
Maruti Swift,Maruti,2024,"17,671 km",Petrol,Manual,"EMI ₹12,339/m*",₹6.99 lakh
Fiat Grand Punto,Fiat,2011,"1,99,002 km",Diesel,Manual,"EMI ₹12,339/m*",₹0.68 lakh
Maruti Swift,Maruti,2019,"63,503 km",Petrol,Manual,"EMI ₹9,285/m*",₹5.26 lakh
Toyota Etios,Toyota,2011,"94,066 km",Petrol,Manual,"EMI ₹9,285/m*",₹2.03 lakh
Maruti Zen Estilo,Maruti,2011,"18,290 km",Petrol,Manual,"EMI ₹9,285/m*",₹1.52 lakh
Ford Figo Aspire,Ford,2015,"59,582 km",Petrol,Auto,"EMI ₹6,741/m*",₹2.56 lakh
Volkswagen Vento,Volkswagen,2011,"1,18,360 km",Petrol,Manual,"EMI ₹6,741/m*",₹2.24 lakh
Maruti Alto 800,Maruti,2018,"40,128 km",Petrol,Manual,"EMI ₹4,960/m*",₹2.81 lakh
Honda BR-V,Honda,2017,"59,467 km",Petrol,Manual,"EMI ₹8,739/m*",₹4.47 lakh
Hyundai Grand i10,Hyundai,2013,"97,886 km",Diesel,Manual,"EMI ₹23,012/m*",₹2.59 lakh
Maruti Alto K10,Maruti,2016,"83,404 km",Petrol,Manual,"EMI ₹3,982/m*",₹1.79 lakh
Honda Amaze,Honda,2015,"1,00,690 km",Petrol,Manual,"EMI ₹9,349/m*",₹3.55 lakh
Nissan Micra,Nissan,2011,"1,56,574 km",Diesel,Manual,"EMI ₹9,349/m*",₹1.11 lakh
Honda City,Honda,2012,"1,10,184 km",Petrol,Manual,"EMI ₹14,660/m*",₹1.65 lakh
Maruti Wagon R 1.0,Maruti,2011,"44,037 km",Petrol,Manual,"EMI ₹14,660/m*",₹1.32 lakh
Maruti Ciaz,Maruti,2015,"1,19,025 km",Petrol,Manual,"EMI ₹11,587/m*",₹4.40 lakh
BMW X1,BMW,2011,"1,68,669 km",Diesel,Auto,"EMI ₹11,587/m*",₹3.59 lakh
Maruti A Star,Maruti,2011,"59,855 km",Petrol,Manual,"EMI ₹11,587/m*",₹1.19 lakh
Tata NEXON,Tata,2021,"24,878 km",Petrol,Manual,"EMI ₹13,575/m*",₹7.69 lakh
Tata PUNCH,Tata,2023,"46,808 km",Petrol,Manual,"EMI ₹11,157/m*",₹6.32 lakh
Maruti Wagon R 1.0,Maruti,2011,"19,837 km",Petrol,Manual,"EMI ₹11,157/m*",₹1.75 lakh
Hyundai i10,Hyundai,2011,"23,162 km",Petrol,Manual,"EMI ₹11,157/m*",₹1.71 lakh
Maruti Wagon R 1.0,Maruti,2018,"59,108 km",Petrol,Manual,"EMI ₹5,931/m*",₹3.36 lakh
Honda Amaze,Honda,2019,"15,513 km",Petrol,Manual,"EMI ₹9,021/m*",₹5.11 lakh
Ford Ecosport,Ford,2014,"99,999 km",Petrol,Auto,"EMI ₹10,629/m*",₹3.20 lakh
Maruti Ritz,Maruti,2011,"1,31,904 km",Petrol,Manual,"EMI ₹10,629/m*",₹1.70 lakh
Maruti IGNIS,Maruti,2021,"58,543 km",Petrol,Manual,"EMI ₹7,697/m*",₹4.36 lakh
Hyundai Eon,Hyundai,2014,"42,940 km",Petrol,Manual,"EMI ₹8,038/m*",₹2.42 lakh
Hyundai Xcent,Hyundai,2015,"78,739 km",Petrol,Manual,"EMI ₹7,005/m*",₹2.66 lakh
Skoda Rapid,Skoda,2012,"69,893 km",Petrol,Auto,"EMI ₹18,392/m*",₹2.07 lakh
Toyota Etios,Toyota,2011,"1,71,217 km",Diesel,Manual,"EMI ₹18,392/m*",₹2.32 lakh
Ford Figo,Ford,2011,"72,176 km",Petrol,Manual,"EMI ₹18,392/m*",₹1.28 lakh
Hyundai i10,Hyundai,2011,"1,90,496 km",Petrol,Manual,"EMI ₹18,392/m*",₹1.32 lakh
Honda WR-V,Honda,2017,"92,942 km",Petrol,Manual,"EMI ₹8,309/m*",₹4.25 lakh
Maruti Wagon R 1.0,Maruti,2018,"1,25,523 km",Petrol,Manual,"EMI ₹6,963/m*",₹3.13 lakh
Hyundai Grand i10,Hyundai,2015,"55,990 km",Petrol,Manual,"EMI ₹8,637/m*",₹3.28 lakh
Hyundai i10,Hyundai,2015,"40,770 km",Petrol,Manual,"EMI ₹7,900/m*",₹3.00 lakh
Renault Duster,Renault,2013,"3,10,168 km",Diesel,Manual,"EMI ₹13,772/m*",₹1.55 lakh
Chevrolet Beat,Chevrolet,2012,"1,07,000 km",Petrol,Manual,"EMI ₹14,216/m*",₹1.60 lakh
Chevrolet Spark,Chevrolet,2011,123 km,Petrol,Manual,"EMI ₹14,216/m*",₹0.38 lakh
Hyundai i20,Hyundai,2012,"30,661 km",Petrol,Manual,"EMI ₹20,346/m*",₹2.29 lakh
Hyundai i10,Hyundai,2011,"35,576 km",Petrol,Manual,"EMI ₹20,346/m*",₹1.75 lakh
Honda Amaze,Honda,2016,"1,30,649 km",Diesel,Manual,"EMI ₹7,900/m*",₹3.00 lakh
Tata NEXON,Tata,2018,"1,17,750 km",Petrol,Auto,"EMI ₹12,546/m*",₹5.64 lakh
Tata PUNCH,Tata,2023,"16,583 km",Petrol,Manual,"EMI ₹10,062/m*",₹5.70 lakh
Maruti Celerio,Maruti,2016,"1,87,606 km",Petrol,Manual,"EMI ₹4,449/m*",₹2.00 lakh
Mahindra Xylo,Mahindra,2017,"99,278 km",Diesel,Manual,"EMI ₹6,006/m*",₹2.70 lakh
Chevrolet Beat,Chevrolet,2013,"78,777 km",Petrol,Manual,"EMI ₹5,555/m*",₹1.18 lakh
Hyundai i10,Hyundai,2011,"90,135 km",Petrol,Manual,"EMI ₹5,555/m*",₹1.07 lakh
Maruti Dzire,Maruti,2018,"75,674 km",Petrol,Manual,"EMI ₹7,414/m*",₹4.20 lakh
Hyundai i10,Hyundai,2011,"1,49,220 km",Petrol,Manual,"EMI ₹7,414/m*",₹1.35 lakh
Hyundai Grand i10,Hyundai,2018,"71,834 km",Petrol,Manual,"EMI ₹6,178/m*",₹3.50 lakh
Maruti Ertiga,Maruti,2015,"1,56,364 km",Petrol,Manual,"EMI ₹11,850/m*",₹4.50 lakh
Tata Safari,Tata,2011,"3,52,548 km",Diesel,Manual,"EMI ₹11,850/m*",₹1.84 lakh
Maruti Swift,Maruti,2010,"1,10,000 km",Diesel,Manual,"EMI ₹11,850/m*",₹2.00 lakh
Hyundai Verna,Hyundai,2018,"1,30,896 km",Diesel,Manual,"EMI ₹17,459/m*",₹8.03 lakh
Renault Kwid,Renault,2023,"42,043 km",Petrol,Auto,"EMI ₹7,061/m*",₹4.00 lakh
Maruti Swift Dzire,Maruti,2015,"93,889 km",Petrol,Auto,"EMI ₹8,822/m*",₹3.35 lakh
Tata Tiago,Tata,2023,"14,858 km",Petrol,Manual,"EMI ₹10,945/m*",₹6.20 lakh
Nissan Micra,Nissan,2013,"1,39,465 km",Diesel,Manual,"EMI ₹16,792/m*",₹1.89 lakh
Mahindra XUV700,Mahindra,2022,"17,522 km",Petrol,Manual,"EMI ₹22,465/m*",₹13.12 lakh
Tata PUNCH,Tata,2022,"80,296 km",Petrol,Auto,"EMI ₹10,150/m*",₹5.75 lakh
Maruti Swift,Maruti,2023,"27,388 km",Petrol,Manual,"EMI ₹9,974/m*",₹5.65 lakh
Maruti Celerio,Maruti,2018,"22,098 km",Petrol,Auto,"EMI ₹6,002/m*",₹3.40 lakh
Maruti Baleno,Maruti,2023,"20,682 km",Petrol,Auto,"EMI ₹12,869/m*",₹7.29 lakh
Maruti Alto K10,Maruti,2011,"32,047 km",Petrol,Manual,"EMI ₹12,869/m*",₹1.50 lakh
Maruti Dzire,Maruti,2018,"75,160 km",Petrol,Manual,"EMI ₹7,061/m*",₹4.00 lakh
Hyundai Grand i10,Hyundai,2017,"63,913 km",Petrol,Auto,"EMI ₹9,384/m*",₹4.80 lakh
Toyota Etios,Toyota,2013,"94,575 km",Petrol,Manual,"EMI ₹11,815/m*",₹2.51 lakh
Maruti Ritz,Maruti,2011,"2,23,952 km",Diesel,Manual,"EMI ₹11,815/m*",₹1.60 lakh
Hyundai i10,Hyundai,2011,"42,517 km",Petrol,Manual,"EMI ₹11,815/m*",₹1.38 lakh
Chevrolet Beat,Chevrolet,2010,"84,965 km",Petrol,Manual,"EMI ₹11,815/m*",₹0.83 lakh
Maruti Alto,Maruti,2011,"75,087 km",Petrol,Manual,"EMI ₹11,815/m*",₹1.21 lakh
Tata Indica Vista,Tata,2014,"1,35,488 km",Diesel,Manual,"EMI ₹8,614/m*",₹1.83 lakh
Maruti SX4,Maruti,2012,"80,335 km",Petrol,Manual,"EMI ₹12,172/m*",₹1.37 lakh
Renault TRIBER,Renault,2020,"3,986 km",Petrol,Manual,"EMI ₹10,080/m*",₹5.71 lakh
Tata NEXON,Tata,2021,"31,400 km",Petrol,Manual,"EMI ₹11,474/m*",₹6.50 lakh
Nissan Sunny,Nissan,2011,"17,863 km",Petrol,Manual,"EMI ₹11,474/m*",₹1.61 lakh
Volkswagen Ameo,Volkswagen,2017,"1,05,831 km",Petrol,Manual,"EMI ₹8,297/m*",₹3.73 lakh
Honda Jazz,Honda,2016,"60,269 km",Petrol,Manual,"EMI ₹8,564/m*",₹3.85 lakh
Maruti Celerio,Maruti,2016,"62,925 km",Petrol,Auto,"EMI ₹7,630/m*",₹3.43 lakh
Maruti Alto 800,Maruti,2018,"72,778 km",Petrol,Manual,"EMI ₹4,872/m*",₹2.76 lakh
Maruti New Wagon-R,Maruti,2019,"1,46,954 km",Petrol,Manual,"EMI ₹8,586/m*",₹3.86 lakh
Toyota Etios,Toyota,2013,"24,371 km",Petrol,Manual,"EMI ₹14,122/m*",₹3.00 lakh
Maruti Baleno,Maruti,2018,"50,765 km",Petrol,Auto,"EMI ₹9,709/m*",₹5.50 lakh
Volkswagen Vento,Volkswagen,2011,"1,62,900 km",Petrol,Manual,"EMI ₹9,709/m*",₹1.80 lakh
Volkswagen Polo,Volkswagen,2013,"20,261 km",Petrol,Manual,"EMI ₹16,240/m*",₹3.45 lakh
Hyundai Verna,Hyundai,2013,"1,01,874 km",Petrol,Manual,"EMI ₹15,911/m*",₹3.38 lakh
Hyundai Grand i10,Hyundai,2015,"1,16,092 km",Petrol,Manual,"EMI ₹7,268/m*",₹2.76 lakh
Honda Amaze,Honda,2014,"49,340 km",Petrol,Manual,"EMI ₹10,695/m*",₹3.22 lakh
Hyundai Grand i10,Hyundai,2015,"36,916 km",Petrol,Manual,"EMI ₹9,243/m*",₹3.51 lakh
Hyundai AURA,Hyundai,2021,"54,887 km",Petrol,Manual,"EMI ₹9,833/m*",₹5.57 lakh
Renault Kwid,Renault,2020,"53,806 km",Petrol,Manual,"EMI ₹4,766/m*",₹2.70 lakh
Hyundai Xcent,Hyundai,2014,"45,420 km",Petrol,Manual,"EMI ₹10,396/m*",₹3.13 lakh
Fiat Grand Punto,Fiat,2010,"1,36,291 km",Diesel,Manual,"EMI ₹10,396/m*",₹0.98 lakh
Maruti Wagon R 1.0,Maruti,2017,"93,973 km",Petrol,Manual,"EMI ₹5,865/m*",₹3.00 lakh
Hyundai Elite i20,Hyundai,2018,"43,349 km",Petrol,Manual,"EMI ₹8,720/m*",₹4.94 lakh
Hyundai AURA,Hyundai,2020,"62,780 km",Petrol,Manual,"EMI ₹9,321/m*",₹5.28 lakh
Honda CRV,Honda,2014,"96,731 km",Petrol,Auto,"EMI ₹12,788/m*",₹3.85 lakh
Maruti Dzire,Maruti,2019,"1,44,592 km",Diesel,Manual,"EMI ₹12,279/m*",₹5.52 lakh
Tata Nano,Tata,2012,"60,381 km",Petrol,Manual,"EMI ₹4,442/m*",₹0.50 lakh
Maruti Alto,Maruti,2011,"1,19,403 km",Petrol,Manual,"EMI ₹4,442/m*",₹1.32 lakh
Honda City,Honda,2014,"1,54,591 km",Diesel,Manual,"EMI ₹20,948/m*",₹4.45 lakh
Volkswagen Polo,Volkswagen,2019,"1,09,470 km",Petrol,Auto,"EMI ₹15,972/m*",₹7.18 lakh
Hyundai i20,Hyundai,2011,"1,49,078 km",Diesel,Manual,"EMI ₹15,972/m*",₹1.70 lakh
Maruti Ritz,Maruti,2015,"1,27,310 km",Diesel,Manual,"EMI ₹9,433/m*",₹2.84 lakh
Hyundai NEW SANTRO,Hyundai,2022,"58,560 km",Petrol,Manual,"EMI ₹8,120/m*",₹4.60 lakh
Hyundai Grand i10,Hyundai,2019,"66,503 km",Petrol,Manual,"EMI ₹6,443/m*",₹3.65 lakh
Volkswagen Polo,Volkswagen,2010,"1,43,177 km",Petrol,Manual,"EMI ₹6,443/m*",₹1.65 lakh
Fiat Grand Punto,Fiat,2013,"1,33,712 km",Diesel,Manual,"EMI ₹13,238/m*",₹1.49 lakh
Maruti Alto,Maruti,2011,"1,76,630 km",Petrol,Manual,"EMI ₹13,238/m*",₹1.28 lakh
Honda City,Honda,2018,"41,578 km",Petrol,Auto,"EMI ₹12,728/m*",₹7.21 lakh
Maruti Wagon R 1.0,Maruti,2018,"88,309 km",Petrol,Manual,"EMI ₹5,931/m*",₹3.36 lakh
Tata NEXON,Tata,2024,"4,572 km",Petrol,Auto,"EMI ₹20,975/m*",₹12.25 lakh
Hyundai i20,Hyundai,2013,"53,464 km",Petrol,Manual,"EMI ₹14,922/m*",₹3.17 lakh
Tata Indica Vista,Tata,2013,"1,16,589 km",Diesel,Manual,"EMI ₹9,773/m*",₹1.10 lakh
Toyota Etios,Toyota,2011,"65,219 km",Petrol,Manual,"EMI ₹9,773/m*",₹2.37 lakh
Maruti Alto K10,Maruti,2012,"3,00,033 km",Petrol,Manual,"EMI ₹10,395/m*",₹1.17 lakh
Hyundai i10,Hyundai,2010,"79,162 km",Petrol,Manual,"EMI ₹10,395/m*",₹1.20 lakh
Tata Harrier EV,Tata,2025,"5,734 km",Electric,Auto,"EMI ₹38,628/m*",₹22.56 lakh
Volkswagen Polo,Volkswagen,2011,"1,02,222 km",Petrol,Manual,"EMI ₹38,628/m*",₹1.94 lakh
Hyundai NEW SANTRO,Hyundai,2018,"1,53,125 km",Petrol,Manual,"EMI ₹7,229/m*",₹3.25 lakh
Nissan Micra,Nissan,2011,"1,97,411 km",Diesel,Manual,"EMI ₹7,229/m*",₹1.24 lakh
Hyundai Grand i10,Hyundai,2014,"50,299 km",Petrol,Manual,"EMI ₹10,961/m*",₹3.30 lakh
Nissan Sunny,Nissan,2011,"2,65,237 km",Petrol,Manual,"EMI ₹10,961/m*",₹1.22 lakh
Honda City,Honda,2017,"1,26,408 km",Petrol,Auto,"EMI ₹13,347/m*",₹6.00 lakh
Maruti Celerio X,Maruti,2018,"54,824 km",Petrol,Auto,"EMI ₹5,755/m*",₹3.26 lakh
Maruti Vitara Brezza,Maruti,2016,"1,34,860 km",Diesel,Manual,"EMI ₹15,432/m*",₹5.86 lakh
Tata Tiago,Tata,2018,"26,879 km",Petrol,Manual,"EMI ₹6,302/m*",₹3.57 lakh
Honda Amaze,Honda,2019,"58,315 km",Petrol,Manual,"EMI ₹8,791/m*",₹4.98 lakh
Tata ALTROZ,Tata,2023,"44,370 km",Petrol,Manual,"EMI ₹12,357/m*",₹7.00 lakh
Maruti Vitara Brezza,Maruti,2017,"2,12,647 km",Diesel,Manual,"EMI ₹13,347/m*",₹6.00 lakh
Tata NEXON,Tata,2024,"5,430 km",Petrol,Manual,"EMI ₹23,629/m*",₹13.80 lakh
Hyundai i10,Hyundai,2011,"82,303 km",Petrol,Auto,"EMI ₹23,629/m*",₹1.70 lakh
Nissan Micra,Nissan,2012,"1,25,162 km",Petrol,Manual,"EMI ₹11,906/m*",₹1.34 lakh
Honda Amaze,Honda,2013,"58,445 km",Petrol,Manual,"EMI ₹14,404/m*",₹3.06 lakh
Hyundai i10,Hyundai,2011,"75,146 km",Petrol,Manual,"EMI ₹14,404/m*",₹1.10 lakh
Tata Indica Vista,Tata,2011,"77,814 km",Diesel,Manual,"EMI ₹14,404/m*",₹1.57 lakh
Maruti Ertiga,Maruti,2017,"86,476 km",Petrol,Manual,"EMI ₹14,467/m*",₹7.40 lakh
Tata Nano,Tata,2010,"86,432 km",Petrol,Manual,"EMI ₹14,467/m*",₹0.45 lakh
Hyundai AURA,Hyundai,2022,"32,916 km",Petrol,Manual,"EMI ₹10,909/m*",₹6.18 lakh
Maruti Dzire,Maruti,2025,"3,627 km",Petrol,Manual,"EMI ₹13,487/m*",₹7.64 lakh
Tata NEXON,Tata,2021,"34,680 km",Diesel,Auto,"EMI ₹13,698/m*",₹8.00 lakh
Volkswagen Polo,Volkswagen,2010,"1,32,889 km",Petrol,Manual,"EMI ₹13,698/m*",₹1.74 lakh
Tata ALTROZ,Tata,2022,"43,153 km",Petrol,Manual,"EMI ₹10,150/m*",₹5.75 lakh
Maruti Swift,Maruti,2012,"67,300 km",Petrol,Manual,"EMI ₹23,101/m*",₹2.60 lakh
Maruti Baleno,Maruti,2022,"68,785 km",Petrol,Manual,"EMI ₹10,945/m*",₹6.20 lakh
Maruti Ritz,Maruti,2014,"38,032 km",Petrol,Manual,"EMI ₹9,798/m*",₹2.95 lakh
Maruti Swift Dzire,Maruti,2014,"1,46,366 km",Petrol,Manual,"EMI ₹10,296/m*",₹3.10 lakh
Tata NEXON,Tata,2021,"43,436 km",Petrol,Manual,"EMI ₹13,681/m*",₹7.75 lakh
Hyundai AURA,Hyundai,2020,"72,000 km",Petrol,Manual,"EMI ₹9,497/m*",₹5.38 lakh
Hyundai Eon,Hyundai,2013,"1,20,041 km",Petrol,Manual,"EMI ₹7,438/m*",₹1.58 lakh
Hyundai AURA,Hyundai,2023,"10,619 km",Petrol,Manual,"EMI ₹14,016/m*",₹7.94 lakh
Maruti Celerio,Maruti,2017,"94,790 km",Petrol,Manual,"EMI ₹5,826/m*",₹2.98 lakh
Maruti Swift Dzire,Maruti,2012,"1,47,440 km",Diesel,Manual,"EMI ₹5,826/m*",₹3.56 lakh
Ford Figo Aspire,Ford,2016,"58,558 km",Petrol,Auto,"EMI ₹6,295/m*",₹2.83 lakh
Honda City,Honda,2013,"1,73,052 km",Petrol,Manual,"EMI ₹13,369/m*",₹2.84 lakh
Honda City,Honda,2016,"1,04,843 km",Petrol,Auto,"EMI ₹12,457/m*",₹5.60 lakh
Hyundai Elite i20,Hyundai,2017,"1,03,457 km",Petrol,Manual,"EMI ₹10,566/m*",₹4.75 lakh
Maruti Swift,Maruti,2011,"1,23,068 km",Petrol,Manual,"EMI ₹10,566/m*",₹1.88 lakh
Hyundai Elite i20,Hyundai,2015,"72,504 km",Petrol,Manual,"EMI ₹10,534/m*",₹4.00 lakh
Maruti XL6,Maruti,2019,"97,326 km",Petrol,Manual,"EMI ₹12,692/m*",₹7.19 lakh
Honda Jazz,Honda,2015,"32,559 km",Petrol,Manual,"EMI ₹9,217/m*",₹3.50 lakh
Maruti Ciaz,Maruti,2015,"66,458 km",Petrol,Manual,"EMI ₹10,534/m*",₹4.00 lakh
Volkswagen Polo,Volkswagen,2013,"64,462 km",Petrol,Manual,"EMI ₹15,534/m*",₹3.30 lakh
Tata Tiago,Tata,2018,"62,949 km",Petrol,Manual,"EMI ₹6,708/m*",₹3.80 lakh
Mahindra XUV500,Mahindra,2012,"1,29,794 km",Diesel,Manual,"EMI ₹6,708/m*",₹3.50 lakh
Hyundai Verna,Hyundai,2013,"1,11,546 km",Diesel,Manual,"EMI ₹29,498/m*",₹3.32 lakh
Volkswagen Vento,Volkswagen,2019,"25,099 km",Diesel,Auto,"EMI ₹12,339/m*",₹6.99 lakh
Maruti Baleno,Maruti,2024,"41,375 km",Petrol,Manual,"EMI ₹13,240/m*",₹7.50 lakh
Maruti Swift,Maruti,2012,"57,986 km",Diesel,Manual,"EMI ₹13,240/m*",₹3.37 lakh
Hyundai AURA,Hyundai,2022,"43,226 km",Petrol,Manual,"EMI ₹12,357/m*",₹7.00 lakh
Tata NEXON,Tata,2024,"6,372 km",Petrol,Manual,"EMI ₹17,122/m*",₹10.00 lakh
Maruti Ertiga,Maruti,2015,"1,95,927 km",Diesel,Manual,"EMI ₹19,929/m*",₹6.00 lakh
Maruti Ertiga,Maruti,2017,"1,11,525 km",Petrol,Manual,"EMI ₹13,725/m*",₹6.17 lakh
Tata NEXON,Tata,2021,"35,007 km",Petrol,Manual,"EMI ₹12,145/m*",₹6.88 lakh
Honda City,Honda,2019,"39,705 km",Petrol,Manual,"EMI ₹11,262/m*",₹6.38 lakh
Hyundai Verna,Hyundai,2011,"69,961 km",Petrol,Manual,"EMI ₹11,262/m*",₹2.79 lakh
Hyundai i10,Hyundai,2011,"1,52,763 km",Petrol,Manual,"EMI ₹11,262/m*",₹1.58 lakh
Mahindra XUV500,Mahindra,2012,"1,40,905 km",Diesel,Manual,"EMI ₹11,262/m*",₹3.52 lakh
Tata ALTROZ,Tata,2023,"12,225 km",Petrol,Manual,"EMI ₹13,134/m*",₹7.44 lakh
Volkswagen Polo,Volkswagen,2016,"1,12,021 km",Petrol,Auto,"EMI ₹10,967/m*",₹4.93 lakh
Hyundai Xcent,Hyundai,2015,"1,32,000 km",Petrol,Manual,"EMI ₹7,778/m*",₹2.95 lakh
Chevrolet Enjoy,Chevrolet,2013,"1,63,532 km",Diesel,Manual,"EMI ₹16,582/m*",₹1.87 lakh
Hyundai i20,Hyundai,2013,"77,684 km",Petrol,Manual,"EMI ₹13,840/m*",₹2.94 lakh
Tata Indica Vista,Tata,2011,"78,268 km",Diesel,Manual,"EMI ₹13,840/m*",₹1.30 lakh
Tata ALTROZ,Tata,2021,"25,484 km",Petrol,Manual,"EMI ₹9,780/m*",₹5.54 lakh
Hyundai Xcent,Hyundai,2015,"60,453 km",Petrol,Manual,"EMI ₹9,191/m*",₹3.49 lakh
Hyundai Elite i20,Hyundai,2017,"73,809 km",Petrol,Manual,"EMI ₹8,289/m*",₹4.24 lakh
Maruti Ciaz,Maruti,2016,"89,808 km",Petrol,Manual,"EMI ₹9,287/m*",₹4.17 lakh
Honda WR-V,Honda,2018,"74,076 km",Petrol,Manual,"EMI ₹10,044/m*",₹5.69 lakh
Maruti Ritz,Maruti,2011,"55,553 km",Petrol,Manual,"EMI ₹10,044/m*",₹1.70 lakh
Tata Tiago,Tata,2018,"1,47,400 km",Diesel,Manual,"EMI ₹8,453/m*",₹3.80 lakh
Tata Tiago,Tata,2018,"1,04,318 km",Petrol,Auto,"EMI ₹7,252/m*",₹3.26 lakh
Renault Kiger,Renault,2022,"17,439 km",Petrol,Auto,"EMI ₹9,515/m*",₹5.39 lakh
Hyundai i20 Active,Hyundai,2015,"39,766 km",Petrol,Manual,"EMI ₹9,480/m*",₹3.60 lakh
Hyundai Elite i20,Hyundai,2016,"58,489 km",Petrol,Manual,"EMI ₹10,099/m*",₹4.54 lakh
Maruti Alto,Maruti,2022,"55,938 km",Petrol,Manual,"EMI ₹6,620/m*",₹3.75 lakh
Hyundai i20 Active,Hyundai,2016,"80,030 km",Petrol,Manual,"EMI ₹8,475/m*",₹3.81 lakh
Maruti Swift,Maruti,2015,"43,168 km",Petrol,Manual,"EMI ₹9,612/m*",₹3.65 lakh
Honda City,Honda,2016,"83,943 km",Petrol,Auto,"EMI ₹8,564/m*",₹3.85 lakh
Volkswagen Ameo,Volkswagen,2018,"93,429 km",Petrol,Manual,"EMI ₹6,726/m*",₹3.81 lakh
Honda Jazz,Honda,2017,"48,940 km",Petrol,Auto,"EMI ₹9,775/m*",₹5.00 lakh
Maruti Swift Dzire,Maruti,2011,"2,19,376 km",Petrol,Manual,"EMI ₹9,775/m*",₹1.52 lakh
Ford Figo Aspire,Ford,2021,"19,154 km",Petrol,Manual,"EMI ₹7,944/m*",₹4.50 lakh
Ford Fiesta,Ford,2011,"63,950 km",Diesel,Manual,"EMI ₹7,944/m*",₹2.60 lakh
Skoda KUSHAQ,Skoda,2023,"52,157 km",Petrol,Manual,"EMI ₹16,592/m*",₹9.69 lakh
Honda Amaze,Honda,2015,"68,008 km",Petrol,Manual,"EMI ₹9,217/m*",₹3.50 lakh
Hyundai Elite i20,Hyundai,2016,"1,19,733 km",Diesel,Manual,"EMI ₹12,904/m*",₹4.90 lakh
Tata Tiago,Tata,2019,"1,99,345 km",Diesel,Manual,"EMI ₹6,829/m*",₹3.07 lakh
Mahindra XUV700,Mahindra,2022,"91,371 km",Petrol,Auto,"EMI ₹26,899/m*",₹15.71 lakh
Maruti New Wagon-R,Maruti,2022,"33,460 km",Petrol,Manual,"EMI ₹10,044/m*",₹5.69 lakh
Tata Hexa,Tata,2017,"56,394 km",Diesel,Auto,"EMI ₹12,991/m*",₹5.84 lakh
Maruti Wagon R 1.0,Maruti,2017,"48,080 km",Petrol,Manual,"EMI ₹7,116/m*",₹3.64 lakh
Tata Indigo ECS,Tata,2015,"88,277 km",Diesel,Manual,"EMI ₹5,580/m*",₹1.68 lakh
Mahindra XUV500,Mahindra,2016,"1,06,951 km",Diesel,Auto,"EMI ₹18,249/m*",₹6.93 lakh
Hyundai AURA,Hyundai,2021,"1,21,054 km",Petrol,Manual,"EMI ₹11,856/m*",₹5.33 lakh
Hyundai i10,Hyundai,2011,"26,065 km",Petrol,Auto,"EMI ₹11,856/m*",₹2.00 lakh
Ford Figo,Ford,2010,"1,20,484 km",Petrol,Manual,"EMI ₹11,856/m*",₹0.99 lakh
Hyundai i20 Active,Hyundai,2015,"78,595 km",Petrol,Manual,"EMI ₹10,112/m*",₹3.84 lakh
Renault TRIBER,Renault,2022,"97,500 km",Petrol,Manual,"EMI ₹10,274/m*",₹5.82 lakh
Maruti Swift Dzire,Maruti,2015,"1,24,976 km",Petrol,Manual,"EMI ₹8,163/m*",₹3.10 lakh
Maruti Alto K10,Maruti,2011,"1,06,061 km",Petrol,Manual,"EMI ₹8,163/m*",₹1.22 lakh
Hyundai NEW I20,Hyundai,2022,"18,745 km",Petrol,Manual,"EMI ₹13,646/m*",₹7.73 lakh
Hyundai Grand i10,Hyundai,2016,"39,198 km",Petrol,Manual,"EMI ₹6,851/m*",₹3.08 lakh
Hyundai Grand i10,Hyundai,2015,"45,810 km",Petrol,Manual,"EMI ₹8,111/m*",₹3.08 lakh
Maruti Ciaz,Maruti,2018,"1,36,073 km",Petrol,Auto,"EMI ₹12,323/m*",₹5.54 lakh
Maruti Alto,Maruti,2012,"2,27,927 km",Petrol,Manual,"EMI ₹10,040/m*",₹1.13 lakh
Maruti Baleno,Maruti,2016,"30,386 km",Petrol,Auto,"EMI ₹9,165/m*",₹4.12 lakh
Ford Ecosport,Ford,2013,"2,94,748 km",Diesel,Manual,"EMI ₹23,012/m*",₹2.59 lakh
Maruti Swift,Maruti,2021,"28,308 km",Petrol,Manual,"EMI ₹10,645/m*",₹6.03 lakh
Honda Amaze,Honda,2016,"1,72,062 km",Petrol,Manual,"EMI ₹7,719/m*",₹3.47 lakh
Tata PUNCH,Tata,2023,"3,240 km",Petrol,Manual,"EMI ₹12,710/m*",₹7.20 lakh
Ford Figo Aspire,Ford,2016,"68,066 km",Petrol,Manual,"EMI ₹6,607/m*",₹2.97 lakh
Maruti Baleno,Maruti,2020,"23,907 km",Petrol,Manual,"EMI ₹9,462/m*",₹5.36 lakh
Maruti Baleno,Maruti,2019,"48,750 km",Petrol,Manual,"EMI ₹9,232/m*",₹5.23 lakh
Tata Tiago,Tata,2016,"1,26,605 km",Petrol,Manual,"EMI ₹6,807/m*",₹3.06 lakh
Maruti S Cross,Maruti,2021,"34,747 km",Petrol,Manual,"EMI ₹11,421/m*",₹6.47 lakh
Skoda Octavia,Skoda,2015,"1,21,444 km",Petrol,Auto,"EMI ₹13,457/m*",₹5.11 lakh
Maruti Dzire,Maruti,2018,"66,914 km",Petrol,Auto,"EMI ₹8,985/m*",₹5.09 lakh
Tata NEXON,Tata,2021,"67,112 km",Petrol,Manual,"EMI ₹14,263/m*",₹8.33 lakh
Maruti Swift,Maruti,2022,"27,719 km",Petrol,Manual,"EMI ₹12,110/m*",₹6.86 lakh
Renault Fluence,Renault,2011,"99,999 km",Diesel,Manual,"EMI ₹12,110/m*",₹2.50 lakh
Maruti Alto K10,Maruti,2016,"18,204 km",Petrol,Auto,"EMI ₹5,917/m*",₹2.66 lakh
Tata Tiago,Tata,2018,"56,200 km",Petrol,Manual,"EMI ₹6,178/m*",₹3.50 lakh
Maruti Celerio,Maruti,2014,"29,245 km",Petrol,Auto,"EMI ₹10,230/m*",₹3.08 lakh
Tata NEXON,Tata,2023,"40,126 km",Petrol,Manual,"EMI ₹12,710/m*",₹7.20 lakh
Tata TIAGO EV,Tata,2023,"1,05,086 km",Electric,Auto,"EMI ₹18,046/m*",₹8.30 lakh
Toyota Innova,Toyota,2011,"2,27,451 km",Diesel,Manual,"EMI ₹18,046/m*",₹4.80 lakh
Volkswagen Vento,Volkswagen,2015,"1,28,760 km",Diesel,Auto,"EMI ₹11,393/m*",₹3.43 lakh
Maruti New Wagon-R,Maruti,2021,"62,804 km",Petrol,Manual,"EMI ₹8,420/m*",₹4.77 lakh
Toyota Etios Liva,Toyota,2014,"31,910 km",Petrol,Manual,"EMI ₹11,193/m*",₹3.37 lakh
Renault Duster,Renault,2014,"1,43,174 km",Diesel,Manual,"EMI ₹17,088/m*",₹3.63 lakh
Tata Indica Vista,Tata,2011,"86,306 km",Diesel,Manual,"EMI ₹17,088/m*",₹1.30 lakh
Mahindra XUV500,Mahindra,2017,"1,47,850 km",Diesel,Manual,"EMI ₹15,838/m*",₹7.12 lakh
Ford Ecosport,Ford,2020,"1,47,478 km",Diesel,Manual,"EMI ₹14,459/m*",₹6.50 lakh
Tata Manza,Tata,2011,"1,21,416 km",Diesel,Manual,"EMI ₹14,459/m*",₹1.75 lakh
CITROEN C3,CITROEN,2023,"16,216 km",Petrol,Manual,"EMI ₹8,579/m*",₹4.86 lakh
Hyundai Verna,Hyundai,2023,"61,600 km",Petrol,Manual,"EMI ₹17,687/m*",₹10.33 lakh
Maruti Baleno,Maruti,2017,"56,145 km",Petrol,Manual,"EMI ₹9,560/m*",₹4.89 lakh
Honda City,Honda,2014,"94,372 km",Petrol,Auto,"EMI ₹11,459/m*",₹3.45 lakh
Hyundai NEW SANTRO,Hyundai,2022,"47,114 km",Petrol,Manual,"EMI ₹8,932/m*",₹5.06 lakh
Maruti Baleno,Maruti,2016,"1,17,665 km",Petrol,Manual,"EMI ₹8,675/m*",₹3.90 lakh
Hyundai i20,Hyundai,2011,"1,11,031 km",Petrol,Manual,"EMI ₹8,675/m*",₹1.51 lakh
Mahindra XUV500,Mahindra,2017,"72,155 km",Diesel,Manual,"EMI ₹17,462/m*",₹7.85 lakh
Hyundai Creta,Hyundai,2016,"76,249 km",Petrol,Manual,"EMI ₹17,039/m*",₹7.66 lakh
Honda WR-V,Honda,2017,"1,10,339 km",Petrol,Manual,"EMI ₹10,611/m*",₹4.77 lakh
Tata NEXON,Tata,2022,"9,750 km",Petrol,Manual,"EMI ₹12,922/m*",₹7.32 lakh
Maruti Celerio,Maruti,2017,"95,998 km",Petrol,Manual,"EMI ₹6,901/m*",₹3.53 lakh
Honda City,Honda,2016,"84,747 km",Petrol,Manual,"EMI ₹10,121/m*",₹4.55 lakh
Maruti Ertiga,Maruti,2020,"1,50,173 km",Petrol,Manual,"EMI ₹17,684/m*",₹7.95 lakh
Honda Brio,Honda,2017,"1,13,191 km",Petrol,Manual,"EMI ₹7,051/m*",₹3.17 lakh
Maruti XL6,Maruti,2023,"24,887 km",Petrol,Auto,"EMI ₹19,537/m*",₹11.41 lakh
Maruti Zen Estilo,Maruti,2011,"1,02,057 km",Petrol,Manual,"EMI ₹19,537/m*",₹1.09 lakh
Hyundai Creta,Hyundai,2016,"73,062 km",Petrol,Auto,"EMI ₹17,306/m*",₹7.78 lakh
KIA CARENS,KIA,2022,"58,268 km",Petrol,Manual,"EMI ₹20,170/m*",₹11.78 lakh
Tata Tiago,Tata,2021,"43,037 km",Petrol,Manual,"EMI ₹7,944/m*",₹4.50 lakh
KIA SELTOS,KIA,2020,"33,673 km",Petrol,Manual,"EMI ₹13,169/m*",₹7.46 lakh
Maruti Baleno,Maruti,2023,"14,298 km",Petrol,Auto,"EMI ₹13,028/m*",₹7.38 lakh
Hyundai Elite i20,Hyundai,2015,"86,960 km",Petrol,Manual,"EMI ₹8,954/m*",₹3.40 lakh
Hyundai Creta,Hyundai,2021,"66,325 km",Diesel,Manual,"EMI ₹17,687/m*",₹10.33 lakh
Ford Ecosport,Ford,2015,"80,499 km",Diesel,Manual,"EMI ₹11,658/m*",₹3.51 lakh
Maruti Swift,Maruti,2022,"77,293 km",Petrol,Manual,"EMI ₹9,921/m*",₹5.62 lakh
Toyota Etios,Toyota,2015,"1,15,214 km",Diesel,Manual,"EMI ₹14,481/m*",₹4.36 lakh
Tata TIGOR,Tata,2022,"31,178 km",Petrol,Manual,"EMI ₹11,474/m*",₹6.50 lakh
Force Motors TRAVELLER,Force,2016,"40,096 km",Diesel,Manual,"EMI ₹20,988/m*",₹7.97 lakh
Hyundai ALCAZAR,Hyundai,2022,"45,868 km",Petrol,Auto,"EMI ₹24,588/m*",₹14.36 lakh
Maruti S PRESSO,Maruti,2019,"74,344 km",Petrol,Manual,"EMI ₹5,455/m*",₹3.09 lakh
Maruti Alto K10,Maruti,2023,"2,953 km",Petrol,Manual,"EMI ₹7,785/m*",₹4.41 lakh
KIA SELTOS,KIA,2020,"67,117 km",Petrol,Manual,"EMI ₹13,698/m*",₹8.00 lakh
Hyundai Grand i10,Hyundai,2014,"27,554 km",Petrol,Manual,"EMI ₹10,695/m*",₹3.22 lakh
Tata NEXON,Tata,2022,"25,743 km",Petrol,Auto,"EMI ₹14,126/m*",₹8.25 lakh
Maruti Baleno,Maruti,2018,"50,844 km",Petrol,Manual,"EMI ₹7,538/m*",₹4.27 lakh
Maruti New Wagon-R,Maruti,2019,"1,17,221 km",Petrol,Manual,"EMI ₹9,632/m*",₹4.33 lakh
Hyundai Grand i10,Hyundai,2016,"39,836 km",Petrol,Manual,"EMI ₹8,898/m*",₹4.00 lakh
Maruti Celerio,Maruti,2016,"1,30,613 km",Petrol,Manual,"EMI ₹7,541/m*",₹3.39 lakh
Honda Amaze,Honda,2019,"59,575 km",Petrol,Manual,"EMI ₹9,427/m*",₹5.34 lakh
Maruti Dzire,Maruti,2018,"68,418 km",Petrol,Manual,"EMI ₹9,144/m*",₹5.18 lakh
Mahindra Thar,Mahindra,2017,"44,684 km",Diesel,Manual,"EMI ₹12,702/m*",₹5.71 lakh
Maruti New Wagon-R,Maruti,2019,"62,422 km",Petrol,Auto,"EMI ₹7,679/m*",₹4.35 lakh
Tata Harrier,Tata,2022,"96,117 km",Diesel,Auto,"EMI ₹27,858/m*",₹16.27 lakh
Landrover Range Rover Evoque,Landrover,2012,"1,12,123 km",Diesel,Auto,"EMI ₹27,858/m*",₹14.67 lakh
Mahindra Thar,Mahindra,2022,"14,904 km",Petrol,Manual,"EMI ₹19,828/m*",₹11.58 lakh
Fiat Punto EVO,Fiat,2014,"26,040 km",Petrol,Manual,"EMI ₹8,204/m*",₹2.47 lakh
Hyundai VENUE,Hyundai,2019,"1,20,957 km",Petrol,Auto,"EMI ₹14,014/m*",₹6.30 lakh
Honda City,Honda,2015,"78,340 km",Petrol,Auto,"EMI ₹13,088/m*",₹4.97 lakh
Maruti Celerio,Maruti,2018,"46,572 km",Petrol,Manual,"EMI ₹7,061/m*",₹4.00 lakh
Honda Amaze,Honda,2013,"1,28,966 km",Diesel,Manual,"EMI ₹22,568/m*",₹2.54 lakh
Hyundai Creta,Hyundai,2016,"77,583 km",Petrol,Auto,"EMI ₹14,882/m*",₹6.69 lakh
MG HECTOR,MG,2020,"47,731 km",Petrol,Auto,"EMI ₹17,636/m*",₹10.30 lakh
Hyundai Verna,Hyundai,2023,"37,225 km",Petrol,Manual,"EMI ₹17,602/m*",₹10.28 lakh
Hyundai Elite i20,Hyundai,2018,"50,109 km",Petrol,Auto,"EMI ₹8,826/m*",₹5.00 lakh
Maruti Celerio,Maruti,2018,"86,196 km",Petrol,Manual,"EMI ₹6,549/m*",₹3.71 lakh
Hyundai Grand i10,Hyundai,2018,"11,840 km",Petrol,Manual,"EMI ₹8,738/m*",₹4.95 lakh
Maruti Ciaz,Maruti,2018,"91,642 km",Petrol,Auto,"EMI ₹8,809/m*",₹4.99 lakh
Maruti Ertiga,Maruti,2020,"1,36,466 km",Petrol,Manual,"EMI ₹18,590/m*",₹8.55 lakh
Honda Amaze,Honda,2013,"96,047 km",Petrol,Auto,"EMI ₹11,768/m*",₹2.50 lakh
Maruti Eeco,Maruti,2016,"94,182 km",Petrol,Manual,"EMI ₹6,117/m*",₹2.75 lakh
BMW 3 Series,BMW,2013,"1,43,967 km",Diesel,Auto,"EMI ₹75,124/m*",₹8.50 lakh
Hyundai GRAND I10 NIOS,Hyundai,2023,"2,369 km",Petrol,Manual,"EMI ₹12,533/m*",₹7.10 lakh
Honda Amaze,Honda,2019,"74,662 km",Petrol,Auto,"EMI ₹10,168/m*",₹5.76 lakh
Maruti IGNIS,Maruti,2018,"29,235 km",Petrol,Auto,"EMI ₹7,800/m*",₹4.42 lakh
Tata NEXON,Tata,2021,"44,291 km",Petrol,Auto,"EMI ₹13,681/m*",₹7.75 lakh
Mahindra Scorpio,Mahindra,2015,"2,16,057 km",Diesel,Manual,"EMI ₹19,929/m*",₹6.00 lakh
Skoda Rapid,Skoda,2014,"92,739 km",Diesel,Manual,"EMI ₹14,452/m*",₹3.07 lakh
Renault TRIBER,Renault,2020,"45,818 km",Petrol,Manual,"EMI ₹8,498/m*",₹4.81 lakh
Hyundai Grand i10,Hyundai,2018,"1,25,051 km",Petrol,Manual,"EMI ₹8,764/m*",₹3.94 lakh
Volkswagen Polo,Volkswagen,2014,"1,11,209 km",Diesel,Manual,"EMI ₹14,922/m*",₹3.17 lakh
Honda City,Honda,2016,"83,826 km",Petrol,Manual,"EMI ₹10,522/m*",₹4.73 lakh
Maruti Swift Dzire,Maruti,2014,"1,95,865 km",Diesel,Manual,"EMI ₹20,006/m*",₹4.25 lakh
Honda City,Honda,2015,"88,530 km",Petrol,Manual,"EMI ₹9,533/m*",₹3.62 lakh
Hyundai GRAND I10 NIOS,Hyundai,2021,"75,246 km",Petrol,Manual,"EMI ₹9,780/m*",₹5.54 lakh
Honda City,Honda,2012,"57,187 km",Petrol,Auto,"EMI ₹28,432/m*",₹3.20 lakh
Skoda Rapid,Skoda,2021,"1,03,867 km",Petrol,Auto,"EMI ₹17,462/m*",₹7.85 lakh
Maruti Celerio,Maruti,2018,"1,04,241 km",Petrol,Manual,"EMI ₹7,652/m*",₹3.44 lakh
Skoda SLAVIA,Skoda,2022,"43,103 km",Petrol,Auto,"EMI ₹21,934/m*",₹12.81 lakh
Maruti Celerio X,Maruti,2018,"63,626 km",Petrol,Auto,"EMI ₹6,108/m*",₹3.46 lakh
Maruti Celerio,Maruti,2016,"84,540 km",Petrol,Manual,"EMI ₹6,673/m*",₹3.00 lakh
Renault Kwid,Renault,2019,"73,757 km",Petrol,Auto,"EMI ₹4,678/m*",₹2.65 lakh
Hyundai NEW I20,Hyundai,2021,"31,835 km",Petrol,Manual,"EMI ₹12,745/m*",₹7.22 lakh
MG HECTOR,MG,2019,"89,225 km",Diesel,Manual,"EMI ₹15,325/m*",₹8.95 lakh
Tata Tiago,Tata,2019,"33,910 km",Petrol,Auto,"EMI ₹7,061/m*",₹4.00 lakh
Tata NEXON,Tata,2022,"61,581 km",Diesel,Auto,"EMI ₹18,509/m*",₹10.81 lakh
Honda City,Honda,2013,"81,150 km",Petrol,Manual,"EMI ₹14,028/m*",₹2.98 lakh
Maruti S Cross,Maruti,2015,"97,015 km",Diesel,Manual,"EMI ₹15,544/m*",₹4.68 lakh
Audi A6,Audi,2012,"1,50,547 km",Diesel,Auto,"EMI ₹15,544/m*",₹5.50 lakh
KIA SELTOS,KIA,2020,"1,17,498 km",Diesel,Manual,"EMI ₹19,025/m*",₹8.75 lakh
Maruti Ciaz,Maruti,2018,"1,20,337 km",Diesel,Manual,"EMI ₹11,678/m*",₹5.25 lakh
Tata Tiago,Tata,2022,"9,266 km",Petrol,Auto,"EMI ₹9,709/m*",₹5.50 lakh
Maruti Baleno,Maruti,2018,"77,880 km",Petrol,Manual,"EMI ₹8,209/m*",₹4.65 lakh
Maruti Ciaz,Maruti,2016,"1,15,048 km",Diesel,Manual,"EMI ₹11,712/m*",₹4.45 lakh
Tata PUNCH,Tata,2025,"32,888 km",Petrol,Manual,"EMI ₹14,623/m*",₹8.54 lakh
Maruti Ciaz,Maruti,2016,"85,355 km",Petrol,Manual,"EMI ₹8,987/m*",₹4.04 lakh
Tata ALTROZ,Tata,2022,"53,509 km",Diesel,Manual,"EMI ₹13,081/m*",₹7.41 lakh
Volkswagen TAIGUN,Volkswagen,2024,"27,401 km",Petrol,Manual,"EMI ₹16,403/m*",₹9.58 lakh
Hyundai GRAND I10 NIOS,Hyundai,2022,"21,445 km",Petrol,Auto,"EMI ₹12,198/m*",₹6.91 lakh
Renault Scala,Renault,2012,"1,10,328 km",Diesel,Manual,"EMI ₹12,198/m*",₹2.41 lakh
KIA SELTOS,KIA,2021,"44,278 km",Petrol,Manual,"EMI ₹16,592/m*",₹9.69 lakh
Ford Ecosport,Ford,2017,"1,28,731 km",Diesel,Manual,"EMI ₹12,101/m*",₹5.44 lakh
Honda City,Honda,2015,"25,133 km",Petrol,Manual,"EMI ₹12,456/m*",₹4.73 lakh
Mahindra Scorpio,Mahindra,2022,"65,527 km",Diesel,Manual,"EMI ₹22,225/m*",₹12.98 lakh
Tata NEXON,Tata,2020,"67,508 km",Petrol,Manual,"EMI ₹11,563/m*",₹6.55 lakh
Maruti Swift,Maruti,2014,"58,144 km",Diesel,Manual,"EMI ₹20,383/m*",₹4.33 lakh
Tata ALTROZ,Tata,2022,"44,819 km",Diesel,Manual,"EMI ₹12,816/m*",₹7.26 lakh
Ford Ecosport,Ford,2020,"42,214 km",Petrol,Manual,"EMI ₹12,622/m*",₹7.15 lakh
Hyundai AURA,Hyundai,2023,"49,247 km",Petrol,Manual,"EMI ₹12,692/m*",₹7.19 lakh
Skoda Rapid,Skoda,2012,"88,049 km",Diesel,Manual,"EMI ₹12,692/m*",₹2.57 lakh
Mahindra XUV700,Mahindra,2022,"42,442 km",Petrol,Manual,"EMI ₹21,934/m*",₹12.81 lakh
Honda Amaze,Honda,2020,"43,252 km",Petrol,Manual,"EMI ₹11,121/m*",₹6.30 lakh
Maruti Wagon R 1.0,Maruti,2018,"1,45,987 km",Petrol,Manual,"EMI ₹7,786/m*",₹3.50 lakh
Hyundai Grand i10,Hyundai,2019,"18,399 km",Petrol,Manual,"EMI ₹8,473/m*",₹4.80 lakh
Mahindra SCORPIO-N,Mahindra,2024,"5,169 km",Petrol,Manual,"EMI ₹27,053/m*",₹15.80 lakh
Mahindra XUV500,Mahindra,2016,"95,698 km",Diesel,Manual,"EMI ₹21,297/m*",₹8.24 lakh
Mahindra XUV700,Mahindra,2024,"8,626 km",Diesel,Auto,"EMI ₹38,080/m*",₹22.24 lakh
Maruti New Wagon-R,Maruti,2023,"65,514 km",Petrol,Manual,"EMI ₹9,709/m*",₹5.50 lakh
Maruti Vitara Brezza,Maruti,2020,"28,503 km",Petrol,Auto,"EMI ₹12,269/m*",₹6.95 lakh
Hyundai VENUE,Hyundai,2023,"57,504 km",Diesel,Manual,"EMI ₹16,164/m*",₹9.44 lakh
Hyundai AURA,Hyundai,2023,"27,673 km",Petrol,Manual,"EMI ₹13,081/m*",₹7.41 lakh
Skoda KUSHAQ,Skoda,2023,"11,625 km",Petrol,Manual,"EMI ₹18,715/m*",₹10.93 lakh
Renault Kiger,Renault,2022,"17,703 km",Petrol,Auto,"EMI ₹10,927/m*",₹6.19 lakh
Renault Duster,Renault,2015,"56,508 km",Diesel,Manual,"EMI ₹14,614/m*",₹4.40 lakh
Maruti XL6,Maruti,2023,"1,10,934 km",Petrol,Manual,"EMI ₹20,047/m*",₹9.22 lakh
Tata ALTROZ,Tata,2023,"31,782 km",Petrol,Manual,"EMI ₹13,857/m*",₹7.85 lakh
Tata Tiago,Tata,2019,"48,749 km",Petrol,Manual,"EMI ₹7,944/m*",₹4.50 lakh
Honda City,Honda,2022,"24,662 km",Petrol,Auto,"EMI ₹18,509/m*",₹10.81 lakh
Tata Indica Vista,Tata,2011,"1,08,494 km",Diesel,Manual,"EMI ₹18,509/m*",₹1.15 lakh
Mahindra XUV500,Mahindra,2019,"62,239 km",Diesel,Manual,"EMI ₹16,129/m*",₹9.42 lakh
Mitsubishi Pajero Sport,Mitsubishi,2016,"1,61,091 km",Diesel,Auto,"EMI ₹14,879/m*",₹5.65 lakh
Hyundai NEW SANTRO,Hyundai,2019,"67,332 km",Petrol,Manual,"EMI ₹7,114/m*",₹4.03 lakh
Mercedes Benz B Class,Mercedes,2012,"40,093 km",Petrol,Auto,"EMI ₹45,668/m*",₹5.14 lakh
BMW X1,BMW,2012,"1,07,200 km",Diesel,Auto,"EMI ₹45,668/m*",₹4.60 lakh
Maruti Ertiga,Maruti,2020,"85,991 km",Petrol,Manual,"EMI ₹15,650/m*",₹9.14 lakh
KIA SONET,KIA,2021,"65,110 km",Diesel,Manual,"EMI ₹16,266/m*",₹9.50 lakh
Mahindra XUV 3XO,Mahindra,2024,"34,274 km",Diesel,Auto,"EMI ₹23,115/m*",₹13.50 lakh
Mahindra XUV700,Mahindra,2022,"50,114 km",Petrol,Manual,"EMI ₹22,396/m*",₹13.08 lakh
Tata ALTROZ,Tata,2024,"38,203 km",Petrol,Manual,"EMI ₹13,575/m*",₹7.69 lakh
Landrover Freelander 2,Landrover,2013,"1,22,307 km",Diesel,Auto,"EMI ₹78,483/m*",₹8.88 lakh
Honda City,Honda,2014,"1,87,584 km",Diesel,Manual,"EMI ₹22,219/m*",₹4.72 lakh
Honda City,Honda,2018,"75,873 km",Petrol,Auto,"EMI ₹12,710/m*",₹7.20 lakh
Honda WR-V,Honda,2017,"80,545 km",Diesel,Manual,"EMI ₹15,460/m*",₹6.95 lakh
Honda Civic,Honda,2011,"1,00,266 km",Petrol,Manual,"EMI ₹15,460/m*",₹3.28 lakh
Maruti Ertiga,Maruti,2017,"1,53,410 km",Petrol,Manual,"EMI ₹17,506/m*",₹7.87 lakh
Ford Ecosport,Ford,2017,"43,144 km",Petrol,Manual,"EMI ₹9,756/m*",₹4.99 lakh
Tata ALTROZ,Tata,2025,"26,864 km",Petrol,Manual,"EMI ₹14,554/m*",₹8.50 lakh
Ford Ecosport,Ford,2014,"1,34,988 km",Diesel,Manual,"EMI ₹16,711/m*",₹3.55 lakh
Maruti New Wagon-R,Maruti,2021,"68,163 km",Petrol,Manual,"EMI ₹8,738/m*",₹4.95 lakh
Maruti Ciaz,Maruti,2014,"33,199 km",Petrol,Auto,"EMI ₹13,751/m*",₹4.14 lakh
Hyundai Grand i10,Hyundai,2019,"27,009 km",Petrol,Manual,"EMI ₹8,332/m*",₹4.72 lakh
Honda City,Honda,2014,"1,10,164 km",Petrol,Auto,"EMI ₹14,946/m*",₹4.50 lakh
Maruti New Wagon-R,Maruti,2021,"1,03,393 km",Petrol,Manual,"EMI ₹10,010/m*",₹4.50 lakh
Maruti Vitara Brezza,Maruti,2017,"1,21,061 km",Diesel,Manual,"EMI ₹11,144/m*",₹5.01 lakh
Hyundai Creta,Hyundai,2015,"1,63,870 km",Diesel,Manual,"EMI ₹26,073/m*",₹7.85 lakh
Maruti Celerio,Maruti,2022,"52,382 km",Petrol,Manual,"EMI ₹8,773/m*",₹4.97 lakh
Tata Harrier,Tata,2024,"16,223 km",Diesel,Auto,"EMI ₹38,971/m*",₹22.76 lakh
KIA SONET,KIA,2022,"22,656 km",Diesel,Manual,"EMI ₹15,205/m*",₹8.88 lakh
Hyundai Grand i10,Hyundai,2018,"40,060 km",Petrol,Manual,"EMI ₹7,167/m*",₹4.06 lakh
Toyota Glanza,Toyota,2019,"33,916 km",Petrol,Manual,"EMI ₹10,556/m*",₹5.98 lakh
KIA SELTOS,KIA,2022,"28,675 km",Petrol,Auto,"EMI ₹21,146/m*",₹12.35 lakh
KIA SONET,KIA,2024,"17,886 km",Petrol,Manual,"EMI ₹14,503/m*",₹8.47 lakh
Tata ALTROZ,Tata,2023,"27,513 km",Petrol,Manual,"EMI ₹12,886/m*",₹7.30 lakh
Maruti XL6,Maruti,2024,"51,474 km",Petrol,Manual,"EMI ₹19,537/m*",₹11.41 lakh
Maruti Ertiga,Maruti,2023,"64,922 km",Petrol,Manual,"EMI ₹17,979/m*",₹10.50 lakh
BMW 1 Series,BMW,2013,"79,962 km",Diesel,Auto,"EMI ₹53,309/m*",₹6.00 lakh
Ford Ecosport,Ford,2015,"78,250 km",Diesel,Manual,"EMI ₹14,880/m*",₹4.48 lakh
Maruti BREZZA,Maruti,2023,"43,870 km",Petrol,Manual,"EMI ₹13,972/m*",₹8.16 lakh
Hyundai Creta,Hyundai,2018,"96,797 km",Petrol,Auto,"EMI ₹14,914/m*",₹8.71 lakh
Maruti Baleno,Maruti,2023,"28,047 km",Petrol,Auto,"EMI ₹13,963/m*",₹7.91 lakh
Honda Amaze,Honda,2019,"13,618 km",Petrol,Auto,"EMI ₹10,380/m*",₹5.88 lakh
Mahindra Scorpio,Mahindra,2012,"1,37,828 km",Diesel,Manual,"EMI ₹10,380/m*",₹3.48 lakh
Maruti S Cross,Maruti,2020,"1,26,086 km",Petrol,Manual,"EMI ₹12,568/m*",₹5.65 lakh
Maruti Swift,Maruti,2012,"1,14,975 km",Diesel,Manual,"EMI ₹12,568/m*",₹3.44 lakh
Hyundai Xcent,Hyundai,2016,"1,07,850 km",Petrol,Manual,"EMI ₹7,452/m*",₹3.35 lakh
Hyundai VENUE,Hyundai,2024,"12,260 km",Petrol,Manual,"EMI ₹14,468/m*",₹8.45 lakh
Maruti Ciaz,Maruti,2016,"65,831 km",Petrol,Manual,"EMI ₹9,832/m*",₹4.42 lakh
Audi A4,Audi,2013,"89,451 km",Diesel,Auto,"EMI ₹65,037/m*",₹7.32 lakh
Maruti S PRESSO,Maruti,2023,886 km,Petrol,Manual,"EMI ₹7,944/m*",₹4.50 lakh
Maruti Celerio,Maruti,2021,"1,42,029 km",Petrol,Manual,"EMI ₹10,989/m*",₹4.94 lakh
Tata Tiago,Tata,2024,"35,708 km",Petrol,Manual,"EMI ₹9,356/m*",₹5.30 lakh
Tata Tiago,Tata,2025,393 km,Petrol,Manual,"EMI ₹9,991/m*",₹5.66 lakh
Mahindra XUV500,Mahindra,2013,"1,00,819 km",Diesel,Manual,"EMI ₹31,097/m*",₹3.50 lakh
Hyundai VENUE,Hyundai,2021,"27,523 km",Petrol,Manual,"EMI ₹12,428/m*",₹7.04 lakh
Ford Ecosport,Ford,2017,"99,999 km",Petrol,Manual,"EMI ₹9,658/m*",₹4.94 lakh
Maruti Ertiga,Maruti,2015,"94,127 km",Diesel,Manual,"EMI ₹22,586/m*",₹6.80 lakh
Mahindra XUV700,Mahindra,2021,"80,192 km",Diesel,Auto,"EMI ₹30,067/m*",₹17.56 lakh
Maruti Ertiga,Maruti,2013,"97,973 km",Petrol,Manual,"EMI ₹18,359/m*",₹3.90 lakh
Hyundai VENUE,Hyundai,2021,"75,869 km",Petrol,Manual,"EMI ₹13,698/m*",₹8.00 lakh
Mahindra XUV500,Mahindra,2019,"66,921 km",Diesel,Auto,"EMI ₹16,078/m*",₹9.39 lakh
Hyundai Creta,Hyundai,2021,"23,422 km",Diesel,Manual,"EMI ₹20,598/m*",₹12.03 lakh
Maruti Vitara Brezza,Maruti,2021,"84,864 km",Petrol,Manual,"EMI ₹13,063/m*",₹7.40 lakh
Maruti IGNIS,Maruti,2017,"16,098 km",Petrol,Auto,"EMI ₹8,798/m*",₹4.50 lakh
Tata PUNCH,Tata,2025,386 km,Petrol,Manual,"EMI ₹13,835/m*",₹8.08 lakh
Hyundai Verna,Hyundai,2023,"64,386 km",Petrol,Manual,"EMI ₹20,667/m*",₹12.07 lakh
Hyundai Creta,Hyundai,2016,"1,10,180 km",Petrol,Manual,"EMI ₹14,793/m*",₹6.65 lakh
KIA SELTOS,KIA,2019,"1,95,106 km",Diesel,Auto,"EMI ₹21,199/m*",₹9.75 lakh
Toyota Corolla Altis,Toyota,2019,"23,525 km",Petrol,Auto,"EMI ₹18,287/m*",₹10.68 lakh
Honda Amaze,Honda,2022,"49,927 km",Petrol,Auto,"EMI ₹13,240/m*",₹7.50 lakh
Maruti New Wagon-R,Maruti,2023,"25,284 km",Petrol,Auto,"EMI ₹11,262/m*",₹6.38 lakh
Hyundai Creta,Hyundai,2018,"90,272 km",Diesel,Manual,"EMI ₹15,437/m*",₹8.11 lakh
Hyundai VENUE,Hyundai,2022,"25,004 km",Petrol,Manual,"EMI ₹13,010/m*",₹7.37 lakh
Maruti Ertiga,Maruti,2023,"66,082 km",Petrol,Manual,"EMI ₹17,088/m*",₹9.98 lakh
Hyundai Santro Xing,Hyundai,2010,"75,700 km",Petrol,Manual,"EMI ₹17,088/m*",₹3.42 lakh
Tata ALTROZ,Tata,2023,"68,473 km",Petrol,Manual,"EMI ₹12,851/m*",₹7.28 lakh
KIA SONET,KIA,2022,"28,170 km",Diesel,Manual,"EMI ₹17,705/m*",₹10.34 lakh
Maruti Dzire,Maruti,2019,"87,982 km",Diesel,Auto,"EMI ₹10,597/m*",₹6.00 lakh
Mahindra Thar,Mahindra,2023,"5,930 km",Diesel,Manual,"EMI ₹19,520/m*",₹11.40 lakh
Skoda SLAVIA,Skoda,2024,"16,985 km",Petrol,Auto,"EMI ₹22,739/m*",₹13.28 lakh
Volkswagen TAIGUN,Volkswagen,2023,"67,439 km",Petrol,Auto,"EMI ₹22,105/m*",₹12.91 lakh
Hyundai VENUE,Hyundai,2024,"6,869 km",Petrol,Manual,"EMI ₹17,191/m*",₹10.04 lakh
MG HECTOR PLUS,MG,2024,"41,124 km",Diesel,Manual,"EMI ₹33,303/m*",₹19.45 lakh
KIA SONET,KIA,2020,"37,071 km",Petrol,Manual,"EMI ₹12,357/m*",₹7.00 lakh
Toyota Innova,Toyota,2014,"92,814 km",Diesel,Manual,"EMI ₹39,617/m*",₹8.50 lakh
Renault Duster,Renault,2021,"30,909 km",Petrol,Auto,"EMI ₹14,811/m*",₹8.65 lakh
Maruti New Wagon-R,Maruti,2020,"95,069 km",Petrol,Manual,"EMI ₹7,926/m*",₹4.49 lakh
MG HECTOR,MG,2021,"85,293 km",Diesel,Manual,"EMI ₹21,335/m*",₹12.46 lakh
KIA SELTOS,KIA,2021,"81,889 km",Diesel,Manual,"EMI ₹16,266/m*",₹9.50 lakh
Skoda Rapid,Skoda,2015,"1,83,128 km",Diesel,Auto,"EMI ₹12,954/m*",₹3.90 lakh
Maruti FRONX,Maruti,2025,"7,198 km",Petrol,Auto,"EMI ₹16,009/m*",₹9.35 lakh
Skoda Superb,Skoda,2015,"1,12,118 km",Petrol,Auto,"EMI ₹15,458/m*",₹5.87 lakh
Maruti S PRESSO,Maruti,2021,"73,043 km",Petrol,Manual,"EMI ₹6,249/m*",₹3.54 lakh
BMW X3,BMW,2013,"1,53,806 km",Diesel,Auto,"EMI ₹68,325/m*",₹7.69 lakh
Maruti New Wagon-R,Maruti,2020,"72,355 km",Petrol,Manual,"EMI ₹7,732/m*",₹4.38 lakh
Tata Tiago,Tata,2019,"52,696 km",Petrol,Manual,"EMI ₹7,344/m*",₹4.16 lakh
Maruti Baleno,Maruti,2024,"10,787 km",Petrol,Auto,"EMI ₹14,040/m*",₹8.20 lakh
BMW 5 Series,BMW,2012,"90,754 km",Diesel,Auto,"EMI ₹14,040/m*",₹8.00 lakh
Tata Aria,Tata,2011,"84,245 km",Diesel,Manual,"EMI ₹14,040/m*",₹3.61 lakh
Tata NEXON EV,Tata,2022,"77,446 km",Electric,Auto,"EMI ₹12,516/m*",₹7.09 lakh
Honda WR-V,Honda,2022,"87,266 km",Diesel,Manual,"EMI ₹14,537/m*",₹8.49 lakh
KIA SONET,KIA,2023,"12,743 km",Diesel,Manual,"EMI ₹15,924/m*",₹9.30 lakh
Toyota Corolla Altis,Toyota,2011,"86,403 km",Diesel,Manual,"EMI ₹15,924/m*",₹3.54 lakh
Toyota Corolla Altis,Toyota,2011,"89,472 km",Petrol,Auto,"EMI ₹15,924/m*",₹3.97 lakh
Honda Mobilio,Honda,2014,"1,54,880 km",Petrol,Manual,"EMI ₹11,625/m*",₹3.50 lakh
Hyundai EXTER,Hyundai,2024,"8,999 km",Petrol,Auto,"EMI ₹13,875/m*",₹7.86 lakh
Honda City,Honda,2022,"26,694 km",Petrol,Auto,"EMI ₹16,403/m*",₹9.58 lakh
Skoda Octavia,Skoda,2015,"1,41,996 km",Diesel,Auto,"EMI ₹21,855/m*",₹6.58 lakh
Maruti Celerio,Maruti,2020,"80,975 km",Petrol,Manual,"EMI ₹7,238/m*",₹4.10 lakh
Mahindra XUV300,Mahindra,2023,"70,469 km",Diesel,Manual,"EMI ₹15,410/m*",₹9.00 lakh
Hyundai Creta,Hyundai,2018,"65,852 km",Petrol,Auto,"EMI ₹16,078/m*",₹9.39 lakh
Jeep Compass,Jeep,2018,"60,445 km",Petrol,Auto,"EMI ₹14,623/m*",₹8.54 lakh
Chevrolet Captiva,Chevrolet,2011,"99,696 km",Diesel,Auto,"EMI ₹14,623/m*",₹5.70 lakh
Mahindra Scorpio,Mahindra,2014,"1,23,346 km",Diesel,Manual,"EMI ₹24,243/m*",₹5.15 lakh
BMW X1,BMW,2014,"85,258 km",Diesel,Auto,"EMI ₹36,435/m*",₹7.74 lakh
Tata Curvv,Tata,2024,"29,419 km",Petrol,Auto,"EMI ₹24,810/m*",₹14.49 lakh
KIA SONET,KIA,2020,"25,336 km",Petrol,Manual,"EMI ₹14,109/m*",₹8.24 lakh
Mahindra Thar,Mahindra,2023,"60,767 km",Diesel,Auto,"EMI ₹25,170/m*",₹14.70 lakh
Mahindra XUV700,Mahindra,2025,"10,190 km",Petrol,Auto,"EMI ₹40,186/m*",₹23.47 lakh
Renault Duster,Renault,2018,"1,32,893 km",Diesel,Manual,"EMI ₹12,190/m*",₹5.48 lakh
Maruti Ertiga,Maruti,2023,"34,319 km",Petrol,Manual,"EMI ₹17,550/m*",₹10.25 lakh
Hyundai VENUE,Hyundai,2023,"17,415 km",Petrol,Manual,"EMI ₹14,554/m*",₹8.50 lakh
Jeep Compass,Jeep,2019,"1,03,535 km",Diesel,Manual,"EMI ₹21,742/m*",₹10.00 lakh
Hyundai Creta,Hyundai,2023,"18,387 km",Petrol,Manual,"EMI ₹22,311/m*",₹13.03 lakh
Toyota Corolla Altis,Toyota,2012,"2,16,647 km",Diesel,Manual,"EMI ₹22,311/m*",₹3.86 lakh
KIA SONET,KIA,2024,"1,440 km",Petrol,Manual,"EMI ₹16,027/m*",₹9.36 lakh
Renault Duster,Renault,2016,"1,28,049 km",Diesel,Auto,"EMI ₹13,167/m*",₹5.00 lakh
Maruti Ciaz,Maruti,2015,"1,14,356 km",Diesel,Manual,"EMI ₹13,983/m*",₹4.21 lakh
Hyundai Creta,Hyundai,2021,"92,245 km",Diesel,Manual,"EMI ₹21,985/m*",₹12.84 lakh
Hyundai AURA,Hyundai,2024,"9,394 km",Petrol,Manual,"EMI ₹13,240/m*",₹7.50 lakh
BMW 3 Series,BMW,2010,"46,589 km",Diesel,Auto,"EMI ₹13,240/m*",₹8.50 lakh
Hyundai EXTER,Hyundai,2024,"20,926 km",Petrol,Manual,"EMI ₹13,646/m*",₹7.73 lakh
Renault Duster,Renault,2017,"91,774 km",Petrol,Auto,"EMI ₹10,264/m*",₹5.25 lakh
Skoda Octavia,Skoda,2014,"1,16,747 km",Diesel,Auto,"EMI ₹27,538/m*",₹5.85 lakh
Hyundai Creta,Hyundai,2018,"1,26,019 km",Diesel,Manual,"EMI ₹19,372/m*",₹8.91 lakh
Maruti Ertiga,Maruti,2023,"26,381 km",Petrol,Manual,"EMI ₹19,211/m*",₹11.22 lakh
Toyota Fortuner,Toyota,2016,"88,473 km",Diesel,Manual,"EMI ₹37,941/m*",₹14.68 lakh
KIA SONET,KIA,2021,"50,758 km",Petrol,Auto,"EMI ₹17,979/m*",₹10.50 lakh
KIA SELTOS,KIA,2023,"20,664 km",Diesel,Auto,"EMI ₹30,666/m*",₹17.91 lakh
Mahindra Scorpio,Mahindra,2014,"1,31,293 km",Diesel,Manual,"EMI ₹22,125/m*",₹4.70 lakh
Hyundai NEW I20 N LINE,Hyundai,2023,"25,000 km",Petrol,Auto,"EMI ₹15,753/m*",₹9.20 lakh
KIA SELTOS,KIA,2021,"35,097 km",Petrol,Auto,"EMI ₹21,403/m*",₹12.50 lakh
Maruti Ciaz,Maruti,2022,"20,506 km",Petrol,Auto,"EMI ₹14,825/m*",₹8.66 lakh
MG HECTOR,MG,2019,"19,533 km",Petrol,Auto,"EMI ₹21,198/m*",₹12.38 lakh
Maruti XL6,Maruti,2024,"16,075 km",Petrol,Manual,"EMI ₹19,708/m*",₹11.51 lakh
Skoda Superb,Skoda,2012,"1,12,561 km",Petrol,Auto,"EMI ₹49,844/m*",₹5.61 lakh
Mahindra XUV300,Mahindra,2023,"78,824 km",Diesel,Auto,"EMI ₹15,410/m*",₹9.00 lakh
Maruti Celerio,Maruti,2023,"15,629 km",Petrol,Manual,"EMI ₹9,709/m*",₹5.50 lakh
Hyundai Creta,Hyundai,2023,"20,439 km",Petrol,Auto,"EMI ₹23,971/m*",₹14.00 lakh
Tata Safari,Tata,2022,"91,870 km",Diesel,Auto,"EMI ₹27,396/m*",₹16.00 lakh
Toyota Fortuner,Toyota,2015,"1,73,127 km",Diesel,Auto,"EMI ₹44,197/m*",₹13.50 lakh
Mahindra XUV300,Mahindra,2023,"37,219 km",Diesel,Manual,"EMI ₹17,979/m*",₹10.50 lakh
Ford Ecosport,Ford,2020,"1,01,035 km",Petrol,Auto,"EMI ₹15,326/m*",₹6.89 lakh
Toyota Innova,Toyota,2013,"2,33,461 km",Diesel,Manual,"EMI ₹48,956/m*",₹5.51 lakh
Hyundai VENUE,Hyundai,2023,"16,518 km",Petrol,Auto,"EMI ₹19,520/m*",₹11.40 lakh
Renault Koleos,Renault,2011,"1,78,203 km",Diesel,Auto,"EMI ₹19,520/m*",₹6.24 lakh
Volkswagen Passat,Volkswagen,2011,"1,41,194 km",Diesel,Auto,"EMI ₹19,520/m*",₹7.48 lakh
Mahindra Thar,Mahindra,2023,"26,941 km",Diesel,Manual,"EMI ₹23,629/m*",₹13.80 lakh
Toyota Corolla Altis,Toyota,2013,"1,39,094 km",Diesel,Manual,"EMI ₹37,405/m*",₹4.21 lakh
Maruti Eeco,Maruti,2019,"77,458 km",Petrol,Manual,"EMI ₹8,738/m*",₹4.95 lakh
Renault Duster,Renault,2016,"1,02,785 km",Diesel,Manual,"EMI ₹11,087/m*",₹4.21 lakh
Hyundai AURA,Hyundai,2024,"40,215 km",Petrol,Manual,"EMI ₹13,946/m*",₹7.90 lakh
Tata Harrier,Tata,2021,"87,102 km",Diesel,Manual,"EMI ₹19,691/m*",₹11.50 lakh
Hyundai EXTER,Hyundai,2024,"10,341 km",Petrol,Manual,"EMI ₹14,143/m*",₹8.26 lakh
KIA SELTOS,KIA,2020,"75,906 km",Petrol,Manual,"EMI ₹16,592/m*",₹9.69 lakh
Maruti Dzire,Maruti,2021,"40,269 km",Petrol,Manual,"EMI ₹10,662/m*",₹6.04 lakh
Toyota Corolla Altis,Toyota,2011,"1,57,894 km",Diesel,Manual,"EMI ₹10,662/m*",₹3.48 lakh
Maruti New Wagon-R,Maruti,2021,"1,67,033 km",Petrol,Manual,"EMI ₹8,898/m*",₹4.00 lakh
Tata TIAGO EV,Tata,2024,"1,483 km",Electric,Auto,"EMI ₹11,582/m*",₹6.56 lakh
Maruti Grand Vitara,Maruti,2023,"26,044 km",Petrol,Auto,"EMI ₹24,571/m*",₹14.35 lakh
BMW 5 Series,BMW,2012,"71,849 km",Diesel,Auto,"EMI ₹24,571/m*",₹11.34 lakh
Tata TIAGO EV,Tata,2023,"24,979 km",Electric,Auto,"EMI ₹11,209/m*",₹6.35 lakh
Audi A6,Audi,2012,"95,782 km",Diesel,Auto,"EMI ₹11,209/m*",₹7.45 lakh
Jeep Compass,Jeep,2022,"43,931 km",Diesel,Auto,"EMI ₹42,686/m*",₹24.93 lakh
KIA SELTOS,KIA,2023,"40,065 km",Diesel,Auto,"EMI ₹29,964/m*",₹17.50 lakh
Ford Endeavour,Ford,2013,"1,27,352 km",Diesel,Auto,"EMI ₹61,128/m*",₹6.88 lakh
BMW 5 Series,BMW,2011,"1,76,851 km",Diesel,Auto,"EMI ₹61,128/m*",₹8.60 lakh
Mercedes Benz Ml Class,Mercedes,2011,"1,17,867 km",Diesel,Auto,"EMI ₹61,128/m*",₹9.33 lakh
Mahindra XUV300,Mahindra,2021,"20,229 km",Petrol,Manual,"EMI ₹14,811/m*",₹8.65 lakh
Mahindra Scorpio,Mahindra,2013,"1,45,176 km",Diesel,Manual,"EMI ₹42,559/m*",₹4.79 lakh
Tata NEXON,Tata,2017,"1,73,781 km",Diesel,Manual,"EMI ₹12,234/m*",₹5.50 lakh
CITROEN E C3,CITROEN,2023,"56,812 km",Electric,Auto,"EMI ₹15,068/m*",₹8.80 lakh
Jeep Compass,Jeep,2022,"73,688 km",Diesel,Auto,"EMI ₹41,094/m*",₹24.00 lakh
Mercedes Benz C Class,Mercedes,2011,"92,268 km",Diesel,Auto,"EMI ₹41,094/m*",₹7.83 lakh
Renault Koleos,Renault,2011,"1,51,904 km",Diesel,Auto,"EMI ₹41,094/m*",₹3.50 lakh
MG HECTOR,MG,2024,"12,510 km",Diesel,Manual,"EMI ₹31,163/m*",₹18.20 lakh
Tata TIAGO NRG,Tata,2024,"31,105 km",Petrol,Auto,"EMI ₹11,191/m*",₹6.34 lakh
Tata Safari,Tata,2022,"48,829 km",Diesel,Auto,"EMI ₹28,235/m*",₹16.49 lakh
MG HECTOR,MG,2020,"21,014 km",Petrol,Auto,"EMI ₹18,492/m*",₹10.80 lakh
Mercedes Benz E Class,Mercedes,2013,"1,03,208 km",Diesel,Auto,"EMI ₹84,846/m*",₹9.60 lakh
Tata PUNCH EV,Tata,2025,"3,227 km",Electric,Auto,"EMI ₹24,417/m*",₹14.26 lakh
Maruti Eeco,Maruti,2022,"51,545 km",Petrol,Manual,"EMI ₹10,221/m*",₹5.79 lakh
Tata PUNCH EV,Tata,2024,"22,232 km",Electric,Auto,"EMI ₹18,835/m*",₹11.00 lakh
Tata TIAGO EV,Tata,2023,"28,236 km",Electric,Auto,"EMI ₹14,503/m*",₹8.47 lakh
Maruti Eeco,Maruti,2022,"1,45,416 km",Petrol,Manual,"EMI ₹13,369/m*",₹6.01 lakh
Tata NEXON EV,Tata,2023,"20,883 km",Electric,Auto,"EMI ₹17,979/m*",₹10.50 lakh
Jeep Compass,Jeep,2020,"1,80,243 km",Diesel,Manual,"EMI ₹23,134/m*",₹10.64 lakh
Hyundai Santa Fe,Hyundai,2013,"80,585 km",Diesel,Manual,"EMI ₹52,065/m*",₹5.86 lakh
Tata NEXON EV,Tata,2022,"51,828 km",Electric,Auto,"EMI ₹18,835/m*",₹11.00 lakh
Maruti Eeco,Maruti,2021,"70,844 km",Petrol,Manual,"EMI ₹9,921/m*",₹5.62 lakh
Hyundai ALCAZAR,Hyundai,2023,"23,527 km",Diesel,Manual,"EMI ₹26,386/m*",₹15.41 lakh
Maruti Ertiga,Maruti,2023,"59,879 km",Petrol,Manual,"EMI ₹17,979/m*",₹10.50 lakh
Tata TIAGO EV,Tata,2023,"58,254 km",Electric,Auto,"EMI ₹13,275/m*",₹7.52 lakh
Tata NEXON EV,Tata,2021,"37,129 km",Electric,Auto,"EMI ₹13,869/m*",₹8.10 lakh
CITROEN C5 AIRCROSS,CITROEN,2021,"63,692 km",Diesel,Auto,"EMI ₹40,169/m*",₹23.46 lakh
Tata NEXON EV,Tata,2022,"80,833 km",Electric,Auto,"EMI ₹20,119/m*",₹11.75 lakh
KIA SELTOS,KIA,2020,"66,522 km",Diesel,Auto,"EMI ₹24,108/m*",₹14.08 lakh
Mahindra XUV400,Mahindra,2024,"31,331 km",Electric,Auto,"EMI ₹24,365/m*",₹14.23 lakh
Mahindra SCORPIO-N,Mahindra,2022,"79,365 km",Diesel,Auto,"EMI ₹31,711/m*",₹18.52 lakh
Toyota Fortuner,Toyota,2014,"2,10,915 km",Diesel,Auto,"EMI ₹64,925/m*",₹13.93 lakh
Skoda Kodiaq,Skoda,2019,"90,963 km",Diesel,Auto,"EMI ₹42,806/m*",₹25.00 lakh
Maruti Celerio,Maruti,2023,"5,773 km",Petrol,Manual,"EMI ₹10,239/m*",₹5.80 lakh
Maruti Swift,Maruti,2018,"1,34,932 km",Petrol,Manual,"EMI ₹9,721/m*",₹4.37 lakh
Maruti Zen Estilo,Maruti,2012,"44,804 km",Petrol,Manual,"EMI ₹14,660/m*",₹1.65 lakh
Datsun Go,Datsun,2016,"86,509 km",Petrol,Manual,"EMI ₹2,914/m*",₹1.31 lakh
Maruti XL6,Maruti,2019,"1,43,829 km",Petrol,Auto,"EMI ₹16,617/m*",₹7.47 lakh
Hyundai VENUE,Hyundai,2020,"1,31,790 km",Petrol,Manual,"EMI ₹15,638/m*",₹7.03 lakh
Toyota Etios,Toyota,2011,"87,480 km",Petrol,Manual,"EMI ₹15,638/m*",₹1.90 lakh
Maruti Dzire,Maruti,2017,"53,571 km",Petrol,Auto,"EMI ₹9,443/m*",₹4.83 lakh
Skoda SLAVIA,Skoda,2022,"47,064 km",Petrol,Auto,"EMI ₹18,783/m*",₹10.97 lakh
Honda Amaze,Honda,2023,"39,483 km",Petrol,Manual,"EMI ₹10,998/m*",₹6.23 lakh
Hyundai AURA,Hyundai,2024,"13,286 km",Petrol,Manual,"EMI ₹13,910/m*",₹7.88 lakh
Hyundai Grand i10,Hyundai,2013,"1,64,113 km",Diesel,Manual,"EMI ₹20,524/m*",₹2.31 lakh
Tata Tiago,Tata,2022,"40,056 km",Petrol,Manual,"EMI ₹8,067/m*",₹4.57 lakh
Maruti Vitara Brezza,Maruti,2016,"51,876 km",Diesel,Manual,"EMI ₹16,511/m*",₹6.27 lakh
Maruti Dzire,Maruti,2022,"45,937 km",Petrol,Manual,"EMI ₹8,879/m*",₹5.03 lakh
Maruti Swift Dzire,Maruti,2016,"76,228 km",Petrol,Manual,"EMI ₹6,651/m*",₹2.99 lakh
MG HECTOR,MG,2021,"17,568 km",Petrol,Auto,"EMI ₹22,259/m*",₹13.00 lakh
Maruti Swift,Maruti,2015,"58,770 km",Petrol,Manual,"EMI ₹8,434/m*",₹3.20 lakh
Volkswagen Polo,Volkswagen,2016,"77,068 km",Petrol,Manual,"EMI ₹8,030/m*",₹3.61 lakh
Toyota Innova Crysta,Toyota,2024,"28,782 km",Diesel,Manual,"EMI ₹41,094/m*",₹24.00 lakh
Mahindra XUV300,Mahindra,2019,"62,636 km",Petrol,Manual,"EMI ₹11,274/m*",₹6.39 lakh
Toyota YARIS,Toyota,2021,"39,201 km",Petrol,Manual,"EMI ₹10,433/m*",₹5.91 lakh
Hyundai NEW I20,Hyundai,2022,"11,438 km",Petrol,Auto,"EMI ₹13,411/m*",₹7.60 lakh
Tata NEXON,Tata,2020,"71,627 km",Petrol,Manual,"EMI ₹9,949/m*",₹5.64 lakh
KIA CARENS,KIA,2023,"35,362 km",Petrol,Manual,"EMI ₹16,831/m*",₹9.83 lakh
Hyundai Eon,Hyundai,2013,"93,032 km",Petrol,Manual,"EMI ₹6,436/m*",₹1.37 lakh
Honda Amaze,Honda,2019,"88,412 km",Diesel,Manual,"EMI ₹8,314/m*",₹4.71 lakh
Maruti Ritz,Maruti,2013,"79,160 km",Petrol,Manual,"EMI ₹8,050/m*",₹1.71 lakh
Hyundai Eon,Hyundai,2018,"68,625 km",Petrol,Manual,"EMI ₹3,848/m*",₹2.18 lakh
Hyundai Verna,Hyundai,2013,"31,253 km",Diesel,Manual,"EMI ₹33,318/m*",₹3.75 lakh
Renault Kwid,Renault,2018,"47,888 km",Petrol,Auto,"EMI ₹4,095/m*",₹2.32 lakh
Tata Tiago,Tata,2022,"24,686 km",CNG,Manual,"EMI ₹7,714/m*",₹4.37 lakh
Maruti New Wagon-R,Maruti,2019,"50,972 km",CNG,Manual,"EMI ₹7,820/m*",₹4.00 lakh
Toyota Etios,Toyota,2014,"78,066 km",Petrol,Manual,"EMI ₹8,382/m*",₹2.52 lakh
Volkswagen VIRTUS,Volkswagen,2022,"11,979 km",Petrol,Auto,"EMI ₹19,708/m*",₹11.51 lakh
Maruti Celerio,Maruti,2017,"98,088 km",CNG,Auto,"EMI ₹8,616/m*",₹3.27 lakh
Hyundai Creta,Hyundai,2016,"1,14,301 km",CNG,Manual,"EMI ₹18,965/m*",₹5.71 lakh
Hyundai GRAND I10 NIOS,Hyundai,2022,"1,36,340 km",CNG,Manual,"EMI ₹10,328/m*",₹4.64 lakh
Maruti Baleno,Maruti,2018,"55,742 km",Petrol,Manual,"EMI ₹7,679/m*",₹4.35 lakh
Honda Amaze,Honda,2014,"51,495 km",Petrol,Manual,"EMI ₹9,847/m*",₹2.96 lakh
Hyundai NEW I20,Hyundai,2021,"34,039 km",Petrol,Auto,"EMI ₹12,004/m*",₹6.80 lakh
Honda City,Honda,2014,"1,17,962 km",Petrol,Manual,"EMI ₹9,674/m*",₹2.91 lakh
Tata Tiago,Tata,2018,"41,941 km",Petrol,Auto,"EMI ₹5,313/m*",₹3.01 lakh
Maruti Swift Dzire,Maruti,2014,"45,890 km",Petrol,Manual,"EMI ₹9,433/m*",₹2.84 lakh
Datsun Redi Go,Datsun,2018,"28,250 km",Petrol,Auto,"EMI ₹3,478/m*",₹1.97 lakh
Ford Ecosport,Ford,2019,"38,098 km",Petrol,Manual,"EMI ₹9,532/m*",₹5.40 lakh
Volkswagen Polo,Volkswagen,2018,"46,386 km",Petrol,Manual,"EMI ₹8,363/m*",₹4.74 lakh
Maruti Wagon R 1.0,Maruti,2016,"47,363 km",CNG,Manual,"EMI ₹8,569/m*",₹2.58 lakh
Renault Kwid,Renault,2021,"50,989 km",CNG,Manual,"EMI ₹5,468/m*",₹3.10 lakh
Hyundai AURA,Hyundai,2020,"41,247 km",Petrol,Auto,"EMI ₹8,355/m*",₹4.73 lakh
Maruti S PRESSO,Maruti,2022,"32,645 km",Petrol,Auto,"EMI ₹6,408/m*",₹3.63 lakh
Renault Kwid,Renault,2018,"24,667 km",Petrol,Auto,"EMI ₹4,731/m*",₹2.68 lakh
Volkswagen Vento,Volkswagen,2016,"86,836 km",Diesel,Auto,"EMI ₹12,640/m*",₹4.80 lakh
Maruti Celerio,Maruti,2017,"69,934 km",CNG,Manual,"EMI ₹8,506/m*",₹3.23 lakh
Hyundai New Elantra,Hyundai,2013,"34,857 km",Petrol,Manual,"EMI ₹16,363/m*",₹3.48 lakh
Mahindra XUV500,Mahindra,2018,"99,702 km",Diesel,Auto,"EMI ₹14,956/m*",₹7.65 lakh
Hyundai Grand i10,Hyundai,2018,"54,740 km",Petrol,Manual,"EMI ₹6,743/m*",₹3.82 lakh
Maruti Celerio,Maruti,2015,"88,205 km",Petrol,Auto,"EMI ₹6,030/m*",₹2.29 lakh
Maruti Alto 800,Maruti,2018,"69,702 km",CNG,Manual,"EMI ₹5,828/m*",₹2.62 lakh
Honda Amaze,Honda,2020,"85,968 km",Petrol,Manual,"EMI ₹7,588/m*",₹4.30 lakh
Maruti Wagon R 1.0,Maruti,2013,"91,826 km",Petrol,Manual,"EMI ₹8,276/m*",₹1.76 lakh
Tata ALTROZ,Tata,2023,"18,984 km",Petrol,Manual,"EMI ₹11,100/m*",₹6.29 lakh
Ford Ecosport,Ford,2016,"64,212 km",Petrol,Auto,"EMI ₹9,832/m*",₹4.42 lakh
Hyundai Eon,Hyundai,2014,"32,964 km",Petrol,Manual,"EMI ₹5,314/m*",₹1.60 lakh
Hyundai i10,Hyundai,2013,"96,687 km",CNG,Manual,"EMI ₹5,314/m*",₹1.89 lakh
Maruti Baleno,Maruti,2017,"29,055 km",Petrol,Auto,"EMI ₹9,048/m*",₹4.63 lakh
Honda BR-V,Honda,2016,"48,465 km",Petrol,Auto,"EMI ₹10,355/m*",₹4.66 lakh
Honda Jazz,Honda,2016,"69,887 km",Petrol,Manual,"EMI ₹7,732/m*",₹3.48 lakh
Renault Duster,Renault,2021,"33,610 km",Petrol,Manual,"EMI ₹10,812/m*",₹6.13 lakh
Tata Harrier,Tata,2020,"64,403 km",Diesel,Auto,"EMI ₹21,997/m*",₹12.85 lakh
Hyundai i10,Hyundai,2014,"72,480 km",CNG,Manual,"EMI ₹21,501/m*",₹2.42 lakh
Maruti Ertiga,Maruti,2013,"75,087 km",Petrol,Manual,"EMI ₹18,359/m*",₹3.90 lakh
Maruti Baleno,Maruti,2021,"49,890 km",Petrol,Auto,"EMI ₹10,140/m*",₹5.74 lakh
Mahindra XUV500,Mahindra,2015,"1,14,318 km",Diesel,Manual,"EMI ₹18,999/m*",₹5.72 lakh
Tata TIGOR,Tata,2023,"19,770 km",CNG,Manual,"EMI ₹10,921/m*",₹6.19 lakh
Hyundai i20,Hyundai,2013,"93,402 km",Petrol,Manual,"EMI ₹10,215/m*",₹2.17 lakh
Hyundai Grand i10,Hyundai,2017,"28,009 km",Petrol,Manual,"EMI ₹7,879/m*",₹4.03 lakh
Maruti Wagon R 1.0,Maruti,2014,"51,625 km",Petrol,Manual,"EMI ₹7,440/m*",₹2.24 lakh
KIA SONET,KIA,2022,"17,963 km",Petrol,Manual,"EMI ₹13,240/m*",₹7.50 lakh
Toyota YARIS,Toyota,2018,"55,033 km",Petrol,Auto,"EMI ₹10,617/m*",₹6.01 lakh
Tata Tiago,Tata,2020,"29,521 km",Petrol,Auto,"EMI ₹8,542/m*",₹4.84 lakh
Hyundai Elite i20,Hyundai,2018,"37,545 km",Petrol,Manual,"EMI ₹9,356/m*",₹5.30 lakh
Hyundai Grand i10,Hyundai,2016,"83,375 km",Petrol,Manual,"EMI ₹6,851/m*",₹3.08 lakh
Fiat Linea,Fiat,2016,"22,223 km",Petrol,Manual,"EMI ₹7,260/m*",₹3.26 lakh
Honda City,Honda,2015,"63,934 km",Petrol,Auto,"EMI ₹13,146/m*",₹4.99 lakh
Tata Tiago,Tata,2024,"3,289 km",Petrol,Auto,"EMI ₹11,389/m*",₹6.45 lakh
