Car Name,Company,Year of Manufacture,Distance Driven,Fuel Type,Gear Type,EMI,Price,Car Age,City
Tata TIGOR,Tata,2021,36206,Petrol,Manual,10060,570000.0,5,Bangalore
Maruti Wagon R 1.0,Maruti,2017,43965,Petrol,Auto,7484,383000.0,9,Bangalore
Renault Kwid,Renault,2017,45145,Petrol,Manual,5645,289000.0,9,Bangalore
Maruti Wagon R 1.0,Maruti,2017,49218,Petrol,Auto,7147,366000.0,9,Bangalore
Volkswagen Ameo,Volkswagen,2016,67291,Petrol,Manual,9518,428000.0,10,Bangalore
Hyundai Grand i10,Hyundai,2014,81419,Diesel,Manual,15461,328000.0,12,Bangalore
Honda Jazz,Honda,2017,71229,Petrol,Manual,9457,484000.0,9,Bangalore
Mahindra Kuv100,Mahindra,2017,91898,Petrol,Manual,5894,301000.0,9,Bangalore
Volkswagen Polo,Volkswagen,2015,65152,Petrol,Auto,11545,438000.0,11,Bangalore
Honda Jazz,Honda,2016,72685,Petrol,Auto,9409,423000.00000000006,10,Bangalore
Hyundai i10,Hyundai,2013,79492,Petrol,Manual,13146,279000.0,13,Bangalore
Maruti Swift,Maruti,2018,30281,Petrol,Auto,9423,534000.0,8,Bangalore
Hyundai i10,Hyundai,2013,68100,Petrol,Manual,13421,285000.0,13,Bangalore
Maruti Vitara Brezza,Maruti,2018,55196,Diesel,Auto,14663,750000.0,8,Bangalore
KIA SONET,KIA,2022,24322,Diesel,Manual,15838,925000.0,4,Bangalore
Skoda KUSHAQ,Skoda,2022,32356,Petrol,Manual,14537,849000.0,4,Bangalore
Hyundai Eon,Hyundai,2014,40419,Petrol,Manual,7871,237000.0,12,Bangalore
Ford Classic,Ford,2013,87098,Diesel,Manual,20020,225000.0,13,Bangalore
Mahindra XUV500,Mahindra,2016,64362,Diesel,Manual,20676,800000.0,10,Bangalore
Maruti Ciaz,Maruti,2015,51463,Petrol,Manual,13677,519000.00000000006,11,Bangalore
Maruti Vitara Brezza,Maruti,2019,69559,Diesel,Manual,15153,885000.0,7,Bangalore
Honda Jazz,Honda,2016,61368,Petrol,Manual,9146,411000.00000000006,10,Bangalore
Toyota Etios Liva,Toyota,2015,38768,Petrol,Manual,10036,381000.0,11,Bangalore
Hyundai Xcent,Hyundai,2014,109221,Petrol,Manual,9001,271000.0,12,Bangalore
Hyundai Grand i10,Hyundai,2014,36801,Petrol,Manual,10134,305000.0,12,Bangalore
Maruti Dzire,Maruti,2018,41032,Petrol,Auto,9279,526000.0,8,Bangalore
Maruti Ciaz,Maruti,2017,75373,Petrol,Manual,10557,540000.0,9,Bangalore
Maruti Baleno,Maruti,2018,85550,Petrol,Manual,9646,546000.0,8,Bangalore
Maruti Swift Dzire,Maruti,2014,68309,Petrol,Manual,11737,353000.0,12,Bangalore
Hyundai Grand i10,Hyundai,2015,62331,Petrol,Auto,10636,404000.0,11,Bangalore
Maruti Swift,Maruti,2016,18988,Petrol,Manual,10640,478000.0,10,Bangalore
Maruti Dzire,Maruti,2018,59430,Petrol,Auto,9896,561000.0,8,Bangalore
Skoda KUSHAQ,Skoda,2021,86733,Petrol,Manual,15222,889000.0,5,Bangalore
Maruti Dzire,Maruti,2018,30785,Petrol,Manual,10139,574000.0,8,Bangalore
KIA SELTOS,KIA,2022,26183,Petrol,Manual,20530,1199000.0,4,Bangalore
Maruti Baleno,Maruti,2016,83182,Petrol,Manual,10525,473000.00000000006,10,Bangalore
Maruti Wagon R 1.0,Maruti,2016,43312,Petrol,Manual,7580,341000.0,10,Bangalore
Hyundai Grand i10,Hyundai,2017,45620,Petrol,Manual,7220,369000.0,9,Bangalore
Maruti Ciaz,Maruti,2017,76249,Petrol,Manual,11094,567000.0,9,Bangalore
Maruti Dzire,Maruti,2020,41988,Petrol,Manual,8978,509000.0,6,Bangalore
Renault Kiger,Renault,2021,36867,Petrol,Auto,8297,470000.0,5,Bangalore
Maruti Ciaz,Maruti,2016,52851,Petrol,Manual,10136,455999.99999999994,10,Bangalore
Hyundai NEW SANTRO,Hyundai,2019,31054,Petrol,Manual,6602,374000.0,7,Bangalore
Hyundai Elite i20,Hyundai,2018,53812,Petrol,Auto,8650,490000.00000000006,8,Bangalore
Hyundai Verna,Hyundai,2020,91811,Petrol,Auto,14263,833000.0,6,Bangalore
Maruti Vitara Brezza,Maruti,2019,82253,Diesel,Auto,13768,780000.0,7,Bangalore
Tata TIAGO NRG,Tata,2021,34041,Petrol,Auto,8637,488999.99999999994,5,Bangalore
Volkswagen Vento,Volkswagen,2016,119043,Diesel,Manual,13886,527000.0,10,Bangalore
Honda City,Honda,2016,129335,Petrol,Auto,10534,474000.0,10,Bangalore
Maruti Baleno,Maruti,2018,98712,Petrol,Auto,7732,438000.0,8,Bangalore
Tata Curvv,Tata,2025,13302,Petrol,Manual,20461,1195000.0,1,Bangalore
Maruti BREZZA,Maruti,2022,10563,Petrol,Auto,15128,884000.0,4,Bangalore
Tata Tiago,Tata,2016,82759,Petrol,Manual,7215,324000.0,10,Bangalore
Tata Tiago,Tata,2016,57688,Petrol,Manual,6406,288000.0,10,Bangalore
Honda Jazz,Honda,2017,56139,Petrol,Auto,9149,468000.0,9,Bangalore
Hyundai Grand i10,Hyundai,2014,55667,Petrol,Manual,8470,254999.99999999997,12,Bangalore
Chevrolet Sail UVA,Chevrolet,2013,85778,Diesel,Manual,17414,196000.0,13,Bangalore
Hyundai Grand i10,Hyundai,2016,39911,Petrol,Manual,8408,378000.0,10,Bangalore
Tata PUNCH,Tata,2022,84424,Petrol,Manual,10288,583000.0,4,Bangalore
Renault Duster,Renault,2015,76908,Diesel,Manual,14190,426999.99999999994,11,Bangalore
Renault Kwid,Renault,2022,17975,Petrol,Auto,7746,438999.99999999994,4,Bangalore
Maruti Alto 800,Maruti,2015,88606,Petrol,Manual,4872,185000.0,11,Bangalore
Hyundai Elite i20,Hyundai,2017,33805,Petrol,Auto,8362,428000.0,9,Bangalore
Honda Jazz,Honda,2016,83306,Petrol,Manual,7969,358000.0,10,Bangalore
Nissan MAGNITE,Nissan,2025,2391,Petrol,Auto,12004,680000.0,1,Bangalore
KIA SONET,KIA,2022,46589,Diesel,Auto,21232,1240000.0,4,Bangalore
Nissan MAGNITE,Nissan,2021,69890,Petrol,Manual,8209,465000.00000000006,5,Bangalore
Maruti Baleno,Maruti,2017,99529,Petrol,Manual,10069,515000.00000000006,9,Bangalore
Honda Amaze,Honda,2016,77809,Petrol,Manual,8746,393000.0,10,Bangalore
Toyota Glanza,Toyota,2022,62831,Petrol,Manual,9169,519000.00000000006,4,Bangalore
Hyundai Creta,Hyundai,2019,61822,Petrol,Manual,13059,740000.0,7,Bangalore
Hyundai Elite i20,Hyundai,2017,81441,Petrol,Manual,9149,468000.0,9,Bangalore
Honda WR-V,Honda,2017,98677,Diesel,Manual,11834,532000.0,9,Bangalore
Hyundai VENUE,Hyundai,2022,58032,Petrol,Manual,12922,732000.0,4,Bangalore
Renault Duster,Renault,2019,37645,Diesel,Manual,15410,900000.0,7,Bangalore
Maruti Swift,Maruti,2018,61367,Petrol,Auto,8305,470000.0,8,Bangalore
Honda Brio,Honda,2018,62024,Petrol,Manual,6196,351000.0,8,Bangalore
Hyundai NEW I20,Hyundai,2022,51522,Petrol,Manual,12357,700000.0,4,Bangalore
Toyota YARIS,Toyota,2020,49011,Petrol,Manual,9480,537000.0,6,Bangalore
Nissan Kicks,Nissan,2019,48512,Diesel,Manual,10138,574000.0,7,Bangalore
Hyundai GRAND I10 NIOS,Hyundai,2022,39614,Petrol,Manual,10496,595000.0,4,Bangalore
Tata Tiago,Tata,2024,1773,Petrol,Manual,9883,560000.0,2,Bangalore
Maruti Baleno,Maruti,2016,46313,Petrol,Manual,8720,392000.0,10,Bangalore
Hyundai Eon,Hyundai,2014,84097,Petrol,Manual,4816,145000.0,12,Bangalore
Chevrolet Beat,Chevrolet,2013,53420,Petrol,Manual,6826,145000.0,13,Bangalore
Hyundai Elite i20,Hyundai,2016,113330,Diesel,Manual,11561,438999.99999999994,10,Bangalore
MG HECTOR,MG,2019,95164,Diesel,Manual,14349,838000.0000000001,7,Bangalore
Mahindra XUV300,Mahindra,2021,80378,Petrol,Manual,12410,703000.0,5,Bangalore
Mahindra Thar,Mahindra,2021,34806,Petrol,Auto,20123,1175000.0,5,Bangalore
Hyundai Verna,Hyundai,2016,95846,Petrol,Auto,13185,593000.0,10,Bangalore
Renault Kwid,Renault,2017,85764,Petrol,Manual,4027,206000.0,9,Bangalore
Honda City,Honda,2016,118172,Petrol,Auto,8581,386000.0,10,Bangalore
Toyota Innova Crysta,Toyota,2022,22173,Petrol,Auto,29349,1714000.0,4,Bangalore
Hyundai NEW SANTRO,Hyundai,2019,36924,Petrol,Manual,5119,290000.0,7,Bangalore
Hyundai Creta N Line,Hyundai,2024,21118,Petrol,Auto,32588,1903000.0,2,Bangalore
Tata NEXON,Tata,2021,28382,Petrol,Auto,12930,732000.0,5,Bangalore
Maruti S Cross,Maruti,2017,87011,Diesel,Manual,12613,567000.0,9,Bangalore
Renault Kwid,Renault,2016,61912,Petrol,Manual,4783,215000.0,10,Bangalore
Maruti Alto K10,Maruti,2016,85465,Petrol,Manual,5885,265000.0,10,Bangalore
Hyundai Eon,Hyundai,2015,82924,Petrol,Manual,5082,193000.0,11,Bangalore
Skoda Rapid,Skoda,2019,117061,Petrol,Manual,14854,668000.0,7,Bangalore
Hyundai NEW SANTRO,Hyundai,2020,46872,Petrol,Manual,5460,309000.0,6,Bangalore
Maruti Swift,Maruti,2018,66524,Petrol,Manual,7908,448000.00000000006,8,Bangalore
Toyota Innova Crysta,Toyota,2020,74069,Diesel,Manual,35957,2100000.0,6,Bangalore
Hyundai Verna,Hyundai,2014,41907,Petrol,Manual,13843,417000.0,12,Bangalore
Tata ALTROZ,Tata,2022,24918,Petrol,Auto,12886,730000.0,4,Bangalore
Hyundai Elite i20,Hyundai,2014,122146,Petrol,Manual,10816,326000.0,12,Bangalore
Toyota Urban Cruiser Taisor,Toyota,2024,21390,Petrol,Manual,15753,919999.9999999999,2,Bangalore
Hyundai Creta,Hyundai,2017,139997,Petrol,Auto,15532,698000.0,9,Bangalore
Tata Tiago,Tata,2019,69193,Petrol,Manual,7154,405000.0,7,Bangalore
Tata Tiago,Tata,2019,37452,Petrol,Manual,6320,358000.0,7,Bangalore
Nissan Kicks,Nissan,2019,65368,Diesel,Manual,10292,583000.0,7,Bangalore
Hyundai NEW I20,Hyundai,2022,11382,Petrol,Manual,11545,654000.0,4,Bangalore
Hyundai VENUE,Hyundai,2022,101922,Petrol,Manual,12907,580000.0,4,Bangalore
Maruti Vitara Brezza,Maruti,2020,102607,Petrol,Manual,14388,647000.0,6,Bangalore
Hyundai VENUE,Hyundai,2021,50645,Diesel,Manual,12745,722000.0,5,Bangalore
Maruti Swift,Maruti,2013,108127,Petrol,Manual,13651,290000.0,13,Bangalore
Maruti Wagon R 1.0,Maruti,2012,37326,Petrol,Manual,18481,208000.0,14,Bangalore
Maruti Swift,Maruti,2016,121707,Petrol,Manual,7868,354000.0,10,Bangalore
Tata ALTROZ,Tata,2022,80230,Petrol,Manual,10362,587000.0,4,Bangalore
Hyundai Elite i20,Hyundai,2018,120685,Petrol,Manual,9387,422000.0,8,Bangalore
Mahindra Thar,Mahindra,2021,40490,Petrol,Auto,16866,985000.0,5,Bangalore
Renault Duster,Renault,2017,88940,Diesel,Auto,10722,482000.0,9,Bangalore
Hyundai VENUE,Hyundai,2019,56567,Petrol,Auto,10945,620000.0,7,Bangalore
Hyundai Elite i20,Hyundai,2018,95805,Petrol,Manual,8226,466000.0,8,Bangalore
Maruti Swift,Maruti,2018,46412,Petrol,Auto,7591,430000.0,8,Bangalore
Maruti Celerio,Maruti,2015,81580,Petrol,Auto,6399,243000.00000000003,11,Bangalore
Hyundai Verna,Hyundai,2019,84490,Petrol,Manual,11074,627000.0,7,Bangalore
Nissan MAGNITE,Nissan,2023,46300,Petrol,Manual,9550,541000.0,3,Bangalore
Hyundai Elite i20,Hyundai,2018,23926,Petrol,Auto,8791,498000.00000000006,8,Bangalore
MG HECTOR,MG,2021,35992,Diesel,Manual,18852,1101000.0,5,Bangalore
Hyundai Elite i20,Hyundai,2017,54576,Petrol,Manual,7214,369000.0,9,Bangalore
Maruti Ciaz,Maruti,2015,74839,Petrol,Manual,11060,420000.0,11,Bangalore
Maruti Vitara Brezza,Maruti,2016,133214,Diesel,Manual,13904,528000.0,10,Bangalore
Renault Kwid,Renault,2022,49570,Petrol,Manual,6090,345000.0,4,Bangalore
Tata NEXON,Tata,2022,21723,Petrol,Manual,11651,660000.0,4,Bangalore
Tata Tiago,Tata,2016,68731,Petrol,Manual,6651,299000.0,10,Bangalore
Hyundai VENUE,Hyundai,2020,58065,Petrol,Manual,11404,646000.0,6,Bangalore
Hyundai GRAND I10 NIOS,Hyundai,2020,18511,Petrol,Manual,9621,545000.0,6,Bangalore
Hyundai VENUE,Hyundai,2022,19024,Petrol,Manual,12763,723000.0,4,Bangalore
Hyundai Grand i10,Hyundai,2017,86420,Petrol,Manual,6041,309000.0,9,Bangalore
Maruti Alto 800,Maruti,2014,69527,Petrol,Manual,7681,231000.0,12,Bangalore
Toyota Glanza,Toyota,2022,14530,Petrol,Auto,12712,720000.0,4,Bangalore
Honda City,Honda,2019,44916,Petrol,Auto,12110,686000.0,7,Bangalore
Datsun Go,Datsun,2014,59457,Petrol,Manual,5613,169000.0,12,Bangalore
Maruti Celerio,Maruti,2018,26317,Petrol,Auto,6178,350000.0,8,Bangalore
Hyundai VENUE,Hyundai,2019,83501,Petrol,Manual,12343,699000.0,7,Bangalore
Tata NEXON,Tata,2024,19882,Petrol,Manual,13458,762000.0,2,Bangalore
Volkswagen Polo,Volkswagen,2021,32836,Petrol,Auto,13928,789000.0,5,Bangalore
Hyundai VENUE,Hyundai,2021,20372,Petrol,Manual,13779,781000.0,5,Bangalore
Renault Kiger,Renault,2022,48818,Petrol,Auto,9974,565000.0,4,Bangalore
Hyundai Creta,Hyundai,2019,38773,Petrol,Manual,14084,798000.0,7,Bangalore
MG ASTOR,MG,2022,17450,Petrol,Auto,20290,1185000.0,4,Bangalore
Maruti Dzire,Maruti,2017,75698,Petrol,Manual,8895,455000.0,9,Bangalore
Ford Ecosport,Ford,2015,58975,Petrol,Manual,9875,375000.0,11,Bangalore
Hyundai VENUE,Hyundai,2021,35525,Petrol,Manual,11810,669000.0,5,Bangalore
Ford Ecosport,Ford,2014,98086,Diesel,Manual,17747,377000.0,12,Bangalore
Ford New Figo,Ford,2015,117596,Diesel,Manual,9405,283000.0,11,Bangalore
Toyota URBAN CRUISER HYRYDER,Toyota,2023,33241,Hybrid,Auto,24965,1458000.0,3,Bangalore
Maruti Grand Vitara,Maruti,2023,51190,Petrol,Auto,17705,1034000.0,3,Bangalore
Chevrolet Sail,Chevrolet,2016,47752,Petrol,Manual,6252,281000.0,10,Bangalore
Volkswagen Polo,Volkswagen,2017,82301,Petrol,Manual,8074,413000.0,9,Bangalore
Maruti Baleno,Maruti,2017,26954,Petrol,Auto,10303,527000.0,9,Bangalore
Maruti S PRESSO,Maruti,2022,40904,Petrol,Manual,5772,327000.0,4,Bangalore
Maruti S Cross,Maruti,2022,13393,Petrol,Auto,13946,790000.0,4,Bangalore
Mahindra XUV500,Mahindra,2012,139724,Diesel,Manual,13946,398000.0,14,Bangalore
Mahindra XUV300,Mahindra,2019,75257,Petrol,Manual,9179,520000.0,7,Bangalore
Hyundai NEW I20,Hyundai,2022,26568,Petrol,Manual,12145,688000.0,4,Bangalore
KIA SELTOS,KIA,2022,31621,Petrol,Manual,15667,915000.0,4,Bangalore
MG HECTOR,MG,2020,39286,Petrol,Manual,17105,999000.0,6,Bangalore
Maruti S Cross,Maruti,2017,132347,Diesel,Manual,9365,421000.0,9,Bangalore
Hyundai Grand i10,Hyundai,2019,25161,Petrol,Manual,7246,409999.99999999994,7,Bangalore
Renault Kwid,Renault,2017,49297,Petrol,Auto,5470,280000.0,9,Bangalore
Maruti IGNIS,Maruti,2022,46564,Petrol,Manual,7972,451999.99999999994,4,Bangalore
Honda Amaze,Honda,2023,11458,Petrol,Manual,11721,664000.0,3,Bangalore
Tata ALTROZ,Tata,2020,53590,Petrol,Manual,9425,534000.0,6,Bangalore
Hyundai Elite i20,Hyundai,2015,94350,Petrol,Manual,9691,368000.0,11,Bangalore
Hyundai Grand i10,Hyundai,2014,63419,Petrol,Manual,9300,280000.0,12,Bangalore
Maruti Wagon R 1.0,Maruti,2018,57355,Petrol,Auto,5684,322000.0,8,Bangalore
Maruti Baleno,Maruti,2017,86212,Diesel,Manual,11007,495000.0,9,Bangalore
Honda Amaze,Honda,2018,38309,Petrol,Auto,8756,496000.0,8,Bangalore
Tata NEXON,Tata,2018,25476,Diesel,Manual,13861,709000.0,8,Bangalore
Maruti Ciaz,Maruti,2018,58883,Petrol,Auto,9826,557000.0,8,Bangalore
Datsun Redi Go,Datsun,2016,70807,Petrol,Manual,3604,162000.0,10,Bangalore
Hyundai NEW I20 N LINE,Hyundai,2022,20683,Petrol,Manual,14105,799000.0,4,Bangalore
Hyundai Creta,Hyundai,2017,99631,Petrol,Manual,13275,679000.0,9,Bangalore
Maruti S Cross,Maruti,2022,89654,Petrol,Manual,11774,667000.0,4,Bangalore
Hyundai Creta,Hyundai,2020,73011,Diesel,Manual,15838,925000.0,6,Bangalore
Maruti Swift Dzire,Maruti,2014,58960,Petrol,Manual,11260,339000.0,12,Bangalore
Skoda KUSHAQ,Skoda,2022,27752,Petrol,Auto,21831,1275000.0,4,Bangalore
KIA SELTOS,KIA,2019,121642,Petrol,Manual,14815,666000.0,7,Bangalore
Nissan Sunny,Nissan,2013,25906,Petrol,Manual,11439,243000.00000000003,13,Bangalore
Ford Ecosport,Ford,2014,99778,Diesel,Manual,17700,376000.0,12,Bangalore
Renault Kwid,Renault,2018,77765,Petrol,Manual,4131,234000.0,8,Bangalore
Maruti IGNIS,Maruti,2017,74559,Petrol,Manual,7194,368000.0,9,Bangalore
Tata TIGOR,Tata,2017,91995,Petrol,Manual,6784,347000.0,9,Bangalore
Hyundai VENUE,Hyundai,2019,80802,Petrol,Auto,10856,615000.0,7,Bangalore
Renault Kwid,Renault,2017,75780,Petrol,Auto,4888,250000.0,9,Bangalore
Ford Ecosport,Ford,2014,118840,Diesel,Manual,15817,336000.0,12,Bangalore
Hyundai Creta,Hyundai,2020,67600,Petrol,Auto,18167,1061000.0,6,Bangalore
Honda City,Honda,2017,57720,Petrol,Auto,12375,633000.0,9,Bangalore
Maruti Vitara Brezza,Maruti,2017,74011,Diesel,Manual,15126,680000.0,9,Bangalore
Maruti Swift,Maruti,2014,80033,Petrol,Manual,11492,346000.0,12,Bangalore
Maruti Swift,Maruti,2023,14177,CNG,Manual,11474,650000.0,3,Bangalore
Hyundai Elite i20,Hyundai,2018,71713,Petrol,Manual,8735,495000.0,8,Bangalore
Maruti Swift,Maruti,2015,82853,Petrol,Manual,9559,363000.0,11,Bangalore
Maruti Swift,Maruti,2020,30409,Petrol,Auto,10501,595000.0,6,Bangalore
Hyundai Elite i20,Hyundai,2015,100261,Diesel,Manual,13551,408000.0,11,Bangalore
Tata Tiago,Tata,2018,45239,Petrol,Auto,6708,380000.0,8,Bangalore
Ford Figo,Ford,2015,77456,Petrol,Manual,7011,266000.0,11,Bangalore
Maruti Baleno,Maruti,2020,33370,Petrol,Manual,10150,575000.0,6,Bangalore
Hyundai VENUE,Hyundai,2021,48742,Petrol,Manual,11121,630000.0,5,Bangalore
KIA SELTOS,KIA,2021,77664,Petrol,Manual,17834,1042000.0,5,Bangalore
Maruti Alto,Maruti,2019,14377,Petrol,Manual,3954,224000.00000000003,7,Bangalore
Ford New Figo,Ford,2016,79879,Petrol,Manual,7007,315000.0,10,Bangalore
Tata Tiago,Tata,2021,38116,Petrol,Manual,7679,434999.99999999994,5,Bangalore
Hyundai Elite i20,Hyundai,2018,43038,Petrol,Manual,7505,425000.0,8,Bangalore
Hyundai VENUE,Hyundai,2020,82463,Petrol,Manual,10875,616000.0,6,Bangalore
Hyundai Elite i20,Hyundai,2018,41039,Petrol,Auto,9091,515000.00000000006,8,Bangalore
Hyundai Elite i20,Hyundai,2019,40041,Petrol,Auto,10609,601000.0,7,Bangalore
Volkswagen Polo,Volkswagen,2012,67695,Diesel,Manual,10609,248000.0,14,Bangalore
Honda City,Honda,2017,88154,Petrol,Manual,10205,522000.0,9,Bangalore
Toyota Glanza,Toyota,2022,35951,Petrol,Auto,12022,681000.0,4,Bangalore
Maruti Ertiga,Maruti,2021,52323,Petrol,Auto,14334,836999.9999999999,5,Bangalore
Mahindra Thar,Mahindra,2021,40167,Petrol,Manual,17696,1033000.0,5,Bangalore
Ford Ecosport,Ford,2019,100313,Petrol,Manual,12045,541000.0,7,Bangalore
Hyundai Verna,Hyundai,2014,99204,Petrol,Manual,10130,305000.0,12,Bangalore
KIA SELTOS,KIA,2020,95645,Diesel,Manual,17896,1044999.9999999999,6,Bangalore
Maruti Baleno,Maruti,2020,36850,Petrol,Auto,10853,615000.0,6,Bangalore
Toyota YARIS,Toyota,2018,77860,Petrol,Auto,9145,518000.0,8,Bangalore
Maruti Baleno,Maruti,2016,63690,Petrol,Manual,9676,434999.99999999994,10,Bangalore
Volkswagen TAIGUN,Volkswagen,2023,48669,Petrol,Manual,15736,919000.0,3,Bangalore
Toyota Etios Liva,Toyota,2013,62440,Petrol,Manual,12333,262000.0,13,Bangalore
Hyundai Sonata,Hyundai,2013,64799,Petrol,Auto,21216,451000.0,13,Bangalore
Maruti Alto K10,Maruti,2012,70350,Petrol,Manual,14749,166000.0,14,Bangalore
Hyundai VENUE,Hyundai,2021,78644,Petrol,Manual,12022,681000.0,5,Bangalore
Honda Jazz,Honda,2015,80054,Petrol,Auto,9296,353000.0,11,Bangalore
Hyundai Grand i10,Hyundai,2015,37228,Petrol,Manual,9217,350000.0,11,Bangalore
Mahindra TUV300,Mahindra,2017,73350,Diesel,Manual,13258,596000.0,9,Bangalore
Mahindra XUV500,Mahindra,2015,83012,Diesel,Manual,25715,774000.0,11,Bangalore
Ford FREESTYLE,Ford,2020,32553,Diesel,Manual,9003,509999.99999999994,6,Bangalore
Maruti Swift,Maruti,2018,67158,Petrol,Auto,7961,451000.0,8,Bangalore
Hyundai Creta,Hyundai,2016,36776,Petrol,Manual,13903,625000.0,10,Bangalore
Honda City,Honda,2019,31348,Petrol,Manual,13667,774000.0,7,Bangalore
Tata NEXON,Tata,2018,76932,Petrol,Auto,10503,595000.0,8,Bangalore
Maruti Vitara Brezza,Maruti,2019,28376,Diesel,Manual,14092,823000.0,7,Bangalore
Maruti Swift,Maruti,2016,102156,Petrol,Manual,7779,350000.0,10,Bangalore
Maruti Alto K10,Maruti,2018,72039,Petrol,Manual,4766,270000.0,8,Bangalore
Ford Ecosport,Ford,2021,24455,Petrol,Manual,13646,773000.0,5,Bangalore
Tata NEXON,Tata,2021,25273,Petrol,Manual,12322,698000.0,5,Bangalore
Tata Tiago,Tata,2023,24278,Petrol,Auto,10221,579000.0,3,Bangalore
Maruti S PRESSO,Maruti,2023,10940,Petrol,Manual,6690,379000.0,3,Bangalore
Honda BR-V,Honda,2018,72048,Petrol,Auto,12180,690000.0,8,Bangalore
Renault TRIBER,Renault,2020,33241,Petrol,Auto,8950,507000.0,6,Bangalore
Honda City,Honda,2018,33547,Petrol,Manual,11827,670000.0,8,Bangalore
Hyundai GRAND I10 NIOS,Hyundai,2022,14118,Petrol,Auto,9850,558000.0,4,Bangalore
Ford Ecosport,Ford,2020,59041,Diesel,Manual,12022,681000.0,6,Bangalore
Maruti Ciaz,Maruti,2016,89367,Petrol,Manual,9810,441000.0,10,Bangalore
Nissan Terrano,Nissan,2014,124832,Petrol,Manual,10894,328000.0,12,Bangalore
Hyundai Elite i20,Hyundai,2018,66903,Petrol,Manual,7940,450000.0,8,Bangalore
Hyundai Eon,Hyundai,2014,51648,Petrol,Manual,6483,195000.0,12,Bangalore
Maruti Swift,Maruti,2023,31440,Petrol,Auto,11651,660000.0,3,Bangalore
Tata TIAGO NRG,Tata,2023,48348,Petrol,Auto,9991,566000.0,3,Bangalore
Tata NEXON,Tata,2022,61053,Petrol,Manual,12763,723000.0,4,Bangalore
Ford Figo Aspire,Ford,2017,42174,Petrol,Manual,7656,392000.0,9,Bangalore
Maruti Swift,Maruti,2014,84501,Diesel,Manual,17182,365000.0,12,Bangalore
Mahindra TUV300,Mahindra,2017,30609,Diesel,Manual,12457,560000.0,9,Bangalore
Hyundai Elite i20,Hyundai,2020,63436,Petrol,Manual,9446,535000.0,6,Bangalore
Hyundai NEW SANTRO,Hyundai,2019,133250,Petrol,Auto,8289,373000.0,7,Bangalore
Maruti Dzire,Maruti,2019,32100,Petrol,Auto,9268,525000.0,7,Bangalore
Maruti Baleno,Maruti,2018,41827,Petrol,Auto,8261,468000.0,8,Bangalore
Tata Nano,Tata,2016,17041,Petrol,Auto,4071,183000.0,10,Bangalore
Ford Figo,Ford,2012,63222,Petrol,Manual,17770,200000.0,14,Bangalore
Tata NEXON,Tata,2019,27633,Petrol,Manual,10062,570000.0,7,Bangalore
KIA SELTOS,KIA,2020,66607,Diesel,Auto,18800,1098000.0,6,Bangalore
Hyundai Elite i20,Hyundai,2018,6952,Diesel,Manual,12980,664000.0,8,Bangalore
KIA SONET,KIA,2021,62570,Diesel,Manual,14105,799000.0,5,Bangalore
Renault Kwid,Renault,2016,47594,Petrol,Manual,5561,250000.0,10,Bangalore
Tata TIGOR,Tata,2021,51686,Petrol,Manual,8120,459999.99999999994,5,Bangalore
Honda WR-V,Honda,2017,55521,Petrol,Manual,9583,490000.00000000006,9,Bangalore
Tata Tiago,Tata,2017,69993,Petrol,Auto,7234,370000.0,9,Bangalore
Maruti Ertiga,Maruti,2015,65078,Petrol,Manual,13562,515000.00000000006,11,Bangalore
Renault Pulse,Renault,2013,109711,Petrol,Manual,13727,292000.0,13,Bangalore
Maruti Swift,Maruti,2017,56556,Diesel,Manual,11100,499000.0,9,Bangalore
KIA SONET,KIA,2020,32564,Petrol,Manual,12445,705000.0,6,Bangalore
Hyundai Creta,Hyundai,2016,87605,Diesel,Manual,19588,744000.0,10,Bangalore
Tata Tiago,Tata,2017,90075,Petrol,Manual,6237,319000.0,9,Bangalore
Tata Tiago,Tata,2016,46127,Petrol,Manual,7654,344000.0,10,Bangalore
KIA SONET,KIA,2021,39387,Petrol,Auto,14725,860000.0,5,Bangalore
Tata ALTROZ,Tata,2021,79407,Diesel,Manual,10856,615000.0,5,Bangalore
Maruti Swift,Maruti,2020,49503,Petrol,Manual,10820,613000.0,6,Bangalore
Hyundai Grand i10,Hyundai,2019,78244,Petrol,Manual,7467,423000.00000000006,7,Bangalore
Hyundai i10,Hyundai,2012,62134,Petrol,Manual,18303,206000.0,14,Bangalore
Renault Duster,Renault,2019,67120,Diesel,Auto,11364,644000.0,7,Bangalore
Mahindra XUV500,Mahindra,2018,52365,Diesel,Manual,21885,1150000.0,8,Bangalore
KIA SONET,KIA,2023,13804,Diesel,Auto,17859,1043000.0,3,Bangalore
Honda Brio,Honda,2014,103862,Petrol,Auto,8669,261000.0,12,Bangalore
Honda City,Honda,2014,103662,Petrol,Auto,14913,449000.0,12,Bangalore
Maruti Celerio,Maruti,2014,70588,Petrol,Manual,10130,305000.0,12,Bangalore
Hyundai NEW SANTRO,Hyundai,2019,15889,Petrol,Manual,6037,342000.0,7,Bangalore
Hyundai Eon,Hyundai,2013,43596,Petrol,Manual,9705,206000.0,13,Bangalore
Maruti Vitara Brezza,Maruti,2022,77009,Petrol,Auto,13398,759000.0,4,Bangalore
Hyundai AURA,Hyundai,2022,14943,Petrol,Auto,11121,630000.0,4,Bangalore
Volkswagen Vento,Volkswagen,2013,51652,Petrol,Manual,15111,321000.0,13,Bangalore
Hyundai Elite i20,Hyundai,2017,50672,Petrol,Manual,9931,508000.0,9,Bangalore
Tata Tiago,Tata,2016,69684,Diesel,Manual,9880,375000.0,10,Bangalore
Hyundai Elite i20,Hyundai,2016,79884,Petrol,Manual,10232,459999.99999999994,10,Bangalore
Honda Amaze,Honda,2018,29472,Diesel,Manual,12121,620000.0,8,Bangalore
Maruti Baleno,Maruti,2020,50806,Petrol,Manual,9468,536000.0,6,Bangalore
Maruti Wagon R Stingray,Maruti,2014,99934,Petrol,Manual,8328,250999.99999999997,12,Bangalore
Tata TIGOR,Tata,2019,81313,Petrol,Auto,8809,499000.0,7,Bangalore
Skoda KUSHAQ,Skoda,2021,32205,Petrol,Auto,16164,944000.0,5,Bangalore
Renault Kwid,Renault,2016,86090,Petrol,Manual,4961,223000.0,10,Bangalore
Renault Kwid,Renault,2018,57335,Petrol,Manual,4554,258000.0,8,Bangalore
Renault TRIBER,Renault,2024,51144,Petrol,Manual,10415,590000.0,2,Bangalore
Hyundai Verna,Hyundai,2012,79823,Petrol,Manual,27543,310000.0,14,Bangalore
Skoda Octavia,Skoda,2015,108836,Petrol,Auto,17196,653000.0,11,Bangalore
Hyundai ALCAZAR,Hyundai,2022,80331,Diesel,Manual,22824,1333000.0,4,Bangalore
Maruti Swift,Maruti,2020,83525,Petrol,Manual,10596,600000.0,6,Bangalore
Maruti XL6,Maruti,2020,74374,Petrol,Auto,14139,826000.0,6,Bangalore
Honda City,Honda,2015,51571,Petrol,Manual,12782,484999.99999999994,11,Bangalore
Maruti Wagon R 1.0,Maruti,2016,63564,Petrol,Manual,6874,309000.0,10,Bangalore
Maruti Swift Dzire,Maruti,2013,90181,Diesel,Manual,29409,331000.0,13,Bangalore
KIA SELTOS,KIA,2021,21130,Petrol,Manual,16734,977000.0,5,Bangalore
Hyundai Eon,Hyundai,2014,29859,Petrol,Manual,6643,200000.0,12,Bangalore
Maruti Baleno,Maruti,2018,78999,Petrol,Manual,8968,508000.0,8,Bangalore
Maruti Baleno,Maruti,2023,29137,Petrol,Manual,12533,710000.0,3,Bangalore
Maruti Ertiga,Maruti,2017,47964,Diesel,Manual,15715,706000.0,9,Bangalore
KIA SONET,KIA,2024,6896,Petrol,Auto,18578,1085000.0,2,Bangalore
Honda City,Honda,2015,65425,Diesel,Manual,17799,536000.0,11,Bangalore
Hyundai Creta,Hyundai,2017,80850,Petrol,Manual,11900,609000.0,9,Bangalore
Nissan MAGNITE,Nissan,2022,27479,Petrol,Auto,12180,690000.0,4,Bangalore
Ford Figo,Ford,2014,54003,Petrol,Manual,6975,210000.0,12,Bangalore
Hyundai VENUE,Hyundai,2020,37133,Petrol,Manual,11810,669000.0,6,Bangalore
Maruti S PRESSO,Maruti,2020,28742,Petrol,Manual,6090,345000.0,6,Bangalore
Volkswagen Polo,Volkswagen,2013,83205,Diesel,Manual,35152,396000.0,13,Bangalore
Hyundai Creta,Hyundai,2022,46460,Petrol,Manual,17414,1017000.0,4,Bangalore
Hyundai i20 Active,Hyundai,2016,79914,Petrol,Manual,10299,463000.0,10,Bangalore
Honda Jazz,Honda,2015,52403,Petrol,Manual,10112,384000.0,11,Bangalore
Maruti Dzire,Maruti,2019,51894,Petrol,Manual,9861,559000.0,7,Bangalore
Ford Ecosport,Ford,2017,42467,Petrol,Auto,11676,597000.0,9,Bangalore
Maruti XL6,Maruti,2021,54293,Petrol,Manual,14845,867000.0,5,Bangalore
Hyundai GRAND I10 NIOS,Hyundai,2020,70161,Petrol,Auto,8734,495000.0,6,Bangalore
Hyundai i10,Hyundai,2013,133436,Petrol,Manual,8379,178000.0,13,Bangalore
Hyundai Grand i10,Hyundai,2016,54873,Petrol,Manual,8764,394000.0,10,Bangalore
Maruti S Cross,Maruti,2021,33046,Petrol,Manual,12180,690000.0,5,Bangalore
Renault Duster,Renault,2016,52815,Petrol,Manual,10688,480000.0,10,Bangalore
Hyundai Grand i10,Hyundai,2015,66688,Petrol,Manual,8558,325000.0,11,Bangalore
Hyundai GRAND I10 NIOS,Hyundai,2023,39170,Petrol,Manual,9427,534000.0,3,Bangalore
Ford FREESTYLE,Ford,2018,89710,Diesel,Manual,8465,433000.0,8,Bangalore
Honda Jazz,Honda,2019,34565,Petrol,Auto,10239,580000.0,7,Bangalore
Mahindra XUV700,Mahindra,2022,69334,Diesel,Manual,26540,1550000.0,4,Bangalore
Tata TIGOR,Tata,2018,83165,Petrol,Auto,7202,408000.0,8,Bangalore
Renault Duster,Renault,2018,88316,Diesel,Manual,11046,565000.0,8,Bangalore
Maruti Celerio,Maruti,2017,42701,Petrol,Auto,7214,369000.0,9,Bangalore
Hyundai Elite i20,Hyundai,2016,46436,Petrol,Manual,10010,450000.0,10,Bangalore
MG HECTOR,MG,2019,49240,Petrol,Auto,17619,1028999.9999999999,7,Bangalore
Honda City,Honda,2017,43945,Petrol,Manual,9990,511000.00000000006,9,Bangalore
KIA SELTOS,KIA,2020,40936,Diesel,Manual,18489,1080000.0,6,Bangalore
Maruti Celerio,Maruti,2021,37247,Petrol,Manual,7220,409000.0,5,Bangalore
Mahindra Thar,Mahindra,2021,25942,Petrol,Auto,20752,1212000.0,5,Bangalore
Toyota Etios Liva,Toyota,2012,96531,Petrol,Manual,25715,289000.0,14,Bangalore
Tata ALTROZ,Tata,2023,17167,Petrol,Auto,12180,690000.0,3,Bangalore
Nissan Sunny,Nissan,2012,117959,Diesel,Manual,12180,223000.0,14,Bangalore
Maruti Celerio,Maruti,2017,73344,Petrol,Manual,7625,390000.0,9,Bangalore
Maruti S Cross,Maruti,2021,106818,Petrol,Manual,15006,675000.0,5,Bangalore
Hyundai Verna,Hyundai,2014,97400,Diesel,Manual,19818,421000.0,12,Bangalore
Maruti Ertiga,Maruti,2021,91770,Petrol,Auto,13646,773000.0,5,Bangalore
Ford Ecosport,Ford,2015,92849,Petrol,Manual,10613,403000.0,11,Bangalore
Honda Amaze,Honda,2023,32339,Petrol,Auto,12581,713000.0,3,Bangalore
Ford Ecosport,Ford,2017,136621,Diesel,Manual,9877,444000.00000000006,9,Bangalore
Honda Brio,Honda,2016,54165,Petrol,Manual,6762,304000.0,10,Bangalore
Honda Amaze,Honda,2013,67212,Diesel,Manual,26832,302000.0,13,Bangalore
Tata Zest,Tata,2014,76499,Petrol,Manual,9931,299000.0,12,Bangalore
Volkswagen Vento,Volkswagen,2012,131892,Diesel,Manual,9931,266000.0,14,Bangalore
Maruti Ertiga,Maruti,2013,74135,Petrol,Manual,23529,500000.0,13,Bangalore
Maruti Swift Dzire,Maruti,2013,121170,Diesel,Manual,27987,315000.0,13,Bangalore
Tata NEXON,Tata,2023,42318,Petrol,Manual,16489,963000.0000000001,3,Bangalore
Ford Ecosport,Ford,2019,25638,Petrol,Auto,11580,656000.0,7,Bangalore
Mahindra XUV500,Mahindra,2014,83252,Diesel,Manual,25192,535000.0,12,Bangalore
Volkswagen Cross Polo,Volkswagen,2013,45994,Diesel,Manual,33247,374000.0,13,Bangalore
Hyundai Elite i20,Hyundai,2016,108138,Petrol,Manual,9053,407000.0,10,Bangalore
Hyundai VENUE,Hyundai,2021,31299,Petrol,Manual,11985,679000.0,5,Bangalore
Ford Ecosport,Ford,2016,76965,Diesel,Manual,14089,535000.0,10,Bangalore
Maruti Vitara Brezza,Maruti,2019,153338,Diesel,Auto,13797,620000.0,7,Bangalore
Hyundai Verna,Hyundai,2017,79333,Petrol,Manual,12156,622000.0,9,Bangalore
Hyundai VENUE,Hyundai,2021,30184,Petrol,Manual,13734,778000.0,5,Bangalore
Honda Jazz,Honda,2015,79887,Diesel,Manual,12954,390000.0,11,Bangalore
Hyundai i20 Active,Hyundai,2016,91318,Petrol,Manual,9943,447000.0,10,Bangalore
Renault Kiger,Renault,2023,16636,Petrol,Auto,11368,644000.0,3,Bangalore
Ford Ecosport,Ford,2017,117230,Diesel,Manual,9854,443000.0,9,Bangalore
Tata PUNCH,Tata,2023,21477,Petrol,Auto,12286,696000.0,3,Bangalore
Honda Amaze,Honda,2023,5709,Petrol,Auto,13942,790000.0,3,Bangalore
Ford Ecosport,Ford,2014,82073,Petrol,Manual,12621,380000.0,12,Bangalore
Maruti Celerio,Maruti,2016,62424,Petrol,Auto,6651,299000.0,10,Bangalore
Maruti Swift,Maruti,2014,107171,Diesel,Manual,16429,349000.0,12,Bangalore
Tata NEXON,Tata,2022,96854,Petrol,Auto,13045,739000.0,4,Bangalore
Honda Brio,Honda,2013,53389,Petrol,Manual,12009,254999.99999999997,13,Bangalore
Renault Kwid,Renault,2017,75218,Petrol,Auto,5650,289000.0,9,Bangalore
Tata TIAGO NRG,Tata,2023,24350,Petrol,Auto,10155,575000.0,3,Bangalore
Maruti Ertiga,Maruti,2023,26021,Petrol,Manual,17465,1019999.9999999999,3,Bangalore
Maruti Wagon R 1.0,Maruti,2014,55241,Petrol,Manual,9638,290000.0,12,Bangalore
Tata NEXON,Tata,2018,54652,Petrol,Auto,10031,568000.0,8,Bangalore
Ford Ecosport,Ford,2013,136524,Diesel,Manual,27721,312000.0,13,Bangalore
Maruti Ciaz,Maruti,2018,53489,Petrol,Manual,11121,630000.0,8,Bangalore
Maruti Swift,Maruti,2012,78442,Diesel,Manual,11121,399000.0,14,Bangalore
Ford Ecosport,Ford,2018,30377,Petrol,Auto,12622,715000.0,8,Bangalore
Volkswagen Polo,Volkswagen,2014,86989,Diesel,Manual,20785,442000.0,12,Bangalore
Tata PUNCH,Tata,2024,8776,Petrol,Manual,13591,770000.0,2,Bangalore
Skoda KUSHAQ,Skoda,2021,56564,Petrol,Manual,15855,926000.0,5,Bangalore
Datsun Redi Go,Datsun,2018,61404,Petrol,Auto,4151,235000.0,8,Bangalore
Maruti Swift,Maruti,2018,38503,Petrol,Auto,9474,537000.0,8,Bangalore
KIA SONET,KIA,2021,62086,Petrol,Manual,12710,720000.0,5,Bangalore
Maruti XL6,Maruti,2020,11644,Petrol,Auto,15753,919999.9999999999,6,Bangalore
Ford Ecosport,Ford,2015,92380,Diesel,Manual,13855,417000.0,11,Bangalore
Maruti Ertiga,Maruti,2015,96863,Diesel,Manual,22011,663000.0,11,Bangalore
Volkswagen Vento,Volkswagen,2017,76300,Petrol,Auto,11635,595000.0,9,Bangalore
Hyundai Elite i20,Hyundai,2020,61932,Petrol,Manual,8579,486000.00000000006,6,Bangalore
KIA SELTOS,KIA,2019,35942,Petrol,Auto,18064,1055000.0,7,Bangalore
Hyundai NEW I20,Hyundai,2021,60448,Petrol,Auto,12528,710000.0,5,Bangalore
Maruti Swift,Maruti,2021,36985,Petrol,Manual,10171,576000.0,5,Bangalore
Maruti Wagon R 1.0,Maruti,2016,109211,Petrol,Auto,6562,295000.0,10,Bangalore
Hyundai Creta,Hyundai,2016,41701,Petrol,Manual,16483,741000.0,10,Bangalore
Honda WR-V,Honda,2017,72856,Petrol,Manual,9756,499000.0,9,Bangalore
Hyundai NEW SANTRO,Hyundai,2021,59142,Petrol,Manual,7043,399000.0,5,Bangalore
KIA SELTOS,KIA,2022,41191,Petrol,Auto,22002,1285000.0,4,Bangalore
Hyundai Elite i20,Hyundai,2017,106073,Petrol,Manual,9854,443000.0,9,Bangalore
Hyundai Creta,Hyundai,2019,34528,Petrol,Auto,16472,961999.9999999999,7,Bangalore
Skoda Rapid,Skoda,2018,132014,Diesel,Auto,11523,518000.0,8,Bangalore
Hyundai Elite i20,Hyundai,2018,49656,Petrol,Auto,9762,553000.0,8,Bangalore
Honda City,Honda,2018,147264,Diesel,Manual,13680,615000.0,8,Bangalore
Maruti Swift,Maruti,2013,83014,Diesel,Manual,32746,369000.0,13,Bangalore
Hyundai Grand i10,Hyundai,2019,45169,Petrol,Manual,8035,455000.0,7,Bangalore
Maruti Swift,Maruti,2013,99768,Petrol,Manual,14593,310000.0,13,Bangalore
Skoda Rapid,Skoda,2012,110617,Diesel,Manual,14593,280000.0,14,Bangalore
Hyundai Verna,Hyundai,2019,48411,Petrol,Manual,13698,800000.0,7,Bangalore
Maruti Swift Dzire,Maruti,2013,49948,Petrol,Manual,17827,379000.0,13,Bangalore
Hyundai Elite i20,Hyundai,2019,49919,Petrol,Manual,10326,585000.0,7,Bangalore
Renault Kwid,Renault,2016,88138,Petrol,Manual,4649,209000.0,10,Bangalore
Tata NEXON,Tata,2020,62762,Petrol,Manual,12004,680000.0,6,Bangalore
Maruti Wagon R 1.0,Maruti,2017,27997,Petrol,Auto,7181,367000.0,9,Bangalore
Hyundai Verna,Hyundai,2016,126756,Diesel,Auto,12272,466000.0,10,Bangalore
Renault Duster,Renault,2014,115188,Diesel,Manual,16334,347000.0,12,Bangalore
Maruti Wagon R 1.0,Maruti,2018,33300,Petrol,Manual,6620,375000.0,8,Bangalore
Mahindra XUV300,Mahindra,2019,80336,Diesel,Manual,14130,825000.0,7,Bangalore
Maruti Celerio,Maruti,2022,19852,Petrol,Auto,9889,560000.0,4,Bangalore
Tata Hexa,Tata,2018,90947,Diesel,Auto,15627,821000.0000000001,8,Bangalore
Maruti Alto 800,Maruti,2016,76945,Petrol,Manual,5672,254999.99999999997,10,Bangalore
Hyundai Elite i20,Hyundai,2014,92759,Petrol,Manual,13419,404000.0,12,Bangalore
Maruti Wagon R 1.0,Maruti,2016,40016,Petrol,Auto,7363,331000.0,10,Bangalore
Maruti Alto K10,Maruti,2015,35233,Petrol,Manual,7005,266000.0,11,Bangalore
Hyundai Grand i10,Hyundai,2015,59367,Petrol,Manual,9875,375000.0,11,Bangalore
Honda Jazz,Honda,2017,91101,Petrol,Manual,8113,415000.00000000006,9,Bangalore
Hyundai i10,Hyundai,2013,72934,Petrol,Manual,11627,247000.00000000003,13,Bangalore
Renault Duster,Renault,2016,97900,Diesel,Manual,14858,564000.0,10,Bangalore
Hyundai i10,Hyundai,2014,50067,Petrol,Manual,8769,264000.0,12,Bangalore
Hyundai Creta,Hyundai,2016,75687,Petrol,Manual,14503,652000.0,10,Bangalore
Honda City,Honda,2014,75390,Petrol,Manual,14780,445000.0,12,Bangalore
Nissan Micra Active,Nissan,2018,71323,Petrol,Manual,4819,273000.0,8,Bangalore
Datsun Redi Go,Datsun,2019,25042,Petrol,Manual,4237,240000.0,7,Bangalore
Maruti BREZZA,Maruti,2023,65858,Petrol,Manual,16438,960000.0,3,Bangalore
Datsun Redi Go,Datsun,2021,21289,Petrol,Manual,6055,343000.0,5,Bangalore
Volkswagen Polo,Volkswagen,2013,73040,Diesel,Manual,27365,308000.0,13,Bangalore
Hyundai Verna,Hyundai,2016,60245,Petrol,Auto,11478,516000.0,10,Bangalore
Maruti Swift,Maruti,2019,36267,Petrol,Auto,9532,540000.0,7,Bangalore
Maruti Ertiga,Maruti,2017,35639,Petrol,Manual,12708,650000.0,9,Bangalore
Tata NEXON,Tata,2022,36504,Petrol,Manual,14034,795000.0,4,Bangalore
Renault Kwid,Renault,2016,74479,Petrol,Manual,4671,210000.0,10,Bangalore
KIA SONET,KIA,2022,71501,Diesel,Manual,15591,911000.0,4,Bangalore
Maruti Alto K10,Maruti,2015,35900,Petrol,Manual,6583,250000.0,11,Bangalore
Ford FREESTYLE,Ford,2019,28920,Petrol,Manual,8438,478000.0,7,Bangalore
Hyundai NEW I20,Hyundai,2022,100478,Petrol,Manual,14882,669000.0,4,Bangalore
Maruti Wagon R 1.0,Maruti,2016,85608,Petrol,Auto,6451,290000.0,10,Bangalore
Maruti S Cross,Maruti,2016,83840,Diesel,Manual,12772,484999.99999999994,10,Bangalore
Honda Jazz,Honda,2015,51622,Petrol,Manual,9589,364000.0,11,Bangalore
Maruti Wagon R 1.0,Maruti,2017,79888,Petrol,Auto,6647,340000.0,9,Bangalore
Ford New Figo,Ford,2020,64216,Petrol,Manual,8826,500000.0,6,Bangalore
Maruti Swift,Maruti,2022,2718,Petrol,Auto,11332,642000.0,4,Bangalore
Maruti Dzire,Maruti,2018,71880,Petrol,Manual,9444,535000.0,8,Bangalore
MG HECTOR,MG,2020,67311,Petrol,Auto,18064,1055000.0,6,Bangalore
Maruti Wagon R 1.0,Maruti,2016,51228,Petrol,Auto,7786,350000.0,10,Bangalore
Tata NEXON,Tata,2018,93528,Diesel,Manual,10282,526000.0,8,Bangalore
Mahindra BOLERO NEO,Mahindra,2021,79488,Diesel,Manual,13240,750000.0,5,Bangalore
Mahindra XUV500,Mahindra,2015,133742,Diesel,Manual,19098,575000.0,11,Bangalore
Hyundai Creta,Hyundai,2016,48769,Petrol,Manual,14036,631000.0,10,Bangalore
Maruti Ertiga,Maruti,2015,71844,Petrol,Manual,14224,540000.0,11,Bangalore
Hyundai NEW I20,Hyundai,2021,84622,Petrol,Manual,11271,638000.0,5,Bangalore
Tata Hexa,Tata,2017,95880,Diesel,Auto,17777,799000.0,9,Bangalore
Renault Kwid,Renault,2017,29536,Petrol,Auto,6367,326000.0,9,Bangalore
Maruti Baleno,Maruti,2019,111531,Petrol,Manual,12012,540000.0,7,Bangalore
Hyundai Creta,Hyundai,2017,108638,Petrol,Auto,16016,720000.0,9,Bangalore
Mahindra XUV500,Mahindra,2018,90668,Diesel,Manual,16560,869999.9999999999,8,Bangalore
Ford Ecosport,Ford,2015,86543,Petrol,Manual,11587,440000.00000000006,11,Bangalore
Maruti Baleno,Maruti,2016,72365,Petrol,Manual,9298,418000.0,10,Bangalore
Mahindra BOLERO NEO,Mahindra,2021,14978,Diesel,Manual,13930,814000.0,5,Bangalore
Honda BR-V,Honda,2018,84091,Petrol,Manual,11414,647000.0,8,Bangalore
Tata Zest,Tata,2016,73552,Diesel,Manual,10218,388000.0,10,Bangalore
Hyundai i20,Hyundai,2012,71643,Petrol,Manual,25618,288000.0,14,Bangalore
Hyundai Grand i10,Hyundai,2019,13658,Petrol,Auto,9232,523000.00000000006,7,Bangalore
Hyundai NEW SANTRO,Hyundai,2019,88198,Petrol,Auto,6832,387000.0,7,Bangalore
KIA SELTOS,KIA,2019,81333,Petrol,Auto,16438,960000.0,7,Bangalore
Maruti Swift,Maruti,2019,33840,Petrol,Auto,10856,615000.0,7,Bangalore
Hyundai Creta,Hyundai,2018,80514,Diesel,Manual,17321,910000.0,8,Bangalore
Maruti Baleno,Maruti,2018,29492,Petrol,Manual,9356,530000.0,8,Bangalore
Hyundai GRAND I10 NIOS,Hyundai,2021,25793,Petrol,Auto,9938,563000.0,5,Bangalore
Hyundai Xcent,Hyundai,2015,39050,Petrol,Manual,8111,308000.0,11,Bangalore
Maruti Celerio,Maruti,2016,56789,Petrol,Auto,7229,325000.0,10,Bangalore
Jeep Compass,Jeep,2021,18138,Petrol,Auto,28321,1654000.0,5,Bangalore
Honda Amaze,Honda,2015,143226,Petrol,Manual,8163,310000.0,11,Bangalore
Maruti Celerio,Maruti,2015,62090,Petrol,Auto,8532,324000.0,11,Bangalore
Hyundai Creta,Hyundai,2020,61144,Diesel,Auto,22156,1294000.0,6,Bangalore
Datsun Redi Go,Datsun,2018,18994,Petrol,Manual,3959,224000.00000000003,8,Bangalore
Hyundai i20,Hyundai,2012,94844,Diesel,Manual,3959,299000.0,14,Bangalore
Hyundai AURA,Hyundai,2021,93864,Petrol,Auto,8697,493000.0,5,Bangalore
Hyundai Elite i20,Hyundai,2015,42962,Petrol,Manual,12640,480000.0,11,Bangalore
Hyundai Verna,Hyundai,2012,100626,Petrol,Manual,29764,335000.0,14,Bangalore
Hyundai VENUE,Hyundai,2019,19029,Petrol,Auto,13504,765000.0,7,Bangalore
Ford Ecosport,Ford,2016,74404,Petrol,Auto,11033,496000.0,10,Bangalore
Tata TIGOR,Tata,2018,43225,Petrol,Auto,8297,470000.0,8,Bangalore
Maruti Baleno,Maruti,2018,77261,Petrol,Manual,9250,524000.0,8,Bangalore
Renault Duster,Renault,2016,77608,Diesel,Auto,14220,540000.0,10,Bangalore
Maruti Wagon R Stingray,Maruti,2013,52037,Petrol,Manual,12992,276000.0,13,Bangalore
Maruti Swift,Maruti,2012,147682,Diesel,Manual,12992,390000.0,14,Bangalore
Maruti Alto 800,Maruti,2016,50117,Petrol,Manual,5049,227000.0,10,Bangalore
Tata ALTROZ,Tata,2021,44227,Diesel,Manual,12010,680000.0,5,Bangalore
Maruti S Cross,Maruti,2017,94317,Diesel,Manual,12479,561000.0,9,Bangalore
Skoda KUSHAQ,Skoda,2024,17862,Petrol,Manual,21917,1280000.0,2,Bangalore
Nissan Micra,Nissan,2014,102607,Petrol,Auto,7639,229999.99999999997,12,Bangalore
Hyundai VENUE,Hyundai,2020,40844,Petrol,Auto,13381,758000.0,6,Bangalore
Maruti IGNIS,Maruti,2018,72879,Petrol,Auto,8383,475000.0,8,Bangalore
Toyota Glanza,Toyota,2021,45673,Petrol,Manual,11801,669000.0,5,Bangalore
Maruti Ertiga,Maruti,2016,76179,Petrol,Manual,13814,621000.0,10,Bangalore
Mahindra Bolero,Mahindra,2012,107666,Diesel,Manual,13814,421000.0,14,Bangalore
Toyota Glanza,Toyota,2023,12325,Petrol,Auto,12886,730000.0,3,Bangalore
MG HECTOR,MG,2020,45740,Petrol,Auto,19208,1122000.0,6,Bangalore
Hyundai i10,Hyundai,2013,40837,Petrol,Manual,12616,268000.0,13,Bangalore
Maruti Ertiga,Maruti,2016,97856,Diesel,Manual,18065,686000.0,10,Bangalore
Hyundai GRAND I10 NIOS,Hyundai,2021,20693,Petrol,Manual,9328,528000.0,5,Bangalore
Mahindra XUV300,Mahindra,2021,55687,Petrol,Manual,13722,777000.0,5,Bangalore
Maruti Ertiga,Maruti,2017,141312,Diesel,Manual,15415,693000.0,9,Bangalore
Ford Ecosport,Ford,2015,148543,Petrol,Auto,10586,401999.99999999994,11,Bangalore
Maruti Baleno,Maruti,2018,110979,Diesel,Manual,12012,540000.0,8,Bangalore
Ford FREESTYLE,Ford,2021,42627,Petrol,Manual,9868,559000.0,5,Bangalore
Honda City,Honda,2014,103840,Petrol,Manual,12987,391000.0,12,Bangalore
Maruti Ciaz,Maruti,2017,104416,Petrol,Auto,10321,463999.99999999994,9,Bangalore
Maruti S PRESSO,Maruti,2022,8373,Petrol,Manual,6849,388000.0,4,Bangalore
Hyundai Xcent,Hyundai,2015,89931,Petrol,Auto,8927,339000.0,11,Bangalore
Hyundai Grand i10,Hyundai,2019,52431,Petrol,Auto,8279,469000.00000000006,7,Bangalore
Tata NEXON,Tata,2020,32463,Petrol,Manual,13240,750000.0,6,Bangalore
Tata NEXON,Tata,2021,44589,Petrol,Manual,12110,686000.0,5,Bangalore
Hyundai Xcent,Hyundai,2015,71654,Petrol,Manual,8822,335000.0,11,Bangalore
Ford Ecosport,Ford,2016,72482,Diesel,Manual,14484,550000.0,10,Bangalore
Honda City,Honda,2014,82405,Petrol,Auto,15893,478000.0,12,Bangalore
Mahindra XUV500,Mahindra,2017,90298,Diesel,Auto,17894,823000.0,9,Bangalore
Volkswagen Vento,Volkswagen,2014,64278,Petrol,Manual,13120,395000.0,12,Bangalore
Maruti Ertiga,Maruti,2014,67372,Petrol,Manual,18766,565000.0,12,Bangalore
Maruti Celerio,Maruti,2020,18949,Petrol,Manual,7403,419000.00000000006,6,Bangalore
Renault Kwid,Renault,2018,40966,Petrol,Manual,5649,320000.0,8,Bangalore
KIA SONET,KIA,2023,18163,Diesel,Manual,16403,958000.0,3,Bangalore
Tata NEXON,Tata,2019,63470,Petrol,Auto,11245,637000.0,7,Bangalore
Maruti Ciaz,Maruti,2018,99109,Petrol,Manual,9709,550000.0,8,Bangalore
Renault Kwid,Renault,2020,119976,Petrol,Auto,7914,356000.0,6,Bangalore
Hyundai Creta,Hyundai,2017,86080,Petrol,Auto,15293,782000.0,9,Bangalore
Renault Duster,Renault,2014,90221,Diesel,Manual,18782,399000.0,12,Bangalore
Maruti Ertiga,Maruti,2014,54724,Petrol,Manual,17888,539000.0,12,Bangalore
Tata Tiago,Tata,2021,29725,Petrol,Auto,9480,537000.0,5,Bangalore
Maruti Swift Dzire,Maruti,2014,73898,Petrol,Auto,12068,363000.0,12,Bangalore
Maruti Swift,Maruti,2019,65898,Petrol,Auto,9498,538000.0,7,Bangalore
KIA SONET,KIA,2020,31346,Petrol,Manual,13632,772000.0,6,Bangalore
Honda Jazz,Honda,2018,47411,Petrol,Auto,11474,650000.0,8,Bangalore
Maruti Dzire,Maruti,2017,35349,Petrol,Auto,9716,497000.0,9,Bangalore
Tata Tiago,Tata,2023,1390,Petrol,Manual,9462,536000.0,3,Bangalore
Honda Jazz,Honda,2016,89309,Petrol,Auto,9100,409000.0,10,Bangalore
Mahindra XUV500,Mahindra,2014,71221,Diesel,Manual,30598,650000.0,12,Bangalore
Hyundai Elite i20,Hyundai,2017,67173,Petrol,Manual,9853,504000.0,9,Bangalore
Maruti Baleno,Maruti,2019,56774,Petrol,Manual,9582,543000.0,7,Bangalore
Maruti Ciaz,Maruti,2018,75843,Petrol,Manual,9815,556000.0,8,Bangalore
Skoda Rapid,Skoda,2013,89400,Diesel,Manual,30421,342000.0,13,Bangalore
Volkswagen Vento,Volkswagen,2014,48605,Petrol,Auto,13461,405000.0,12,Bangalore
Maruti Baleno,Maruti,2018,77435,Petrol,Manual,10103,572000.0,8,Bangalore
Mahindra Kuv100,Mahindra,2016,73673,Diesel,Manual,8558,325000.0,10,Bangalore
Honda Amaze,Honda,2014,31379,Petrol,Manual,10598,319000.0,12,Bangalore
Maruti Ciaz,Maruti,2018,122682,Petrol,Manual,11122,500000.0,8,Bangalore
Toyota Glanza,Toyota,2019,73903,Petrol,Auto,10535,597000.0,7,Bangalore
Ford FREESTYLE,Ford,2018,74993,Petrol,Manual,8120,459999.99999999994,8,Bangalore
Mahindra XUV300,Mahindra,2019,123093,Diesel,Auto,15396,692000.0,7,Bangalore
Honda Amaze,Honda,2014,144908,Petrol,Manual,9001,271000.0,12,Bangalore
Renault Kiger,Renault,2023,19721,Petrol,Auto,13234,750000.0,3,Bangalore
Maruti Grand Vitara,Maruti,2022,52705,Petrol,Auto,22944,1340000.0,4,Bangalore
Maruti Dzire,Maruti,2018,66191,Petrol,Manual,8596,487000.0,8,Bangalore
Skoda KUSHAQ,Skoda,2021,45878,Petrol,Manual,18321,1070000.0,5,Bangalore
KIA SELTOS,KIA,2019,89791,Diesel,Auto,17431,1018000.0,7,Bangalore
Hyundai Verna,Hyundai,2014,85241,Petrol,Auto,13612,409999.99999999994,12,Bangalore
KIA SELTOS,KIA,2019,28337,Petrol,Auto,19006,1110000.0,7,Bangalore
Maruti Swift,Maruti,2020,75747,Petrol,Auto,10009,567000.0,6,Bangalore
Maruti Ciaz,Maruti,2016,98888,Petrol,Auto,10321,463999.99999999994,10,Bangalore
Tata NEXON,Tata,2021,48463,Diesel,Auto,15941,931000.0,5,Bangalore
Mahindra XUV500,Mahindra,2016,99902,Diesel,Auto,21555,834000.0,10,Bangalore
Honda City,Honda,2015,52346,Petrol,Auto,14936,567000.0,11,Bangalore
Renault TRIBER,Renault,2020,39239,Petrol,Auto,10341,586000.0,6,Bangalore
Renault Scala,Renault,2013,74643,Diesel,Manual,24789,279000.0,13,Bangalore
Maruti Swift Dzire,Maruti,2014,96897,Diesel,Manual,17794,378000.0,12,Bangalore
Honda Brio,Honda,2015,101243,Petrol,Auto,8954,340000.0,11,Bangalore
Hyundai Creta,Hyundai,2019,76513,Petrol,Auto,15581,910000.0,7,Bangalore
Hyundai i10,Hyundai,2013,32151,Petrol,Manual,12618,268000.0,13,Bangalore
Maruti Swift,Maruti,2017,70066,Petrol,Manual,9345,478000.0,9,Bangalore
Maruti Swift,Maruti,2013,129666,Diesel,Manual,30386,342000.0,13,Bangalore
Honda City,Honda,2015,111049,Petrol,Auto,10797,409999.99999999994,11,Bangalore
Maruti Ertiga,Maruti,2017,15474,Petrol,Auto,14402,737000.0,9,Bangalore
Maruti IGNIS,Maruti,2018,100168,Petrol,Auto,8787,395000.0,8,Bangalore
Maruti Ertiga,Maruti,2016,60376,Diesel,Manual,18170,690000.0,10,Bangalore
Maruti IGNIS,Maruti,2018,75397,Petrol,Auto,8229,466000.0,8,Bangalore
Hyundai NEW SANTRO,Hyundai,2018,57764,Petrol,Auto,6885,390000.0,8,Bangalore
Tata NEXON,Tata,2022,20462,Petrol,Manual,13972,816000.0,4,Bangalore
Mahindra XUV500,Mahindra,2017,78236,Diesel,Auto,22286,1025000.0,9,Bangalore
KIA SONET,KIA,2021,51600,Diesel,Manual,14023,819000.0,5,Bangalore
KIA SELTOS,KIA,2019,59139,Petrol,Auto,16266,950000.0,7,Bangalore
KIA SELTOS,KIA,2021,48395,Petrol,Manual,16690,975000.0,5,Bangalore
Hyundai Verna,Hyundai,2014,101092,Petrol,Manual,13518,407000.0,12,Bangalore
Mahindra XUV500,Mahindra,2021,21439,Diesel,Manual,25461,1487000.0,5,Bangalore
Tata NEXON,Tata,2019,37426,Petrol,Auto,11457,649000.0,7,Bangalore
Hyundai Xcent,Hyundai,2014,109489,Petrol,Auto,9998,301000.0,12,Bangalore
Mahindra XUV500,Mahindra,2016,115749,Diesel,Auto,20962,796000.0,10,Bangalore
Hyundai Elite i20,Hyundai,2016,100088,Petrol,Manual,9654,434000.0,10,Bangalore
Volkswagen Vento,Volkswagen,2014,105619,Petrol,Manual,12123,365000.0,12,Bangalore
Tata NEXON,Tata,2023,21859,Petrol,Auto,14600,852999.9999999999,3,Bangalore
Skoda Rapid,Skoda,2014,115272,Diesel,Manual,14593,310000.0,12,Bangalore
KIA SONET,KIA,2020,46976,Diesel,Manual,13716,777000.0,6,Bangalore
Maruti Baleno,Maruti,2018,51561,Petrol,Auto,10672,605000.0,8,Bangalore
Honda Brio,Honda,2017,84842,Petrol,Auto,7818,400000.0,9,Bangalore
Maruti Ertiga,Maruti,2016,86019,Petrol,Manual,14236,640000.0,10,Bangalore
Honda City,Honda,2018,74431,Petrol,Manual,11651,660000.0,8,Bangalore
Ford Ecosport,Ford,2013,73821,Diesel,Manual,33779,380000.0,13,Bangalore
Hyundai VENUE,Hyundai,2021,47760,Petrol,Auto,14928,872000.0000000001,5,Bangalore
Hyundai Xcent,Hyundai,2015,80603,Petrol,Auto,9138,347000.0,11,Bangalore
KIA SONET,KIA,2021,98661,Diesel,Manual,13151,745000.0,5,Bangalore
Mahindra XUV500,Mahindra,2015,77461,Diesel,Manual,27435,838000.0000000001,11,Bangalore
Maruti IGNIS,Maruti,2017,79590,Petrol,Auto,8999,459999.99999999994,9,Bangalore
Ford FREESTYLE,Ford,2021,21759,Petrol,Manual,10227,579000.0,5,Bangalore
Tata Tiago,Tata,2020,114057,Petrol,Manual,9687,434999.99999999994,6,Bangalore
Honda City,Honda,2015,107354,Petrol,Auto,11060,420000.0,11,Bangalore
Ford Ecosport,Ford,2014,81627,Diesel,Manual,20427,434000.0,12,Bangalore
Tata Tiago,Tata,2019,43152,Petrol,Manual,7326,415000.00000000006,7,Bangalore
Hyundai NEW SANTRO,Hyundai,2018,74553,Petrol,Manual,6479,367000.0,8,Bangalore
Hyundai Creta,Hyundai,2017,93076,Petrol,Manual,13802,706000.0,9,Bangalore
Volkswagen Vento,Volkswagen,2014,113524,Petrol,Auto,12655,381000.0,12,Bangalore
Tata NEXON,Tata,2021,77782,Petrol,Manual,13063,740000.0,5,Bangalore
Hyundai Eon,Hyundai,2018,109456,Petrol,Manual,5806,261000.0,8,Bangalore
Maruti Dzire,Maruti,2018,32548,Petrol,Auto,10002,567000.0,8,Bangalore
KIA SONET,KIA,2021,34880,Diesel,Manual,14691,858000.0,5,Bangalore
Honda Jazz,Honda,2017,22707,Petrol,Auto,10093,516000.0,9,Bangalore
Skoda Rapid,Skoda,2013,102515,Diesel,Manual,33590,378000.0,13,Bangalore
Renault Duster,Renault,2015,99005,Diesel,Manual,15007,451999.99999999994,11,Bangalore
Maruti Ciaz,Maruti,2018,111327,Petrol,Manual,11001,495000.0,8,Bangalore
Maruti Swift,Maruti,2013,128567,Diesel,Manual,31881,359000.0,13,Bangalore
Tata ALTROZ,Tata,2023,30753,Petrol,Auto,12710,720000.0,3,Bangalore
Hyundai Grand i10,Hyundai,2018,61118,Petrol,Auto,8209,465000.00000000006,8,Bangalore
Maruti Baleno,Maruti,2018,70115,Petrol,Auto,9911,561000.0,8,Bangalore
Tata NEXON,Tata,2022,27912,Diesel,Manual,16677,974000.0,4,Bangalore
Hyundai Creta,Hyundai,2016,87878,Petrol,Auto,14988,674000.0,10,Bangalore
KIA SELTOS,KIA,2019,87807,Diesel,Auto,15732,919000.0,7,Bangalore
Maruti Ertiga,Maruti,2016,71956,Diesel,Manual,19750,750000.0,10,Bangalore
Renault TRIBER,Renault,2023,39158,Petrol,Manual,10856,615000.0,3,Bangalore
Maruti Baleno,Maruti,2018,105302,Petrol,Manual,9676,434999.99999999994,8,Bangalore
Volkswagen Vento,Volkswagen,2014,82675,Diesel,Auto,17899,380000.0,12,Bangalore
Tata NEXON,Tata,2023,40612,Petrol,Auto,14040,819999.9999999999,3,Bangalore
Hyundai VENUE,Hyundai,2020,74766,Petrol,Auto,12286,696000.0,6,Bangalore
KIA SONET,KIA,2021,36731,Petrol,Auto,14229,831000.0,5,Bangalore
Honda Amaze,Honda,2014,48418,Petrol,Manual,11060,333000.0,12,Bangalore
Hyundai GRAND I10 NIOS,Hyundai,2022,54956,Petrol,Auto,10559,598000.0,4,Bangalore
Honda City,Honda,2016,74454,CNG,Auto,20759,625000.0,10,Bangalore
Tata NEXON,Tata,2023,15361,Petrol,Auto,17105,999000.0,3,Bangalore
Ford Ecosport,Ford,2017,83122,Diesel,Manual,12731,572000.0,9,Bangalore
Honda Amaze,Honda,2023,23392,Petrol,Auto,13593,770000.0,3,Bangalore
Mahindra XUV500,Mahindra,2015,116382,Diesel,Manual,21456,646000.0,11,Bangalore
KIA SONET,KIA,2021,67346,Diesel,Auto,13972,816000.0,5,Bangalore
Hyundai Grand i10,Hyundai,2017,29408,Petrol,Auto,9756,499000.0,9,Bangalore
Tata Tiago,Tata,2022,39779,Petrol,Manual,9691,549000.0,4,Bangalore
Hyundai Creta,Hyundai,2018,49948,Petrol,Auto,14537,849000.0,8,Bangalore
KIA SONET,KIA,2022,21481,Petrol,Manual,14725,860000.0,4,Bangalore
Maruti S Cross,Maruti,2015,124371,Diesel,Manual,16538,498000.00000000006,11,Bangalore
Maruti Ertiga,Maruti,2018,95323,Petrol,Manual,12166,689000.0,8,Bangalore
KIA SELTOS,KIA,2021,81929,Diesel,Auto,18813,1099000.0,5,Bangalore
Ford FREESTYLE,Ford,2021,52791,Petrol,Manual,9656,547000.0,5,Bangalore
Hyundai VENUE,Hyundai,2019,61795,Petrol,Auto,12837,727000.0,7,Bangalore
KIA SONET,KIA,2023,21456,Petrol,Manual,16266,950000.0,3,Bangalore
Hyundai Verna,Hyundai,2018,59644,Petrol,Manual,12586,713000.0,8,Bangalore
KIA SONET,KIA,2020,50236,Petrol,Manual,13905,811999.9999999999,6,Bangalore
Skoda Rapid,Skoda,2018,124743,Diesel,Auto,11478,516000.0,8,Bangalore
Hyundai Elite i20,Hyundai,2018,50297,Petrol,Auto,10909,618000.0,8,Bangalore
KIA SONET,KIA,2020,41767,Petrol,Manual,12816,726000.0,6,Bangalore
Maruti Ciaz,Maruti,2018,59584,Petrol,Auto,11141,631000.0,8,Bangalore
KIA SELTOS,KIA,2022,62878,Diesel,Auto,23629,1380000.0,4,Bangalore
KIA SONET,KIA,2022,82623,Diesel,Auto,15410,900000.0,4,Bangalore
Hyundai i20 Active,Hyundai,2018,44751,Petrol,Manual,10189,577000.0,8,Bangalore
KIA SELTOS,KIA,2020,38487,Petrol,Manual,19477,1138000.0,6,Bangalore
Honda Brio,Honda,2013,62317,Petrol,Manual,15083,320000.0,13,Bangalore
Maruti Celerio,Maruti,2024,3757,Petrol,Auto,10587,600000.0,2,Bangalore
Maruti Baleno,Maruti,2017,60090,Petrol,Auto,10245,524000.0,9,Bangalore
KIA SELTOS,KIA,2023,30518,Petrol,Manual,20875,1219000.0,3,Bangalore
Hyundai NEW I20,Hyundai,2023,33057,Petrol,Manual,13515,766000.0,3,Bangalore
Tata NEXON,Tata,2024,29422,Petrol,Auto,18846,1101000.0,2,Bangalore
Toyota Etios,Toyota,2014,73527,Diesel,Manual,20590,437000.0,12,Bangalore
Honda WR-V,Honda,2018,146506,Diesel,Manual,12847,578000.0,8,Bangalore
Hyundai Verna,Hyundai,2015,70903,Petrol,Manual,9897,376000.0,11,Bangalore
Honda Amaze,Honda,2018,89553,Diesel,Auto,11142,570000.0,8,Bangalore
Honda Jazz,Honda,2021,42338,Petrol,Manual,12076,684000.0,5,Bangalore
Hyundai VENUE,Hyundai,2020,35314,Petrol,Manual,11903,674000.0,6,Bangalore
Tata Tiago,Tata,2021,91487,Petrol,Manual,7843,444000.00000000006,5,Bangalore
Mahindra Thar,Mahindra,2023,8888,Petrol,Auto,22105,1291000.0,3,Bangalore
Maruti Alto K10,Maruti,2018,21851,Petrol,Auto,6016,341000.0,8,Bangalore
Honda BR-V,Honda,2017,79081,Petrol,Auto,13188,675000.0,9,Bangalore
Maruti Baleno,Maruti,2018,78638,Petrol,Auto,10074,571000.0,8,Bangalore
KIA SELTOS,KIA,2022,21865,Petrol,Manual,23956,1399000.0,4,Bangalore
Volkswagen Polo,Volkswagen,2017,32071,Petrol,Manual,13392,685000.0,9,Bangalore
Hyundai Grand i10,Hyundai,2015,60738,Petrol,Auto,10373,394000.0,11,Bangalore
KIA SONET,KIA,2021,27095,Petrol,Manual,13226,749000.0,5,Bangalore
Renault Kwid,Renault,2019,29160,Petrol,Auto,6510,369000.0,7,Bangalore
Honda Mobilio,Honda,2015,56023,Petrol,Manual,12546,476000.0,11,Bangalore
Hyundai VENUE,Hyundai,2019,48216,Petrol,Manual,12561,712000.0,7,Bangalore
Hyundai Eon,Hyundai,2012,42944,Petrol,Manual,15282,172000.0,14,Bangalore
Tata NEXON,Tata,2019,43820,Petrol,Manual,7061,400000.0,7,Bangalore
Renault Kwid,Renault,2016,56622,Petrol,Manual,5339,240000.0,10,Bangalore
Volkswagen Polo,Volkswagen,2013,100850,Diesel,Manual,19280,217000.0,13,Bangalore
Hyundai i10,Hyundai,2012,39745,Petrol,Manual,24967,281000.0,14,Bangalore
Volkswagen Polo,Volkswagen,2012,87820,Diesel,Manual,24967,220000.00000000003,14,Bangalore
Ford Ecosport,Ford,2014,102140,Diesel,Manual,9885,210000.0,12,Bangalore
Renault TRIBER,Renault,2020,40319,Petrol,Auto,8650,490000.00000000006,6,Bangalore
Ford Figo Aspire,Ford,2017,44167,Petrol,Manual,7820,400000.0,9,Bangalore
Maruti Ertiga,Maruti,2024,19252,Petrol,Manual,19246,1124000.0,2,Bangalore
Tata TIGOR,Tata,2018,63634,Petrol,Manual,7026,398000.0,8,Bangalore
Maruti Baleno,Maruti,2023,13770,Petrol,Manual,10556,598000.0,3,Bangalore
Hyundai i10,Hyundai,2012,44682,Petrol,Manual,26921,303000.0,14,Bangalore
Volkswagen Ameo,Volkswagen,2016,78239,Petrol,Manual,9943,447000.0,10,Bangalore
Maruti Baleno,Maruti,2016,78904,Petrol,Manual,6896,310000.0,10,Bangalore
Maruti Ertiga,Maruti,2013,93174,Petrol,Manual,28056,596000.0,13,Bangalore
Nissan Terrano,Nissan,2014,117390,Diesel,Manual,19018,404000.0,12,Bangalore
Renault Kwid,Renault,2019,30753,Petrol,Auto,6743,382000.0,7,Bangalore
Maruti Swift,Maruti,2016,60336,Diesel,Manual,13562,515000.00000000006,10,Bangalore
Ford Ecosport,Ford,2014,301913,Petrol,Auto,12455,375000.0,12,Bangalore
Hyundai Elite i20,Hyundai,2018,59620,Petrol,Manual,9268,525000.0,8,Bangalore
Maruti Ritz,Maruti,2013,98178,Diesel,Manual,32341,364000.0,13,Bangalore
Maruti Baleno,Maruti,2018,109859,Petrol,Manual,10655,479000.0,8,Bangalore
Honda City,Honda,2017,100283,Petrol,Manual,14348,645000.0,9,Bangalore
Maruti Swift,Maruti,2019,89804,Petrol,Manual,9709,550000.0,7,Bangalore
Tata NEXON,Tata,2019,34306,Petrol,Auto,11368,644000.0,7,Bangalore
Maruti Baleno,Maruti,2019,72422,Petrol,Manual,7767,440000.00000000006,7,Bangalore
Volkswagen Polo,Volkswagen,2012,86991,Diesel,Manual,7767,215000.0,14,Bangalore
Honda Jazz,Honda,2017,45572,Petrol,Auto,8993,459999.99999999994,9,Bangalore
Renault Duster,Renault,2013,172312,Diesel,Manual,13061,147000.0,13,Bangalore
Volkswagen Polo,Volkswagen,2016,72101,Petrol,Manual,9832,442000.0,10,Bangalore
Hyundai Verna,Hyundai,2017,81894,Petrol,Manual,12629,646000.0,9,Bangalore
Mahindra XUV500,Mahindra,2015,127050,Diesel,Manual,11559,348000.0,11,Bangalore
Hyundai Elite i20,Hyundai,2015,42117,Petrol,Manual,13852,526000.0,11,Bangalore
Hyundai Elite i20,Hyundai,2016,65177,Petrol,Manual,7363,331000.0,10,Bangalore
Tata Manza,Tata,2011,88608,Diesel,Manual,7363,186000.0,15,Bangalore
Hyundai Grand i10,Hyundai,2017,37926,Petrol,Manual,9169,469000.00000000006,9,Bangalore
Ford Ecosport,Ford,2015,68313,Petrol,Manual,12035,457000.0,11,Bangalore
Hyundai Elite i20,Hyundai,2016,75070,Diesel,Manual,13457,511000.00000000006,10,Bangalore
Honda Jazz,Honda,2015,50149,Petrol,Manual,10850,412000.0,11,Bangalore
Maruti Swift,Maruti,2022,48624,Petrol,Auto,10856,615000.0,4,Bangalore
Ford Ecosport,Ford,2013,112600,Petrol,Manual,19300,409999.99999999994,13,Bangalore
Honda Jazz,Honda,2016,59539,Petrol,Manual,7118,320000.0,10,Bangalore
Tata ALTROZ,Tata,2021,25008,Petrol,Manual,8526,483000.0,5,Bangalore
Volkswagen Polo,Volkswagen,2013,121617,Diesel,Manual,28432,320000.0,13,Bangalore
Maruti Ertiga,Maruti,2021,80021,Petrol,Manual,18133,1059000.0,5,Bangalore
Hyundai Creta,Hyundai,2017,130275,Diesel,Manual,16127,725000.0,9,Bangalore
Hyundai Verna,Hyundai,2012,58165,Petrol,Manual,22212,250000.0,14,Bangalore
Renault Duster,Renault,2015,90551,Diesel,Manual,7008,211000.0,11,Bangalore
Tata Nano,Tata,2015,29425,Petrol,Auto,4951,188000.0,11,Bangalore
Skoda Fabia,Skoda,2011,89488,Petrol,Manual,4951,193000.0,15,Bangalore
Hyundai Grand i10,Hyundai,2014,48379,Petrol,Auto,14780,445000.0,12,Bangalore
Hyundai Verna,Hyundai,2017,66015,Diesel,Auto,16305,733000.0,9,Bangalore
Maruti Swift,Maruti,2019,17963,Petrol,Manual,7591,430000.0,7,Bangalore
Hyundai GRAND I10 NIOS,Hyundai,2020,47334,Petrol,Manual,9603,544000.0,6,Bangalore
Tata NEXON,Tata,2021,22140,Petrol,Manual,15924,930000.0000000001,5,Bangalore
Maruti Swift Dzire,Maruti,2012,71235,Petrol,Manual,15815,178000.0,14,Bangalore
Maruti Ertiga,Maruti,2016,89285,Diesel,Manual,19987,759000.0,10,Bangalore
Maruti Wagon R 1.0,Maruti,2016,69332,Petrol,Auto,5116,229999.99999999997,10,Bangalore
Ford New Figo,Ford,2017,51942,Petrol,Auto,6217,318000.0,9,Bangalore
Ford New Figo,Ford,2017,43282,Petrol,Manual,7781,398000.0,9,Bangalore
KIA SONET,KIA,2020,43644,Petrol,Manual,11298,640000.0,6,Bangalore
Ford Ecosport,Ford,2018,75137,Diesel,Manual,9462,484000.0,8,Bangalore
Maruti Vitara Brezza,Maruti,2021,17109,Petrol,Manual,17294,1010000.0,5,Bangalore
Tata NEXON,Tata,2021,50227,Petrol,Manual,15239,890000.0,5,Bangalore
Tata Tiago,Tata,2021,41875,Petrol,Manual,6690,379000.0,5,Bangalore
Hyundai Grand i10,Hyundai,2017,77252,Petrol,Manual,6340,285000.0,9,Bangalore
Maruti Ritz,Maruti,2011,46799,Petrol,Manual,6340,280000.0,15,Bangalore
Hyundai Creta,Hyundai,2017,110800,Petrol,Manual,19286,886999.9999999999,9,Bangalore
Maruti Celerio,Maruti,2022,34628,Petrol,Manual,10768,610000.0,4,Bangalore
Maruti Alto 800,Maruti,2013,112403,Petrol,Manual,9415,200000.0,13,Bangalore
Volkswagen Polo,Volkswagen,2016,75015,Petrol,Auto,12924,581000.0,10,Bangalore
Renault TRIBER,Renault,2021,108426,Petrol,Manual,7585,341000.0,5,Bangalore
Honda BR-V,Honda,2017,64322,Petrol,Manual,12375,633000.0,9,Bangalore
Renault Kwid,Renault,2019,45297,Petrol,Manual,4431,250999.99999999997,7,Bangalore
Renault Kwid,Renault,2017,14372,Petrol,Manual,4008,204999.99999999997,9,Bangalore
Maruti Alto 800,Maruti,2016,110876,Petrol,Manual,5227,235000.0,10,Bangalore
Renault Duster,Renault,2016,53119,Diesel,Manual,15669,595000.0,10,Bangalore
Maruti Alto 800,Maruti,2013,88335,Petrol,Manual,10968,233000.0,13,Bangalore
KIA CARENS,KIA,2024,38195,Diesel,Auto,22174,1295000.0,2,Bangalore
Hyundai Grand i10,Hyundai,2018,82064,Diesel,Manual,5376,275000.0,8,Bangalore
Hyundai Verna,Hyundai,2015,124985,Diesel,Manual,11226,338000.0,11,Bangalore
Volkswagen VIRTUS,Volkswagen,2022,19799,Petrol,Auto,24417,1426000.0,4,Bangalore
Maruti Alto K10,Maruti,2012,55720,Petrol,Manual,23190,261000.0,14,Bangalore
Hyundai Verna,Hyundai,2013,155587,Diesel,Manual,20346,229000.0,13,Bangalore
Honda Civic,Honda,2019,52175,Petrol,Auto,25153,1469000.0,7,Bangalore
Mahindra XUV500,Mahindra,2016,64308,Diesel,Auto,27034,1046000.0000000001,10,Bangalore
Ford Figo,Ford,2013,9458,Petrol,Manual,5602,119000.0,13,Bangalore
Mahindra XUV500,Mahindra,2013,96308,Diesel,Manual,51088,575000.0,13,Bangalore
Volkswagen Polo,Volkswagen,2019,63277,Petrol,Manual,7944,450000.0,7,Bangalore
Toyota Etios,Toyota,2014,45247,Petrol,Manual,12555,378000.0,12,Bangalore
Maruti Alto 800,Maruti,2016,103554,Petrol,Manual,6028,271000.0,10,Bangalore
Renault Kwid,Renault,2015,48701,Petrol,Manual,7294,277000.0,11,Bangalore
Maruti Celerio,Maruti,2017,84633,Petrol,Auto,5474,280000.0,9,Bangalore
Hyundai Eon,Hyundai,2012,110864,Petrol,Manual,13327,150000.0,14,Bangalore
Nissan MAGNITE,Nissan,2021,23914,Petrol,Manual,8826,500000.0,5,Bangalore
Volkswagen Vento,Volkswagen,2015,55756,Petrol,Auto,7752,294000.0,11,Bangalore
Volkswagen Polo,Volkswagen,2015,106895,Petrol,Auto,8532,324000.0,11,Bangalore
Hyundai i10,Hyundai,2012,117101,Petrol,Manual,22034,248000.0,14,Bangalore
Mahindra XUV 3XO,Mahindra,2024,5531,Petrol,Manual,18818,1099000.0,2,Bangalore
Renault Kwid,Renault,2016,95338,Petrol,Auto,6073,273000.0,10,Bangalore
Maruti Alto K10,Maruti,2012,63640,Petrol,Manual,22834,256999.99999999997,14,Bangalore
Maruti Dzire,Maruti,2019,45465,Petrol,Manual,7220,409000.0,7,Bangalore
Toyota Urban Cruiser Taisor,Toyota,2025,6168,Petrol,Auto,14982,875000.0,1,Bangalore
Tata TIGOR,Tata,2017,51534,Petrol,Manual,6197,317000.0,9,Bangalore
Volkswagen TAIGUN,Volkswagen,2022,12042,Petrol,Manual,13646,773000.0,4,Bangalore
Renault Duster,Renault,2015,95000,Diesel,Manual,10695,322000.0,11,Bangalore
Tata TIGOR,Tata,2018,67633,Petrol,Auto,9109,516000.0,8,Bangalore
Maruti FRONX,Maruti,2023,13162,Petrol,Auto,14554,850000.0,3,Bangalore
Maruti Alto K10,Maruti,2013,57933,Petrol,Manual,11543,245000.00000000003,13,Bangalore
Ford Fiesta,Ford,2011,52583,Petrol,Manual,11543,224000.00000000003,15,Bangalore
Hyundai Accent,Hyundai,2012,33687,Petrol,Manual,18125,204000.0,14,Bangalore
Ssangyong Rexton,Ssangyong,2013,121724,Diesel,Auto,19724,222000.00000000003,13,Bangalore
Skoda SLAVIA,Skoda,2023,6562,Petrol,Manual,22482,1313000.0,3,Bangalore
Maruti Swift,Maruti,2013,91816,Petrol,Manual,11674,248000.0,13,Bangalore
Hyundai Verna,Hyundai,2015,98309,Diesel,Manual,20427,615000.0,11,Bangalore
Maruti Alto K10,Maruti,2012,96512,Petrol,Manual,16348,184000.0,14,Bangalore
Tata NEXON,Tata,2024,8998,Petrol,Auto,18578,1085000.0,2,Bangalore
Maruti Alto K10,Maruti,2012,69722,Petrol,Manual,18658,210000.0,14,Bangalore
Renault Kwid,Renault,2017,45731,Petrol,Manual,4379,224000.00000000003,9,Bangalore
Maruti Swift,Maruti,2018,74707,Petrol,Manual,10133,574000.0,8,Bangalore
Maruti Swift,Maruti,2014,121492,Petrol,Manual,12455,375000.0,12,Bangalore
Hyundai i10,Hyundai,2012,51010,Petrol,Manual,26655,300000.0,14,Bangalore
Tata Hexa,Tata,2018,158461,Diesel,Manual,11812,531000.0,8,Bangalore
Mahindra E2O,Mahindra,2017,63942,Electric,Auto,4399,225000.0,9,Bangalore
Maruti Grand Vitara,Maruti,2023,28233,Petrol,Manual,16866,985000.0,3,Bangalore
Tata Zest,Tata,2014,63221,Petrol,Manual,5281,159000.0,12,Bangalore
Tata Safari,Tata,2011,202146,Diesel,Manual,5281,330000.0,15,Bangalore
Tata ALTROZ,Tata,2020,27506,Petrol,Manual,9780,554000.0,6,Bangalore
Hyundai VENUE,Hyundai,2021,40100,Petrol,Auto,16266,950000.0,5,Bangalore
Skoda Yeti,Skoda,2012,147758,Diesel,Manual,16266,445000.0,14,Bangalore
Hyundai Santro Xing,Hyundai,2013,61882,Petrol,Manual,10356,220000.00000000003,13,Bangalore
Hyundai VENUE,Hyundai,2019,71656,Petrol,Auto,15102,882000.0,7,Bangalore
Maruti Ciaz,Maruti,2018,88752,Diesel,Manual,10753,550000.0,8,Bangalore
KIA SONET,KIA,2021,33338,Diesel,Auto,19691,1150000.0,5,Bangalore
Hyundai Santa Fe,Hyundai,2013,175149,Diesel,Manual,36428,409999.99999999994,13,Bangalore
Maruti Swift,Maruti,2013,100625,Petrol,Manual,17653,375000.0,13,Bangalore
Maruti Swift Dzire,Maruti,2013,65854,Petrol,Manual,11203,238000.0,13,Bangalore
Hyundai New Elantra,Hyundai,2015,179765,Diesel,Manual,10230,308000.0,11,Bangalore
Renault Duster,Renault,2013,77002,Petrol,Manual,13369,284000.0,13,Bangalore
Tata NEXON,Tata,2018,75818,Petrol,Manual,12498,708000.0,8,Bangalore
Tata Manza,Tata,2011,116101,Diesel,Manual,12498,221000.0,15,Bangalore
Maruti IGNIS,Maruti,2017,70340,Petrol,Manual,7136,365000.0,9,Bangalore
Chevrolet Sail,Chevrolet,2016,87257,Petrol,Manual,3848,173000.0,10,Bangalore
KIA SONET,KIA,2022,38180,Diesel,Auto,20667,1207000.0,4,Bangalore
Maruti Ertiga,Maruti,2013,183925,Diesel,Manual,33229,374000.0,13,Bangalore
Tata ALTROZ,Tata,2022,8519,Petrol,Manual,10327,585000.0,4,Bangalore
Maruti Swift,Maruti,2011,111000,Petrol,Manual,10327,143000.0,15,Bangalore
Toyota Innova,Toyota,2015,154826,Diesel,Manual,21058,634000.0,11,Bangalore
Tata NEXON,Tata,2020,81816,Diesel,Manual,11898,674000.0,6,Bangalore
Hyundai Verna,Hyundai,2013,90457,Diesel,Manual,27010,304000.0,13,Bangalore
Datsun Redi Go,Datsun,2018,132854,Petrol,Manual,4449,200000.0,8,Bangalore
Ford Figo Aspire,Ford,2019,41164,Petrol,Manual,8279,469000.00000000006,7,Bangalore
Maruti Ciaz,Maruti,2015,64318,Petrol,Manual,8875,337000.0,11,Bangalore
Mahindra Kuv100,Mahindra,2016,28502,Petrol,Manual,5049,227000.0,10,Bangalore
Renault Kwid,Renault,2017,79092,Petrol,Auto,5904,302000.0,9,Bangalore
Tata PUNCH,Tata,2022,25383,Petrol,Auto,13240,750000.0,4,Bangalore
Renault Kwid,Renault,2016,72511,Petrol,Manual,5561,250000.0,10,Bangalore
Renault Duster,Renault,2020,48227,Petrol,Manual,12375,701000.0,6,Bangalore
Maruti Dzire,Maruti,2024,62421,Petrol,Manual,11721,664000.0,2,Bangalore
Maruti Alto 800,Maruti,2015,119823,Petrol,Manual,4608,175000.0,11,Bangalore
Volkswagen Vento,Volkswagen,2011,55867,Petrol,Manual,4608,220000.00000000003,15,Bangalore
Mahindra XUV500,Mahindra,2012,109807,Diesel,Manual,4608,354000.0,14,Bangalore
Hyundai i20,Hyundai,2012,120117,Petrol,Manual,19636,221000.0,14,Bangalore
Volkswagen Polo,Volkswagen,2013,106483,Diesel,Manual,25766,290000.0,13,Bangalore
Tata NEXON,Tata,2018,80200,Diesel,Auto,15361,807000.0,8,Bangalore
Hyundai Eon,Hyundai,2014,139298,Petrol,Manual,5447,164000.0,12,Bangalore
Ford Ecosport,Ford,2014,78334,Diesel,Manual,14640,311000.0,12,Bangalore
Honda Amaze,Honda,2018,66922,Petrol,Manual,7591,430000.0,8,Bangalore
Tata Hexa,Tata,2017,124332,Diesel,Auto,15571,700000.0,9,Bangalore
Ford Figo,Ford,2012,118472,Diesel,Manual,15571,204999.99999999997,14,Bangalore
Maruti Alto K10,Maruti,2013,34248,Petrol,Manual,13981,297000.0,13,Bangalore
Maruti Swift,Maruti,2019,41643,Petrol,Auto,11474,650000.0,7,Bangalore
Hyundai Santro Xing,Hyundai,2006,77795,Petrol,Manual,11474,120000.0,20,Bangalore
Maruti Baleno,Maruti,2016,109003,Petrol,Manual,12234,550000.0,10,Bangalore
Chevrolet Spark,Chevrolet,2011,54329,Petrol,Manual,12234,56999.99999999999,15,Bangalore
Mahindra TUV300,Mahindra,2016,52473,Diesel,Manual,13404,509000.0,10,Bangalore
Skoda Rapid,Skoda,2013,63497,Petrol,Manual,12945,275000.0,13,Bangalore
Hyundai Eon,Hyundai,2011,86493,Petrol,Manual,12945,187000.0,15,Bangalore
Skoda Fabia,Skoda,2011,72776,Petrol,Manual,12945,217000.0,15,Bangalore
KIA SELTOS,KIA,2020,44713,Petrol,Auto,23629,1380000.0,6,Bangalore
Fiat Linea,Fiat,2013,101325,Petrol,Manual,9885,210000.0,13,Bangalore
Hyundai Verna,Hyundai,2012,148930,Diesel,Manual,9885,200000.0,14,Bangalore
Mahindra XUV500,Mahindra,2016,75187,Diesel,Manual,14510,551000.0,10,Bangalore
Tata Tiago,Tata,2021,42160,Petrol,Manual,6708,380000.0,5,Bangalore
KIA SELTOS,KIA,2023,64144,Diesel,Manual,16266,950000.0,3,Bangalore
Audi A4,Audi,2017,55912,Petrol,Auto,29636,1557000.0,9,Bangalore
Ford Figo,Ford,2011,70624,Diesel,Manual,29636,150000.0,15,Bangalore
Tata NEXON,Tata,2018,149755,Diesel,Manual,14726,662000.0,8,Bangalore
Hyundai Verna,Hyundai,2011,89321,Petrol,Auto,14726,225000.0,15,Bangalore
BMW 5 Series,BMW,2011,102503,Diesel,Auto,14726,432000.0,15,Bangalore
Chevrolet Cruze,Chevrolet,2012,112951,Diesel,Auto,14726,373000.0,14,Bangalore
Hyundai i10,Hyundai,2012,33843,Petrol,Auto,26655,300000.0,14,Bangalore
Hyundai Eon,Hyundai,2014,54359,Petrol,Manual,6975,210000.0,12,Bangalore
Hyundai Eon,Hyundai,2014,38636,Petrol,Manual,7739,233000.0,12,Bangalore
Renault Kwid,Renault,2018,68391,Petrol,Auto,5861,332000.0,8,Bangalore
Ford Figo,Ford,2012,75786,Petrol,Manual,12883,145000.0,14,Bangalore
Ford Figo,Ford,2014,77055,Petrol,Manual,6610,199000.0,12,Bangalore
Volkswagen Vento,Volkswagen,2012,142696,Diesel,Manual,6610,287000.0,14,Bangalore
Hyundai i10,Hyundai,2013,98698,Petrol,Manual,14122,300000.0,13,Bangalore
Tata Tiago,Tata,2017,52833,Petrol,Auto,8700,445000.0,9,Bangalore
Hyundai Elite i20,Hyundai,2018,95798,Petrol,Manual,8297,470000.0,8,Bangalore
Hyundai Elite i20,Hyundai,2015,77082,Diesel,Manual,13784,415000.00000000006,11,Bangalore
Tata Nano,Tata,2011,50000,Petrol,Manual,13784,66000.0,15,Bangalore
Ford Figo,Ford,2012,161580,Diesel,Manual,13784,199000.0,14,Bangalore
Maruti OMNI E,Maruti,2012,56795,Petrol,Manual,20613,231999.99999999997,14,Bangalore
Hyundai i20,Hyundai,2011,38431,Petrol,Manual,20613,229000.0,15,Bangalore
Chevrolet Beat,Chevrolet,2014,123825,Diesel,Manual,4425,94000.0,12,Bangalore
Hyundai i10,Hyundai,2013,108772,Petrol,Manual,15016,319000.0,13,Bangalore
Maruti Baleno,Maruti,2016,47819,Petrol,Manual,8164,367000.0,10,Bangalore
Renault Kwid,Renault,2020,38960,Petrol,Auto,6620,375000.0,6,Bangalore
Hyundai Verna,Hyundai,2010,45302,Petrol,Manual,6620,194000.0,16,Bangalore
Tata Manza,Tata,2012,69585,Diesel,Manual,6620,213000.0,14,Bangalore
Hyundai i20,Hyundai,2012,83887,Diesel,Manual,6620,269000.0,14,Bangalore
Maruti Swift Dzire,Maruti,2013,116683,Petrol,Manual,16805,357000.0,13,Bangalore
Hyundai Eon,Hyundai,2015,47359,Petrol,Manual,4345,165000.0,11,Bangalore
Tata NEXON,Tata,2020,23568,Petrol,Manual,9374,531000.0,6,Bangalore
Hyundai Eon,Hyundai,2011,100014,Petrol,Manual,9374,154000.0,15,Bangalore
Maruti Eeco,Maruti,2023,28694,Petrol,Manual,10556,598000.0,3,Bangalore
Maruti Alto,Maruti,2021,19387,Petrol,Manual,5825,330000.0,5,Bangalore
Volkswagen Vento,Volkswagen,2012,156706,Diesel,Manual,5825,265000.0,14,Bangalore
Volkswagen Vento,Volkswagen,2013,128245,Petrol,Manual,16711,355000.0,13,Bangalore
Tata NEXON,Tata,2020,70295,Petrol,Manual,12880,579000.0,6,Bangalore
Maruti Swift,Maruti,2019,55114,Petrol,Manual,11192,634000.0,7,Bangalore
Fiat Grand Punto,Fiat,2011,92083,Diesel,Manual,11192,120000.0,15,Bangalore
Hyundai i10,Hyundai,2013,95963,Petrol,Manual,12333,262000.0,13,Bangalore
Hyundai Verna,Hyundai,2018,36270,Diesel,Manual,16046,843000.0,8,Bangalore
Hyundai i10,Hyundai,2011,102741,Petrol,Auto,16046,176000.0,15,Bangalore
Renault Kwid,Renault,2016,54129,Petrol,Manual,5450,245000.00000000003,10,Bangalore
Maruti Swift,Maruti,2024,13562,Petrol,Manual,12798,725000.0,2,Bangalore
Tata Indica EV2,Tata,2011,122849,Diesel,Manual,12798,127000.0,15,Bangalore
Fiat Linea,Fiat,2011,78309,Diesel,Manual,12798,88000.0,15,Bangalore
Honda City,Honda,2016,96469,Petrol,Auto,13858,623000.0,10,Bangalore
Hyundai i10,Hyundai,2012,38297,Petrol,Auto,30742,346000.0,14,Bangalore
Maruti Swift Dzire,Maruti,2013,129773,Diesel,Manual,24967,281000.0,13,Bangalore
Tata Indica EV2,Tata,2012,212878,Diesel,Manual,24967,137000.0,14,Bangalore
Maruti Swift Dzire,Maruti,2012,157955,Diesel,Manual,24967,250000.0,14,Bangalore
Maruti Swift,Maruti,2024,56608,Petrol,Manual,11739,665000.0,2,Bangalore
Nissan Sunny,Nissan,2013,96135,Petrol,Manual,7155,152000.0,13,Bangalore
Hyundai NEW I20,Hyundai,2021,83623,Diesel,Manual,12092,685000.0,5,Bangalore
Tata Zest,Tata,2014,80778,Petrol,Manual,8901,268000.0,12,Bangalore
Honda Accord,Honda,2011,95081,Petrol,Auto,8901,424000.0,15,Bangalore
Hyundai i10,Hyundai,2010,112858,Petrol,Manual,8901,202999.99999999997,16,Bangalore
KIA SELTOS,KIA,2020,52119,Petrol,Manual,14212,830000.0000000001,6,Bangalore
Hyundai i20 Active,Hyundai,2016,93191,Petrol,Manual,8141,366000.0,10,Bangalore
Renault Kwid,Renault,2016,45333,Petrol,Manual,5561,250000.0,10,Bangalore
Tata Tiago,Tata,2017,60481,Petrol,Auto,8186,368000.0,9,Bangalore
Honda Brio,Honda,2013,97030,Petrol,Auto,14122,300000.0,13,Bangalore
Maruti Wagon R 1.0,Maruti,2012,73685,Petrol,Manual,16170,182000.0,14,Bangalore
Chevrolet Sail,Chevrolet,2013,73555,Diesel,Manual,11639,131000.0,13,Bangalore
Skoda Rapid,Skoda,2013,121935,Diesel,Manual,32074,361000.0,13,Bangalore
Ford Figo,Ford,2012,86456,Diesel,Manual,32074,178000.0,14,Bangalore
Tata NEXON,Tata,2020,56892,Petrol,Manual,9285,526000.0,6,Bangalore
Hyundai i10,Hyundai,2012,42123,Petrol,Manual,27543,310000.0,14,Bangalore
Hyundai i20,Hyundai,2011,110400,Petrol,Manual,27543,206000.0,15,Bangalore
Tata Zest,Tata,2016,68584,Petrol,Manual,8119,365000.0,10,Bangalore
Honda Jazz,Honda,2012,61372,Petrol,Manual,22212,250000.0,14,Bangalore
Maruti Swift,Maruti,2013,89444,Diesel,Manual,37761,425000.0,13,Bangalore
Hyundai Verna,Hyundai,2012,63885,Diesel,Manual,37761,349000.0,14,Bangalore
Toyota Corolla Altis,Toyota,2008,84287,Petrol,Auto,37761,245000.00000000003,18,Bangalore
Maruti Wagon R 1.0,Maruti,2011,111350,Petrol,Manual,37761,227999.99999999997,15,Bangalore
Hyundai NEW I20,Hyundai,2021,69561,Petrol,Manual,11474,650000.0,5,Bangalore
Datsun Redi Go,Datsun,2018,61071,Petrol,Auto,6006,270000.0,8,Bangalore
Maruti Baleno,Maruti,2017,144244,Petrol,Manual,11078,498000.00000000006,9,Bangalore
Honda Civic,Honda,2012,79315,Petrol,Auto,31097,350000.0,14,Bangalore
Honda Amaze,Honda,2018,37055,Petrol,Auto,8473,480000.0,8,Bangalore
Maruti Ciaz,Maruti,2015,107211,Petrol,Manual,12166,462000.0,11,Bangalore
Tata Tiago,Tata,2017,17000,Petrol,Manual,7370,377000.0,9,Bangalore
Maruti Swift,Maruti,2019,144734,Diesel,Manual,14392,647000.0,7,Bangalore
Maruti Swift,Maruti,2013,142331,Diesel,Manual,35095,395000.0,13,Bangalore
Maruti Swift,Maruti,2018,73739,Petrol,Auto,11245,637000.0,8,Bangalore
Honda Amaze,Honda,2014,77466,Diesel,Manual,15299,325000.0,12,Bangalore
Maruti OMNI E,Maruti,2016,64984,Petrol,Manual,5450,245000.00000000003,10,Bangalore
Hyundai i20,Hyundai,2011,154487,Diesel,Manual,5450,183000.0,15,Bangalore
Renault Kwid,Renault,2017,58214,Petrol,Auto,5181,265000.0,9,Bangalore
Tata Indica Vista,Tata,2010,157796,Diesel,Manual,5181,78000.0,16,Bangalore
Tata Nano,Tata,2012,29611,Petrol,Manual,6219,70000.0,14,Bangalore
Volkswagen Polo,Volkswagen,2020,30339,Petrol,Manual,10592,600000.0,6,Bangalore
Tata Zest,Tata,2014,113007,Diesel,Manual,12474,265000.0,12,Bangalore
Hyundai Eon,Hyundai,2017,67315,Petrol,Manual,5583,250999.99999999997,9,Bangalore
Maruti Celerio,Maruti,2015,53950,Petrol,Auto,9480,360000.0,11,Bangalore
Maruti Swift Dzire,Maruti,2012,223184,Diesel,Manual,9480,386000.0,14,Bangalore
Honda Amaze,Honda,2016,52926,Petrol,Manual,7407,333000.0,10,Bangalore
Volkswagen Vento,Volkswagen,2016,167296,Diesel,Manual,10086,383000.0,10,Bangalore
Renault Kwid,Renault,2019,49722,Petrol,Auto,6796,385000.0,7,Bangalore
Hyundai Grand i10,Hyundai,2015,55997,Petrol,Manual,6952,264000.0,11,Bangalore
Renault Kwid,Renault,2018,30076,Petrol,Auto,5949,337000.0,8,Bangalore
Maruti Celerio,Maruti,2015,73007,Petrol,Auto,9981,379000.0,11,Bangalore
Mahindra XUV500,Mahindra,2014,145048,Diesel,Manual,28856,613000.0,12,Bangalore
Hyundai Verna,Hyundai,2018,76484,Diesel,Manual,12844,657000.0,8,Bangalore
Hyundai i10,Hyundai,2013,32231,Petrol,Manual,17700,376000.0,13,Bangalore
Maruti Swift,Maruti,2018,48575,Diesel,Auto,11711,599000.0,8,Bangalore
Tata TIGOR,Tata,2018,17491,Petrol,Manual,6973,395000.0,8,Bangalore
Nissan MAGNITE,Nissan,2021,23171,Petrol,Manual,9003,509999.99999999994,5,Bangalore
Chevrolet Spark,Chevrolet,2011,67539,Petrol,Manual,9003,82000.0,15,Bangalore
Hyundai GRAND I10 NIOS,Hyundai,2022,24704,Petrol,Manual,8632,488999.99999999994,4,Bangalore
Maruti Alto K10,Maruti,2018,52955,Petrol,Auto,6849,388000.0,8,Bangalore
Maruti Celerio,Maruti,2014,73925,Petrol,Auto,12854,387000.0,12,Bangalore
Maruti Swift,Maruti,2016,72574,Petrol,Manual,7763,349000.0,10,Bangalore
Volkswagen Polo,Volkswagen,2014,62551,Petrol,Auto,15445,465000.00000000006,12,Bangalore
Hyundai i10,Hyundai,2014,102993,Petrol,Manual,7772,234000.0,12,Bangalore
Maruti Celerio,Maruti,2015,144598,Petrol,Manual,7900,300000.0,11,Bangalore
Maruti New Wagon-R,Maruti,2019,43647,Petrol,Manual,8456,479000.0,7,Bangalore
Tata NEXON,Tata,2019,152603,Diesel,Manual,11189,503000.0,7,Bangalore
Hyundai Verna,Hyundai,2012,114450,Diesel,Manual,11189,390000.0,14,Bangalore
Tata Bolt,Tata,2015,58307,Petrol,Manual,7900,300000.0,11,Bangalore
Volkswagen Vento,Volkswagen,2011,81609,Diesel,Manual,7900,233000.0,15,Bangalore
Tata Manza,Tata,2011,90678,Diesel,Manual,7900,191000.0,15,Bangalore
Ford Figo,Ford,2012,73961,Diesel,Manual,7900,204999.99999999997,14,Bangalore
Renault TRIBER,Renault,2020,16550,Petrol,Auto,11474,650000.0,6,Bangalore
Renault Duster,Renault,2013,102931,Diesel,Manual,37228,419000.00000000006,13,Bangalore
Ford Figo,Ford,2012,101101,Diesel,Manual,37228,174000.0,14,Bangalore
Ford Figo,Ford,2011,83534,Petrol,Manual,37228,105000.0,15,Bangalore
Jeep Compass,Jeep,2018,87300,Diesel,Manual,17131,900000.0,8,Bangalore
Maruti Swift,Maruti,2018,121289,Diesel,Auto,12902,580000.0,8,Bangalore
Datsun Redi Go,Datsun,2018,29616,Petrol,Auto,4855,275000.0,8,Bangalore
Renault Fluence,Renault,2011,95539,Petrol,Auto,4855,222000.00000000003,15,Bangalore
Nissan Terrano,Nissan,2016,99000,Diesel,Manual,10560,401000.0,10,Bangalore
Maruti Swift,Maruti,2018,20786,Petrol,Manual,11086,628000.0,8,Bangalore
Chevrolet Aveo,Chevrolet,2010,125066,Petrol,Manual,11086,218000.00000000003,16,Bangalore
Maruti SX4,Maruti,2013,44922,Petrol,Manual,7249,154000.0,13,Bangalore
Nissan Teana,Nissan,2011,121366,Petrol,Auto,7249,227999.99999999997,15,Bangalore
Maruti Wagon R Duo,Maruti,2011,75522,Petrol,Manual,7249,227000.0,15,Bangalore
Volkswagen Polo,Volkswagen,2014,100385,Diesel,Manual,16570,352000.0,12,Bangalore
Maruti Swift,Maruti,2020,70680,Petrol,Manual,9921,562000.0,6,Bangalore
Hyundai i10,Hyundai,2012,58149,Petrol,Manual,23655,266000.0,14,Bangalore
Hyundai Grand i10,Hyundai,2015,58717,Petrol,Manual,11534,438000.0,11,Bangalore
Maruti Baleno,Maruti,2018,78765,Petrol,Manual,7396,419000.00000000006,8,Bangalore
Mahindra XUV500,Mahindra,2012,147951,Diesel,Manual,7396,379000.0,14,Bangalore
Hyundai i20,Hyundai,2013,131114,Diesel,Manual,25766,290000.0,13,Bangalore
Maruti Swift,Maruti,2015,66105,Petrol,Manual,12114,459999.99999999994,11,Bangalore
Maruti Ritz,Maruti,2014,89789,Petrol,Manual,11625,350000.0,12,Bangalore
Renault Kwid,Renault,2016,39471,Petrol,Manual,5672,254999.99999999997,10,Bangalore
Volkswagen Ameo,Volkswagen,2016,55248,Petrol,Manual,9409,423000.00000000006,10,Bangalore
Honda City,Honda,2010,160776,Petrol,Manual,9409,229000.0,16,Bangalore
Volkswagen Polo,Volkswagen,2011,80213,Petrol,Manual,9409,247000.00000000003,15,Bangalore
Tata NEXON,Tata,2022,31239,Petrol,Manual,14212,830000.0000000001,4,Bangalore
Hyundai GRAND I10 NIOS,Hyundai,2019,33685,Petrol,Manual,9091,515000.00000000006,7,Bangalore
Volkswagen Vento,Volkswagen,2012,230573,Diesel,Manual,9091,250000.0,14,Bangalore
KIA CARENS,KIA,2023,14825,Petrol,Manual,26811,1566000.0,3,Bangalore
Volkswagen Polo,Volkswagen,2011,24718,Petrol,Manual,26811,262000.0,15,Bangalore
Maruti Swift,Maruti,2014,132687,Diesel,Manual,18924,401999.99999999994,12,Bangalore
Maruti Wagon R 1.0,Maruti,2013,23154,Petrol,Manual,12004,254999.99999999997,13,Bangalore
Ford Ecosport,Ford,2017,92296,Petrol,Auto,13783,705000.0,9,Bangalore
Maruti Alto K10,Maruti,2011,57232,Petrol,Manual,13783,108000.0,15,Bangalore
Tata Nano,Tata,2014,42828,Petrol,Manual,3521,106000.0,12,Bangalore
Hyundai Grand i10,Hyundai,2019,46471,Petrol,Manual,9709,550000.0,7,Bangalore
Volkswagen Vento,Volkswagen,2013,110042,Diesel,Manual,29320,330000.0,13,Bangalore
Honda BR-V,Honda,2016,48555,Petrol,Manual,10900,490000.00000000006,10,Bangalore
Maruti Alto 800,Maruti,2015,36432,Petrol,Manual,6662,252999.99999999997,11,Bangalore
Maruti Baleno,Maruti,2018,75511,Petrol,Manual,7185,407000.0,8,Bangalore
Mahindra TUV300,Mahindra,2016,117465,Diesel,Manual,13588,516000.0,10,Bangalore
Ford Figo,Ford,2012,47489,Diesel,Manual,13588,208000.0,14,Bangalore
Tata NEXON,Tata,2021,26113,Petrol,Manual,16095,940000.0,5,Bangalore
Maruti Celerio,Maruti,2015,77246,Petrol,Auto,7768,295000.0,11,Bangalore
Hyundai Creta,Hyundai,2018,35861,Petrol,Manual,12145,688000.0,8,Bangalore
Volkswagen Polo,Volkswagen,2013,105000,Diesel,Manual,23367,263000.0,13,Bangalore
Hyundai i20,Hyundai,2012,76402,Petrol,Manual,32430,365000.0,14,Bangalore
Hyundai Grand i10,Hyundai,2015,82105,Petrol,Manual,7887,300000.0,11,Bangalore
Maruti Alto K10,Maruti,2015,94603,Petrol,Manual,6715,254999.99999999997,11,Bangalore
Hyundai i20,Hyundai,2013,77931,Petrol,Manual,12333,262000.0,13,Bangalore
Tata Harrier,Tata,2019,115044,Diesel,Manual,21587,993000.0,7,Bangalore
Renault Kwid,Renault,2023,24075,Petrol,Auto,8314,471000.0,3,Bangalore
Maruti Dzire,Maruti,2017,14125,Petrol,Auto,9971,509999.99999999994,9,Bangalore
Maruti Ciaz,Maruti,2016,57593,Diesel,Manual,12640,480000.0,10,Bangalore
Maruti Alto K10,Maruti,2015,40417,Petrol,Auto,7110,270000.0,11,Bangalore
Mahindra TUV300,Mahindra,2016,156636,Diesel,Manual,12509,475000.0,10,Bangalore
Mahindra E2O,Mahindra,2015,63285,Electric,Auto,4529,172000.0,11,Bangalore
Honda City,Honda,2011,71614,Petrol,Manual,4529,252000.0,15,Bangalore
Hyundai Elite i20,Hyundai,2017,76473,Petrol,Manual,11046,565000.0,9,Bangalore
Hyundai i20,Hyundai,2013,58282,Petrol,Manual,18594,395000.0,13,Bangalore
Maruti Ertiga,Maruti,2022,29888,Petrol,Manual,19691,1150000.0,4,Bangalore
Tata TIGOR,Tata,2017,57331,Petrol,Manual,6745,345000.0,9,Bangalore
Honda Jazz,Honda,2017,50248,Petrol,Manual,9189,470000.0,9,Bangalore
Maruti Vitara Brezza,Maruti,2017,54848,Diesel,Manual,16394,737000.0,9,Bangalore
Maruti Wagon R 1.0,Maruti,2015,77642,Petrol,Manual,7637,290000.0,11,Bangalore
Tata NEXON,Tata,2021,36685,Petrol,Manual,14554,850000.0,5,Bangalore
Honda City,Honda,2015,115280,Petrol,Manual,13852,526000.0,11,Bangalore
Ford Ecosport,Ford,2014,97185,Diesel,Manual,22313,474000.0,12,Bangalore
Maruti A Star,Maruti,2012,61437,Petrol,Manual,17770,200000.0,14,Bangalore
Hyundai AURA,Hyundai,2020,85288,Diesel,Auto,9903,561000.0,6,Bangalore
Maruti Wagon R 1.0,Maruti,2018,64687,Petrol,Auto,7767,440000.00000000006,8,Bangalore
Honda BR-V,Honda,2016,107632,Diesel,Manual,11640,442000.0,10,Bangalore
Mahindra XUV700,Mahindra,2023,11038,Diesel,Manual,27601,1612000.0,3,Bangalore
Mahindra TUV300,Mahindra,2016,75471,Diesel,Auto,12904,490000.00000000006,10,Bangalore
Maruti Swift,Maruti,2010,131030,Petrol,Manual,12904,231999.99999999997,16,Bangalore
Nissan Sunny,Nissan,2012,15863,Petrol,Manual,25322,285000.0,14,Bangalore
Hyundai Verna,Hyundai,2020,33959,Diesel,Manual,15410,900000.0,6,Bangalore
Maruti JIMNY,Maruti,2023,30207,Petrol,Auto,18749,1095000.0,3,Bangalore
Maruti Baleno,Maruti,2020,89892,Petrol,Manual,10274,582000.0,6,Bangalore
Ford Ecosport,Ford,2014,112726,Diesel,Manual,26267,558000.0,12,Bangalore
Maruti Celerio,Maruti,2015,37137,Petrol,Manual,8927,339000.0,11,Bangalore
Hyundai i10,Hyundai,2010,50795,Petrol,Manual,8927,204999.99999999997,16,Bangalore
Maruti Swift,Maruti,2022,46350,Petrol,Auto,13769,780000.0,4,Bangalore
Hyundai Grand i10,Hyundai,2016,43189,Petrol,Manual,7252,326000.0,10,Bangalore
Hyundai Verna,Hyundai,2011,94363,Petrol,Manual,7252,274000.0,15,Bangalore
Renault Lodgy,Renault,2015,113483,Diesel,Manual,13053,393000.0,11,Bangalore
Tata Harrier,Tata,2020,145790,Diesel,Auto,25678,1181000.0,6,Bangalore
Tata NEXON,Tata,2022,28877,Petrol,Manual,15667,915000.0,4,Bangalore
Tata NEXON,Tata,2021,63114,Petrol,Manual,13955,815000.0,5,Bangalore
Hyundai Grand i10,Hyundai,2018,102695,Petrol,Manual,9810,441000.0,8,Bangalore
Skoda Rapid,Skoda,2012,157767,Diesel,Manual,9810,200000.0,14,Bangalore
Hyundai Grand i10,Hyundai,2016,63318,Petrol,Manual,9343,420000.0,10,Bangalore
Maruti Baleno,Maruti,2016,103797,Petrol,Manual,10299,463000.0,10,Bangalore
Skoda Rapid,Skoda,2015,185788,Diesel,Manual,9632,290000.0,11,Bangalore
Hyundai i10,Hyundai,2011,60333,Petrol,Auto,9632,144000.0,15,Bangalore
Maruti Wagon R 1.0,Maruti,2016,70708,Petrol,Auto,7941,357000.0,10,Bangalore
Volkswagen Ameo,Volkswagen,2018,63062,Petrol,Manual,7538,426999.99999999994,8,Bangalore
Skoda Fabia,Skoda,2010,103128,Petrol,Manual,7538,136000.0,16,Bangalore
Maruti Swift,Maruti,2014,87546,Petrol,Manual,15245,459000.0,12,Bangalore
Renault Duster,Renault,2012,94783,Diesel,Manual,15245,259000.0,14,Bangalore
Nissan Terrano,Nissan,2016,97790,Petrol,Manual,7786,350000.0,10,Bangalore
Maruti Swift Dzire,Maruti,2014,73581,Petrol,Manual,15810,476000.0,12,Bangalore
Volkswagen Vento,Volkswagen,2012,113442,Diesel,Manual,15810,250000.0,14,Bangalore
Ford Fiesta Classic,Ford,2011,130275,Petrol,Manual,15810,160000.0,15,Bangalore
Renault Kwid,Renault,2017,40348,Petrol,Manual,4888,250000.0,9,Bangalore
Audi A6,Audi,2013,60746,Diesel,Auto,80427,910000.0,13,Bangalore
Hyundai Eon,Hyundai,2018,45256,Petrol,Manual,5119,290000.0,8,Bangalore
Tata NEXON,Tata,2021,23449,Petrol,Manual,17722,1035000.0,5,Bangalore
Maruti Alto,Maruti,2011,70845,Petrol,Manual,17722,140000.0,15,Bangalore
Maruti Swift Dzire,Maruti,2014,87154,Petrol,Manual,12954,390000.0,12,Bangalore
Fiat Grand Punto,Fiat,2012,100350,Diesel,Manual,12954,137000.0,14,Bangalore
Tata NEXON,Tata,2021,157601,Diesel,Auto,19416,893000.0,5,Bangalore
Volkswagen Passat,Volkswagen,2012,100001,Diesel,Auto,19416,488999.99999999994,14,Bangalore
Hyundai Santro Xing,Hyundai,2011,68941,Petrol,Manual,19416,191000.0,15,Bangalore
KIA SYROS,KIA,2025,2507,Petrol,Manual,20615,1204000.0,1,Bangalore
Chevrolet Spark,Chevrolet,2013,43683,Petrol,Manual,6214,132000.0,13,Bangalore
Hyundai i10,Hyundai,2011,75309,Petrol,Manual,6214,217000.0,15,Bangalore
Renault Pulse,Renault,2012,106000,Diesel,Manual,6214,234000.0,14,Bangalore
Mahindra XUV500,Mahindra,2020,38135,Diesel,Manual,15085,881000.0,6,Bangalore
Volkswagen Vento,Volkswagen,2011,104743,Petrol,Auto,15085,264000.0,15,Bangalore
Ford Figo,Ford,2010,165731,Diesel,Manual,15085,78000.0,16,Bangalore
Maruti Alto K10,Maruti,2018,9984,Petrol,Auto,6355,360000.0,8,Bangalore
Hyundai GRAND I10 NIOS,Hyundai,2022,24816,Petrol,Manual,8685,492000.0,4,Bangalore
Honda Amaze,Honda,2013,126351,Petrol,Manual,11298,240000.0,13,Bangalore
Maruti A Star,Maruti,2011,85083,Petrol,Auto,11298,200000.0,15,Bangalore
Tata Nano,Tata,2011,31571,Petrol,Manual,11298,57999.99999999999,15,Bangalore
Hyundai Verna,Hyundai,2012,134855,Diesel,Manual,11298,360000.0,14,Bangalore
Maruti Wagon R 1.0,Maruti,2011,72040,Petrol,Manual,11298,264000.0,15,Bangalore
Honda Amaze,Honda,2014,139821,Diesel,Manual,15958,339000.0,12,Bangalore
Toyota Etios Liva,Toyota,2013,94096,Petrol,Manual,16946,360000.0,13,Bangalore
Maruti Grand Vitara,Maruti,2024,31472,Petrol,Manual,18595,1086000.0,2,Bangalore
Hyundai i10,Hyundai,2011,81947,Petrol,Manual,18595,149000.0,15,Bangalore
Hyundai Creta,Hyundai,2016,129851,Petrol,Manual,16683,750000.0,10,Bangalore
Hyundai Elite i20,Hyundai,2015,95500,Petrol,Manual,9217,350000.0,11,Bangalore
Tata Indica EV2,Tata,2011,77963,Diesel,Manual,9217,135000.0,15,Bangalore
Volkswagen Ameo,Volkswagen,2017,157788,Diesel,Manual,8408,378000.0,9,Bangalore
Maruti Ertiga,Maruti,2022,24345,Petrol,Manual,16181,944999.9999999999,4,Bangalore
Renault Kwid,Renault,2017,64262,Petrol,Auto,5376,275000.0,9,Bangalore
Tata Indica Vista,Tata,2011,158160,Diesel,Manual,5376,110000.00000000001,15,Bangalore
Maruti Eeco,Maruti,2011,59830,Petrol,Manual,5376,200000.0,15,Bangalore
Hyundai Elite i20,Hyundai,2016,82291,Petrol,Manual,11322,509000.0,10,Bangalore
Maruti Swift,Maruti,2018,48926,Petrol,Manual,10592,600000.0,8,Bangalore
Maruti Vitara Brezza,Maruti,2016,157767,Diesel,Manual,14931,567000.0,10,Bangalore
Honda BR-V,Honda,2016,59712,Petrol,Manual,12346,555000.0,10,Bangalore
Maruti Swift,Maruti,2018,90661,Diesel,Auto,12571,643000.0,8,Bangalore
Maruti Alto K10,Maruti,2011,135072,Petrol,Manual,12571,139000.0,15,Bangalore
Volkswagen Vento,Volkswagen,2013,149000,Diesel,Manual,22212,250000.0,13,Bangalore
Skoda Rapid,Skoda,2012,193801,Diesel,Manual,22212,231999.99999999997,14,Bangalore
Ford FREESTYLE,Ford,2018,35913,Diesel,Manual,12082,618000.0,8,Bangalore
Hyundai i20,Hyundai,2010,195106,Petrol,Manual,12082,200000.0,16,Bangalore
Maruti Alto,Maruti,2020,26306,Petrol,Manual,6567,372000.0,6,Bangalore
Maruti XL6,Maruti,2020,78672,Petrol,Manual,14554,850000.0,6,Bangalore
Hyundai Elite i20,Hyundai,2017,80240,Petrol,Manual,10459,535000.0,9,Bangalore
Volkswagen Polo,Volkswagen,2014,70428,Petrol,Manual,13618,409999.99999999994,12,Bangalore
Maruti Swift,Maruti,2018,33500,Petrol,Manual,11474,650000.0,8,Bangalore
Volkswagen Vento,Volkswagen,2012,119832,Diesel,Manual,11474,254000.0,14,Bangalore
Hyundai Creta,Hyundai,2015,120828,Diesel,Manual,26191,800000.0,11,Bangalore
CITROEN C3,CITROEN,2023,14322,Petrol,Manual,10062,570000.0,3,Bangalore
Hyundai i10,Hyundai,2014,85080,Petrol,Manual,9167,276000.0,12,Bangalore
Honda Jazz,Honda,2016,62161,Petrol,Manual,9009,405000.0,10,Bangalore
Maruti Celerio,Maruti,2016,71337,Petrol,Auto,9676,434999.99999999994,10,Bangalore
Mahindra Kuv100,Mahindra,2017,74000,Petrol,Manual,5142,263000.0,9,Bangalore
Mahindra Quanto,Mahindra,2013,48500,Diesel,Manual,22237,250000.0,13,Bangalore
Maruti SX4,Maruti,2012,119388,Diesel,Manual,22237,125000.0,14,Bangalore
Maruti Ritz,Maruti,2013,90424,Diesel,Manual,29054,327000.0,13,Bangalore
Hyundai i20,Hyundai,2012,141951,Diesel,Manual,29054,310000.0,14,Bangalore
Maruti Alto K10,Maruti,2017,59922,Petrol,Manual,6979,357000.0,9,Bangalore
Hyundai i20,Hyundai,2011,176529,Petrol,Manual,6979,192000.0,15,Bangalore
Hyundai Creta,Hyundai,2017,51009,Petrol,Manual,18958,996000.0000000001,9,Bangalore
Volkswagen Polo,Volkswagen,2018,74162,Petrol,Manual,9356,530000.0,8,Bangalore
Ford Figo,Ford,2013,118104,Diesel,Manual,19636,221000.0,13,Bangalore
Honda Amaze,Honda,2013,63375,Diesel,Manual,23811,268000.0,13,Bangalore
Skoda Rapid,Skoda,2017,83376,Diesel,Manual,14615,657000.0,9,Bangalore
Hyundai i20,Hyundai,2014,79646,Petrol,Manual,9732,293000.0,12,Bangalore
Tata Indica EV2,Tata,2011,157411,Diesel,Manual,9732,100000.0,15,Bangalore
Maruti Baleno,Maruti,2018,57558,Petrol,Manual,10327,585000.0,8,Bangalore
Maruti Alto K10,Maruti,2011,50609,Petrol,Manual,10327,164000.0,15,Bangalore
Maruti Baleno,Maruti,2018,51603,Petrol,Manual,11474,650000.0,8,Bangalore
Maruti SX4,Maruti,2012,86804,Diesel,Manual,11474,185000.0,14,Bangalore
Maruti Baleno,Maruti,2017,111793,Petrol,Manual,11122,500000.0,9,Bangalore
Ford Ecosport,Ford,2014,74428,Diesel,Manual,19300,409999.99999999994,12,Bangalore
Hyundai GRAND I10 NIOS,Hyundai,2022,14929,Petrol,Auto,10592,600000.0,4,Bangalore
Honda Brio,Honda,2012,126034,Petrol,Manual,17770,200000.0,14,Bangalore
Hyundai i10,Hyundai,2013,63843,Petrol,Auto,12710,270000.0,13,Bangalore
Chevrolet Beat,Chevrolet,2011,76993,Diesel,Manual,12710,114999.99999999999,15,Bangalore
Hyundai i20,Hyundai,2012,125770,Diesel,Manual,12710,372000.0,14,Bangalore
Volkswagen Vento,Volkswagen,2012,141203,Diesel,Manual,12710,250000.0,14,Bangalore
KIA CARENS,KIA,2023,24811,Diesel,Manual,25769,1505000.0,3,Bangalore
Honda Brio,Honda,2012,71075,Petrol,Manual,25411,286000.0,14,Bangalore
Ford Figo Aspire,Ford,2017,56850,Petrol,Manual,7820,400000.0,9,Bangalore
Maruti Baleno,Maruti,2017,61262,Petrol,Manual,10440,534000.0,9,Bangalore
Maruti Celerio,Maruti,2014,99043,Petrol,Auto,8304,250000.0,12,Bangalore
Renault Kwid,Renault,2016,32196,Petrol,Auto,6673,300000.0,10,Bangalore
Fiat Linea,Fiat,2010,107900,Petrol,Manual,6673,163000.0,16,Bangalore
Maruti Swift,Maruti,2018,52192,Petrol,Manual,10592,600000.0,8,Bangalore
Maruti Swift,Maruti,2011,72593,Petrol,Manual,10592,260000.0,15,Bangalore
Maruti Swift,Maruti,2018,90515,Petrol,Manual,10044,569000.0,8,Bangalore
Toyota Etios,Toyota,2012,72985,Diesel,Manual,10044,276000.0,14,Bangalore
Renault Kiger,Renault,2022,34982,Petrol,Auto,9285,526000.0,4,Bangalore
Honda Amaze,Honda,2015,120060,Petrol,Manual,9033,343000.0,11,Bangalore
Tata Indica Vista,Tata,2012,113964,Diesel,Manual,9033,152000.0,14,Bangalore
Fiat Grand Punto,Fiat,2010,100255,Petrol,Manual,9033,88000.0,16,Bangalore
Maruti Ertiga,Maruti,2016,62289,Diesel,Manual,22563,873000.0,10,Bangalore
Maruti Swift,Maruti,2012,246392,Diesel,Manual,22563,340000.0,14,Bangalore
Toyota Etios,Toyota,2011,95787,Petrol,Manual,22563,244000.0,15,Bangalore
Maruti Swift Dzire,Maruti,2014,138575,Petrol,Manual,9931,299000.0,12,Bangalore
Honda Jazz,Honda,2015,93691,Petrol,Manual,8901,338000.0,11,Bangalore
Volkswagen Polo,Volkswagen,2020,48712,Petrol,Manual,13822,783000.0,6,Bangalore
Skoda KUSHAQ,Skoda,2022,36421,Petrol,Manual,18869,1102000.0,4,Bangalore
Tata TIGOR,Tata,2022,61122,Petrol,Manual,11404,646000.0,4,Bangalore
Renault TRIBER,Renault,2020,60768,Petrol,Manual,10715,607000.0,6,Bangalore
Tata Nano,Tata,2012,82965,Petrol,Manual,5953,67000.0,14,Bangalore
Hyundai Creta,Hyundai,2016,63060,Petrol,Manual,19960,918000.0,10,Bangalore
Ford Figo,Ford,2010,124052,Petrol,Manual,19960,152000.0,16,Bangalore
Skoda Fabia,Skoda,2011,106135,Petrol,Manual,19960,225000.0,15,Bangalore
Hyundai Grand i10,Hyundai,2014,65218,Petrol,Auto,9831,296000.0,12,Bangalore
Honda Amaze,Honda,2014,239107,Diesel,Manual,11863,252000.0,12,Bangalore
Toyota Glanza,Toyota,2024,12969,Petrol,Auto,15188,886999.9999999999,2,Bangalore
Toyota Corolla Altis,Toyota,2011,29413,Petrol,Manual,15188,350000.0,15,Bangalore
Hyundai NEW I20,Hyundai,2022,33463,Petrol,Manual,13681,775000.0,4,Bangalore
Hyundai Verna,Hyundai,2012,110007,Petrol,Manual,32963,371000.0,14,Bangalore
Tata NEXON,Tata,2019,83476,Petrol,Auto,11916,675000.0,7,Bangalore
Mahindra XUV 3XO,Mahindra,2025,6008,Petrol,Auto,23732,1386000.0,1,Bangalore
Renault Kwid,Renault,2022,23162,Petrol,Auto,8826,500000.0,4,Bangalore
Skoda Rapid,Skoda,2012,91355,Diesel,Manual,8826,221000.0,14,Bangalore
Hyundai i10,Hyundai,2011,80594,Petrol,Manual,8826,189000.0,15,Bangalore
Hyundai i20,Hyundai,2013,66881,Petrol,Manual,14122,300000.0,13,Bangalore
Maruti Swift Dzire,Maruti,2014,95166,Petrol,Manual,10031,302000.0,12,Bangalore
Hyundai GRAND I10 NIOS,Hyundai,2021,38115,Petrol,Manual,8473,480000.0,5,Bangalore
Hyundai i20 Active,Hyundai,2017,39604,Petrol,Manual,10323,528000.0,9,Bangalore
Maruti Celerio,Maruti,2015,25207,Petrol,Auto,9217,350000.0,11,Bangalore
Maruti S Cross,Maruti,2015,131715,Diesel,Manual,18733,564000.0,11,Bangalore
Renault Duster,Renault,2012,97174,Diesel,Manual,18733,290000.0,14,Bangalore
Maruti Swift Dzire,Maruti,2016,70318,Petrol,Manual,7585,341000.0,10,Bangalore
Tata Nano,Tata,2012,82342,Petrol,Manual,6042,68000.0,14,Bangalore
Tata NEXON,Tata,2018,82559,Petrol,Manual,10715,607000.0,8,Bangalore
Tata Zest,Tata,2015,105441,Petrol,Manual,9559,363000.0,11,Bangalore
Maruti Baleno,Maruti,2016,76765,Petrol,Manual,8030,361000.0,10,Bangalore
Maruti Swift Dzire,Maruti,2015,49957,Petrol,Manual,13773,523000.00000000006,11,Bangalore
Honda WR-V,Honda,2021,52384,Petrol,Manual,12286,696000.0,5,Bangalore
Tata TIGOR,Tata,2020,20178,Petrol,Auto,8120,459999.99999999994,6,Bangalore
Renault Kwid,Renault,2017,29229,Petrol,Auto,6999,358000.0,9,Bangalore
Skoda Rapid,Skoda,2013,101557,Petrol,Manual,15723,334000.0,13,Bangalore
Hyundai Xcent,Hyundai,2015,183143,Petrol,Manual,8558,325000.0,11,Bangalore
Ford Fiesta,Ford,2011,79349,Petrol,Manual,8558,170000.0,15,Bangalore
Tata NEXON,Tata,2019,91001,Diesel,Auto,9480,537000.0,7,Bangalore
Volkswagen Polo,Volkswagen,2016,101146,Petrol,Manual,8564,385000.0,10,Bangalore
Tata NEXON EV,Tata,2024,28801,Electric,Auto,23971,1400000.0,2,Bangalore
Honda Amaze,Honda,2019,64934,Petrol,Manual,8950,507000.0,7,Bangalore
Tata Nano,Tata,2014,114216,Petrol,Manual,3222,97000.0,12,Bangalore
Mahindra XUV500,Mahindra,2014,700001,Diesel,Manual,28244,600000.0,12,Bangalore
Hyundai VENUE,Hyundai,2021,6970,Petrol,Manual,12357,700000.0,5,Bangalore
Hyundai Verna,Hyundai,2019,39000,Petrol,Manual,14126,825000.0,7,Bangalore
Maruti Swift,Maruti,2018,58270,Petrol,Auto,9833,557000.0,8,Bangalore
Hyundai i10,Hyundai,2013,50220,Petrol,Auto,11768,250000.0,13,Bangalore
Hyundai i10,Hyundai,2010,76140,Petrol,Manual,11768,144000.0,16,Bangalore
Maruti Swift,Maruti,2013,191122,Diesel,Manual,34918,393000.0,13,Bangalore
Hyundai Verna,Hyundai,2016,43031,Petrol,Manual,12234,550000.0,10,Bangalore
Ford Figo,Ford,2014,104238,Diesel,Manual,13369,284000.0,12,Bangalore
Renault TRIBER,Renault,2023,46996,Petrol,Manual,11474,650000.0,3,Bangalore
Maruti Alto 800,Maruti,2015,68985,Petrol,Manual,5267,200000.0,11,Bangalore
Tata NEXON,Tata,2022,34043,Petrol,Manual,15838,925000.0,4,Bangalore
Hyundai Creta,Hyundai,2018,110810,Petrol,Manual,16683,750000.0,8,Bangalore
Tata Nano,Tata,2015,16437,Petrol,Auto,5767,219000.0,11,Bangalore
Renault Lodgy,Renault,2015,45947,Diesel,Manual,14747,444000.00000000006,11,Bangalore
Renault Scala,Renault,2013,89437,Diesel,Manual,22212,250000.0,13,Bangalore
Maruti Alto K10,Maruti,2011,47659,Petrol,Manual,22212,204999.99999999997,15,Bangalore
Tata PUNCH EV,Tata,2024,11438,Electric,Auto,17687,1033000.0,2,Bangalore
Hyundai Elite i20,Hyundai,2020,17496,Petrol,Manual,11315,641000.0,6,Bangalore
Tata Tiago,Tata,2022,27816,Petrol,Auto,9021,511000.00000000006,4,Bangalore
Hyundai i10,Hyundai,2011,85263,Petrol,Manual,9021,200999.99999999997,15,Bangalore
Maruti Swift,Maruti,2013,113438,Petrol,Manual,13934,296000.0,13,Bangalore
Volkswagen Ameo,Volkswagen,2017,110071,Diesel,Manual,9521,428000.0,9,Bangalore
Ford Ecosport,Ford,2014,97097,Petrol,Auto,12156,366000.0,12,Bangalore
Hyundai VENUE,Hyundai,2020,19920,Petrol,Manual,12710,720000.0,6,Bangalore
Honda City,Honda,2015,75481,Petrol,Manual,12114,459999.99999999994,11,Bangalore
Tata NEXON,Tata,2018,58452,Diesel,Manual,14467,740000.0,8,Bangalore
Renault TRIBER,Renault,2022,30247,Petrol,Manual,11474,650000.0,4,Bangalore
Hyundai i20,Hyundai,2013,86878,Petrol,Manual,16005,340000.0,13,Bangalore
Mahindra XUV500,Mahindra,2016,97578,Diesel,Auto,29955,1159000.0,10,Bangalore
Maruti Baleno,Maruti,2020,11269,Petrol,Manual,11774,667000.0,6,Bangalore
Maruti New Wagon-R,Maruti,2022,16044,Petrol,Manual,10839,614000.0,4,Bangalore
Toyota Etios Liva,Toyota,2013,38270,Petrol,Manual,18312,389000.0,13,Bangalore
Ford Fiesta,Ford,2011,162095,Diesel,Manual,18312,141000.0,15,Bangalore
Hyundai i10,Hyundai,2010,51285,Petrol,Manual,18312,252000.0,16,Bangalore
Hyundai i10,Hyundai,2014,49539,Petrol,Manual,10629,320000.0,12,Bangalore
Maruti Baleno,Maruti,2016,57408,Petrol,Auto,11411,513000.0,10,Bangalore
Ford Ecosport,Ford,2014,107094,Diesel,Manual,21277,451999.99999999994,12,Bangalore
Maruti Celerio,Maruti,2014,100355,Petrol,Manual,9134,275000.0,12,Bangalore
Renault Duster,Renault,2013,104450,Diesel,Manual,33318,375000.0,13,Bangalore
Hyundai Grand i10,Hyundai,2014,103161,Petrol,Manual,11326,341000.0,12,Bangalore
Maruti Swift,Maruti,2015,53879,Petrol,Manual,11850,450000.0,11,Bangalore
Honda Brio,Honda,2012,39417,Petrol,Manual,26210,295000.0,14,Bangalore
Hyundai Verna,Hyundai,2013,80749,Petrol,Auto,21701,461000.00000000006,13,Bangalore
Mahindra XUV500,Mahindra,2015,84397,Diesel,Manual,19929,600000.0,11,Bangalore
Tata NEXON,Tata,2018,51806,Petrol,Manual,10062,570000.0,8,Bangalore
Hyundai Xcent,Hyundai,2014,72551,Petrol,Manual,9732,293000.0,12,Bangalore
Honda Jazz,Honda,2016,22324,Petrol,Auto,10789,484999.99999999994,10,Bangalore
Maruti Ertiga,Maruti,2013,138903,Diesel,Manual,48156,542000.0,13,Bangalore
Skoda Superb,Skoda,2016,160407,Petrol,Auto,14459,650000.0,10,Bangalore
Mahindra TUV300,Mahindra,2016,66845,Diesel,Manual,13825,525000.0,10,Bangalore
Hyundai Elite i20,Hyundai,2020,45297,Petrol,Manual,13345,756000.0,6,Bangalore
Hyundai AURA,Hyundai,2020,7997,Petrol,Manual,11827,670000.0,6,Bangalore
Hyundai i10,Hyundai,2013,113368,Petrol,Manual,14122,300000.0,13,Bangalore
Hyundai i20,Hyundai,2011,54207,Petrol,Manual,14122,289000.0,15,Bangalore
Maruti Vitara Brezza,Maruti,2017,97292,Diesel,Manual,14704,661000.0,9,Bangalore
Hyundai i20,Hyundai,2010,88753,Petrol,Manual,14704,120000.0,16,Bangalore
Hyundai Elite i20,Hyundai,2019,54298,Petrol,Manual,10592,600000.0,7,Bangalore
Maruti Ciaz,Maruti,2014,83018,Petrol,Auto,10728,323000.0,12,Bangalore
Renault Fluence,Renault,2013,94942,Diesel,Manual,24522,276000.0,13,Bangalore
Volkswagen Polo,Volkswagen,2014,130650,Diesel,Manual,21183,450000.0,12,Bangalore
Hyundai Verna,Hyundai,2011,87474,Petrol,Manual,21183,286000.0,15,Bangalore
Hyundai i20,Hyundai,2010,262000,Petrol,Manual,21183,262000.0,16,Bangalore
Tata NEXON,Tata,2020,37749,Petrol,Auto,13063,740000.0,6,Bangalore
Maruti Wagon R 1.0,Maruti,2010,158950,Petrol,Manual,13063,160000.0,16,Bangalore
Ford Classic,Ford,2012,105314,Diesel,Manual,13063,160000.0,14,Bangalore
Tata NEXON,Tata,2018,84741,Diesel,Manual,12981,664000.0,8,Bangalore
Hyundai i20,Hyundai,2014,93136,Petrol,Manual,13053,393000.0,12,Bangalore
Maruti Alto K10,Maruti,2011,47609,Petrol,Manual,13053,204999.99999999997,15,Bangalore
Renault Kwid,Renault,2021,27498,Petrol,Auto,7096,401999.99999999994,5,Bangalore
Hyundai Elite i20,Hyundai,2018,38566,Petrol,Manual,12533,710000.0,8,Bangalore
Honda Amaze,Honda,2015,58532,Petrol,Manual,8137,309000.0,11,Bangalore
BMW 5 Series,BMW,2014,60040,Diesel,Auto,81424,1747000.0,12,Bangalore
Maruti XL6,Maruti,2022,38158,Petrol,Manual,18492,1080000.0,4,Bangalore
Hyundai Creta,Hyundai,2016,124337,Petrol,Manual,18046,830000.0000000001,10,Bangalore
Maruti Swift Dzire,Maruti,2011,111876,Petrol,Manual,18046,267000.0,15,Bangalore
Tata NEXON,Tata,2020,62561,Petrol,Manual,10998,623000.0,6,Bangalore
Ford Classic,Ford,2012,117270,Diesel,Manual,10998,200000.0,14,Bangalore
Maruti SX4,Maruti,2011,22506,Petrol,Manual,10998,276000.0,15,Bangalore
Maruti Ritz,Maruti,2011,51244,Petrol,Manual,10998,250000.0,15,Bangalore
Renault Duster,Renault,2015,135327,Diesel,Manual,16225,488000.0,11,Bangalore
Maruti Wagon R 1.0,Maruti,2011,152559,Petrol,Manual,16225,260000.0,15,Bangalore
Ford New Figo,Ford,2019,47274,Petrol,Manual,7538,426999.99999999994,7,Bangalore
Mahindra XUV500,Mahindra,2017,153386,Diesel,Manual,13680,615000.0,9,Bangalore
Maruti A Star,Maruti,2012,75000,Petrol,Manual,14428,162000.0,14,Bangalore
Maruti Celerio,Maruti,2014,61208,Petrol,Auto,9865,297000.0,12,Bangalore
Hyundai AURA,Hyundai,2020,33177,Petrol,Auto,11068,627000.0,6,Bangalore
Maruti Alto K10,Maruti,2025,5415,Petrol,Manual,9179,520000.0,1,Bangalore
Hyundai Elite i20,Hyundai,2018,51975,Petrol,Auto,13458,605000.0,8,Bangalore
Maruti Ertiga,Maruti,2015,160967,Diesel,Manual,15445,465000.00000000006,11,Bangalore
Hyundai i20,Hyundai,2014,65058,Petrol,Manual,13618,409999.99999999994,12,Bangalore
Maruti Celerio,Maruti,2015,75821,Petrol,Manual,9217,350000.0,11,Bangalore
Maruti Celerio,Maruti,2015,123209,Petrol,Manual,9349,355000.0,11,Bangalore
Honda City,Honda,2016,53345,Petrol,Auto,9298,418000.0,10,Bangalore
Tata Tiago,Tata,2017,71255,Petrol,Manual,7625,390000.0,9,Bangalore
Tata NEXON,Tata,2018,57817,Petrol,Manual,10744,609000.0,8,Bangalore
Maruti Swift,Maruti,2015,139694,Diesel,Manual,13053,393000.0,11,Bangalore
Fiat Grand Punto,Fiat,2011,133993,Diesel,Manual,13053,164000.0,15,Bangalore
Hyundai Elite i20,Hyundai,2017,74831,Petrol,Manual,9654,434000.0,9,Bangalore
Mahindra Thar,Mahindra,2023,4237,Petrol,Auto,22619,1321000.0,3,Bangalore
Mahindra KUV 100 NXT,Mahindra,2018,95755,Diesel,Manual,6237,319000.0,8,Bangalore
Mahindra XUV500,Mahindra,2012,170777,Diesel,Manual,6237,513999.99999999994,14,Bangalore
CITROEN C3,CITROEN,2022,48973,Petrol,Manual,8826,500000.0,4,Bangalore
Volkswagen Ameo,Volkswagen,2017,25076,Petrol,Manual,9912,507000.0,9,Bangalore
Nissan Micra,Nissan,2012,111323,Petrol,Manual,14216,160000.0,14,Bangalore
Maruti Baleno,Maruti,2023,39829,Petrol,Auto,14383,840000.0,3,Bangalore
Maruti Celerio,Maruti,2018,99189,Petrol,Manual,7732,438000.0,8,Bangalore
Hyundai Eon,Hyundai,2011,61250,Petrol,Manual,7732,162000.0,15,Bangalore
Hyundai Elite i20,Hyundai,2016,59091,Petrol,Manual,11478,516000.0,10,Bangalore
Maruti Celerio,Maruti,2015,72958,Petrol,Auto,8295,315000.0,11,Bangalore
Hyundai i20 Active,Hyundai,2015,91276,Diesel,Manual,16076,484000.0,11,Bangalore
Hyundai Grand i10,Hyundai,2015,23508,Petrol,Manual,11692,444000.00000000006,11,Bangalore
Toyota Fortuner,Toyota,2012,155203,Diesel,Auto,11692,866000.0,14,Bangalore
Maruti Swift,Maruti,2016,42188,Diesel,Manual,14299,543000.0,10,Bangalore
Tata NEXON,Tata,2021,8324,Petrol,Manual,10998,623000.0,5,Bangalore
Maruti Alto,Maruti,2012,54000,Petrol,Manual,21235,239000.0,14,Bangalore
Renault Kwid,Renault,2023,53974,Petrol,Manual,7926,449000.0,3,Bangalore
Hyundai Elite i20,Hyundai,2019,112287,Petrol,Auto,14837,667000.0,7,Bangalore
Maruti Alto,Maruti,2011,77339,Petrol,Manual,14837,200000.0,15,Bangalore
Hyundai Verna,Hyundai,2015,67268,Petrol,Manual,11324,430000.0,11,Bangalore
Hyundai NEW I20,Hyundai,2022,86522,Petrol,Manual,11262,638000.0,4,Bangalore
Ford Ecosport,Ford,2015,96283,Petrol,Auto,9954,378000.0,11,Bangalore
Tata Tiago,Tata,2016,74955,Petrol,Manual,7318,329000.0,10,Bangalore
Tata Safari,Tata,2021,53479,Diesel,Manual,23646,1381000.0,5,Bangalore
Tata Tiago,Tata,2018,62211,Petrol,Manual,6090,345000.0,8,Bangalore
Maruti Baleno,Maruti,2017,36490,Petrol,Manual,9853,504000.0,9,Bangalore
Hyundai Creta,Hyundai,2016,114504,Petrol,Auto,16683,750000.0,10,Bangalore
Maruti Swift Dzire,Maruti,2014,58173,Petrol,Manual,11957,360000.0,12,Bangalore
Honda City,Honda,2014,107276,Petrol,Manual,11426,344000.0,12,Bangalore
Maruti Swift,Maruti,2013,111254,Diesel,Manual,29675,334000.0,13,Bangalore
Maruti Dzire,Maruti,2017,89491,Petrol,Auto,8798,450000.0,9,Bangalore
Honda City,Honda,2012,60450,Petrol,Manual,27543,310000.0,14,Bangalore
Mahindra XUV500,Mahindra,2018,23000,Diesel,Auto,25277,1328000.0,8,Bangalore
Toyota YARIS,Toyota,2021,15728,Petrol,Manual,13769,780000.0,5,Bangalore
Tata Manza,Tata,2013,104915,Diesel,Manual,22390,252000.0,13,Bangalore
Renault TRIBER,Renault,2023,18151,Petrol,Manual,12533,710000.0,3,Bangalore
Hyundai Grand i10,Hyundai,2018,42260,Petrol,Manual,8509,482000.0,8,Bangalore
Maruti S PRESSO,Maruti,2020,16893,Petrol,Auto,9038,512000.0,6,Bangalore
Maruti OMNI E,Maruti,2014,52224,Petrol,Manual,8702,262000.0,12,Bangalore
Hyundai i20,Hyundai,2011,52994,Petrol,Manual,8702,241000.0,15,Bangalore
Mahindra XUV500,Mahindra,2012,82383,Diesel,Manual,8702,515000.00000000006,14,Bangalore
Maruti Ritz,Maruti,2010,182198,Diesel,Manual,8702,177000.0,16,Bangalore
Honda City,Honda,2015,74395,Petrol,Manual,14352,545000.0,11,Bangalore
Maruti Alto,Maruti,2019,92201,Petrol,Manual,5719,324000.0,7,Bangalore
Maruti Swift,Maruti,2014,57462,Diesel,Manual,24196,513999.99999999994,12,Bangalore
Tata Tiago,Tata,2017,78027,Petrol,Manual,7331,375000.0,9,Bangalore
Maruti Baleno,Maruti,2019,52829,Petrol,Manual,11227,636000.0,7,Bangalore
Hyundai Grand i10,Hyundai,2017,83261,Petrol,Manual,7370,377000.0,9,Bangalore
Hyundai Elite i20,Hyundai,2019,55915,Petrol,Manual,12180,690000.0,7,Bangalore
Maruti Baleno,Maruti,2021,65569,Petrol,Manual,11121,630000.0,5,Bangalore
Volkswagen Vento,Volkswagen,2021,6761,Petrol,Auto,18715,1093000.0,5,Bangalore
Mahindra XUV500,Mahindra,2020,48268,Diesel,Manual,26968,1575000.0,6,Bangalore
Maruti Celerio,Maruti,2018,96846,Petrol,Auto,7767,440000.00000000006,8,Bangalore
Hyundai Grand i10,Hyundai,2016,57776,Petrol,Manual,8453,380000.0,10,Bangalore
Skoda Rapid,Skoda,2018,117567,Petrol,Auto,15082,678000.0,8,Bangalore
Honda Amaze,Honda,2016,69607,Petrol,Manual,8453,380000.0,10,Bangalore
Hyundai Creta,Hyundai,2016,95211,Petrol,Manual,15571,700000.0,10,Bangalore
Honda City,Honda,2024,6816,Petrol,Manual,17927,1047000.0000000001,2,Bangalore
Honda City,Honda,2012,91897,Petrol,Manual,32341,364000.0,14,Bangalore
Tata Tiago,Tata,2021,46543,Petrol,Manual,8209,465000.00000000006,5,Bangalore
Hyundai Elite i20,Hyundai,2016,70161,Diesel,Manual,15142,575000.0,10,Bangalore
Hyundai GRAND I10 NIOS,Hyundai,2020,25857,Petrol,Manual,8826,500000.0,6,Bangalore
Maruti New Wagon-R,Maruti,2019,93005,Petrol,Auto,7979,451999.99999999994,7,Bangalore
Tata Tiago,Tata,2016,51018,Petrol,Manual,7852,353000.0,10,Bangalore
Maruti Swift Dzire,Maruti,2015,50370,Petrol,Manual,12956,492000.0,11,Bangalore
Hyundai Grand i10,Hyundai,2015,115315,Petrol,Manual,9981,379000.0,11,Bangalore
Mahindra XUV500,Mahindra,2017,162597,Diesel,Auto,19568,900000.0,9,Bangalore
Renault TRIBER,Renault,2024,35716,Petrol,Manual,11351,643000.0,2,Bangalore
Honda WR-V,Honda,2018,42913,Petrol,Manual,10768,610000.0,8,Bangalore
Hyundai VENUE,Hyundai,2022,24210,Diesel,Manual,15410,900000.0,4,Bangalore
Maruti Celerio,Maruti,2022,61848,Petrol,Manual,8562,484999.99999999994,4,Bangalore
Maruti Baleno,Maruti,2022,29780,Petrol,Auto,11104,629000.0,4,Bangalore
Ford Figo Aspire,Ford,2015,92134,Diesel,Manual,10728,323000.0,11,Bangalore
Volkswagen Polo,Volkswagen,2017,42175,Petrol,Manual,12023,615000.0,9,Bangalore
Maruti Ritz,Maruti,2011,81327,Petrol,Manual,12023,237000.0,15,Bangalore
Hyundai Verna,Hyundai,2021,86016,Petrol,Manual,15564,909000.0,5,Bangalore
Hyundai Elite i20,Hyundai,2018,46040,Petrol,Manual,10362,587000.0,8,Bangalore
Maruti Swift,Maruti,2011,88005,Petrol,Manual,10362,266000.0,15,Bangalore
Maruti Dzire,Maruti,2019,94339,Petrol,Manual,11015,624000.0,7,Bangalore
Hyundai i20,Hyundai,2010,71372,Petrol,Manual,11015,249000.00000000003,16,Bangalore
Maruti Ritz,Maruti,2012,68618,Diesel,Manual,11015,286000.0,14,Bangalore
Mahindra XUV500,Mahindra,2017,113639,Diesel,Manual,17440,784000.0,9,Bangalore
Maruti Baleno,Maruti,2016,54472,Petrol,Manual,10010,450000.0,10,Bangalore
Honda BR-V,Honda,2018,84850,Petrol,Manual,11333,642000.0,8,Bangalore
Maruti Celerio,Maruti,2018,59912,Petrol,Manual,7573,429000.0,8,Bangalore
Skoda Rapid,Skoda,2017,92112,Diesel,Auto,13903,625000.0,9,Bangalore
Honda City,Honda,2020,28890,Petrol,Manual,15736,919000.0,6,Bangalore
Maruti Alto K10,Maruti,2024,15255,Petrol,Manual,8791,498000.00000000006,2,Bangalore
Maruti Swift Dzire,Maruti,2015,31603,Petrol,Manual,11824,449000.0,11,Bangalore
Mitsubishi Pajero Sport,Mitsubishi,2015,155300,Diesel,Auto,29465,900000.0,11,Bangalore
Hyundai Creta,Hyundai,2020,40362,Petrol,Manual,21643,1264000.0,6,Bangalore
Hyundai Elite i20,Hyundai,2016,44894,Petrol,Manual,12079,543000.0,10,Bangalore
Toyota Innova,Toyota,2012,118032,Diesel,Manual,12079,737000.0,14,Bangalore
Honda City,Honda,2016,58584,Petrol,Manual,12346,555000.0,10,Bangalore
Hyundai Xcent,Hyundai,2016,134000,Petrol,Manual,6762,304000.0,10,Bangalore
Hyundai Grand i10,Hyundai,2016,33015,Petrol,Manual,10010,450000.0,10,Bangalore
Maruti Swift,Maruti,2012,144472,Diesel,Manual,10010,418000.0,14,Bangalore
Maruti Alto K10,Maruti,2011,132552,Petrol,Manual,10010,152000.0,15,Bangalore
MG HECTOR,MG,2022,23996,Petrol,Auto,23663,1382000.0,4,Bangalore
Maruti Baleno,Maruti,2021,44554,Petrol,Manual,11051,626000.0,5,Bangalore
Skoda Fabia,Skoda,2011,81791,Petrol,Manual,11051,188000.0,15,Bangalore
Maruti Baleno,Maruti,2021,54098,Petrol,Manual,11580,656000.0,5,Bangalore
Hyundai Creta,Hyundai,2015,122204,Diesel,Auto,21589,650000.0,11,Bangalore
Honda Amaze,Honda,2014,50209,Petrol,Auto,11957,360000.0,12,Bangalore
Maruti Swift,Maruti,2019,45000,Petrol,Manual,11898,674000.0,7,Bangalore
Maruti Alto K10,Maruti,2015,54269,Petrol,Auto,7795,296000.0,11,Bangalore
KIA CARENS,KIA,2022,67864,Diesel,Auto,27447,1603000.0,4,Bangalore
Ford Ecosport,Ford,2014,98580,Diesel,Manual,18641,396000.0,12,Bangalore
Hyundai Grand i10,Hyundai,2014,27211,Petrol,Manual,11293,340000.0,12,Bangalore
Hyundai i10,Hyundai,2011,102526,Petrol,Manual,11293,121000.0,15,Bangalore
Tata NEXON,Tata,2021,20645,Petrol,Auto,15924,930000.0000000001,5,Bangalore
Hyundai VENUE,Hyundai,2020,32361,Petrol,Auto,13681,775000.0,6,Bangalore
Skoda Rapid,Skoda,2012,151851,Diesel,Manual,13681,227000.0,14,Bangalore
Maruti Swift,Maruti,2018,38130,Petrol,Auto,9268,525000.0,8,Bangalore
Hyundai Santro Xing,Hyundai,2010,98548,Petrol,Manual,9268,171000.0,16,Bangalore
Volkswagen Polo,Volkswagen,2011,57965,Petrol,Manual,9268,292000.0,15,Bangalore
Hyundai Grand i10,Hyundai,2018,31260,Petrol,Auto,7679,434999.99999999994,8,Bangalore
Honda City,Honda,2015,52176,Petrol,Auto,13167,500000.0,11,Bangalore
Maruti Wagon R 1.0,Maruti,2014,24359,Petrol,Manual,11758,354000.0,12,Bangalore
Hyundai Verna,Hyundai,2011,102981,Petrol,Manual,11758,272000.0,15,Bangalore
Renault Kwid,Renault,2021,37728,Petrol,Auto,7061,400000.0,5,Bangalore
KIA SELTOS,KIA,2019,44565,Petrol,Manual,15684,916000.0,7,Bangalore
Maruti Alto K10,Maruti,2015,48503,Petrol,Manual,7479,284000.0,11,Bangalore
Tata NEXON,Tata,2023,12300,Petrol,Auto,17003,993000.0,3,Bangalore
Hyundai Verna,Hyundai,2014,51530,Petrol,Manual,16607,500000.0,12,Bangalore
Maruti Vitara Brezza,Maruti,2019,74919,Diesel,Manual,13345,756000.0,7,Bangalore
CITROEN C3,CITROEN,2023,14286,Petrol,Manual,9285,526000.0,3,Bangalore
Honda City,Honda,2014,110407,Petrol,Manual,12621,380000.0,12,Bangalore
Hyundai Grand i10,Hyundai,2013,61312,Petrol,Auto,16946,360000.0,13,Bangalore
Maruti Alto,Maruti,2022,63463,Petrol,Manual,6426,364000.0,4,Bangalore
Honda WR-V,Honda,2017,83570,Petrol,Manual,11926,610000.0,9,Bangalore
Mahindra Thar,Mahindra,2021,15089,Petrol,Auto,24605,1437000.0,5,Bangalore
Fiat Grand Punto,Fiat,2013,141086,Diesel,Manual,14660,165000.0,13,Bangalore
Hyundai Verna,Hyundai,2015,98074,Diesel,Manual,16840,507000.0,11,Bangalore
Tata ALTROZ,Tata,2021,7074,Petrol,Manual,11845,671000.0,5,Bangalore
Renault Duster,Renault,2014,96789,Diesel,Manual,22360,475000.0,12,Bangalore
Maruti IGNIS,Maruti,2021,16900,Petrol,Manual,9886,560000.0,5,Bangalore
Maruti Baleno,Maruti,2023,19127,Petrol,Auto,13240,750000.0,3,Bangalore
Honda Brio,Honda,2015,64776,Petrol,Manual,8479,322000.0,11,Bangalore
Maruti Swift,Maruti,2020,31809,Petrol,Manual,11739,665000.0,6,Bangalore
Ford Ecosport,Ford,2018,108858,Diesel,Manual,13347,600000.0,8,Bangalore
Maruti Ertiga,Maruti,2019,41305,Petrol,Auto,16112,941000.0,7,Bangalore
Honda Amaze,Honda,2015,35690,Petrol,Manual,11192,425000.0,11,Bangalore
Hyundai Grand i10,Hyundai,2017,35953,Petrol,Manual,9853,504000.0,9,Bangalore
Hyundai i20,Hyundai,2012,47927,Petrol,Manual,31186,351000.0,14,Bangalore
Maruti Dzire,Maruti,2019,63289,Petrol,Auto,10203,578000.0,7,Bangalore
Toyota Etios Liva,Toyota,2011,69767,Petrol,Manual,10203,306000.0,15,Bangalore
Ford Figo,Ford,2011,100440,Petrol,Manual,10203,137000.0,15,Bangalore
Ford Ecosport,Ford,2016,68372,Diesel,Manual,15142,575000.0,10,Bangalore
Hyundai GRAND I10 NIOS,Hyundai,2020,67409,Petrol,Auto,8826,500000.0,6,Bangalore
Tata NEXON,Tata,2023,11600,Petrol,Manual,15410,900000.0,3,Bangalore
Tata ALTROZ,Tata,2022,11140,Petrol,Auto,12710,720000.0,4,Bangalore
Skoda Rapid,Skoda,2019,57391,Petrol,Manual,12145,688000.0,7,Bangalore
Mahindra XUV500,Mahindra,2016,115199,Diesel,Auto,26569,1027999.9999999999,10,Bangalore
Hyundai Xcent,Hyundai,2014,71261,Diesel,Manual,17888,380000.0,12,Bangalore
Hyundai GRAND I10 NIOS,Hyundai,2023,13615,Petrol,Manual,11474,650000.0,3,Bangalore
Hyundai VENUE,Hyundai,2021,39800,Petrol,Manual,13240,750000.0,5,Bangalore
Mahindra XUV500,Mahindra,2018,35057,Diesel,Manual,19453,1022000.0000000001,8,Bangalore
Maruti Swift,Maruti,2020,96726,Petrol,Manual,10715,607000.0,6,Bangalore
Ford Ecosport,Ford,2015,54357,Petrol,Manual,12983,493000.0,11,Bangalore
Hyundai i20 Active,Hyundai,2015,47439,Petrol,Manual,12614,479000.0,11,Bangalore
Toyota Innova,Toyota,2015,109399,Diesel,Manual,27173,830000.0000000001,11,Bangalore
Maruti Celerio,Maruti,2015,77179,Petrol,Auto,8058,306000.0,11,Bangalore
Renault TRIBER,Renault,2023,7840,Petrol,Manual,12216,692000.0,3,Bangalore
Skoda Rapid,Skoda,2015,233270,Diesel,Auto,12854,387000.0,11,Bangalore
Hyundai Grand i10,Hyundai,2014,47904,Petrol,Manual,13286,400000.0,12,Bangalore
Maruti Eeco,Maruti,2021,38787,Petrol,Manual,7308,413999.99999999994,5,Bangalore
Maruti Swift,Maruti,2014,83768,Diesel,Manual,19112,405999.99999999994,12,Bangalore
Mahindra XUV500,Mahindra,2017,75531,Diesel,Manual,19394,892000.0,9,Bangalore
Hyundai Grand i10,Hyundai,2018,56260,Petrol,Auto,9744,552000.0,8,Bangalore
Maruti XL6,Maruti,2022,41474,Petrol,Manual,18492,1080000.0,4,Bangalore
Renault Duster,Renault,2017,111348,Diesel,Manual,11523,518000.0,9,Bangalore
Honda Amaze,Honda,2013,50344,Diesel,Manual,33496,377000.0,13,Bangalore
Hyundai Elite i20,Hyundai,2015,155948,Diesel,Manual,15710,473000.00000000006,11,Bangalore
Hyundai NEW SANTRO,Hyundai,2019,81565,Petrol,Manual,8385,475000.0,7,Bangalore
Hyundai Grand i10,Hyundai,2017,36384,Petrol,Manual,8680,444000.00000000006,9,Bangalore
Maruti Ciaz,Maruti,2018,118745,Petrol,Auto,13480,606000.0,8,Bangalore
Skoda Octavia,Skoda,2018,86000,Petrol,Auto,24828,1450000.0,8,Bangalore
KIA CARENS,KIA,2023,23141,Petrol,Manual,20547,1200000.0,3,Bangalore
Hyundai Elite i20,Hyundai,2016,133078,Diesel,Manual,13852,526000.0,10,Bangalore
Maruti Alto K10,Maruti,2018,32967,Petrol,Auto,7326,415000.00000000006,8,Bangalore
Ford Figo,Ford,2011,61088,Petrol,Manual,7326,170000.0,15,Bangalore
Maruti Swift,Maruti,2015,92169,Diesel,Manual,17305,521000.0,11,Bangalore
Honda Amaze,Honda,2015,89498,Diesel,Manual,11758,354000.0,11,Bangalore
Renault Kwid,Renault,2021,27903,Petrol,Auto,6885,390000.0,5,Bangalore
Maruti Baleno,Maruti,2017,156569,Diesel,Manual,12457,560000.0,9,Bangalore
Hyundai EXTER,Hyundai,2023,25807,Petrol,Auto,13999,793000.0,3,Bangalore
Tata NEXON,Tata,2024,6960,Petrol,Auto,21317,1245000.0,2,Bangalore
Tata ALTROZ,Tata,2021,70000,Petrol,Manual,10945,620000.0,5,Bangalore
Hyundai Grand i10,Hyundai,2016,47369,Petrol,Manual,9165,412000.0,10,Bangalore
MG ASTOR,MG,2023,28600,Petrol,Auto,22413,1309000.0,3,Bangalore
Ford Fiesta,Ford,2011,92868,Diesel,Manual,22413,293000.0,15,Bangalore
Hyundai Verna,Hyundai,2016,101456,Petrol,Manual,11923,536000.0,10,Bangalore
Renault Duster,Renault,2015,165696,Diesel,Manual,18002,542000.0,11,Bangalore
Maruti Alto K10,Maruti,2017,46945,Petrol,Auto,6256,320000.0,9,Bangalore
Maruti Swift,Maruti,2012,154526,Diesel,Manual,6256,305000.0,14,Bangalore
Hyundai Grand i10,Hyundai,2014,77872,Petrol,Auto,13286,400000.0,12,Bangalore
Renault Kwid,Renault,2018,28274,Petrol,Auto,6284,356000.0,8,Bangalore
Hyundai Grand i10,Hyundai,2017,45068,Petrol,Manual,8407,430000.0,9,Bangalore
Renault TRIBER,Renault,2019,90336,Petrol,Manual,8826,500000.0,7,Bangalore
KIA SONET,KIA,2020,63785,Petrol,Manual,11209,635000.0,6,Bangalore
Ford Figo Aspire,Ford,2021,47227,Petrol,Manual,8773,497000.0,5,Bangalore
Maruti Swift,Maruti,2015,200468,Diesel,Manual,12854,387000.0,11,Bangalore
Renault TRIBER,Renault,2021,20160,Petrol,Auto,8791,498000.00000000006,5,Bangalore
Maruti Swift Dzire,Maruti,2012,100603,Petrol,Manual,27987,315000.0,14,Bangalore
Hyundai Grand i10,Hyundai,2017,37316,Petrol,Manual,9931,508000.0,9,Bangalore
Maruti Dzire,Maruti,2020,90707,Petrol,Manual,11386,645000.0,6,Bangalore
Hyundai Grand i10,Hyundai,2018,51849,Petrol,Auto,8597,487000.0,8,Bangalore
Hyundai Creta,Hyundai,2016,106725,Diesel,Manual,23855,923000.0,10,Bangalore
Renault Kwid,Renault,2017,33742,Petrol,Manual,6021,308000.0,9,Bangalore
Hyundai Grand i10,Hyundai,2019,37590,Petrol,Auto,8032,455000.0,7,Bangalore
Hyundai VENUE,Hyundai,2022,38474,Petrol,Manual,12869,729000.0,4,Bangalore
Hyundai Grand i10,Hyundai,2014,50364,Petrol,Manual,11625,350000.0,12,Bangalore
Hyundai Creta,Hyundai,2017,87026,Diesel,Manual,17751,798000.0,9,Bangalore
Maruti Swift,Maruti,2012,155527,Diesel,Manual,17751,250000.0,14,Bangalore
BMW X1,BMW,2016,65254,Diesel,Auto,44971,1739999.9999999998,10,Bangalore
Hyundai i20,Hyundai,2010,118057,Diesel,Manual,44971,239000.0,16,Bangalore
Renault Duster,Renault,2016,53962,Diesel,Manual,15537,590000.0,10,Bangalore
Ford Ecosport,Ford,2016,112504,Diesel,Manual,18144,689000.0,10,Bangalore
Renault Kwid,Renault,2022,2931,Petrol,Manual,9285,526000.0,4,Bangalore
Honda City,Honda,2015,96339,Petrol,Manual,9875,375000.0,11,Bangalore
Honda City,Honda,2021,10068,Petrol,Manual,16951,990000.0,5,Bangalore
Tata NEXON,Tata,2022,12660,Petrol,Auto,16266,950000.0,4,Bangalore
Hyundai i10,Hyundai,2011,37842,Petrol,Manual,16266,200000.0,15,Bangalore
Mahindra XUV700,Mahindra,2022,40384,Petrol,Auto,29485,1722000.0,4,Bangalore
Skoda Rapid,Skoda,2017,139339,Diesel,Auto,13324,599000.0,9,Bangalore
Volkswagen Polo,Volkswagen,2015,90493,Petrol,Manual,10165,386000.0,11,Bangalore
Hyundai Xcent,Hyundai,2015,97225,Petrol,Manual,8954,340000.0,11,Bangalore
KIA CARENS,KIA,2023,34507,Petrol,Manual,21300,1244000.0,3,Bangalore
Hyundai VENUE,Hyundai,2024,11551,Petrol,Manual,16044,936999.9999999999,2,Bangalore
Maruti Baleno,Maruti,2022,70763,Petrol,Manual,11474,650000.0,4,Bangalore
Hyundai Xcent,Hyundai,2015,35956,Petrol,Manual,8954,340000.0,11,Bangalore
Ford Ecosport,Ford,2017,20500,Petrol,Auto,12512,640000.0,9,Bangalore
Maruti Swift Dzire,Maruti,2011,163432,Diesel,Manual,12512,275000.0,15,Bangalore
Hyundai Grand i10,Hyundai,2016,80524,Petrol,Manual,8675,390000.0,10,Bangalore
Hyundai Creta,Hyundai,2021,14510,Petrol,Auto,23115,1350000.0,5,Bangalore
Tata Tiago,Tata,2016,18098,Petrol,Manual,9254,416000.0,10,Bangalore
Hyundai Elite i20,Hyundai,2014,49596,Petrol,Manual,13751,413999.99999999994,12,Bangalore
Honda City,Honda,2016,622940,Petrol,Auto,10277,462000.0,10,Bangalore
Nissan MAGNITE,Nissan,2021,84798,Petrol,Manual,8650,490000.00000000006,5,Bangalore
Hyundai Creta,Hyundai,2019,74407,Petrol,Manual,14400,841000.0,7,Bangalore
Maruti Swift,Maruti,2011,133620,Petrol,Manual,14400,250000.0,15,Bangalore
Hyundai Elite i20,Hyundai,2018,41577,Petrol,Manual,9797,555000.0,8,Bangalore
Hyundai AURA,Hyundai,2021,49282,Petrol,Manual,10433,591000.0,5,Bangalore
Hyundai AURA,Hyundai,2020,89918,Diesel,Manual,10256,581000.0,6,Bangalore
Renault Duster,Renault,2014,138398,Diesel,Manual,22313,474000.0,12,Bangalore
Skoda Rapid,Skoda,2014,48017,Diesel,Manual,20430,434000.0,12,Bangalore
Nissan Micra,Nissan,2017,53000,Petrol,Auto,10107,517000.0,9,Bangalore
Hyundai Creta,Hyundai,2017,103149,Diesel,Manual,19568,900000.0,9,Bangalore
Mahindra XUV500,Mahindra,2013,101556,Diesel,Manual,39982,450000.0,13,Bangalore
Maruti Dzire,Maruti,2022,19899,Petrol,Manual,12357,700000.0,4,Bangalore
Tata NEXON,Tata,2022,5901,Petrol,Manual,15479,903999.9999999999,4,Bangalore
Honda Jazz,Honda,2015,66059,Petrol,Manual,10270,390000.0,11,Bangalore
Maruti Ciaz,Maruti,2019,253835,Diesel,Manual,14837,667000.0,7,Bangalore
Hyundai AURA,Hyundai,2023,27438,Petrol,Manual,12145,688000.0,3,Bangalore
Mahindra XUV500,Mahindra,2015,74001,Diesel,Manual,26224,801000.0,11,Bangalore
Hyundai Elite i20,Hyundai,2016,127875,Diesel,Manual,12035,457000.0,10,Bangalore
Hyundai Creta,Hyundai,2016,102749,Petrol,Manual,15571,700000.0,10,Bangalore
Maruti Swift,Maruti,2012,56924,Diesel,Manual,15571,338000.0,14,Bangalore
Mahindra XUV300,Mahindra,2023,13525,Petrol,Manual,14040,819999.9999999999,3,Bangalore
Hyundai i20,Hyundai,2011,42791,Petrol,Manual,14040,247000.00000000003,15,Bangalore
Hyundai Verna,Hyundai,2014,71499,Petrol,Manual,14946,450000.0,12,Bangalore
Tata NEXON,Tata,2023,9988,Petrol,Manual,17122,1000000.0,3,Bangalore
Mahindra XUV500,Mahindra,2018,82387,Diesel,Auto,17816,936000.0,8,Bangalore
Maruti Swift Dzire,Maruti,2016,133675,Petrol,Manual,8942,401999.99999999994,10,Bangalore
KIA SONET,KIA,2021,10150,Petrol,Manual,12957,734000.0,5,Bangalore
Renault TRIBER,Renault,2023,10634,Petrol,Manual,12375,701000.0,3,Bangalore
Maruti XL6,Maruti,2023,15412,Petrol,Manual,20547,1200000.0,3,Bangalore
Hyundai GRAND I10 NIOS,Hyundai,2023,31137,Petrol,Auto,12357,700000.0,3,Bangalore
Maruti Swift,Maruti,2019,52112,Petrol,Manual,9815,556000.0,7,Bangalore
Maruti S PRESSO,Maruti,2021,21156,Petrol,Auto,8261,468000.0,5,Bangalore
Ford FREESTYLE,Ford,2020,46249,Petrol,Manual,9501,538000.0,6,Bangalore
Hyundai i20,Hyundai,2012,80856,Diesel,Manual,9501,409999.99999999994,14,Bangalore
Maruti XL6,Maruti,2022,26054,Petrol,Auto,22242,1299000.0,4,Bangalore
Skoda SLAVIA,Skoda,2022,30786,Petrol,Manual,18064,1055000.0,4,Bangalore
Hyundai i10,Hyundai,2010,81267,Petrol,Manual,18064,168000.0,16,Bangalore
Skoda Rapid,Skoda,2019,80028,Petrol,Manual,12883,730000.0,7,Bangalore
Fiat Punto EVO,Fiat,2015,79448,Diesel,Manual,11592,349000.0,11,Bangalore
Hyundai Creta,Hyundai,2020,113026,Diesel,Auto,28809,1325000.0,6,Bangalore
Hyundai Grand i10,Hyundai,2015,79969,Petrol,Manual,10560,401000.0,11,Bangalore
Honda Amaze,Honda,2023,28023,Petrol,Manual,11386,645000.0,3,Bangalore
Mahindra XUV500,Mahindra,2017,120650,Diesel,Manual,17937,825000.0,9,Bangalore
Renault Duster,Renault,2018,156357,Diesel,Auto,12346,555000.0,8,Bangalore
Tata Tiago,Tata,2023,10099,Petrol,Auto,12463,706000.0,3,Bangalore
Maruti Baleno,Maruti,2023,9199,Petrol,Auto,14212,830000.0000000001,3,Bangalore
Hyundai Verna,Hyundai,2016,53440,Petrol,Manual,13525,608000.0,10,Bangalore
Honda City,Honda,2015,81275,Petrol,Auto,17117,650000.0,11,Bangalore
Mahindra Quanto,Mahindra,2012,30781,Diesel,Manual,17117,252000.0,14,Bangalore
Skoda KUSHAQ,Skoda,2022,55454,Petrol,Auto,21403,1250000.0,4,Bangalore
Ford Ecosport,Ford,2017,69954,Petrol,Manual,13253,678000.0,9,Bangalore
Hyundai Grand i10,Hyundai,2013,39908,Petrol,Manual,15299,325000.0,13,Bangalore
Hyundai Elite i20,Hyundai,2016,55106,Petrol,Manual,10655,479000.0,10,Bangalore
Hyundai Creta,Hyundai,2017,62576,Petrol,Manual,15327,784000.0,9,Bangalore
Skoda Octavia,Skoda,2016,50433,Petrol,Auto,17394,800000.0,10,Bangalore
KIA SONET,KIA,2021,89600,Petrol,Manual,12357,700000.0,5,Bangalore
Hyundai Grand i10,Hyundai,2017,29815,Petrol,Auto,10616,543000.0,9,Bangalore
Maruti Ertiga,Maruti,2013,127894,Diesel,Manual,48867,550000.0,13,Bangalore
Hyundai Creta,Hyundai,2016,86353,Diesel,Manual,17802,676000.0,10,Bangalore
Maruti Swift,Maruti,2019,98989,Petrol,Auto,9091,515000.00000000006,7,Bangalore
Toyota Etios Liva,Toyota,2017,73743,Petrol,Manual,9540,488000.0,9,Bangalore
Honda Amaze,Honda,2018,80212,Petrol,Manual,8685,492000.0,8,Bangalore
Maruti Baleno,Maruti,2017,53634,Petrol,Manual,10283,526000.0,9,Bangalore
Maruti Baleno,Maruti,2016,64744,Petrol,Manual,10566,475000.0,10,Bangalore
Hyundai ALCAZAR,Hyundai,2025,14213,Petrol,Auto,34279,2002000.0,1,Bangalore
Honda City,Honda,2015,78296,Petrol,Auto,16590,630000.0,11,Bangalore
Hyundai Tucson,Hyundai,2017,70686,Diesel,Auto,25265,1162000.0,9,Bangalore
Honda City,Honda,2011,83391,Petrol,Manual,25265,300000.0,15,Bangalore
Ford Ecosport,Ford,2017,39691,Petrol,Manual,12414,635000.0,9,Bangalore
Maruti Baleno,Maruti,2018,32419,Petrol,Manual,9480,537000.0,8,Bangalore
BMW 3 Series,BMW,2013,136031,Diesel,Auto,77157,873000.0,13,Bangalore
Ford Ecosport,Ford,2014,102557,Diesel,Manual,23725,504000.0,12,Bangalore
Tata ALTROZ,Tata,2022,46967,Petrol,Manual,11739,665000.0,4,Bangalore
Nissan MAGNITE,Nissan,2022,32552,Petrol,Auto,13751,779000.0,4,Bangalore
Maruti XL6,Maruti,2023,16512,Petrol,Manual,22499,1314000.0,3,Bangalore
Hyundai Creta,Hyundai,2017,47783,Petrol,Manual,16712,877999.9999999999,9,Bangalore
Maruti Swift,Maruti,2024,2430,Petrol,Auto,14229,831000.0,2,Bangalore
KIA CARENS,KIA,2023,55098,Diesel,Manual,21831,1275000.0,3,Bangalore
Hyundai Elite i20,Hyundai,2016,39172,Petrol,Manual,12590,566000.0,10,Bangalore
Mahindra MARAZZO,Mahindra,2019,92199,Diesel,Manual,14246,832000.0,7,Bangalore
Maruti Baleno,Maruti,2023,48027,Petrol,Manual,14040,819999.9999999999,3,Bangalore
Mahindra XUV300,Mahindra,2023,38986,Petrol,Auto,19674,1149000.0,3,Bangalore
Maruti Baleno,Maruti,2022,37612,Petrol,Manual,13593,770000.0,4,Bangalore
Mahindra Bolero,Mahindra,2020,138905,Diesel,Manual,17459,802999.9999999999,6,Bangalore
Maruti Baleno,Maruti,2015,26962,Petrol,Auto,13167,500000.0,11,Bangalore
Hyundai i20,Hyundai,2013,97076,Diesel,Manual,31173,351000.0,13,Bangalore
Tata NEXON,Tata,2023,10906,Petrol,Auto,23167,1353000.0,3,Bangalore
Honda Amaze,Honda,2023,13001,Petrol,Auto,14725,860000.0,3,Bangalore
Maruti Wagon R 1.0,Maruti,2011,69996,Petrol,Manual,14725,221000.0,15,Bangalore
Mahindra Thar,Mahindra,2018,63792,Diesel,Manual,12004,614000.0,8,Bangalore
KIA SONET,KIA,2023,40841,Petrol,Manual,17979,1050000.0,3,Bangalore
Ford Ecosport,Ford,2013,76011,Petrol,Manual,15487,329000.0,13,Bangalore
Skoda SLAVIA,Skoda,2022,25513,Petrol,Auto,25718,1502000.0,4,Bangalore
Hyundai EXTER,Hyundai,2023,24513,Petrol,Auto,14451,844000.0,3,Bangalore
Maruti Dzire,Maruti,2017,90076,Petrol,Auto,10186,521000.0,9,Bangalore
Maruti Swift Dzire,Maruti,2013,140978,Diesel,Manual,31986,360000.0,13,Bangalore
Maruti Wagon R 1.0,Maruti,2017,48417,Petrol,Auto,7546,386000.0,9,Bangalore
Hyundai Grand i10,Hyundai,2015,86488,Petrol,Manual,9217,350000.0,11,Bangalore
Maruti Ciaz,Maruti,2017,104837,Petrol,Manual,11100,499000.0,9,Bangalore
Hyundai NEW I20,Hyundai,2022,16936,Petrol,Manual,13240,750000.0,4,Bangalore
Hyundai Elite i20,Hyundai,2016,119761,Petrol,Manual,10789,484999.99999999994,10,Bangalore
Mahindra XUV500,Mahindra,2019,68926,Diesel,Manual,21882,1278000.0,7,Bangalore
Honda WR-V,Honda,2019,54317,Petrol,Manual,12357,700000.0,7,Bangalore
Mahindra XUV500,Mahindra,2016,111089,Diesel,Manual,16511,627000.0,10,Bangalore
Hyundai Creta,Hyundai,2016,175968,Diesel,Auto,20784,803999.9999999999,10,Bangalore
Ford Ecosport,Ford,2015,92641,Diesel,Manual,17471,526000.0,11,Bangalore
KIA CARENS,KIA,2022,79995,Diesel,Manual,23989,1401000.0,4,Bangalore
Renault Duster,Renault,2018,126631,Diesel,Auto,14459,650000.0,8,Bangalore
Maruti S PRESSO,Maruti,2020,23494,Petrol,Auto,7944,450000.0,6,Bangalore
Hyundai Grand i10,Hyundai,2016,32141,Petrol,Auto,10010,450000.0,10,Bangalore
Renault TRIBER,Renault,2022,17033,Petrol,Manual,11933,676000.0,4,Bangalore
Maruti Swift Dzire,Maruti,2012,136179,Diesel,Manual,11933,358000.0,14,Bangalore
Honda City,Honda,2013,57173,Petrol,Manual,16476,350000.0,13,Bangalore
Mahindra XUV300,Mahindra,2021,24126,Petrol,Auto,11651,660000.0,5,Bangalore
Maruti Ertiga,Maruti,2014,129220,Diesel,Manual,26597,565000.0,12,Bangalore
Skoda Rapid,Skoda,2015,202157,Diesel,Auto,14747,444000.00000000006,11,Bangalore
Mahindra Thar,Mahindra,2023,17053,Diesel,Auto,31813,1857999.9999999998,3,Bangalore
Tata NEXON,Tata,2020,54349,Diesel,Manual,14554,850000.0,6,Bangalore
Hyundai Creta,Hyundai,2016,79853,Petrol,Manual,19046,876000.0,10,Bangalore
Hyundai i20,Hyundai,2014,74096,Petrol,Manual,13219,398000.0,12,Bangalore
Hyundai Elite i20,Hyundai,2017,145769,Diesel,Manual,10321,463999.99999999994,9,Bangalore
Nissan Sunny,Nissan,2011,78872,Petrol,Manual,10321,317000.0,15,Bangalore
Tata NEXON,Tata,2022,29158,Petrol,Manual,14040,819999.9999999999,4,Bangalore
Maruti Dzire,Maruti,2020,79286,Petrol,Manual,10327,585000.0,6,Bangalore
Hyundai i20,Hyundai,2012,31811,Petrol,Manual,35540,400000.0,14,Bangalore
Hyundai NEW SANTRO,Hyundai,2018,32791,Petrol,Auto,7061,400000.0,8,Bangalore
Tata NEXON,Tata,2023,11537,Petrol,Auto,20033,1170000.0,3,Bangalore
Mahindra XUV300,Mahindra,2023,18441,Petrol,Auto,20564,1201000.0,3,Bangalore
MG HECTOR PLUS,MG,2021,60339,Diesel,Manual,18835,1100000.0,5,Bangalore
Honda Jazz,Honda,2012,188638,Petrol,Manual,25677,289000.0,14,Bangalore
KIA SELTOS,KIA,2022,29483,Petrol,Auto,21557,1259000.0,4,Bangalore
Volkswagen Polo,Volkswagen,2011,140446,Petrol,Manual,21557,265000.0,15,Bangalore
Hyundai Xcent,Hyundai,2016,9829,Petrol,Manual,7763,349000.0,10,Bangalore
Hyundai Elite i20,Hyundai,2020,59242,Petrol,Manual,11104,629000.0,6,Bangalore
Hyundai Grand i10,Hyundai,2015,33274,Petrol,Manual,10534,400000.0,11,Bangalore
KIA CARENS,KIA,2022,36538,Petrol,Manual,19092,1115000.0,4,Bangalore
Tata NEXON,Tata,2022,38833,Petrol,Manual,16266,950000.0,4,Bangalore
Hyundai Grand i10,Hyundai,2016,77460,Petrol,Manual,10433,469000.00000000006,10,Bangalore
Hyundai NEW SANTRO,Hyundai,2019,55230,Petrol,Manual,5702,323000.0,7,Bangalore
Skoda Rapid,Skoda,2012,224628,Diesel,Manual,5702,237000.0,14,Bangalore
Maruti Swift,Maruti,2019,34002,Petrol,Auto,9709,550000.0,7,Bangalore
Ford Ecosport,Ford,2014,75493,Petrol,Manual,13983,421000.0,12,Bangalore
Hyundai Verna,Hyundai,2018,68332,Petrol,Manual,13769,780000.0,8,Bangalore
Hyundai Grand i10,Hyundai,2019,39413,Petrol,Manual,8120,459999.99999999994,7,Bangalore
Maruti XL6,Maruti,2020,168550,Petrol,Auto,18481,850000.0,6,Bangalore
Maruti XL6,Maruti,2023,30981,Petrol,Manual,22619,1321000.0,3,Bangalore
Honda City,Honda,2010,99270,Petrol,Manual,22619,308000.0,16,Bangalore
Maruti Swift Dzire,Maruti,2015,57491,Petrol,Manual,12772,484999.99999999994,11,Bangalore
Maruti Baleno,Maruti,2016,88621,Petrol,Manual,10010,450000.0,10,Bangalore
Honda City,Honda,2012,128493,Petrol,Auto,27454,309000.0,14,Bangalore
Maruti Vitara Brezza,Maruti,2021,55470,Petrol,Manual,13451,762000.0,5,Bangalore
Mahindra Thar,Mahindra,2021,51000,Diesel,Auto,20615,1204000.0,5,Bangalore
Renault Kiger,Renault,2023,22497,Petrol,Auto,10592,600000.0,3,Bangalore
Ford FREESTYLE,Ford,2021,42725,Petrol,Manual,11863,672000.0,5,Bangalore
Hyundai Elite i20,Hyundai,2016,58008,Petrol,Manual,10522,473000.00000000006,10,Bangalore
Hyundai Grand i10,Hyundai,2014,33337,Petrol,Auto,15411,463999.99999999994,12,Bangalore
Hyundai Creta,Hyundai,2018,78780,Petrol,Manual,13857,785000.0,8,Bangalore
Honda City,Honda,2014,85345,Petrol,Manual,14946,450000.0,12,Bangalore
Renault Duster,Renault,2016,77142,Diesel,Auto,14484,550000.0,10,Bangalore
Maruti Baleno,Maruti,2020,44493,Petrol,Manual,11457,649000.0,6,Bangalore
Mahindra XUV500,Mahindra,2021,160010,Diesel,Manual,23786,1094000.0,5,Bangalore
KIA SELTOS,KIA,2023,37389,Petrol,Manual,19691,1150000.0,3,Bangalore
Maruti Baleno,Maruti,2018,126321,Petrol,Manual,11968,538000.0,8,Bangalore
Maruti Grand Vitara,Maruti,2024,17816,Petrol,Manual,20478,1196000.0,2,Bangalore
Hyundai Grand i10,Hyundai,2017,63986,Petrol,Manual,8407,430000.0,9,Bangalore
Maruti Baleno,Maruti,2021,28398,Petrol,Manual,12357,700000.0,5,Bangalore
KIA SELTOS,KIA,2022,38047,Petrol,Manual,24828,1450000.0,4,Bangalore
Maruti S Cross,Maruti,2019,119133,Diesel,Manual,14815,666000.0,7,Bangalore
Ford Ecosport,Ford,2014,68912,Diesel,Manual,22595,480000.0,12,Bangalore
Hyundai NEW I20 N LINE,Hyundai,2024,11968,Petrol,Auto,16386,957000.0,2,Bangalore
Maruti XL6,Maruti,2021,39786,Petrol,Manual,17773,1038000.0000000001,5,Bangalore
Renault Kiger,Renault,2022,87987,Petrol,Manual,10239,580000.0,4,Bangalore
KIA SONET,KIA,2021,32068,Petrol,Manual,13857,785000.0,5,Bangalore
Maruti Ritz,Maruti,2012,66309,Petrol,Manual,25322,285000.0,14,Bangalore
Hyundai Elite i20,Hyundai,2016,38935,Petrol,Manual,11345,509999.99999999994,10,Bangalore
Audi Q5,Audi,2012,55311,Diesel,Auto,11345,806000.0,14,Bangalore
Maruti Vitara Brezza,Maruti,2018,94969,Diesel,Manual,12610,645000.0,8,Bangalore
Maruti Ciaz,Maruti,2021,73881,Petrol,Manual,13187,747000.0,5,Bangalore
Mahindra XUV500,Mahindra,2015,62000,Diesel,Manual,26073,785000.0,11,Bangalore
Maruti Ertiga,Maruti,2020,60556,Petrol,Manual,14897,869999.9999999999,6,Bangalore
Renault Duster,Renault,2018,101063,Diesel,Auto,15883,714000.0,8,Bangalore
Maruti Wagon R 1.0,Maruti,2011,38568,Petrol,Manual,15883,250000.0,15,Bangalore
Renault Duster,Renault,2017,102890,Diesel,Auto,11122,500000.0,9,Bangalore
Honda Jazz,Honda,2015,46167,Petrol,Auto,11824,449000.0,11,Bangalore
Honda Jazz,Honda,2012,46109,Petrol,Manual,27987,315000.0,14,Bangalore
Tata NEXON,Tata,2023,33859,Diesel,Manual,17379,1015000.0,3,Bangalore
Honda Amaze,Honda,2020,27862,Petrol,Manual,9797,555000.0,6,Bangalore
Hyundai VENUE,Hyundai,2022,22257,Diesel,Manual,18749,1095000.0,4,Bangalore
Honda City,Honda,2012,70469,Petrol,Manual,31630,356000.0,14,Bangalore
Honda Jazz,Honda,2015,37934,Petrol,Manual,13009,494000.00000000006,11,Bangalore
Maruti Ciaz,Maruti,2018,56564,Petrol,Manual,11969,678000.0,8,Bangalore
Maruti Swift,Maruti,2012,36367,Petrol,Manual,27365,308000.0,14,Bangalore
Maruti Baleno,Maruti,2018,78365,Petrol,Auto,9356,530000.0,8,Bangalore
KIA CARENS,KIA,2022,39697,Petrol,Manual,23509,1373000.0,4,Bangalore
Mahindra Xylo,Mahindra,2018,85231,Diesel,Manual,8641,442000.0,8,Bangalore
Renault Duster,Renault,2019,45023,Petrol,Manual,13434,761000.0,7,Bangalore
Renault Duster,Renault,2013,67051,Petrol,Manual,15958,339000.0,13,Bangalore
KIA SONET,KIA,2023,74703,Diesel,Manual,18167,1061000.0,3,Bangalore
Hyundai Creta,Hyundai,2017,128534,Petrol,Manual,14459,650000.0,9,Bangalore
Hyundai i20 Active,Hyundai,2016,122044,Petrol,Manual,12613,567000.0,10,Bangalore
Honda City,Honda,2013,66082,Petrol,Manual,18453,392000.0,13,Bangalore
KIA SONET,KIA,2022,71137,Diesel,Manual,17979,1050000.0,4,Bangalore
Volkswagen TAIGUN,Volkswagen,2022,25930,Petrol,Manual,16352,955000.0000000001,4,Bangalore
Hyundai NEW I20,Hyundai,2024,839,Petrol,Auto,16951,990000.0,2,Bangalore
Maruti Celerio,Maruti,2021,9924,Petrol,Manual,9532,540000.0,5,Bangalore
Maruti Ciaz,Maruti,2016,77925,Diesel,Manual,17433,662000.0,10,Bangalore
Tata Aria,Tata,2011,171461,Diesel,Manual,17433,312000.0,15,Bangalore
Hyundai Creta,Hyundai,2015,114687,Diesel,Manual,18069,544000.0,11,Bangalore
Maruti Eeco,Maruti,2019,38278,Petrol,Manual,7944,450000.0,7,Bangalore
Hyundai Creta,Hyundai,2017,56065,Petrol,Manual,13685,700000.0,9,Bangalore
Hyundai Creta,Hyundai,2018,91798,Diesel,Manual,16826,884000.0,8,Bangalore
Tata Tiago,Tata,2021,26233,Petrol,Auto,10009,567000.0,5,Bangalore
Maruti Ertiga,Maruti,2017,38085,Petrol,Manual,16598,872000.0000000001,9,Bangalore
Hyundai GRAND I10 NIOS,Hyundai,2020,41301,Petrol,Auto,10486,594000.0,6,Bangalore
Ford Figo Aspire,Ford,2015,100923,Petrol,Auto,9164,348000.0,11,Bangalore
Maruti Celerio,Maruti,2016,25667,Petrol,Manual,10566,475000.0,10,Bangalore
Renault Duster,Renault,2014,36910,Diesel,Manual,27397,582000.0,12,Bangalore
Mahindra Thar,Mahindra,2023,36608,Diesel,Manual,20615,1204000.0,3,Bangalore
Mahindra XUV500,Mahindra,2016,101692,Diesel,Auto,20409,775000.0,10,Bangalore
Honda City,Honda,2013,79369,Petrol,Manual,15958,339000.0,13,Bangalore
Jeep Compass,Jeep,2018,86259,Diesel,Manual,17131,900000.0,8,Bangalore
Maruti Swift,Maruti,2022,64201,Petrol,Manual,11880,673000.0,4,Bangalore
Ford Ecosport,Ford,2019,65933,Petrol,Manual,13970,628000.0,7,Bangalore
KIA SONET,KIA,2022,71366,Diesel,Manual,17927,1047000.0000000001,4,Bangalore
Nissan MAGNITE,Nissan,2024,18951,Petrol,Auto,13963,791000.0,2,Bangalore
Honda City,Honda,2015,186027,Diesel,Manual,14349,432000.0,11,Bangalore
CITROEN C3,CITROEN,2023,14481,Petrol,Manual,10415,590000.0,3,Bangalore
Maruti S Cross,Maruti,2020,81819,Diesel,Manual,14016,794000.0,6,Bangalore
KIA SELTOS,KIA,2023,38048,Petrol,Manual,20033,1170000.0,3,Bangalore
Toyota Fortuner,Toyota,2013,124600,Diesel,Manual,102876,1164000.0,13,Bangalore
Hyundai GRAND I10 NIOS,Hyundai,2020,44654,Petrol,Auto,9921,562000.0,6,Bangalore
Tata NEXON,Tata,2021,19779,Petrol,Manual,13804,782000.0,5,Bangalore
KIA SONET,KIA,2022,88997,Diesel,Manual,17979,1050000.0,4,Bangalore
Hyundai Verna,Hyundai,2017,63065,Petrol,Manual,12864,658000.0,9,Bangalore
Maruti Swift,Maruti,2021,40261,Petrol,Manual,11033,625000.0,5,Bangalore
KIA CARENS,KIA,2022,116444,Diesel,Manual,27417,1261000.0,4,Bangalore
Hyundai Creta,Hyundai,2021,83409,Diesel,Manual,19828,1158000.0,5,Bangalore
KIA SONET,KIA,2021,42087,Diesel,Manual,16472,961999.9999999999,5,Bangalore
Maruti Ciaz,Maruti,2018,48597,Petrol,Manual,10945,620000.0,8,Bangalore
Honda City,Honda,2017,89345,Petrol,Auto,14291,731000.0,9,Bangalore
Hyundai NEW I20,Hyundai,2024,17315,Petrol,Auto,16181,944999.9999999999,2,Bangalore
Tata NEXON,Tata,2023,11568,Petrol,Auto,14948,873000.0,3,Bangalore
Mahindra XUV500,Mahindra,2017,71892,Diesel,Auto,21742,1000000.0,9,Bangalore
KIA SONET,KIA,2022,56005,Diesel,Manual,18167,1061000.0,4,Bangalore
Renault Duster,Renault,2021,55056,Petrol,Manual,14503,847000.0000000001,5,Bangalore
Maruti Ertiga,Maruti,2014,58562,Petrol,Manual,18135,546000.0,12,Bangalore
Hyundai Elite i20,Hyundai,2019,52619,Petrol,Manual,10592,600000.0,7,Bangalore
Maruti Baleno,Maruti,2023,28946,Petrol,Auto,13893,787000.0,3,Bangalore
Hyundai Creta,Hyundai,2017,55571,Petrol,Manual,15227,800000.0,9,Bangalore
Renault Duster,Renault,2017,61540,Petrol,Manual,11144,570000.0,9,Bangalore
Volkswagen Vento,Volkswagen,2017,106109,Petrol,Auto,15593,701000.0,9,Bangalore
Maruti Baleno,Maruti,2022,6590,Petrol,Manual,14931,872000.0000000001,4,Bangalore
Maruti Grand Vitara,Maruti,2025,680,Petrol,Auto,22841,1334000.0,1,Bangalore
Tata Tiago,Tata,2020,68763,Petrol,Auto,8562,484999.99999999994,6,Bangalore
Hyundai VENUE,Hyundai,2020,40397,Petrol,Manual,12886,730000.0,6,Bangalore
Maruti Baleno,Maruti,2022,41567,Petrol,Auto,13222,749000.0,4,Bangalore
KIA SELTOS,KIA,2019,58509,Petrol,Auto,18116,1058000.0,7,Bangalore
Hyundai i20,Hyundai,2014,43987,Petrol,Manual,13950,420000.0,12,Bangalore
Volkswagen Vento,Volkswagen,2011,75100,Petrol,Manual,13950,331000.0,15,Bangalore
Ford Ecosport,Ford,2015,117209,Petrol,Manual,10718,407000.0,11,Bangalore
Maruti Eeco,Maruti,2022,75726,Petrol,Manual,8544,484000.0,4,Bangalore
Honda Amaze,Honda,2021,31650,Petrol,Auto,12533,710000.0,5,Bangalore
Tata Harrier,Tata,2019,71993,Diesel,Manual,19485,1138000.0,7,Bangalore
Honda Brio,Honda,2014,62354,Petrol,Auto,12688,382000.0,12,Bangalore
Tata PUNCH,Tata,2021,22820,Petrol,Manual,13434,761000.0,5,Bangalore
Hyundai NEW I20,Hyundai,2022,26612,Petrol,Manual,13240,750000.0,4,Bangalore
Skoda Octavia,Skoda,2014,162000,Diesel,Auto,25843,549000.0,12,Bangalore
Maruti Baleno,Maruti,2018,32438,Petrol,Manual,11015,624000.0,8,Bangalore
Honda Jazz,Honda,2016,97987,Petrol,Manual,9454,425000.0,10,Bangalore
Tata TIGOR,Tata,2020,71477,Petrol,Auto,8720,494000.00000000006,6,Bangalore
Toyota Glanza,Toyota,2019,51143,Petrol,Manual,11598,657000.0,7,Bangalore
Maruti Eeco,Maruti,2011,58000,Petrol,Manual,11598,342000.0,15,Bangalore
Honda City,Honda,2013,100988,Petrol,Manual,17888,380000.0,13,Bangalore
Hyundai Elite i20,Hyundai,2015,93050,Diesel,Manual,17537,528000.0,11,Bangalore
Renault TRIBER,Renault,2020,90120,Petrol,Manual,9868,559000.0,6,Bangalore
Volkswagen Vento,Volkswagen,2016,101481,Diesel,Auto,15458,587000.0,10,Bangalore
Mahindra XUV300,Mahindra,2022,15101,Petrol,Manual,13363,757000.0,4,Bangalore
Honda City,Honda,2014,161364,Diesel,Manual,19535,415000.00000000006,12,Bangalore
Hyundai Creta,Hyundai,2017,87798,Diesel,Manual,17128,770000.0,9,Bangalore
Hyundai Creta,Hyundai,2018,208012,Diesel,Auto,16683,750000.0,8,Bangalore
Hyundai NEW I20,Hyundai,2022,30460,Petrol,Manual,13769,780000.0,4,Bangalore
Maruti Grand Vitara,Maruti,2023,48882,Petrol,Manual,20119,1175000.0,3,Bangalore
Maruti Grand Vitara,Maruti,2023,5093,Petrol,Manual,19691,1150000.0,3,Bangalore
Toyota URBAN CRUISER,Toyota,2022,15006,Petrol,Auto,15462,902999.9999999999,4,Bangalore
Hyundai Grand i10,Hyundai,2019,32368,Petrol,Manual,9074,513999.99999999994,7,Bangalore
Hyundai Creta,Hyundai,2017,74373,Petrol,Manual,14663,750000.0,9,Bangalore
KIA SONET,KIA,2021,45398,Petrol,Manual,13416,760000.0,5,Bangalore
Maruti Swift,Maruti,2014,42643,Petrol,Manual,13186,397000.0,12,Bangalore
Tata PUNCH,Tata,2021,30857,Petrol,Auto,12357,700000.0,5,Bangalore
Honda Mobilio,Honda,2014,92527,Diesel,Manual,20430,434000.0,12,Bangalore
Mahindra XUV500,Mahindra,2015,116612,Diesel,Manual,24911,750000.0,11,Bangalore
Hyundai VENUE N LINE,Hyundai,2023,24705,Petrol,Auto,18835,1100000.0,3,Bangalore
Hyundai Creta,Hyundai,2016,46911,Petrol,Manual,14459,650000.0,10,Bangalore
Audi A4,Audi,2013,160172,Diesel,Auto,67792,763000.0,13,Bangalore
Mahindra XUV500,Mahindra,2017,62331,Diesel,Manual,24547,1129000.0,9,Bangalore
Maruti Swift,Maruti,2023,21328,Petrol,Manual,12586,713000.0,3,Bangalore
Maruti Ertiga,Maruti,2012,115732,Diesel,Manual,12586,455000.0,14,Bangalore
Hyundai Elite i20,Hyundai,2016,114690,Diesel,Manual,12377,470000.0,10,Bangalore
Tata NEXON EV,Tata,2020,8482,Electric,Auto,14554,850000.0,6,Bangalore
Hyundai VENUE,Hyundai,2021,15471,Petrol,Auto,16078,939000.0,5,Bangalore
Hyundai VENUE,Hyundai,2022,48000,Petrol,Manual,14554,850000.0,4,Bangalore
Renault Duster,Renault,2014,152038,Diesel,Manual,23537,500000.0,12,Bangalore
Mahindra Thar,Mahindra,2023,47568,Diesel,Manual,25564,1493000.0,3,Bangalore
Hyundai Creta,Hyundai,2021,29293,Petrol,Auto,23886,1395000.0,5,Bangalore
Hyundai Grand i10,Hyundai,2016,70390,Petrol,Auto,9454,425000.0,10,Bangalore
Maruti Swift,Maruti,2023,12777,Petrol,Manual,14554,850000.0,3,Bangalore
Ford Ecosport,Ford,2018,70245,Petrol,Manual,12392,702000.0,8,Bangalore
KIA SELTOS,KIA,2022,15500,Petrol,Auto,20872,1219000.0,4,Bangalore
Hyundai VENUE,Hyundai,2021,42844,Petrol,Manual,12728,721000.0,5,Bangalore
Hyundai Elite i20,Hyundai,2017,35076,Petrol,Manual,12669,648000.0,9,Bangalore
Hyundai Elite i20,Hyundai,2016,95216,Diesel,Manual,14220,540000.0,10,Bangalore
Hyundai Creta,Hyundai,2018,113086,Petrol,Auto,17017,765000.0,8,Bangalore
Hyundai NEW I20,Hyundai,2023,22356,Petrol,Manual,13910,788000.0,3,Bangalore
Maruti Celerio,Maruti,2019,27649,Petrol,Auto,8244,467000.0,7,Bangalore
MG HECTOR PLUS,MG,2023,58851,Diesel,Manual,26968,1575000.0,3,Bangalore
Maruti Baleno,Maruti,2016,106629,Diesel,Manual,12851,488000.0,10,Bangalore
Renault Kiger,Renault,2023,9944,Petrol,Auto,11474,650000.0,3,Bangalore
KIA SONET,KIA,2020,39376,Petrol,Manual,13240,750000.0,6,Bangalore
KIA CARENS,KIA,2023,28832,Petrol,Auto,23971,1400000.0,3,Bangalore
Renault Duster,Renault,2016,63129,Diesel,Manual,17670,671000.0,10,Bangalore
MG HECTOR,MG,2019,82432,Petrol,Auto,13698,800000.0,7,Bangalore
Hyundai NEW I20,Hyundai,2022,35379,Petrol,Manual,13857,785000.0,4,Bangalore
KIA SONET,KIA,2022,40932,Diesel,Manual,18955,1107000.0,4,Bangalore
Ford Ecosport,Ford,2015,116125,Petrol,Manual,11060,420000.0,11,Bangalore
Mercedes Benz B Class,Mercedes,2012,14652,Petrol,Auto,81311,919999.9999999999,14,Bangalore
Maruti Grand Vitara,Maruti,2023,90419,Petrol,Manual,15898,928999.9999999999,3,Bangalore
Mahindra Thar,Mahindra,2021,55524,Diesel,Manual,21609,1262000.0,5,Bangalore
Toyota Glanza,Toyota,2021,125318,Petrol,Manual,13102,589000.0,5,Bangalore
BMW X3,BMW,2012,94150,Diesel,Auto,13102,867000.0,14,Bangalore
Mahindra XUV500,Mahindra,2015,94624,Diesel,Manual,30120,919999.9999999999,11,Bangalore
Hyundai NEW I20,Hyundai,2023,31161,Petrol,Manual,13769,780000.0,3,Bangalore
Audi A4,Audi,2011,125718,Diesel,Auto,13769,662000.0,15,Bangalore
Hyundai Verna,Hyundai,2015,68957,Petrol,Manual,14484,550000.0,11,Bangalore
Renault Duster,Renault,2015,85041,Diesel,Manual,17072,513999.99999999994,11,Bangalore
KIA SONET,KIA,2022,43337,Petrol,Manual,13698,800000.0,4,Bangalore
Mahindra XUV700,Mahindra,2021,77880,Diesel,Auto,27738,1620000.0,5,Bangalore
Tata NEXON,Tata,2022,17312,Petrol,Auto,14537,849000.0,4,Bangalore
KIA SELTOS,KIA,2019,49616,Petrol,Manual,21317,1245000.0,7,Bangalore
Maruti Swift,Maruti,2023,38728,Petrol,Manual,11474,650000.0,3,Bangalore
Maruti Ertiga,Maruti,2017,35358,Petrol,Manual,14663,750000.0,9,Bangalore
Hyundai Creta,Hyundai,2016,152573,Diesel,Manual,17407,661000.0,10,Bangalore
MG HECTOR,MG,2019,35305,Petrol,Auto,18578,1085000.0,7,Bangalore
Maruti Ertiga,Maruti,2021,8895,Petrol,Auto,17807,1040000.0,5,Bangalore
Maruti S Cross,Maruti,2021,99533,Petrol,Manual,12145,688000.0,5,Bangalore
KIA SELTOS,KIA,2020,52154,Petrol,Auto,18835,1100000.0,6,Bangalore
Maruti Vitara Brezza,Maruti,2018,263149,Diesel,Auto,17394,800000.0,8,Bangalore
Maruti IGNIS,Maruti,2022,35985,Petrol,Manual,10662,604000.0,4,Bangalore
Renault Duster,Renault,2018,74795,Diesel,Manual,12219,625000.0,8,Bangalore
Ford Ecosport,Ford,2020,19077,Petrol,Manual,14417,842000.0,6,Bangalore
Honda City,Honda,2013,107987,Petrol,Manual,20289,430999.99999999994,13,Bangalore
Tata NEXON,Tata,2021,25250,Petrol,Manual,14052,796000.0,5,Bangalore
Mercedes Benz C Class,Mercedes,2011,60657,Diesel,Auto,14052,850000.0,15,Bangalore
KIA SONET,KIA,2025,4527,Petrol,Auto,20841,1217000.0,1,Bangalore
Maruti Swift,Maruti,2015,77860,Petrol,Manual,11850,450000.0,11,Bangalore
Hyundai Grand i10,Hyundai,2017,47243,Petrol,Manual,8798,450000.0,9,Bangalore
Nissan Micra,Nissan,2016,58325,Petrol,Auto,8675,390000.0,10,Bangalore
Hyundai Creta,Hyundai,2020,69416,Petrol,Manual,20547,1200000.0,6,Bangalore
MG COMET,MG,2025,1794,Electric,Auto,13522,766000.0,1,Bangalore
Hyundai Creta,Hyundai,2016,88678,Diesel,Manual,20676,800000.0,10,Bangalore
Hyundai VENUE,Hyundai,2020,49625,Petrol,Auto,13698,800000.0,6,Bangalore
Tata Tiago,Tata,2019,22573,Petrol,Manual,7326,415000.00000000006,7,Bangalore
Mahindra XUV300,Mahindra,2023,9736,Petrol,Auto,19691,1150000.0,3,Bangalore
Maruti Swift,Maruti,2023,35764,Petrol,Manual,13240,750000.0,3,Bangalore
Maruti IGNIS,Maruti,2022,46863,Petrol,Manual,11209,635000.0,4,Bangalore
Hyundai VENUE,Hyundai,2022,27001,Petrol,Manual,13398,759000.0,4,Bangalore
Jeep Compass,Jeep,2019,42854,Petrol,Auto,21420,1251000.0,7,Bangalore
Hyundai Creta,Hyundai,2018,78530,Petrol,Manual,13769,780000.0,8,Bangalore
Renault Duster,Renault,2018,104207,Diesel,Manual,15660,704000.0,8,Bangalore
Maruti Swift,Maruti,2011,191299,Diesel,Manual,15660,360000.0,15,Bangalore
Maruti Swift,Maruti,2019,56143,Petrol,Auto,10327,585000.0,7,Bangalore
Volkswagen Polo,Volkswagen,2011,89415,Petrol,Manual,10327,252000.0,15,Bangalore
Hyundai VENUE,Hyundai,2022,108399,Diesel,Manual,18481,850000.0,4,Bangalore
Hyundai Creta,Hyundai,2018,64137,Petrol,Manual,16266,950000.0,8,Bangalore
Hyundai Elite i20,Hyundai,2016,279019,Diesel,Manual,13457,511000.00000000006,10,Bangalore
Maruti Celerio,Maruti,2018,31436,Petrol,Manual,8720,494000.00000000006,8,Bangalore
Tata Safari,Tata,2022,20898,Diesel,Manual,28303,1653000.0,4,Bangalore
Maruti Celerio,Maruti,2016,35681,Petrol,Auto,9632,433000.0,10,Bangalore
Maruti Ertiga,Maruti,2017,60720,Petrol,Manual,14663,750000.0,9,Bangalore
Maruti Swift,Maruti,2011,122746,Diesel,Manual,14663,351000.0,15,Bangalore
Honda City,Honda,2013,93923,Petrol,Manual,16994,361000.0,13,Bangalore
Renault Duster,Renault,2017,56347,Petrol,Manual,11456,586000.0,9,Bangalore
Tata Safari,Tata,2022,47257,Diesel,Manual,26934,1573000.0,4,Bangalore
Maruti IGNIS,Maruti,2022,10641,Petrol,Auto,12710,720000.0,4,Bangalore
Hyundai VENUE,Hyundai,2022,30354,Petrol,Manual,15239,890000.0,4,Bangalore
Toyota Innova Crysta,Toyota,2016,56718,Diesel,Manual,46108,1784000.0,10,Bangalore
Toyota Fortuner,Toyota,2011,117399,Diesel,Manual,46108,1007000.0,15,Bangalore
Tata PUNCH EV,Tata,2024,21615,Electric,Auto,17037,994999.9999999999,2,Bangalore
Maruti Ciaz,Maruti,2018,34168,Petrol,Manual,12145,688000.0,8,Bangalore
Ssangyong Rexton,Ssangyong,2012,87080,Diesel,Auto,12145,580000.0,14,Bangalore
Maruti Vitara Brezza,Maruti,2018,136515,Diesel,Manual,16149,726000.0,8,Bangalore
Hyundai Grand i10,Hyundai,2017,64108,Petrol,Auto,8309,425000.0,9,Bangalore
Skoda Octavia,Skoda,2021,31388,Petrol,Auto,37875,2212000.0,5,Bangalore
KIA CARENS,KIA,2022,32665,Petrol,Auto,26523,1549000.0,4,Bangalore
Mahindra XUV300,Mahindra,2022,7787,Petrol,Auto,13681,775000.0,4,Bangalore
Hyundai Creta,Hyundai,2016,10389,Petrol,Auto,21177,974000.0,10,Bangalore
Renault Kiger,Renault,2021,16065,Petrol,Auto,11157,632000.0,5,Bangalore
Hyundai VENUE,Hyundai,2019,33047,Petrol,Auto,14434,843000.0,7,Bangalore
Tata ALTROZ,Tata,2023,7717,Petrol,Manual,13916,813000.0000000001,3,Bangalore
Ford Ecosport,Ford,2018,68523,Petrol,Auto,13575,769000.0,8,Bangalore
Renault Kiger,Renault,2023,24746,Petrol,Auto,12057,683000.0,3,Bangalore
Hyundai i20 Active,Hyundai,2018,44768,Petrol,Manual,11474,650000.0,8,Bangalore
Tata Safari,Tata,2014,85186,Diesel,Manual,19771,420000.0,12,Bangalore
Audi A3,Audi,2014,110260,Diesel,Auto,48239,1035000.0,12,Bangalore
KIA SELTOS,KIA,2023,15436,Petrol,Manual,25684,1500000.0,3,Bangalore
Mahindra XUV300,Mahindra,2023,41995,Diesel,Manual,18663,1090000.0,3,Bangalore
Mahindra TUV300,Mahindra,2018,103021,Diesel,Manual,13970,628000.0,8,Bangalore
Maruti BREZZA,Maruti,2022,36420,Petrol,Manual,17859,1043000.0,4,Bangalore
Tata NEXON,Tata,2021,45333,Petrol,Manual,13681,775000.0,5,Bangalore
Honda City,Honda,2013,87381,Petrol,Manual,17794,378000.0,13,Bangalore
Maruti Ciaz,Maruti,2022,39854,Petrol,Manual,14075,822000.0000000001,4,Bangalore
KIA SONET,KIA,2022,11026,Petrol,Manual,17277,1009000.0,4,Bangalore
MG HECTOR,MG,2020,51834,Petrol,Manual,17979,1050000.0,6,Bangalore
Maruti Ritz,Maruti,2011,111146,Diesel,Manual,17979,331000.0,15,Bangalore
Maruti New Wagon-R,Maruti,2023,60916,Petrol,Manual,10080,571000.0,3,Bangalore
KIA SONET,KIA,2020,41413,Petrol,Manual,13663,774000.0,6,Bangalore
Hyundai Creta,Hyundai,2019,54450,Petrol,Manual,14486,846000.0000000001,7,Bangalore
Hyundai Creta,Hyundai,2018,51304,Petrol,Auto,17122,1000000.0,8,Bangalore
Volkswagen Vento,Volkswagen,2019,75104,Petrol,Auto,13698,800000.0,7,Bangalore
Hyundai NEW SANTRO,Hyundai,2019,23068,Petrol,Auto,8826,500000.0,7,Bangalore
Maruti Eeco,Maruti,2019,32589,Petrol,Manual,7061,400000.0,7,Bangalore
Hyundai NEW I20,Hyundai,2022,17181,Petrol,Auto,15838,925000.0,4,Bangalore
Mahindra E20 Plus,Mahindra,2017,24462,Electric,Auto,5982,306000.0,9,Bangalore
KIA SELTOS,KIA,2019,159774,Petrol,Auto,25547,1175000.0,7,Bangalore
Maruti BREZZA,Maruti,2024,31044,Petrol,Manual,14965,874000.0,2,Bangalore
Jeep Compass,Jeep,2019,60969,Petrol,Auto,18835,1100000.0,7,Bangalore
Tata Harrier,Tata,2019,112278,Diesel,Manual,24286,1117000.0,7,Bangalore
Hyundai Creta,Hyundai,2018,33048,Petrol,Auto,17533,1024000.0,8,Bangalore
Maruti BREZZA,Maruti,2023,34101,Petrol,Manual,14879,869000.0,3,Bangalore
Hyundai Grand i10,Hyundai,2018,50564,Petrol,Auto,8032,455000.0,8,Bangalore
KIA SELTOS,KIA,2022,30183,Petrol,Manual,24828,1450000.0,4,Bangalore
Maruti IGNIS,Maruti,2022,16781,Petrol,Manual,11474,650000.0,4,Bangalore
KIA SONET,KIA,2023,12676,Diesel,Manual,16266,950000.0,3,Bangalore
KIA SONET,KIA,2022,45757,Diesel,Auto,17122,1000000.0,4,Bangalore
Toyota Glanza,Toyota,2021,36137,Petrol,Manual,11474,650000.0,5,Bangalore
Hyundai VENUE,Hyundai,2020,63015,Petrol,Manual,12886,730000.0,6,Bangalore
Renault Kiger,Renault,2021,52720,Petrol,Auto,11916,675000.0,5,Bangalore
Hyundai EXTER,Hyundai,2023,14475,Petrol,Manual,14366,839000.0,3,Bangalore
Hyundai NEW I20,Hyundai,2023,14485,Petrol,Auto,15359,897000.0000000001,3,Bangalore
KIA SONET,KIA,2022,13345,Petrol,Manual,15410,900000.0,4,Bangalore
Hyundai Creta,Hyundai,2022,47214,Diesel,Manual,24828,1450000.0,4,Bangalore
KIA SELTOS,KIA,2022,16153,Diesel,Manual,19691,1150000.0,4,Bangalore
Hyundai VENUE,Hyundai,2022,111976,Diesel,Manual,20677,951000.0,4,Bangalore
Maruti Swift,Maruti,2019,55422,Petrol,Auto,9709,550000.0,7,Bangalore
KIA SONET,KIA,2020,40703,Petrol,Auto,15410,900000.0,6,Bangalore
Mahindra XUV300,Mahindra,2022,23495,Diesel,Auto,20547,1200000.0,4,Bangalore
Mercedes Benz B Class,Mercedes,2012,89412,Petrol,Auto,57574,648000.0,14,Bangalore
KIA SELTOS,KIA,2023,39241,Petrol,Manual,20547,1200000.0,3,Bangalore
Hyundai Creta,Hyundai,2020,28023,Petrol,Auto,22687,1325000.0,6,Bangalore
Jeep Compass,Jeep,2018,84787,Petrol,Auto,16694,975000.0,8,Bangalore
Hyundai Verna,Hyundai,2018,138942,Petrol,Auto,17611,810000.0,8,Bangalore
KIA SONET,KIA,2023,46873,Diesel,Manual,14554,850000.0,3,Bangalore
Maruti BREZZA,Maruti,2023,39241,Petrol,Manual,16129,942000.0,3,Bangalore
Skoda Octavia,Skoda,2015,128725,Diesel,Auto,26518,810000.0,11,Bangalore
Maruti Dzire,Maruti,2022,29592,Petrol,Auto,14040,819999.9999999999,4,Bangalore
KIA SONET,KIA,2023,30983,Petrol,Manual,15410,900000.0,3,Bangalore
Hyundai VENUE,Hyundai,2021,54500,Petrol,Auto,15753,919999.9999999999,5,Bangalore
Ford Ecosport,Ford,2015,59800,Diesel,Manual,16939,509999.99999999994,11,Bangalore
Hyundai VENUE,Hyundai,2021,64183,Petrol,Manual,13240,750000.0,5,Bangalore
MG ASTOR,MG,2024,18983,Petrol,Manual,21112,1233000.0,2,Bangalore
Mahindra Scorpio,Mahindra,2011,226028,Diesel,Manual,21112,344000.0,15,Bangalore
MG HECTOR,MG,2021,22596,Petrol,Auto,22259,1300000.0,5,Bangalore
Hyundai Creta,Hyundai,2016,58233,Petrol,Manual,15015,675000.0,10,Bangalore
Maruti Ertiga,Maruti,2020,139742,Petrol,Manual,18959,872000.0000000001,6,Bangalore
Mahindra XUV500,Mahindra,2013,136356,Diesel,Manual,46646,525000.0,13,Bangalore
Hyundai VENUE,Hyundai,2022,56579,Petrol,Manual,13698,800000.0,4,Bangalore
Audi Q3,Audi,2018,109000,Diesel,Auto,37506,1725000.0,8,Bangalore
Ford Ecosport,Ford,2021,45002,Petrol,Manual,13893,787000.0,5,Bangalore
Honda Amaze,Honda,2023,24343,Petrol,Auto,13698,800000.0,3,Bangalore
MG HECTOR,MG,2021,59512,Petrol,Auto,21454,1253000.0,5,Bangalore
KIA SELTOS,KIA,2021,49000,Petrol,Manual,18835,1100000.0,5,Bangalore
Ford Ecosport,Ford,2020,92960,Petrol,Auto,13540,767000.0,6,Bangalore
Tata Hexa,Tata,2017,196138,Diesel,Auto,12234,550000.0,9,Bangalore
Tata Hexa,Tata,2017,64379,Diesel,Auto,19025,875000.0,9,Bangalore
Hyundai NEW I20 N LINE,Hyundai,2021,68549,Petrol,Auto,16455,961000.0,5,Bangalore
Hyundai VENUE,Hyundai,2023,20086,Petrol,Manual,15564,909000.0,3,Bangalore
Mahindra XUV300,Mahindra,2021,138214,Diesel,Auto,18394,846000.0000000001,5,Bangalore
Toyota URBAN CRUISER,Toyota,2021,49810,Petrol,Manual,14982,875000.0,5,Bangalore
Maruti Grand Vitara,Maruti,2023,17290,Petrol,Manual,22105,1291000.0,3,Bangalore
KIA SONET,KIA,2022,53862,Diesel,Manual,14554,850000.0,4,Bangalore
Hyundai Creta,Hyundai,2024,6755,Petrol,Manual,27259,1592000.0,2,Bangalore
Maruti Ertiga,Maruti,2020,26139,Petrol,Auto,16266,950000.0,6,Bangalore
Toyota URBAN CRUISER,Toyota,2021,84737,Petrol,Manual,13804,782000.0,5,Bangalore
KIA SONET,KIA,2022,34273,Petrol,Manual,14126,825000.0,4,Bangalore
KIA SELTOS,KIA,2021,40812,Petrol,Manual,16266,950000.0,5,Bangalore
KIA SELTOS,KIA,2021,47329,Diesel,Auto,23800,1390000.0,5,Bangalore
Mahindra XUV500,Mahindra,2011,143114,Diesel,Manual,23800,475000.0,15,Bangalore
KIA SELTOS,KIA,2022,40938,Petrol,Manual,20170,1178000.0,4,Bangalore
Skoda Yeti,Skoda,2012,153400,Diesel,Manual,20170,613000.0,14,Bangalore
Hyundai Creta,Hyundai,2018,103058,Diesel,Manual,17698,814000.0,8,Bangalore
MG HECTOR PLUS,MG,2021,34510,Petrol,Auto,28509,1664999.9999999998,5,Bangalore
Mahindra XUV300,Mahindra,2021,73885,Diesel,Manual,17122,1000000.0,5,Bangalore
Hyundai Xcent,Hyundai,2019,55142,Petrol,Manual,10574,599000.0,7,Bangalore
Maruti XL6,Maruti,2019,73222,Petrol,Auto,15410,900000.0,7,Bangalore
Jeep Compass,Jeep,2019,170808,Diesel,Manual,18894,869000.0,7,Bangalore
KIA SONET,KIA,2024,16105,Petrol,Auto,18561,1084000.0,2,Bangalore
Audi Q5,Audi,2013,96131,Diesel,Auto,88205,998000.0,13,Bangalore
Hyundai VENUE,Hyundai,2021,30336,Diesel,Manual,17431,1018000.0,5,Bangalore
Mahindra Scorpio,Mahindra,2011,180110,Diesel,Manual,17431,359000.0,15,Bangalore
Audi Q3,Audi,2013,124450,Diesel,Auto,79809,902999.9999999999,13,Bangalore
Maruti Swift,Maruti,2024,18413,Petrol,Manual,15290,893000.0,2,Bangalore
Hyundai GRAND I10 NIOS,Hyundai,2020,49925,Petrol,Auto,10503,595000.0,6,Bangalore
Maruti Alto K10,Maruti,2023,27590,Petrol,Manual,8297,470000.0,3,Bangalore
Volkswagen Ameo,Volkswagen,2018,65001,Petrol,Manual,10433,591000.0,8,Bangalore
Maruti New Wagon-R,Maruti,2025,6834,Petrol,Manual,12110,686000.0,1,Bangalore
MG HECTOR,MG,2021,53053,Petrol,Auto,22550,1317000.0,5,Bangalore
KIA SONET,KIA,2022,32546,Petrol,Auto,20667,1207000.0,4,Bangalore
KIA SELTOS,KIA,2022,185248,Diesel,Manual,25526,1174000.0,4,Bangalore
Skoda Laura,Skoda,2013,209262,Diesel,Auto,49755,560000.0,13,Bangalore
Hyundai Creta,Hyundai,2022,84737,Diesel,Auto,24828,1450000.0,4,Bangalore
MG HECTOR,MG,2021,75851,Diesel,Manual,24828,1450000.0,5,Bangalore
MG HECTOR,MG,2021,48711,Petrol,Auto,24023,1403000.0,5,Bangalore
Tata Aria,Tata,2014,175653,Diesel,Manual,21371,454000.0,12,Bangalore
Skoda KUSHAQ,Skoda,2021,61488,Petrol,Auto,16575,968000.0,5,Bangalore
Maruti Ertiga,Maruti,2021,50863,Petrol,Manual,17259,1008000.0,5,Bangalore
Toyota Urban Cruiser Taisor,Toyota,2024,6164,Petrol,Auto,19348,1130000.0,2,Bangalore
Nissan Micra,Nissan,2017,73852,Petrol,Auto,9345,478000.0,9,Bangalore
Maruti S Cross,Maruti,2015,165357,Diesel,Manual,13286,400000.0,11,Bangalore
Hyundai Santa Fe,Hyundai,2011,105406,Diesel,Manual,13286,720000.0,15,Bangalore
Renault Duster,Renault,2020,29751,Petrol,Manual,16403,958000.0,6,Bangalore
Mahindra XUV300,Mahindra,2022,57067,Diesel,Auto,16266,950000.0,4,Bangalore
Hyundai VENUE,Hyundai,2022,37814,Diesel,Manual,17910,1046000.0000000001,4,Bangalore
MG HECTOR,MG,2023,33539,Diesel,Manual,29194,1705000.0,3,Bangalore
Skoda Rapid,Skoda,2016,87397,Diesel,Auto,13483,512000.0,10,Bangalore
Skoda Octavia,Skoda,2018,210044,Diesel,Auto,27178,1250000.0,8,Bangalore
Ford Ecosport,Ford,2013,159594,Diesel,Manual,37938,426999.99999999994,13,Bangalore
MG HECTOR PLUS,MG,2020,64204,Diesel,Manual,24006,1402000.0,6,Bangalore
Hyundai Santa Fe,Hyundai,2012,171670,Diesel,Auto,24006,736000.0,14,Bangalore
Toyota Glanza,Toyota,2024,17622,Petrol,Auto,13972,816000.0,2,Bangalore
KIA SELTOS,KIA,2020,34851,Diesel,Manual,17311,1011000.0,6,Bangalore
Mahindra XUV500,Mahindra,2013,101654,Diesel,Manual,52598,592000.0,13,Bangalore
Renault Duster,Renault,2013,156728,Diesel,Manual,31008,349000.0,13,Bangalore
Audi Q5,Audi,2012,104346,Diesel,Auto,31008,936999.9999999999,14,Bangalore
Skoda Laura,Skoda,2013,125548,Diesel,Auto,47001,529000.0,13,Bangalore
Mercedes Benz C Class,Mercedes,2011,60476,Diesel,Auto,47001,1074000.0,15,Bangalore
Hyundai VENUE,Hyundai,2021,30298,Petrol,Manual,15616,911999.9999999999,5,Bangalore
KIA SELTOS,KIA,2019,29660,Petrol,Manual,18835,1100000.0,7,Bangalore
Hyundai Creta,Hyundai,2020,36567,Diesel,Auto,26591,1553000.0,6,Bangalore
Hyundai VENUE,Hyundai,2021,52434,Diesel,Manual,17037,994999.9999999999,5,Bangalore
Mahindra XUV500,Mahindra,2013,109636,Diesel,Manual,55086,620000.0,13,Bangalore
Mahindra Xylo,Mahindra,2013,148398,Diesel,Manual,34207,385000.0,13,Bangalore
Maruti XL6,Maruti,2020,51719,Petrol,Manual,16934,989000.0,6,Bangalore
Tata Hexa,Tata,2017,184597,Diesel,Manual,14815,666000.0,9,Bangalore
MG HECTOR,MG,2023,18953,Petrol,Auto,27396,1600000.0,3,Bangalore
KIA SONET,KIA,2020,26039,Petrol,Manual,15410,900000.0,6,Bangalore
KIA SELTOS,KIA,2021,73729,Diesel,Manual,23715,1385000.0,5,Bangalore
KIA SELTOS,KIA,2020,84068,Diesel,Auto,20016,1169000.0,6,Bangalore
Maruti Eeco,Maruti,2024,24917,Petrol,Manual,9797,555000.0,2,Bangalore
KIA SELTOS,KIA,2020,43119,Petrol,Auto,23132,1351000.0,6,Bangalore
BMW X5,BMW,2014,137281,Diesel,Auto,93216,2000000.0,12,Bangalore
Maruti BREZZA,Maruti,2023,39233,Petrol,Manual,16626,971000.0000000001,3,Bangalore
Maruti New Wagon-R,Maruti,2025,609,Petrol,Auto,13451,762000.0,1,Bangalore
MG HECTOR,MG,2021,53642,Petrol,Manual,20770,1213000.0,5,Bangalore
MG HECTOR PLUS,MG,2021,63526,Petrol,Manual,22636,1322000.0,5,Bangalore
KIA SELTOS,KIA,2019,71394,Diesel,Manual,15547,908000.0,7,Bangalore
MG HECTOR,MG,2023,58800,Petrol,Manual,25667,1499000.0,3,Bangalore
Maruti Swift,Maruti,2023,59781,Petrol,Manual,13698,800000.0,3,Bangalore
Mercedes Benz E Class,Mercedes,2010,98845,Diesel,Auto,13698,1130000.0,16,Bangalore
Mahindra XUV300,Mahindra,2020,81639,Diesel,Auto,14143,826000.0,6,Bangalore
Maruti Swift,Maruti,2012,50704,Diesel,Manual,14143,448000.00000000006,14,Bangalore
Hyundai Creta,Hyundai,2023,20917,Petrol,Auto,27227,1590000.0,3,Bangalore
Nissan Terrano,Nissan,2015,197621,Diesel,Manual,14814,446000.0,11,Bangalore
MG HECTOR,MG,2019,41682,Petrol,Auto,19074,1114000.0,7,Bangalore
MG HECTOR,MG,2019,72280,Petrol,Auto,18321,1070000.0,7,Bangalore
Tata PUNCH EV,Tata,2024,8708,Electric,Auto,18646,1089000.0,2,Bangalore
Skoda Octavia,Skoda,2017,130761,Petrol,Auto,27156,1249000.0,9,Bangalore
KIA SELTOS,KIA,2019,54065,Petrol,Auto,17979,1050000.0,7,Bangalore
Mahindra XUV500,Mahindra,2019,81224,Diesel,Manual,20975,1225000.0,7,Bangalore
KIA SELTOS,KIA,2019,75609,Petrol,Auto,17122,1000000.0,7,Bangalore
Tata Hexa,Tata,2017,144112,Diesel,Auto,14125,635000.0,9,Bangalore
Hyundai Creta,Hyundai,2019,101126,Diesel,Manual,26091,1200000.0,7,Bangalore
Hyundai NEW I20 N LINE,Hyundai,2022,22625,Petrol,Auto,19092,1115000.0,4,Bangalore
Hyundai Creta,Hyundai,2023,47800,Petrol,Auto,29964,1750000.0,3,Bangalore
Maruti Baleno,Maruti,2024,7972,Petrol,Auto,15992,934000.0,2,Bangalore
Hyundai ALCAZAR,Hyundai,2021,65236,Diesel,Auto,23903,1396000.0,5,Bangalore
Hyundai EXTER,Hyundai,2025,10519,Petrol,Manual,15427,901000.0,1,Bangalore
Mahindra XUV300,Mahindra,2022,88457,Diesel,Manual,15872,927000.0,4,Bangalore
MG HECTOR PLUS,MG,2020,64207,Diesel,Manual,22602,1320000.0,6,Bangalore
MG ZS EV,MG,2024,21624,Electric,Auto,28252,1650000.0,2,Bangalore
Toyota Innova,Toyota,2014,120288,Diesel,Manual,48193,1034000.0,12,Bangalore
Renault Duster,Renault,2018,68806,Diesel,Auto,14878,761000.0,8,Bangalore
Skoda Octavia,Skoda,2018,125260,Diesel,Auto,32048,1474000.0,8,Bangalore
Maruti BREZZA,Maruti,2024,13674,Petrol,Manual,16438,960000.0,2,Bangalore
Mercedes Benz S Class,Mercedes,2010,109193,Petrol,Auto,16438,1800000.0,16,Bangalore
Toyota Innova,Toyota,2013,233460,Diesel,Manual,74771,846000.0000000001,13,Bangalore
Mercedes Benz E Class,Mercedes,2012,77214,Diesel,Auto,74771,1269000.0,14,Bangalore
Hyundai ALCAZAR,Hyundai,2021,49008,Diesel,Auto,25410,1484000.0,5,Bangalore
Jeep Compass,Jeep,2020,65991,Diesel,Manual,23115,1350000.0,6,Bangalore
Hyundai Creta,Hyundai,2022,27160,Petrol,Auto,25256,1475000.0,4,Bangalore
Maruti Celerio,Maruti,2024,19415,Petrol,Manual,11474,650000.0,2,Bangalore
Tata NEXON EV,Tata,2022,59678,Electric,Auto,21043,1229000.0,4,Bangalore
MG ZS EV,MG,2024,43265,Electric,Auto,31779,1855999.9999999998,2,Bangalore
MG ZS EV,MG,2023,50029,Electric,Auto,22259,1300000.0,3,Bangalore
Maruti Dzire,Maruti,2021,37425,Petrol,Manual,10751,609000.0,5,Bangalore
Tata NEXON EV,Tata,2024,8259,Electric,Auto,28149,1644000.0000000002,2,Bangalore
Mahindra SCORPIO CLASSIC,Mahindra,2023,11811,Diesel,Manual,31231,1823999.9999999998,3,Bangalore
MG ZS EV,MG,2020,62960,Electric,Auto,18064,1055000.0,6,Bangalore
Jeep Compass,Jeep,2020,67659,Diesel,Manual,22876,1336000.0,6,Bangalore
Maruti BREZZA,Maruti,2024,88243,Petrol,Manual,15410,900000.0,2,Bangalore
Tata NEXON EV,Tata,2023,10681,Electric,Auto,22978,1342000.0,3,Bangalore
Mahindra XUV300,Mahindra,2019,46000,Petrol,Manual,13981,792000.0,7,Bangalore
Mahindra XUV400,Mahindra,2023,25629,Electric,Auto,20461,1195000.0,3,Bangalore
Tata NEXON EV,Tata,2021,96911,Electric,Auto,16266,950000.0,5,Bangalore
Tata Safari,Tata,2023,14955,Diesel,Manual,30940,1807000.0,3,Bangalore
Mahindra Bolero,Mahindra,2022,26391,Diesel,Manual,15410,900000.0,4,Bangalore
KIA SONET,KIA,2021,66358,Diesel,Manual,15410,900000.0,5,Bangalore
Hyundai VENUE N LINE,Hyundai,2023,31442,Petrol,Auto,21283,1243000.0,3,Bangalore
Tata Hexa,Tata,2017,58930,Diesel,Auto,24786,1140000.0,9,Bangalore
Tata NEXON EV,Tata,2023,55444,Electric,Auto,17122,1000000.0,3,Bangalore
MG HECTOR PLUS,MG,2020,91367,Diesel,Manual,21403,1250000.0,6,Bangalore
MG HECTOR PLUS,MG,2020,65000,Diesel,Manual,25495,1489000.0,6,Bangalore
Jeep Compass,Jeep,2020,127532,Diesel,Manual,29004,1334000.0,6,Bangalore
Toyota Innova Crysta,Toyota,2019,107459,Diesel,Manual,40223,1850000.0,7,Bangalore
Tata Tiago,Tata,2024,720,Petrol,Manual,13487,764000.0,2,Bangalore
Hyundai Grand i10,Hyundai,2014,31997,Petrol,Manual,13120,395000.0,12,Bangalore
Maruti S Cross,Maruti,2021,44282,Petrol,Auto,14546,849000.0,5,Bangalore
Honda Jazz,Honda,2015,101169,Petrol,Manual,11245,426999.99999999994,11,Bangalore
Maruti XL6,Maruti,2023,18514,Petrol,Manual,19999,1168000.0,3,Bangalore
Maruti Eeco,Maruti,2013,158499,Petrol,Manual,13887,295000.0,13,Bangalore
Skoda Superb,Skoda,2011,75261,Petrol,Auto,13887,227000.0,15,Bangalore
Renault Kwid,Renault,2016,42973,Petrol,Auto,7474,336000.0,10,Bangalore
Maruti Alto K10,Maruti,2024,1860,Petrol,Auto,10592,600000.0,2,Bangalore
Hyundai Creta,Hyundai,2019,69653,Diesel,Manual,22807,1332000.0,7,Bangalore
KIA SONET,KIA,2024,34235,Diesel,Auto,23646,1381000.0,2,Bangalore
Maruti Vitara Brezza,Maruti,2020,13323,Petrol,Manual,14554,850000.0,6,Bangalore
Renault TRIBER,Renault,2020,40050,Petrol,Manual,10292,583000.0,6,Bangalore
Honda Brio,Honda,2012,93928,Petrol,Manual,21324,240000.0,14,Bangalore
Ford Endeavour,Ford,2011,83826,Diesel,Auto,21324,426999.99999999994,15,Bangalore
Jeep Compass,Jeep,2018,76710,Diesel,Manual,18691,982000.0,8,Bangalore
Ford Ecosport,Ford,2018,45887,Petrol,Auto,14092,823000.0,8,Bangalore
Toyota URBAN CRUISER,Toyota,2021,100654,Petrol,Manual,15860,713000.0,5,Bangalore
Mahindra XUV500,Mahindra,2017,166233,Diesel,Manual,20047,922000.0000000001,9,Bangalore
Toyota URBAN CRUISER,Toyota,2020,35027,Petrol,Auto,14126,825000.0,6,Bangalore
MG ZS EV,MG,2023,37397,Electric,Auto,30341,1772000.0,3,Bangalore
Maruti Swift,Maruti,2021,38787,Petrol,Manual,11132,631000.0,5,Bangalore
Renault Kwid,Renault,2022,15890,Petrol,Auto,8844,501000.0,4,Bangalore
Volkswagen Vento,Volkswagen,2016,143291,Petrol,Manual,10077,453000.0,10,Bangalore
Tata NEXON,Tata,2022,36536,Petrol,Manual,16711,976000.0,4,Bangalore
Tata NEXON,Tata,2025,27227,Petrol,Manual,19160,1119000.0,1,Bangalore
Tata Tiago,Tata,2023,7927,Petrol,Auto,11752,666000.0,3,Bangalore
Hyundai i20,Hyundai,2011,52515,Petrol,Manual,11752,326000.0,15,Bangalore
Honda Civic,Honda,2019,30667,Petrol,Auto,20361,1189000.0,7,Bangalore
Volkswagen Vento,Volkswagen,2016,55245,Petrol,Manual,10469,471000.0,10,Bangalore
MG ASTOR,MG,2022,44343,Petrol,Manual,13698,800000.0,4,Bangalore
Datsun Redi Go,Datsun,2017,51585,Petrol,Manual,2933,150000.0,9,Bangalore
Nissan Micra Active,Nissan,2013,76420,Petrol,Manual,7249,154000.0,13,Bangalore
Mahindra XUV700,Mahindra,2022,36333,Petrol,Manual,19434,1135000.0,4,Bangalore
Hyundai Elite i20,Hyundai,2016,64361,Petrol,Manual,9076,408000.0,10,Bangalore
Renault Kiger,Renault,2021,29497,Petrol,Manual,8932,505999.99999999994,5,Bangalore
Renault Duster,Renault,2021,49406,Petrol,Manual,11651,660000.0,5,Bangalore
Maruti Eeco,Maruti,2020,96092,Petrol,Manual,6416,363000.0,6,Bangalore
Ford Ecosport,Ford,2017,81708,Diesel,Manual,8431,379000.0,9,Bangalore
Honda Brio,Honda,2013,119328,Petrol,Manual,8426,179000.0,13,Bangalore
Tata Tiago,Tata,2017,146478,Petrol,Manual,6206,279000.0,9,Bangalore
Tata NEXON,Tata,2024,39150,Petrol,Manual,13328,755000.0,2,Bangalore
Hyundai Elite i20,Hyundai,2020,26114,Petrol,Manual,9709,550000.0,6,Bangalore
Maruti Wagon R 1.0,Maruti,2017,72272,CNG,Auto,7426,282000.0,9,Bangalore
Hyundai Creta,Hyundai,2017,72553,Diesel,Manual,18329,843000.0,9,Bangalore
Volkswagen VIRTUS,Volkswagen,2022,61366,Petrol,Manual,15890,927999.9999999999,4,Bangalore
Honda City,Honda,2020,41023,Petrol,Manual,14383,840000.0,6,Bangalore
Volkswagen Ameo,Volkswagen,2016,125903,Diesel,Manual,8506,323000.0,10,Bangalore
Hyundai Verna,Hyundai,2017,34773,Petrol,Auto,12981,664000.0,9,Bangalore
Tata NEXON,Tata,2021,41837,Petrol,Auto,12710,720000.0,5,Bangalore
Maruti Baleno,Maruti,2021,21542,Petrol,Manual,11121,630000.0,5,Bangalore
Tata Nano,Tata,2016,45593,Petrol,Auto,3670,165000.0,10,Bangalore
Maruti Celerio,Maruti,2019,62707,Petrol,Auto,5861,332000.0,7,Bangalore
Mahindra Bolero,Mahindra,2024,49894,Diesel,Manual,13893,787000.0,2,Bangalore
Tata Tiago,Tata,2016,70149,Petrol,Manual,6377,287000.0,10,Bangalore
Renault Kwid,Renault,2016,53382,Petrol,Manual,4738,213000.0,10,Bangalore
Mahindra XUV700,Mahindra,2022,65429,Petrol,Manual,24240,1416000.0,4,Bangalore
Renault Duster,Renault,2017,77297,Petrol,Auto,8817,451000.0,9,Bangalore
KIA CARENS,KIA,2022,22170,Diesel,Manual,21917,1280000.0,4,Bangalore
Maruti Swift,Maruti,2021,27709,Petrol,Manual,9338,529000.0,5,Bangalore
Volkswagen Polo,Volkswagen,2021,18476,Petrol,Auto,15262,891000.0,5,Bangalore
Maruti Dzire,Maruti,2018,36225,Petrol,Auto,7838,444000.00000000006,8,Bangalore
KIA CARENS,KIA,2022,38893,Diesel,Manual,20016,1169000.0,4,Bangalore
Tata NEXON,Tata,2023,17001,Petrol,Manual,13893,787000.0,3,Bangalore
Hyundai VENUE,Hyundai,2019,53832,Petrol,Auto,11227,636000.0,7,Bangalore
Tata NEXON,Tata,2022,61567,Diesel,Manual,13989,817000.0,4,Bangalore
Hyundai Elite i20,Hyundai,2016,89473,Petrol,Manual,9454,425000.0,10,Bangalore
Tata TIGOR,Tata,2021,22399,Petrol,Auto,8826,500000.0,5,Bangalore
Mahindra XUV500,Mahindra,2017,85231,Diesel,Manual,14904,670000.0,9,Bangalore
Maruti Celerio,Maruti,2014,50403,Petrol,Auto,8270,249000.00000000003,12,Bangalore
Hyundai Elite i20,Hyundai,2018,85489,Petrol,Manual,8156,462000.0,8,Bangalore
Renault Kwid,Renault,2017,49968,Petrol,Manual,4555,233000.0,9,Bangalore
Hyundai NEW SANTRO,Hyundai,2019,14964,Petrol,Manual,6874,389000.0,7,Bangalore
Mahindra XUV500,Mahindra,2014,85652,Diesel,Manual,27963,594000.0,12,Bangalore
Maruti Baleno,Maruti,2017,50387,Petrol,Manual,9139,467000.0,9,Bangalore
Ford New Figo,Ford,2017,77672,Petrol,Manual,6803,348000.0,9,Bangalore
Tata NEXON,Tata,2023,35232,Petrol,Manual,13504,765000.0,3,Bangalore
Renault Duster,Renault,2017,68204,Petrol,Auto,9775,500000.0,9,Bangalore
Skoda Rapid,Skoda,2020,38988,Petrol,Manual,10265,582000.0,6,Bangalore
Renault Kwid,Renault,2024,5049,Petrol,Auto,8650,490000.00000000006,2,Bangalore
Maruti Baleno,Maruti,2022,9599,Petrol,Manual,12798,725000.0,4,Bangalore
Maruti Celerio,Maruti,2014,98847,Petrol,Auto,8138,245000.00000000003,12,Bangalore
Maruti Vitara Brezza,Maruti,2016,36733,Diesel,Manual,18034,685000.0,10,Bangalore
Maruti S Cross,Maruti,2022,35461,Petrol,Manual,12922,732000.0,4,Bangalore
Honda City,Honda,2015,68157,Petrol,Manual,13319,505999.99999999994,11,Bangalore
Maruti Baleno,Maruti,2023,18670,Petrol,Auto,14567,851000.0,3,Bangalore
Mahindra Kuv100,Mahindra,2016,34715,Petrol,Manual,6629,298000.0,10,Bangalore
Honda WR-V,Honda,2017,144831,Diesel,Manual,10505,472000.0,9,Bangalore
Volkswagen Ameo,Volkswagen,2016,69246,Diesel,Manual,10797,409999.99999999994,10,Bangalore
Maruti Baleno,Maruti,2020,48405,Petrol,Manual,9744,552000.0,6,Bangalore
Maruti XL6,Maruti,2023,23919,Petrol,Manual,18945,1106000.0,3,Bangalore
Hyundai GRAND I10 NIOS,Hyundai,2020,41712,Petrol,Auto,8893,504000.0,6,Bangalore
Maruti Ciaz,Maruti,2017,61983,Petrol,Manual,9767,500000.0,9,Bangalore
Maruti Baleno,Maruti,2022,11050,Petrol,Auto,13066,740000.0,4,Bangalore
Mahindra XUV300,Mahindra,2021,81586,Petrol,Auto,11086,628000.0,5,Bangalore
Maruti Dzire,Maruti,2018,58913,Petrol,Auto,8473,480000.0,8,Bangalore
Hyundai Creta,Hyundai,2021,67254,Diesel,Manual,23235,1357000.0,5,Bangalore
Hyundai Verna,Hyundai,2019,66092,Petrol,Manual,13381,758000.0,7,Bangalore
Hyundai Grand i10,Hyundai,2020,26835,Petrol,Manual,8275,469000.00000000006,6,Bangalore
Maruti Baleno,Maruti,2024,10455,Petrol,Manual,13593,770000.0,2,Bangalore
KIA SONET,KIA,2022,27304,Petrol,Manual,12710,720000.0,4,Bangalore
Maruti Baleno,Maruti,2016,71638,Petrol,Manual,10426,469000.00000000006,10,Bangalore
Mahindra XUV500,Mahindra,2016,82399,Diesel,Auto,20593,782000.0,10,Bangalore
Hyundai VENUE,Hyundai,2021,27910,Petrol,Auto,13063,740000.0,5,Bangalore
Maruti IGNIS,Maruti,2020,30440,Petrol,Auto,9550,541000.0,6,Bangalore
Renault Kiger,Renault,2021,18089,Petrol,Manual,9735,551000.0,5,Bangalore
Honda Mobilio,Honda,2015,3891,Petrol,Manual,12691,482000.0,11,Bangalore
Mahindra XUV300,Mahindra,2021,122520,Petrol,Manual,14303,643000.0,5,Bangalore
Ford Figo,Ford,2014,51337,Petrol,Manual,8304,250000.0,12,Bangalore
Hyundai i20 Active,Hyundai,2018,17987,Petrol,Manual,10562,598000.0,8,Bangalore
Hyundai Elite i20,Hyundai,2016,86622,Petrol,Manual,10121,455000.0,10,Bangalore
KIA SONET,KIA,2021,79179,Diesel,Manual,13610,771000.0,5,Bangalore
Tata Zest,Tata,2015,68529,Petrol,Manual,8585,326000.0,11,Bangalore
Renault Kiger,Renault,2021,46990,Petrol,Manual,8864,501999.99999999994,5,Bangalore
Ford Ecosport,Ford,2014,118961,Petrol,Manual,12945,390000.0,12,Bangalore
Maruti Celerio X,Maruti,2019,49809,Petrol,Auto,6832,387000.0,7,Bangalore
KIA SELTOS,KIA,2020,57595,Petrol,Auto,16232,948000.0,6,Bangalore
Maruti Celerio,Maruti,2014,65860,Petrol,Auto,10130,305000.0,12,Bangalore
Volkswagen Vento,Volkswagen,2016,79037,Petrol,Manual,10542,474000.0,10,Bangalore
Tata NEXON,Tata,2018,45073,Petrol,Auto,11618,658000.0,8,Bangalore
Maruti Swift,Maruti,2023,13554,Petrol,Auto,13173,746000.0,3,Bangalore
Skoda Rapid,Skoda,2013,81588,Diesel,Manual,26299,296000.0,13,Bangalore
Renault Kwid,Renault,2021,24931,Petrol,Manual,6898,391000.0,5,Bangalore
Tata NEXON,Tata,2018,47242,Petrol,Manual,10976,622000.0,8,Bangalore
Renault Kiger,Renault,2021,31963,Petrol,Manual,11072,627000.0,5,Bangalore
Maruti Baleno,Maruti,2019,12750,Petrol,Manual,10239,580000.0,7,Bangalore
Maruti Swift Dzire,Maruti,2014,60786,Diesel,Manual,20901,444000.00000000006,12,Bangalore
Hyundai GRAND I10 NIOS,Hyundai,2020,45393,Petrol,Auto,9466,536000.0,6,Bangalore
Maruti Ciaz,Maruti,2018,110082,Petrol,Auto,10633,478000.0,8,Bangalore
Tata Tiago,Tata,2017,56990,Petrol,Auto,7696,394000.0,9,Bangalore
Honda Jazz,Honda,2018,81452,Petrol,Auto,8226,466000.0,8,Bangalore
Hyundai Grand i10,Hyundai,2014,44902,Petrol,Manual,11346,342000.0,12,Bangalore
Hyundai Elite i20,Hyundai,2019,34545,Petrol,Manual,10645,603000.0,7,Bangalore
Maruti Eeco,Maruti,2023,6638,Petrol,Manual,9169,519000.00000000006,3,Bangalore
Maruti Celerio,Maruti,2019,32821,Petrol,Auto,7593,430000.0,7,Bangalore
Hyundai Elite i20,Hyundai,2017,90554,Petrol,Manual,9716,497000.0,9,Bangalore
Hyundai Verna,Hyundai,2018,110135,Diesel,Manual,14637,658000.0,8,Bangalore
Hyundai NEW I20,Hyundai,2024,42640,Petrol,Manual,13925,789000.0,2,Bangalore
Hyundai Creta,Hyundai,2017,74253,Petrol,Auto,14076,720000.0,9,Bangalore
Renault Duster,Renault,2017,47171,Petrol,Manual,9775,500000.0,9,Bangalore
Maruti Swift,Maruti,2023,19538,Petrol,Auto,12710,720000.0,3,Bangalore
Maruti S Cross,Maruti,2021,88075,Petrol,Auto,12322,698000.0,5,Bangalore
Hyundai VENUE,Hyundai,2019,30035,Petrol,Auto,12766,723000.0,7,Bangalore
Maruti Ertiga,Maruti,2016,121290,Petrol,Manual,13324,599000.0,10,Bangalore
KIA SONET,KIA,2021,46674,Diesel,Auto,15342,896000.0000000001,5,Bangalore
Hyundai Grand i10,Hyundai,2015,68680,Petrol,Manual,9164,348000.0,11,Bangalore
KIA SONET,KIA,2021,55527,Diesel,Auto,15239,890000.0,5,Bangalore
KIA SONET,KIA,2023,25105,Diesel,Manual,19828,1158000.0,3,Bangalore
KIA SONET,KIA,2023,12979,Petrol,Manual,16352,955000.0000000001,3,Bangalore
KIA SELTOS,KIA,2019,39597,Petrol,Auto,19263,1125000.0,7,Bangalore
