Car Name,Company,Year of Manufacture,Distance Driven,Fuel Type,Gear Type,EMI,Price,Car Age,City
Maruti Alto 800,Maruti,2016,122426,Petrol,Manual,2914,131000.0,10,Hyderabad
Renault Kwid,Renault,2018,31081,Petrol,Manual,4254,241000.0,8,Hyderabad
Renault Kwid,Renault,2018,32954,Petrol,Auto,5513,312000.0,8,Hyderabad
Renault Kwid,Renault,2016,130438,Petrol,Manual,3782,170000.0,10,Hyderabad
Honda Jazz,Honda,2017,31267,Petrol,Manual,8934,457000.0,9,Hyderabad
Hyundai i10,Hyundai,2013,5732,Petrol,Manual,12998,276000.0,13,Hyderabad
Hyundai Verna,Hyundai,2018,68696,Petrol,Auto,11335,642000.0,8,Hyderabad
Hyundai Grand i10,Hyundai,2016,28348,Petrol,Manual,8230,370000.0,10,Hyderabad
Volkswagen Ameo,Volkswagen,2016,78203,Petrol,Manual,8876,399000.0,10,Hyderabad
Maruti Alto 800,Maruti,2018,22521,Petrol,Manual,4947,280000.0,8,Hyderabad
KIA SELTOS,KIA,2023,49208,Petrol,Manual,16609,969999.9999999999,3,Hyderabad
Hyundai Eon,Hyundai,2016,44154,Petrol,Manual,5372,241000.0,10,Hyderabad
Nissan Kicks,Nissan,2020,105870,Petrol,Manual,11015,495000.0,6,Hyderabad
Maruti Alto 800,Maruti,2017,42039,Petrol,Manual,4220,216000.0,9,Hyderabad
Tata TIGOR,Tata,2022,51500,CNG,Manual,9675,548000.0,4,Hyderabad
KIA SONET,KIA,2023,66402,Petrol,Manual,12710,720000.0,3,Hyderabad
Maruti Celerio,Maruti,2017,60393,Petrol,Manual,6325,324000.0,9,Hyderabad
Hyundai Grand i10,Hyundai,2014,35524,Petrol,Manual,10725,323000.0,12,Hyderabad
Renault TRIBER,Renault,2020,93858,Petrol,Manual,6355,360000.0,6,Hyderabad
Maruti Wagon R 1.0,Maruti,2015,108880,Petrol,Manual,5798,220000.00000000003,11,Hyderabad
Chevrolet Sail UVA,Chevrolet,2013,48283,Petrol,Manual,9838,209000.0,13,Hyderabad
Maruti Ciaz,Maruti,2018,99844,Diesel,Manual,10551,540000.0,8,Hyderabad
Mercedes Benz GLA Class,Mercedes,2014,88220,Diesel,Auto,55929,1200000.0,12,Hyderabad
Maruti Swift,Maruti,2019,98709,Petrol,Manual,6743,382000.0,7,Hyderabad
Skoda Rapid,Skoda,2020,58571,Petrol,Manual,10311,584000.0,6,Hyderabad
Maruti Alto 800,Maruti,2013,60385,Petrol,Manual,8476,180000.0,13,Hyderabad
Maruti Celerio,Maruti,2021,47221,Petrol,Manual,7157,405000.0,5,Hyderabad
Mahindra XUV500,Mahindra,2018,118011,Diesel,Manual,17128,770000.0,8,Hyderabad
Nissan MAGNITE,Nissan,2021,39779,Petrol,Auto,10603,601000.0,5,Hyderabad
Renault Kwid,Renault,2016,96269,Petrol,Manual,3626,163000.0,10,Hyderabad
Renault Kwid,Renault,2017,48623,Petrol,Manual,4203,215000.0,9,Hyderabad
Hyundai Verna,Hyundai,2012,111489,Diesel,Manual,4203,254999.99999999997,14,Hyderabad
Hyundai Elite i20,Hyundai,2015,66605,Petrol,Manual,10275,390000.0,11,Hyderabad
Chevrolet Sail UVA,Chevrolet,2013,28442,Petrol,Manual,12239,260000.0,13,Hyderabad
Hyundai GRAND I10 NIOS,Hyundai,2020,12551,Petrol,Auto,9467,536000.0,6,Hyderabad
Hyundai Grand i10,Hyundai,2015,62969,Petrol,Manual,9182,349000.0,11,Hyderabad
Tata ALTROZ,Tata,2021,70917,Petrol,Manual,10965,621000.0,5,Hyderabad
Renault Kwid,Renault,2018,63313,Petrol,Manual,3742,212000.0,8,Hyderabad
Hyundai i10,Hyundai,2012,57099,Petrol,Manual,19510,220000.00000000003,14,Hyderabad
Maruti Swift Dzire,Maruti,2013,83235,Petrol,Manual,13040,277000.0,13,Hyderabad
Maruti Swift,Maruti,2020,121832,Petrol,Manual,8585,386000.0,6,Hyderabad
Hyundai Verna,Hyundai,2014,144946,Diesel,Manual,17641,375000.0,12,Hyderabad
Tata PUNCH,Tata,2023,15878,Petrol,Auto,10239,580000.0,3,Hyderabad
Maruti S PRESSO,Maruti,2021,57072,Petrol,Auto,6833,387000.0,5,Hyderabad
KIA SONET,KIA,2020,71317,Petrol,Manual,10592,600000.0,6,Hyderabad
MG HECTOR PLUS,MG,2020,78476,Petrol,Auto,20290,1185000.0,6,Hyderabad
Honda City,Honda,2022,66454,Petrol,Auto,18891,1103000.0,4,Hyderabad
Tata ALTROZ,Tata,2021,105264,Diesel,Manual,9830,442000.0,5,Hyderabad
Hyundai VENUE,Hyundai,2020,36635,Petrol,Manual,12527,710000.0,6,Hyderabad
Maruti Baleno,Maruti,2023,72635,Petrol,Manual,8689,492000.0,3,Hyderabad
Honda Brio,Honda,2013,42867,Petrol,Auto,13878,295000.0,13,Hyderabad
KIA SELTOS,KIA,2022,72277,Diesel,Manual,19177,1120000.0,4,Hyderabad
Ford Ecosport,Ford,2018,109040,Diesel,Manual,10544,474000.0,8,Hyderabad
Hyundai Elite i20,Hyundai,2017,92556,Petrol,Manual,7155,366000.0,9,Hyderabad
Renault Kwid,Renault,2017,44636,Petrol,Auto,4262,218000.00000000003,9,Hyderabad
Maruti Ertiga,Maruti,2019,65538,Petrol,Auto,13426,761000.0,7,Hyderabad
MG HECTOR,MG,2020,64185,Diesel,Manual,16501,964000.0,6,Hyderabad
Nissan MAGNITE,Nissan,2022,71463,Petrol,Manual,7414,420000.0,4,Hyderabad
Maruti Swift,Maruti,2014,67885,Petrol,Manual,8636,260000.0,12,Hyderabad
Maruti Alto 800,Maruti,2017,39580,Petrol,Manual,3128,160000.0,9,Hyderabad
Volkswagen Polo,Volkswagen,2019,84513,Petrol,Manual,7026,398000.0,7,Hyderabad
Renault Kwid,Renault,2020,52389,Petrol,Manual,5049,286000.0,6,Hyderabad
Maruti Swift,Maruti,2016,138068,Diesel,Manual,9507,361000.0,10,Hyderabad
Maruti Wagon R 1.0,Maruti,2014,93275,Petrol,Manual,5945,179000.0,12,Hyderabad
Tata Tiago,Tata,2020,139031,Petrol,Manual,7046,317000.0,6,Hyderabad
KIA SONET,KIA,2022,45352,Diesel,Manual,16438,960000.0,4,Hyderabad
Ford Figo Aspire,Ford,2016,97033,Petrol,Manual,6790,305000.0,10,Hyderabad
Tata NEXON,Tata,2020,81631,Petrol,Manual,9619,545000.0,6,Hyderabad
Datsun Redi Go,Datsun,2017,35257,Petrol,Manual,2757,141000.0,9,Hyderabad
Tata Tiago,Tata,2016,98516,Diesel,Manual,7130,271000.0,10,Hyderabad
Hyundai VENUE,Hyundai,2021,78960,Petrol,Manual,11033,625000.0,5,Hyderabad
Hyundai VENUE,Hyundai,2021,68826,Petrol,Manual,10503,595000.0,5,Hyderabad
Datsun Go Plus,Datsun,2017,65431,Petrol,Manual,4985,254999.99999999997,9,Hyderabad
Maruti Celerio,Maruti,2018,145741,CNG,Manual,6362,286000.0,8,Hyderabad
Volkswagen Polo,Volkswagen,2020,35505,Petrol,Auto,11986,679000.0,6,Hyderabad
Hyundai Elite i20,Hyundai,2017,68622,Diesel,Manual,10681,480000.0,9,Hyderabad
Maruti Wagon R 1.0,Maruti,2015,78860,Petrol,Manual,5925,225000.0,11,Hyderabad
Maruti Vitara Brezza,Maruti,2017,139659,Diesel,Manual,12307,553000.0,9,Hyderabad
Tata Zest,Tata,2014,77853,Petrol,Manual,8104,244000.0,12,Hyderabad
Nissan MAGNITE,Nissan,2021,88008,Petrol,Manual,8756,496000.0,5,Hyderabad
Hyundai i10,Hyundai,2013,65984,Petrol,Manual,9415,200000.0,13,Hyderabad
Honda Amaze,Honda,2016,92676,Diesel,Manual,8295,315000.0,10,Hyderabad
Honda Amaze,Honda,2015,81143,Petrol,Manual,7479,284000.0,11,Hyderabad
Honda BR-V,Honda,2018,69152,Petrol,Manual,10454,592000.0,8,Hyderabad
Maruti S PRESSO,Maruti,2021,117149,Petrol,Auto,5917,266000.0,5,Hyderabad
Maruti Alto 800,Maruti,2015,72506,Petrol,Manual,4872,185000.0,11,Hyderabad
Renault Kwid,Renault,2019,63437,Petrol,Auto,4607,261000.0,7,Hyderabad
Maruti Swift Dzire,Maruti,2013,15195,Diesel,Manual,32252,363000.0,13,Hyderabad
Toyota Etios,Toyota,2014,80834,Diesel,Manual,17221,366000.0,12,Hyderabad
Skoda Rapid,Skoda,2019,28310,Petrol,Manual,10536,597000.0,7,Hyderabad
Hyundai NEW I20,Hyundai,2023,33459,Petrol,Auto,12286,696000.0,3,Hyderabad
KIA SELTOS,KIA,2020,92058,Petrol,Manual,13063,740000.0,6,Hyderabad
Maruti Alto 800,Maruti,2016,78236,Petrol,Manual,4338,195000.0,10,Hyderabad
Maruti Swift Dzire,Maruti,2012,97772,Petrol,Manual,18036,202999.99999999997,14,Hyderabad
Honda City,Honda,2017,31952,Petrol,Manual,11535,590000.0,9,Hyderabad
Maruti Alto 800,Maruti,2015,105458,Petrol,Manual,3871,147000.0,11,Hyderabad
Maruti Baleno,Maruti,2018,89538,Petrol,Manual,7242,409999.99999999994,8,Hyderabad
Maruti XL6,Maruti,2020,76493,Petrol,Manual,13240,750000.0,6,Hyderabad
Hyundai Elite i20,Hyundai,2015,92659,Diesel,Manual,13286,400000.0,11,Hyderabad
Mahindra XUV700,Mahindra,2022,49147,Diesel,Manual,25341,1480000.0,4,Hyderabad
Hyundai Grand i10,Hyundai,2014,71303,Petrol,Manual,9267,279000.0,12,Hyderabad
Nissan MAGNITE,Nissan,2023,66088,Petrol,Manual,10150,575000.0,3,Hyderabad
Hyundai Elite i20,Hyundai,2017,94615,Petrol,Manual,7941,405999.99999999994,9,Hyderabad
Maruti Wagon R 1.0,Maruti,2013,58604,Petrol,Manual,8567,182000.0,13,Hyderabad
Maruti Dzire,Maruti,2020,77670,Petrol,Auto,8261,468000.0,6,Hyderabad
Renault TRIBER,Renault,2023,22597,Petrol,Manual,9444,535000.0,3,Hyderabad
Datsun Redi Go,Datsun,2017,50126,Petrol,Manual,3421,175000.0,9,Hyderabad
Maruti Alto K10,Maruti,2012,48478,Petrol,Manual,12972,146000.0,14,Hyderabad
KIA SELTOS,KIA,2022,55677,Diesel,Manual,14640,855000.0000000001,4,Hyderabad
Maruti Swift Dzire,Maruti,2016,109162,Petrol,Manual,8119,365000.0,10,Hyderabad
Honda Amaze,Honda,2020,115246,Diesel,Manual,11323,509000.0,6,Hyderabad
Maruti Baleno,Maruti,2020,85909,Petrol,Auto,8456,479000.0,6,Hyderabad
Maruti Swift,Maruti,2019,72472,Petrol,Auto,8120,459999.99999999994,7,Hyderabad
Hyundai VENUE,Hyundai,2019,120147,Petrol,Manual,13035,586000.0,7,Hyderabad
Ford Ecosport,Ford,2016,114002,Diesel,Manual,9533,362000.0,10,Hyderabad
Hyundai VENUE,Hyundai,2019,38173,CNG,Manual,11869,607000.0,7,Hyderabad
Hyundai Grand i10,Hyundai,2018,31040,Petrol,Manual,6955,394000.0,8,Hyderabad
Honda Brio,Honda,2014,90678,Petrol,Manual,7440,224000.00000000003,12,Hyderabad
Toyota Urban Cruiser Taisor,Toyota,2024,25618,Petrol,Auto,16209,947000.0000000001,2,Hyderabad
Hyundai GRAND I10 NIOS,Hyundai,2022,35137,Petrol,Manual,9618,545000.0,4,Hyderabad
Volkswagen Vento,Volkswagen,2018,67039,Petrol,Auto,10751,609000.0,8,Hyderabad
Honda WR-V,Honda,2018,67821,Petrol,Manual,7043,399000.0,8,Hyderabad
Tata Tiago,Tata,2018,121475,Petrol,Manual,6473,291000.0,8,Hyderabad
Mahindra XUV700,Mahindra,2022,50475,Petrol,Auto,22602,1320000.0,4,Hyderabad
Nissan Micra,Nissan,2017,95362,Petrol,Auto,5494,281000.0,9,Hyderabad
Ford Figo Aspire,Ford,2020,49821,Diesel,Manual,8297,470000.0,6,Hyderabad
Tata NEXON,Tata,2018,78154,Diesel,Manual,11179,572000.0,8,Hyderabad
Hyundai VENUE,Hyundai,2021,68193,Petrol,Manual,11386,645000.0,5,Hyderabad
KIA SONET,KIA,2021,47881,Petrol,Manual,11739,665000.0,5,Hyderabad
Hyundai Xcent,Hyundai,2015,114980,Petrol,Manual,8954,340000.0,11,Hyderabad
Tata NEXON,Tata,2019,84643,Petrol,Auto,9568,542000.0,7,Hyderabad
Maruti S PRESSO,Maruti,2019,14562,Petrol,Auto,5614,318000.0,7,Hyderabad
Honda City,Honda,2020,60811,Petrol,Auto,14742,861000.0,6,Hyderabad
Volkswagen TAIGUN,Volkswagen,2021,4214,Petrol,Manual,18321,1070000.0,5,Hyderabad
Ford FREESTYLE,Ford,2020,114560,Petrol,Manual,8475,381000.0,6,Hyderabad
Hyundai NEW SANTRO,Hyundai,2020,34108,Petrol,Manual,6267,355000.0,6,Hyderabad
Hyundai GRAND I10 NIOS,Hyundai,2020,101840,Petrol,Auto,9343,420000.0,6,Hyderabad
Maruti Vitara Brezza,Maruti,2019,82715,Diesel,Manual,12710,720000.0,7,Hyderabad
Hyundai i10,Hyundai,2012,63545,Petrol,Manual,16259,183000.0,14,Hyderabad
Tata NEXON,Tata,2018,104000,Diesel,Auto,10700,480999.99999999994,8,Hyderabad
Nissan Terrano,Nissan,2014,147366,Diesel,Manual,15534,330000.0,12,Hyderabad
Maruti Ertiga,Maruti,2022,16466,Petrol,Auto,16425,959000.0,4,Hyderabad
Nissan MAGNITE,Nissan,2022,45514,Petrol,Auto,10698,606000.0,4,Hyderabad
Maruti Wagon R 1.0,Maruti,2017,66046,Petrol,Manual,5714,292000.0,9,Hyderabad
Hyundai i10,Hyundai,2013,71155,Petrol,Manual,11062,235000.0,13,Hyderabad
Maruti Dzire,Maruti,2019,44837,Diesel,Auto,9709,550000.0,7,Hyderabad
Mahindra Thar,Mahindra,2023,27242,Petrol,Auto,20975,1225000.0,3,Hyderabad
Hyundai VENUE,Hyundai,2019,63227,Petrol,Manual,11383,645000.0,7,Hyderabad
Maruti Celerio,Maruti,2015,56228,Petrol,Auto,7235,275000.0,11,Hyderabad
Hyundai EXTER,Hyundai,2023,36887,Petrol,Auto,13257,751000.0,3,Hyderabad
Ford FREESTYLE,Ford,2018,111118,Diesel,Manual,8920,401000.0,8,Hyderabad
Maruti Wagon R 1.0,Maruti,2012,81230,Petrol,Manual,15371,173000.0,14,Hyderabad
Renault Captur,Renault,2018,63053,Diesel,Manual,9756,499000.0,8,Hyderabad
Maruti Swift Dzire,Maruti,2014,72483,Petrol,Manual,10994,331000.0,12,Hyderabad
Maruti Swift,Maruti,2019,61441,Diesel,Auto,10433,591000.0,7,Hyderabad
Maruti S Cross,Maruti,2018,82043,Diesel,Manual,13123,671000.0,8,Hyderabad
Maruti Alto K10,Maruti,2017,34727,Petrol,Auto,5161,264000.0,9,Hyderabad
Tata NEXON,Tata,2023,43754,Petrol,Manual,15992,934000.0,3,Hyderabad
Maruti Swift Dzire,Maruti,2017,74134,Petrol,Manual,8504,434999.99999999994,9,Hyderabad
Hyundai GRAND I10 NIOS,Hyundai,2019,105170,Petrol,Manual,8965,403000.0,7,Hyderabad
Hyundai Creta,Hyundai,2019,53091,Diesel,Auto,14105,799000.0,7,Hyderabad
KIA SELTOS,KIA,2020,58895,Petrol,Manual,15239,890000.0,6,Hyderabad
Maruti Swift,Maruti,2017,48231,Diesel,Manual,9676,434999.99999999994,9,Hyderabad
Hyundai Elite i20,Hyundai,2018,75401,Petrol,Auto,8526,483000.0,8,Hyderabad
Tata NEXON,Tata,2023,19397,Petrol,Manual,14725,860000.0,3,Hyderabad
Honda Amaze,Honda,2023,16246,Petrol,Auto,12410,703000.0,3,Hyderabad
Maruti BREZZA,Maruti,2023,70672,CNG,Manual,15085,881000.0,3,Hyderabad
Maruti Alto 800,Maruti,2012,64089,Petrol,Manual,12794,144000.0,14,Hyderabad
Honda Amaze,Honda,2023,49814,Petrol,Manual,10662,604000.0,3,Hyderabad
Renault Kwid,Renault,2017,33884,Petrol,Auto,5181,265000.0,9,Hyderabad
Honda WR-V,Honda,2017,100165,Petrol,Manual,9387,422000.0,9,Hyderabad
Maruti Ritz,Maruti,2013,66076,Petrol,Manual,10735,227999.99999999997,13,Hyderabad
Datsun Redi Go,Datsun,2018,103464,Petrol,Manual,4004,180000.0,8,Hyderabad
Maruti Dzire,Maruti,2019,46580,Petrol,Manual,8961,508000.0,7,Hyderabad
Nissan MAGNITE,Nissan,2024,12406,Petrol,Manual,10945,620000.0,2,Hyderabad
Maruti New Wagon-R,Maruti,2019,48974,Petrol,Manual,7065,400000.0,7,Hyderabad
Hyundai Grand i10,Hyundai,2015,74499,Petrol,Auto,8672,329000.0,11,Hyderabad
Maruti A Star,Maruti,2013,93352,Petrol,Manual,8709,185000.0,13,Hyderabad
Hyundai Verna,Hyundai,2018,101963,Diesel,Auto,16572,745000.0,8,Hyderabad
Hyundai Eon,Hyundai,2017,52466,Petrol,Manual,4457,227999.99999999997,9,Hyderabad
Mahindra MARAZZO,Mahindra,2019,73962,Diesel,Manual,10203,578000.0,7,Hyderabad
Maruti Vitara Brezza,Maruti,2020,60281,Petrol,Auto,11983,679000.0,6,Hyderabad
Maruti Dzire,Maruti,2018,40523,Petrol,Manual,8332,472000.0,8,Hyderabad
Hyundai Grand i10,Hyundai,2016,87020,Petrol,Manual,6562,295000.0,10,Hyderabad
Maruti Swift,Maruti,2020,80297,Petrol,Auto,8826,500000.0,6,Hyderabad
Maruti Baleno,Maruti,2020,62862,Petrol,Manual,8708,493000.0,6,Hyderabad
Maruti Ertiga,Maruti,2017,68394,Diesel,Manual,15914,715000.0,9,Hyderabad
Tata NEXON,Tata,2018,31121,Petrol,Manual,9762,553000.0,8,Hyderabad
Datsun Redi Go,Datsun,2018,69854,Petrol,Manual,3566,202000.0,8,Hyderabad
Renault Kwid,Renault,2016,46215,Petrol,Manual,5027,225999.99999999997,10,Hyderabad
Hyundai VENUE,Hyundai,2021,52318,Diesel,Manual,15051,878999.9999999999,5,Hyderabad
Hyundai Grand i10,Hyundai,2015,42737,Petrol,Auto,9059,344000.0,11,Hyderabad
Mahindra Scorpio,Mahindra,2021,24774,Diesel,Manual,16775,980000.0000000001,5,Hyderabad
Renault Lodgy,Renault,2015,88555,Diesel,Manual,10924,329000.0,11,Hyderabad
Mahindra Thar,Mahindra,2021,40525,Petrol,Auto,17122,1000000.0,5,Hyderabad
Hyundai Creta,Hyundai,2021,47970,Petrol,Auto,20547,1200000.0,5,Hyderabad
Renault Kwid,Renault,2018,51940,Petrol,Auto,5684,322000.0,8,Hyderabad
Tata TIGOR,Tata,2017,134427,Petrol,Manual,7541,339000.0,9,Hyderabad
Mahindra MARAZZO,Mahindra,2019,77798,Diesel,Manual,9974,565000.0,7,Hyderabad
Toyota URBAN CRUISER,Toyota,2020,145579,Petrol,Auto,14704,661000.0,6,Hyderabad
Maruti Baleno,Maruti,2018,66971,Petrol,Auto,7803,442000.0,8,Hyderabad
Maruti Celerio,Maruti,2018,44980,Petrol,Auto,6055,343000.0,8,Hyderabad
Tata NEXON,Tata,2019,86522,Diesel,Manual,10415,590000.0,7,Hyderabad
Renault Kwid,Renault,2016,46196,Petrol,Manual,5530,249000.00000000003,10,Hyderabad
Maruti IGNIS,Maruti,2017,103288,Petrol,Auto,7541,339000.0,9,Hyderabad
Hyundai Elite i20,Hyundai,2018,70303,Petrol,Manual,8103,459000.0,8,Hyderabad
Tata ALTROZ,Tata,2021,75831,Diesel,Manual,10415,590000.0,5,Hyderabad
Maruti Ciaz,Maruti,2016,118363,Diesel,Manual,11324,430000.0,10,Hyderabad
Hyundai Grand i10,Hyundai,2014,28456,Petrol,Manual,10031,302000.0,12,Hyderabad
Honda Amaze,Honda,2018,65631,Diesel,Auto,10357,530000.0,8,Hyderabad
Hyundai Elite i20,Hyundai,2017,103531,Petrol,Manual,9343,420000.0,9,Hyderabad
Honda Amaze,Honda,2015,88408,Petrol,Manual,7900,300000.0,11,Hyderabad
Honda Amaze,Honda,2019,71087,Petrol,Manual,8052,455999.99999999994,7,Hyderabad
Maruti Wagon R 1.0,Maruti,2017,35880,Petrol,Manual,6139,314000.0,9,Hyderabad
Maruti Vitara Brezza,Maruti,2020,122979,Petrol,Manual,14170,637000.0,6,Hyderabad
Honda City,Honda,2016,120087,Diesel,Manual,11903,451999.99999999994,10,Hyderabad
Hyundai Elite i20,Hyundai,2019,60579,Petrol,Auto,10062,570000.0,7,Hyderabad
Maruti Ciaz,Maruti,2019,67257,Petrol,Manual,10062,570000.0,7,Hyderabad
Maruti Ciaz,Maruti,2018,131896,Petrol,Manual,10522,473000.00000000006,8,Hyderabad
Hyundai Elite i20,Hyundai,2017,131421,Diesel,Manual,9676,434999.99999999994,9,Hyderabad
Ford Ecosport,Ford,2020,76631,Diesel,Manual,13175,746000.0,6,Hyderabad
Hyundai Grand i10,Hyundai,2019,41002,Petrol,Manual,7591,430000.0,7,Hyderabad
Hyundai i10,Hyundai,2015,82983,Petrol,Manual,6373,242000.0,11,Hyderabad
Tata TIGOR,Tata,2022,84637,CNG,Manual,9709,550000.0,4,Hyderabad
Renault Kwid,Renault,2017,101118,Petrol,Auto,5606,252000.0,9,Hyderabad
Maruti Celerio,Maruti,2014,32992,Petrol,Auto,9765,294000.0,12,Hyderabad
Maruti Baleno,Maruti,2018,39561,Petrol,Manual,8473,480000.0,8,Hyderabad
Maruti Wagon R 1.0,Maruti,2013,34301,Petrol,Manual,11533,245000.00000000003,13,Hyderabad
Ford Ecosport,Ford,2016,125320,Diesel,Manual,11324,430000.0,10,Hyderabad
Maruti Swift,Maruti,2016,59872,Petrol,Manual,7763,349000.0,10,Hyderabad
Maruti Celerio,Maruti,2018,74001,Petrol,Auto,5861,332000.0,8,Hyderabad
Hyundai Grand i10,Hyundai,2014,99190,Petrol,Manual,9632,290000.0,12,Hyderabad
Mahindra Xylo,Mahindra,2019,127718,Diesel,Manual,8920,401000.0,7,Hyderabad
Ford Ecosport,Ford,2016,142699,Diesel,Manual,11455,434999.99999999994,10,Hyderabad
Honda City,Honda,2016,102341,Petrol,Manual,11100,499000.0,10,Hyderabad
Honda Amaze,Honda,2015,109469,Petrol,Manual,7268,276000.0,11,Hyderabad
Maruti Baleno,Maruti,2017,75352,Petrol,Manual,7761,397000.0,9,Hyderabad
Hyundai Creta,Hyundai,2018,36350,Petrol,Auto,14474,844999.9999999999,8,Hyderabad
Volkswagen TAIGUN,Volkswagen,2021,69553,Petrol,Manual,19331,1129000.0,5,Hyderabad
Toyota Glanza,Toyota,2023,21286,Petrol,Manual,13192,747000.0,3,Hyderabad
Maruti Baleno,Maruti,2018,105185,Petrol,Manual,10455,470000.0,8,Hyderabad
Maruti Alto 800,Maruti,2019,51410,Petrol,Manual,4431,250999.99999999997,7,Hyderabad
Honda City,Honda,2013,74638,Petrol,Manual,14122,300000.0,13,Hyderabad
KIA SELTOS,KIA,2020,85243,Diesel,Manual,14109,824000.0,6,Hyderabad
Datsun Go,Datsun,2016,43007,Petrol,Manual,4898,220000.00000000003,10,Hyderabad
Maruti Wagon R 1.0,Maruti,2018,80284,Petrol,Auto,5649,320000.0,8,Hyderabad
Honda WR-V,Honda,2018,77396,Diesel,Manual,11144,570000.0,8,Hyderabad
Renault TRIBER,Renault,2022,29516,Petrol,Manual,9850,558000.0,4,Hyderabad
Maruti Celerio,Maruti,2016,105686,Petrol,Auto,6228,280000.0,10,Hyderabad
Nissan MAGNITE,Nissan,2024,18038,Petrol,Auto,12216,692000.0,2,Hyderabad
Honda Amaze,Honda,2015,93955,Petrol,Manual,7978,303000.0,11,Hyderabad
Maruti S PRESSO,Maruti,2020,58127,Petrol,Auto,6090,345000.0,6,Hyderabad
Renault Kwid,Renault,2018,47441,Petrol,Auto,4855,275000.0,8,Hyderabad
Maruti Grand Vitara,Maruti,2023,77322,Petrol,Manual,17773,1038000.0000000001,3,Hyderabad
Honda City,Honda,2012,100199,Petrol,Manual,28992,326000.0,14,Hyderabad
Hyundai Elite i20,Hyundai,2016,78328,Diesel,Manual,13141,499000.0,10,Hyderabad
KIA SONET,KIA,2023,26170,Petrol,Auto,16106,941000.0,3,Hyderabad
Maruti Swift,Maruti,2015,149908,Diesel,Manual,12721,383000.0,11,Hyderabad
Maruti Vitara Brezza,Maruti,2019,62836,Diesel,Auto,13725,778000.0,7,Hyderabad
Maruti Wagon R 1.0,Maruti,2015,36133,Petrol,Manual,7005,266000.0,11,Hyderabad
Maruti Swift Dzire,Maruti,2016,110920,Diesel,Manual,11271,428000.0,10,Hyderabad
Hyundai Elite i20,Hyundai,2016,114940,Petrol,Manual,9165,412000.0,10,Hyderabad
Hyundai Elite i20,Hyundai,2018,100301,Petrol,Manual,11169,501999.99999999994,8,Hyderabad
Ford New Figo,Ford,2021,39681,Petrol,Auto,10574,599000.0,5,Hyderabad
KIA SONET,KIA,2022,71490,Diesel,Manual,15068,880000.0000000001,4,Hyderabad
Maruti Wagon R 1.0,Maruti,2017,20927,Petrol,Auto,7297,373000.0,9,Hyderabad
Maruti Ciaz,Maruti,2018,61505,Petrol,Manual,9621,545000.0,8,Hyderabad
Renault Kwid,Renault,2019,34835,Petrol,Auto,6355,360000.0,7,Hyderabad
Maruti Swift,Maruti,2013,36500,Petrol,Manual,15628,332000.0,13,Hyderabad
Maruti Wagon R 1.0,Maruti,2017,41037,Petrol,Auto,6843,350000.0,9,Hyderabad
Maruti Alto K10,Maruti,2019,61301,Petrol,Manual,4925,279000.0,7,Hyderabad
Toyota Etios,Toyota,2013,129839,Petrol,Manual,13025,277000.0,13,Hyderabad
Maruti New Wagon-R,Maruti,2020,86537,Petrol,Auto,6970,395000.0,6,Hyderabad
Mahindra MARAZZO,Mahindra,2018,109573,Diesel,Manual,11456,515000.00000000006,8,Hyderabad
Honda Jazz,Honda,2015,53220,Petrol,Auto,10692,405999.99999999994,11,Hyderabad
Maruti Alto K10,Maruti,2017,59977,Petrol,Manual,5187,265000.0,9,Hyderabad
Hyundai Creta,Hyundai,2020,49184,Petrol,Auto,19725,1152000.0,6,Hyderabad
Hyundai Grand i10,Hyundai,2019,45696,Petrol,Manual,7591,430000.0,7,Hyderabad
Hyundai Grand i10,Hyundai,2018,59136,Petrol,Manual,7595,430000.0,8,Hyderabad
Honda City,Honda,2022,95968,Petrol,Auto,16609,969999.9999999999,4,Hyderabad
Tata NEXON,Tata,2023,20796,Petrol,Manual,16181,944999.9999999999,3,Hyderabad
Hyundai Grand i10,Hyundai,2015,118778,Petrol,Manual,8005,304000.0,11,Hyderabad
Volkswagen Vento,Volkswagen,2020,75662,Petrol,Manual,12692,719000.0,6,Hyderabad
Ford Ecosport,Ford,2016,84066,Petrol,Auto,11211,504000.0,10,Hyderabad
Tata NEXON,Tata,2018,58076,Diesel,Manual,11261,576000.0,8,Hyderabad
Tata NEXON,Tata,2023,22650,Petrol,Auto,15855,926000.0,3,Hyderabad
Tata NEXON,Tata,2020,75437,Diesel,Auto,13045,739000.0,6,Hyderabad
Hyundai i10,Hyundai,2015,49938,Petrol,Manual,7612,289000.0,11,Hyderabad
Honda Amaze,Honda,2019,114792,Petrol,Manual,10079,453000.0,7,Hyderabad
Honda City,Honda,2014,91012,Petrol,Manual,15744,474000.0,12,Hyderabad
Honda City,Honda,2015,35151,Petrol,Manual,11982,455000.0,11,Hyderabad
Ford Ecosport,Ford,2016,95314,Diesel,Manual,12324,468000.0,10,Hyderabad
Maruti Baleno,Maruti,2016,47932,Petrol,Auto,9721,437000.0,10,Hyderabad
Maruti Alto 800,Maruti,2018,38693,Petrol,Manual,4166,236000.0,8,Hyderabad
Hyundai VENUE,Hyundai,2022,36043,Petrol,Manual,13963,791000.0,4,Hyderabad
Hyundai Creta,Hyundai,2019,61373,Petrol,Auto,14058,821000.0000000001,7,Hyderabad
Tata NEXON,Tata,2020,129044,Diesel,Auto,15905,715000.0,6,Hyderabad
Ford Ecosport,Ford,2016,78987,Diesel,Manual,12456,473000.00000000006,10,Hyderabad
Maruti New Wagon-R,Maruti,2021,53371,Petrol,Auto,8357,473000.00000000006,5,Hyderabad
Maruti Celerio,Maruti,2017,55887,Petrol,Auto,7019,359000.0,9,Hyderabad
Maruti S PRESSO,Maruti,2023,36469,Petrol,Auto,7361,417000.0,3,Hyderabad
Maruti Wagon R 1.0,Maruti,2018,89121,Petrol,Auto,6020,341000.0,8,Hyderabad
Maruti S PRESSO,Maruti,2024,23133,CNG,Manual,8173,463000.0,2,Hyderabad
Hyundai Elite i20,Hyundai,2019,114342,Diesel,Manual,12675,570000.0,7,Hyderabad
Maruti IGNIS,Maruti,2017,116251,Petrol,Auto,7986,359000.0,9,Hyderabad
Hyundai VENUE,Hyundai,2020,119717,Petrol,Auto,14214,639000.0,6,Hyderabad
Maruti Wagon R Stingray,Maruti,2014,31401,Petrol,Manual,10017,302000.0,12,Hyderabad
Maruti Baleno,Maruti,2023,41224,Petrol,Auto,12453,705000.0,3,Hyderabad
Maruti S Cross,Maruti,2022,71082,Petrol,Auto,14046,796000.0,4,Hyderabad
Maruti Swift,Maruti,2020,39057,Petrol,Auto,10593,600000.0,6,Hyderabad
Maruti Swift Dzire,Maruti,2016,68892,Petrol,Manual,8588,386000.0,10,Hyderabad
Maruti Vitara Brezza,Maruti,2020,46006,Petrol,Auto,12016,681000.0,6,Hyderabad
Maruti Alto 800,Maruti,2016,37958,Petrol,Manual,4658,209000.0,10,Hyderabad
Tata ALTROZ,Tata,2023,32425,Petrol,Manual,12782,724000.0,3,Hyderabad
Maruti XL6,Maruti,2021,102876,Petrol,Manual,17672,794000.0,5,Hyderabad
Renault TRIBER,Renault,2020,64436,Petrol,Manual,5119,290000.0,6,Hyderabad
Maruti Alto 800,Maruti,2012,104755,Petrol,Manual,11106,125000.0,14,Hyderabad
Mahindra XUV500,Mahindra,2014,88954,Diesel,Manual,16805,357000.0,12,Hyderabad
Datsun Redi Go,Datsun,2018,94898,Petrol,Manual,3301,187000.0,8,Hyderabad
Tata Tiago,Tata,2017,119354,Petrol,Manual,5339,240000.0,9,Hyderabad
Tata Tiago,Tata,2017,58382,Petrol,Manual,5181,265000.0,9,Hyderabad
Maruti Swift,Maruti,2013,113178,Diesel,Manual,25766,290000.0,13,Hyderabad
Maruti Wagon R 1.0,Maruti,2013,109855,Petrol,Manual,10074,214000.0,13,Hyderabad
Nissan Terrano,Nissan,2014,96123,Diesel,Manual,13181,280000.0,12,Hyderabad
Nissan MAGNITE,Nissan,2024,1720,Petrol,Manual,9268,525000.0,2,Hyderabad
Hyundai i10,Hyundai,2013,64145,Petrol,Manual,9980,212000.0,13,Hyderabad
Honda BR-V,Honda,2016,68064,Diesel,Manual,14378,546000.0,10,Hyderabad
Maruti Vitara Brezza,Maruti,2016,144296,Diesel,Manual,15010,570000.0,10,Hyderabad
Maruti Swift,Maruti,2018,101723,Diesel,Auto,12457,560000.0,8,Hyderabad
Nissan Terrano,Nissan,2016,58646,Petrol,Manual,6317,284000.0,10,Hyderabad
Maruti OMNI E,Maruti,2018,48495,Petrol,Manual,4290,243000.00000000003,8,Hyderabad
Tata NEXON,Tata,2019,92935,Petrol,Auto,9621,545000.0,7,Hyderabad
Volkswagen Vento,Volkswagen,2015,76668,Diesel,Manual,8436,254000.0,11,Hyderabad
Renault Duster,Renault,2014,136000,Diesel,Manual,12945,275000.0,12,Hyderabad
Maruti Swift,Maruti,2021,53732,Petrol,Manual,9056,513000.0,5,Hyderabad
Maruti Ertiga,Maruti,2016,208487,Diesel,Manual,16669,633000.0,10,Hyderabad
Nissan MAGNITE,Nissan,2022,23848,Petrol,Manual,7555,428000.0,4,Hyderabad
Hyundai Verna,Hyundai,2018,111822,Diesel,Manual,14325,644000.0,8,Hyderabad
BMW 3 Series,BMW,2012,109961,Diesel,Auto,14325,330000.0,14,Hyderabad
Maruti Celerio,Maruti,2017,64147,Petrol,Auto,7136,365000.0,9,Hyderabad
Maruti Dzire,Maruti,2021,61217,Petrol,Manual,8597,487000.0,5,Hyderabad
Hyundai AURA,Hyundai,2021,27422,Petrol,Auto,10998,623000.0,5,Hyderabad
Volkswagen Polo,Volkswagen,2015,151336,Diesel,Manual,9964,300000.0,11,Hyderabad
Maruti Swift,Maruti,2017,53478,Petrol,Manual,9384,480000.0,9,Hyderabad
Volkswagen Polo,Volkswagen,2014,67365,Petrol,Auto,11758,354000.0,12,Hyderabad
Maruti Vitara Brezza,Maruti,2020,89176,Petrol,Manual,11245,637000.0,6,Hyderabad
Renault Kwid,Renault,2021,30575,Petrol,Manual,5490,311000.0,5,Hyderabad
Tata Zest,Tata,2015,47562,Petrol,Manual,6847,260000.0,11,Hyderabad
Maruti Swift Dzire,Maruti,2015,178945,Diesel,Manual,13751,413999.99999999994,11,Hyderabad
Tata Zest,Tata,2015,110349,Diesel,Manual,8204,247000.00000000003,11,Hyderabad
Honda City,Honda,2016,104906,Petrol,Manual,10855,488000.0,10,Hyderabad
Maruti Swift Dzire,Maruti,2014,142545,Diesel,Manual,6355,135000.0,12,Hyderabad
Ford Ecosport,Ford,2016,119669,Diesel,Manual,11350,430999.99999999994,10,Hyderabad
Honda WR-V,Honda,2017,105513,Petrol,Manual,10232,459999.99999999994,9,Hyderabad
Mahindra SCORPIO-N,Mahindra,2023,78452,Diesel,Manual,19331,1129000.0,3,Hyderabad
Honda WR-V,Honda,2017,128815,Diesel,Manual,11678,525000.0,9,Hyderabad
Maruti New Wagon-R,Maruti,2022,9830,Petrol,Auto,10768,610000.0,4,Hyderabad
Hyundai GRAND I10 NIOS,Hyundai,2021,19292,Petrol,Auto,9374,531000.0,5,Hyderabad
Hyundai Creta,Hyundai,2016,206512,Diesel,Manual,15221,578000.0,10,Hyderabad
Honda Civic,Honda,2019,69661,Petrol,Auto,20324,1187000.0,7,Hyderabad
Honda City,Honda,2014,124862,Diesel,Manual,13416,285000.0,12,Hyderabad
Hyundai Elite i20,Hyundai,2020,59930,Petrol,Manual,10274,582000.0,6,Hyderabad
Renault Kwid,Renault,2022,99690,Petrol,Manual,6249,354000.0,4,Hyderabad
Audi A4,Audi,2011,92452,Diesel,Auto,6249,382000.0,15,Hyderabad
Hyundai Verna,Hyundai,2011,94615,Petrol,Manual,6249,159000.0,15,Hyderabad
Tata Indica V2,Tata,2011,138772,Diesel,Manual,6249,47000.0,15,Hyderabad
Hyundai Eon,Hyundai,2012,56120,Petrol,Manual,7908,89000.0,14,Hyderabad
Honda Amaze,Honda,2013,87709,Petrol,Manual,13086,278000.0,13,Hyderabad
Volkswagen Vento,Volkswagen,2016,85767,Diesel,Auto,10191,387000.0,10,Hyderabad
Hyundai Eon,Hyundai,2015,61955,Petrol,Manual,3371,128000.0,11,Hyderabad
Maruti Alto 800,Maruti,2014,86600,Petrol,Manual,6510,196000.0,12,Hyderabad
Hyundai AURA,Hyundai,2021,82244,Diesel,Manual,9091,515000.00000000006,5,Hyderabad
Tata NEXON,Tata,2023,31048,Petrol,Manual,17859,1043000.0,3,Hyderabad
Tata NEXON,Tata,2021,18923,Petrol,Manual,11757,666000.0,5,Hyderabad
Hyundai NEW SANTRO,Hyundai,2018,51083,Petrol,Manual,5825,330000.0,8,Hyderabad
Maruti Alto 800,Maruti,2015,56174,Petrol,Manual,5872,223000.0,11,Hyderabad
Renault Kwid,Renault,2019,92652,Petrol,Manual,3248,184000.0,7,Hyderabad
Skoda Octavia,Skoda,2018,106028,Petrol,Manual,42572,1957999.9999999998,8,Hyderabad
Hyundai Creta,Hyundai,2017,87375,Diesel,Manual,19177,882000.0,9,Hyderabad
Maruti Alto 800,Maruti,2014,81906,Petrol,Manual,5713,172000.0,12,Hyderabad
Maruti Alto 800,Maruti,2015,88549,Petrol,Manual,5267,200000.0,11,Hyderabad
Maruti IGNIS,Maruti,2023,9708,Petrol,Auto,10839,614000.0,3,Hyderabad
Maruti Wagon R 1.0,Maruti,2013,136216,Petrol,Manual,10121,215000.0,13,Hyderabad
Renault Kwid,Renault,2017,88843,Petrol,Auto,5650,289000.0,9,Hyderabad
Maruti Swift Dzire,Maruti,2016,143965,Diesel,Manual,6057,229999.99999999997,10,Hyderabad
Maruti Alto 800,Maruti,2016,105197,Petrol,Manual,4293,193000.0,10,Hyderabad
Maruti Alto 800,Maruti,2012,9630,Petrol,Manual,14394,162000.0,14,Hyderabad
Hyundai Creta,Hyundai,2018,118389,Petrol,Auto,24482,1126000.0,8,Hyderabad
KIA CARENS,KIA,2024,29098,Petrol,Manual,16266,950000.0,2,Hyderabad
Mahindra XUV300,Mahindra,2020,56450,Petrol,Manual,7952,450000.0,6,Hyderabad
Hyundai VENUE,Hyundai,2019,52658,Petrol,Manual,9991,566000.0,7,Hyderabad
Maruti Alto 800,Maruti,2015,38386,Petrol,Manual,5767,219000.0,11,Hyderabad
Jeep Compass,Jeep,2019,98270,Diesel,Manual,16386,957000.0,7,Hyderabad
Honda Civic,Honda,2019,98080,Petrol,Auto,19520,1140000.0,7,Hyderabad
KIA CARENS,KIA,2022,51611,Diesel,Manual,17003,993000.0,4,Hyderabad
Skoda SLAVIA,Skoda,2022,99209,Petrol,Manual,14006,818000.0,4,Hyderabad
Tata NEXON,Tata,2024,22026,Diesel,Manual,15256,891000.0,2,Hyderabad
Mahindra XUV300,Mahindra,2024,12902,Petrol,Manual,11880,673000.0,2,Hyderabad
Honda Amaze,Honda,2014,114925,Diesel,Manual,16099,342000.0,12,Hyderabad
Renault Kwid,Renault,2018,89208,Petrol,Auto,4890,277000.0,8,Hyderabad
KIA SELTOS,KIA,2020,30420,Petrol,Manual,12692,719000.0,6,Hyderabad
Honda Amaze,Honda,2015,67207,Petrol,Manual,6188,235000.0,11,Hyderabad
Maruti Wagon R 1.0,Maruti,2013,116495,Petrol,Manual,11203,238000.0,13,Hyderabad
Maruti Celerio,Maruti,2015,117132,Diesel,Manual,5514,166000.0,11,Hyderabad
Hyundai Eon,Hyundai,2012,55349,Petrol,Manual,14749,166000.0,14,Hyderabad
Maruti Vitara Brezza,Maruti,2018,168522,Diesel,Manual,15771,709000.0,8,Hyderabad
Ford New Figo,Ford,2015,47525,Petrol,Manual,5293,200999.99999999997,11,Hyderabad
Maruti Swift Dzire,Maruti,2011,80471,Petrol,Manual,5293,106000.0,15,Hyderabad
Maruti Wagon R 1.0,Maruti,2013,109457,Petrol,Manual,12145,258000.0,13,Hyderabad
Honda Civic,Honda,2011,68900,Petrol,Auto,12145,144000.0,15,Hyderabad
Hyundai i10,Hyundai,2014,161261,Petrol,Manual,8304,250000.0,12,Hyderabad
Tata Safari Storme,Tata,2013,137813,Diesel,Manual,25766,290000.0,13,Hyderabad
Maruti Wagon R 1.0,Maruti,2013,106955,Petrol,Manual,9744,206999.99999999997,13,Hyderabad
Ford FREESTYLE,Ford,2018,55239,Petrol,Manual,6161,349000.0,8,Hyderabad
Maruti Swift,Maruti,2013,157347,Diesel,Manual,26921,303000.0,13,Hyderabad
Mitsubishi Pajero Sport,Mitsubishi,2013,108420,Diesel,Manual,33229,374000.0,13,Hyderabad
Datsun Go,Datsun,2015,52983,Petrol,Manual,5003,190000.0,11,Hyderabad
Honda Amaze,Honda,2013,179473,Diesel,Manual,21235,239000.0,13,Hyderabad
Hyundai Eon,Hyundai,2013,78197,Petrol,Manual,7343,156000.0,13,Hyderabad
Maruti Swift Dzire,Maruti,2013,133194,Diesel,Manual,29587,333000.0,13,Hyderabad
Maruti Swift,Maruti,2018,101058,Petrol,Auto,10366,466000.0,8,Hyderabad
Tata PUNCH,Tata,2022,21319,Petrol,Manual,9268,525000.0,4,Hyderabad
Maruti Alto 800,Maruti,2018,78563,Petrol,Manual,5005,225000.0,8,Hyderabad
Hyundai NEW I20,Hyundai,2024,24588,Petrol,Manual,12357,700000.0,2,Hyderabad
Toyota URBAN CRUISER HYRYDER,Toyota,2023,19490,Petrol,Manual,17790,1039000.0,3,Hyderabad
Skoda Laura,Skoda,2011,102235,Diesel,Auto,17790,220000.00000000003,15,Hyderabad
Ford Ecosport,Ford,2014,71138,Petrol,Manual,8038,242000.0,12,Hyderabad
Tata NEXON,Tata,2021,68601,Petrol,Manual,10239,580000.0,5,Hyderabad
Maruti Alto 800,Maruti,2015,32957,Petrol,Manual,5267,200000.0,11,Hyderabad
Hyundai i10,Hyundai,2014,105362,Petrol,Manual,7971,240000.0,12,Hyderabad
Honda Amaze,Honda,2013,61185,Petrol,Manual,13181,280000.0,13,Hyderabad
Toyota Innova,Toyota,2012,218419,Diesel,Manual,13181,554000.0,14,Hyderabad
Hyundai Creta,Hyundai,2018,85757,Petrol,Auto,15410,900000.0,8,Hyderabad
Hyundai Eon,Hyundai,2013,105098,Petrol,Manual,6261,133000.0,13,Hyderabad
MG ASTOR,MG,2022,68392,Petrol,Manual,15410,900000.0,4,Hyderabad
Volkswagen Vento,Volkswagen,2014,114545,Diesel,Manual,12051,256000.0,12,Hyderabad
Skoda Rapid,Skoda,2017,60421,Petrol,Manual,7820,400000.0,9,Hyderabad
KIA SONET,KIA,2023,6410,Petrol,Auto,19931,1164000.0,3,Hyderabad
Maruti Alto K10,Maruti,2014,87350,Petrol,Manual,5846,176000.0,12,Hyderabad
KIA SONET,KIA,2022,33075,Petrol,Manual,11474,650000.0,4,Hyderabad
KIA SONET,KIA,2022,47954,Petrol,Auto,17105,999000.0,4,Hyderabad
Chevrolet Sail,Chevrolet,2013,76327,Petrol,Manual,9509,202000.0,13,Hyderabad
Toyota Fortuner,Toyota,2015,124481,Diesel,Manual,32411,990000.0,11,Hyderabad
Mahindra XUV300,Mahindra,2021,24410,Petrol,Manual,17448,1019000.0,5,Hyderabad
Jeep Compass,Jeep,2017,98267,Diesel,Manual,13725,617000.0,9,Hyderabad
Maruti Swift Dzire,Maruti,2016,231074,Diesel,Manual,6320,240000.0,10,Hyderabad
Hyundai i20 Active,Hyundai,2015,154692,Petrol,Manual,7900,300000.0,11,Hyderabad
Tata Tiago,Tata,2019,95730,Diesel,Manual,5472,310000.0,7,Hyderabad
Tata Tiago,Tata,2018,111771,Petrol,Manual,8097,364000.0,8,Hyderabad
Datsun Go Plus,Datsun,2019,19668,Petrol,Manual,4837,274000.0,7,Hyderabad
Maruti Wagon R 1.0,Maruti,2013,75059,Petrol,Manual,10027,213000.0,13,Hyderabad
Jeep Compass,Jeep,2021,71752,Diesel,Auto,36094,2108000.0,5,Hyderabad
Maruti Celerio,Maruti,2017,46240,Petrol,Auto,8934,457000.0,9,Hyderabad
Honda City,Honda,2014,93317,Petrol,Manual,10197,307000.0,12,Hyderabad
Tata Indigo ECS,Tata,2013,244990,Diesel,Manual,11550,130000.0,13,Hyderabad
Maruti Alto K10,Maruti,2014,24000,Petrol,Manual,7141,215000.0,12,Hyderabad
Datsun Go,Datsun,2014,35577,Petrol,Manual,5181,156000.0,12,Hyderabad
Tata Harrier,Tata,2019,139672,Diesel,Manual,19546,899000.0,7,Hyderabad
Tata NEXON,Tata,2019,94372,Petrol,Auto,11474,650000.0,7,Hyderabad
Maruti Celerio,Maruti,2019,85283,Petrol,Manual,4166,236000.0,7,Hyderabad
Skoda Rapid,Skoda,2012,92449,Diesel,Manual,4166,192000.0,14,Hyderabad
KIA SONET,KIA,2020,70296,Diesel,Manual,17174,1002999.9999999999,6,Hyderabad
Tata NEXON,Tata,2019,91099,Petrol,Auto,12834,727000.0,7,Hyderabad
Hyundai Elite i20,Hyundai,2015,78859,Diesel,Manual,12788,385000.0,11,Hyderabad
Maruti Swift,Maruti,2013,129657,Diesel,Manual,17770,200000.0,13,Hyderabad
KIA SONET,KIA,2024,13078,Petrol,Manual,13275,752000.0,2,Hyderabad
Tata Zest,Tata,2014,105712,Petrol,Manual,5314,160000.0,12,Hyderabad
Hyundai Creta,Hyundai,2018,107709,Diesel,Auto,22830,1050000.0,8,Hyderabad
Maruti Grand Vitara,Maruti,2024,19229,Petrol,Manual,15462,902999.9999999999,2,Hyderabad
Ford Figo,Ford,2012,136485,Diesel,Manual,15462,210000.0,14,Hyderabad
Maruti Alto 800,Maruti,2017,25386,Petrol,Manual,4184,214000.0,9,Hyderabad
Volkswagen Ameo,Volkswagen,2018,77750,Petrol,Manual,6020,341000.0,8,Hyderabad
Maruti Ertiga,Maruti,2022,64509,Petrol,Auto,20359,1189000.0,4,Hyderabad
Maruti Swift,Maruti,2012,66304,Diesel,Manual,20359,235000.0,14,Hyderabad
Datsun Redi Go,Datsun,2018,72871,Petrol,Auto,3884,220000.00000000003,8,Hyderabad
KIA SELTOS,KIA,2022,49167,Petrol,Manual,15547,908000.0,4,Hyderabad
Maruti Ritz,Maruti,2014,147744,Petrol,Manual,7540,227000.0,12,Hyderabad
Honda Brio,Honda,2012,59455,Petrol,Manual,18747,211000.0,14,Hyderabad
Renault TRIBER,Renault,2022,86686,Petrol,Manual,10009,567000.0,4,Hyderabad
Maruti Celerio,Maruti,2015,71886,Petrol,Auto,6610,250999.99999999997,11,Hyderabad
Hyundai Eon,Hyundai,2015,87568,Petrol,Manual,4398,167000.0,11,Hyderabad
Nissan Terrano,Nissan,2014,169689,Diesel,Manual,13369,284000.0,12,Hyderabad
Volkswagen Polo,Volkswagen,2014,85034,Petrol,Manual,9200,277000.0,12,Hyderabad
Hyundai i10,Hyundai,2012,34956,Petrol,Manual,10573,119000.0,14,Hyderabad
Hyundai i20,Hyundai,2012,112500,Petrol,Manual,16748,189000.0,14,Hyderabad
Tata Tiago,Tata,2020,37384,Petrol,Manual,6178,350000.0,6,Hyderabad
Skoda Rapid,Skoda,2012,132355,Diesel,Manual,6178,220000.00000000003,14,Hyderabad
Mahindra Scorpio,Mahindra,2016,152660,Diesel,Manual,14326,544000.0,10,Hyderabad
Mahindra TUV300,Mahindra,2016,177091,Diesel,Manual,10086,383000.0,10,Hyderabad
Maruti Swift,Maruti,2021,99441,Petrol,Manual,9285,526000.0,5,Hyderabad
Hyundai Creta,Hyundai,2018,26805,Petrol,Auto,17979,1050000.0,8,Hyderabad
Tata NEXON,Tata,2023,46802,Petrol,Auto,14034,795000.0,3,Hyderabad
Toyota Etios Liva,Toyota,2015,192836,Diesel,Manual,9300,280000.0,11,Hyderabad
Skoda Rapid,Skoda,2017,173692,Diesel,Manual,10010,450000.0,9,Hyderabad
Tata Tiago,Tata,2018,70624,Petrol,Manual,5561,315000.0,8,Hyderabad
Hyundai Santro Xing,Hyundai,2012,39116,Petrol,Manual,17770,200000.0,14,Hyderabad
Maruti Swift Dzire,Maruti,2011,87436,Petrol,Manual,17770,268000.0,15,Hyderabad
Hyundai i10,Hyundai,2012,91316,Petrol,Manual,16881,190000.0,14,Hyderabad
Hyundai i10,Hyundai,2013,56149,Petrol,Manual,8944,190000.0,13,Hyderabad
Fiat Grand Punto,Fiat,2011,127887,Diesel,Manual,8944,100000.0,15,Hyderabad
Volkswagen Polo,Volkswagen,2013,123287,Diesel,Manual,19991,225000.0,13,Hyderabad
Hyundai i10,Hyundai,2012,99318,Petrol,Manual,16082,181000.0,14,Hyderabad
Renault Kwid,Renault,2018,75000,Petrol,Auto,4879,276000.0,8,Hyderabad
Maruti Ritz,Maruti,2013,267040,Diesel,Manual,18925,213000.0,13,Hyderabad
Renault Pulse,Renault,2016,39361,Petrol,Manual,3782,170000.0,10,Hyderabad
Ford Figo,Ford,2012,121237,Diesel,Manual,3782,120000.0,14,Hyderabad
Ford Ecosport,Ford,2013,116391,Diesel,Manual,18295,206000.0,13,Hyderabad
Hyundai NEW I20,Hyundai,2021,115122,Petrol,Manual,11456,515000.00000000006,5,Hyderabad
Hyundai NEW I20,Hyundai,2021,158987,Petrol,Manual,11411,513000.0,5,Hyderabad
Hyundai Creta,Hyundai,2018,39762,Petrol,Manual,16283,951000.0,8,Hyderabad
Hyundai Elite i20,Hyundai,2015,117211,Diesel,Manual,15509,467000.0,11,Hyderabad
Ford Ecosport,Ford,2018,65746,Diesel,Manual,12317,630000.0,8,Hyderabad
Maruti Alto,Maruti,2010,63173,Petrol,Manual,12317,85000.0,16,Hyderabad
Ford Figo,Ford,2010,97756,Petrol,Manual,12317,100000.0,16,Hyderabad
Maruti Swift,Maruti,2013,70862,Petrol,Manual,14122,300000.0,13,Hyderabad
KIA SELTOS,KIA,2021,58353,Petrol,Manual,18835,1100000.0,5,Hyderabad
Maruti Ritz,Maruti,2010,123456,Diesel,Manual,18835,121000.0,16,Hyderabad
Chevrolet Spark,Chevrolet,2011,35219,Petrol,Manual,18835,75000.0,15,Hyderabad
Hyundai Creta,Hyundai,2018,102823,Diesel,Manual,15682,705000.0,8,Hyderabad
Volkswagen Vento,Volkswagen,2012,154714,Diesel,Manual,15682,190000.0,14,Hyderabad
Maruti Alto 800,Maruti,2018,68236,Petrol,Manual,4060,229999.99999999997,8,Hyderabad
Ford Figo,Ford,2012,104062,Diesel,Manual,4060,149000.0,14,Hyderabad
Renault TRIBER,Renault,2020,65453,Petrol,Manual,8985,509000.0,6,Hyderabad
Nissan Micra,Nissan,2013,114099,Petrol,Auto,10121,215000.0,13,Hyderabad
Maruti Alto 800,Maruti,2018,67328,Petrol,Manual,4307,244000.0,8,Hyderabad
Hyundai i20,Hyundai,2011,125489,Diesel,Manual,4307,142000.0,15,Hyderabad
Maruti SX4,Maruti,2010,62142,Petrol,Manual,4307,43000.0,16,Hyderabad
Hyundai i20,Hyundai,2012,75521,Petrol,Manual,18747,211000.0,14,Hyderabad
Maruti Alto,Maruti,2019,30622,Petrol,Manual,4713,267000.0,7,Hyderabad
Maruti Wagon R Stingray,Maruti,2013,67437,Petrol,Manual,12663,269000.0,13,Hyderabad
Mahindra Kuv100,Mahindra,2016,82618,Petrol,Manual,6095,274000.0,10,Hyderabad
Maruti Wagon R 1.0,Maruti,2018,120913,Petrol,Manual,5895,265000.0,8,Hyderabad
Hyundai Eon,Hyundai,2012,71159,Petrol,Manual,11106,125000.0,14,Hyderabad
Chevrolet Sail,Chevrolet,2014,126394,Diesel,Manual,10027,213000.0,12,Hyderabad
Tata Indica V2,Tata,2013,155334,Diesel,Manual,10129,113999.99999999999,13,Hyderabad
Maruti XL6,Maruti,2021,93054,Petrol,Manual,14069,797000.0,5,Hyderabad
Maruti Swift,Maruti,2014,126570,Petrol,Manual,12389,373000.0,12,Hyderabad
Maruti Swift Dzire,Maruti,2014,163029,Diesel,Manual,17558,373000.0,12,Hyderabad
Toyota Etios,Toyota,2011,76973,Petrol,Manual,17558,227000.0,15,Hyderabad
Hyundai Verna,Hyundai,2010,140801,Diesel,Manual,17558,181000.0,16,Hyderabad
Maruti A Star,Maruti,2013,71308,Petrol,Auto,8803,187000.0,13,Hyderabad
Maruti Baleno,Maruti,2015,53683,Petrol,Auto,9849,374000.0,11,Hyderabad
Maruti Swift Dzire,Maruti,2014,271533,Petrol,Manual,9300,280000.0,12,Hyderabad
Tata Harrier,Tata,2021,30436,Diesel,Manual,22961,1341000.0,5,Hyderabad
Chevrolet Sail UVA,Chevrolet,2013,54750,Petrol,Manual,7202,153000.0,13,Hyderabad
Hyundai i10,Hyundai,2013,86283,Petrol,Manual,11439,243000.00000000003,13,Hyderabad
Nissan Sunny,Nissan,2012,78657,Petrol,Manual,16792,189000.0,14,Hyderabad
Maruti Swift Dzire,Maruti,2014,149858,Diesel,Manual,21607,459000.0,12,Hyderabad
Hyundai i20,Hyundai,2012,124164,Diesel,Manual,21607,248000.0,14,Hyderabad
Renault TRIBER,Renault,2022,124468,Petrol,Manual,11990,539000.0,4,Hyderabad
Maruti Swift Dzire,Maruti,2015,148682,Diesel,Manual,14714,443000.0,11,Hyderabad
Renault Kwid,Renault,2018,300000,Petrol,Manual,7274,327000.0,8,Hyderabad
Maruti Swift Dzire,Maruti,2020,135530,Petrol,Manual,8052,362000.0,6,Hyderabad
Toyota Innova,Toyota,2011,19418,Diesel,Manual,8052,434999.99999999994,15,Hyderabad
Maruti Swift,Maruti,2024,9990,Petrol,Manual,11051,626000.0,2,Hyderabad
Honda Brio,Honda,2013,152507,Petrol,Manual,9368,199000.0,13,Hyderabad
Tata Tiago,Tata,2018,39300,Petrol,Manual,5702,323000.0,8,Hyderabad
Maruti Eeco,Maruti,2011,132453,Petrol,Manual,5702,165000.0,15,Hyderabad
Hyundai i20,Hyundai,2011,82118,Petrol,Manual,5702,210000.0,15,Hyderabad
Maruti Dzire,Maruti,2017,52630,Petrol,Manual,10264,525000.0,9,Hyderabad
Volkswagen Vento,Volkswagen,2011,143352,Petrol,Manual,10264,158000.0,15,Hyderabad
Toyota Glanza,Toyota,2019,46845,Petrol,Manual,8438,478000.0,7,Hyderabad
Mahindra XUV500,Mahindra,2014,141215,Diesel,Manual,18641,396000.0,12,Hyderabad
Hyundai i20,Hyundai,2011,50820,Petrol,Manual,18641,219000.0,15,Hyderabad
Hyundai Verna,Hyundai,2010,63783,Petrol,Manual,18641,118000.0,16,Hyderabad
Maruti Swift,Maruti,2018,169704,Diesel,Manual,12056,542000.0,8,Hyderabad
Maruti New Wagon-R,Maruti,2019,24997,Petrol,Manual,7396,419000.00000000006,7,Hyderabad
Maruti S PRESSO,Maruti,2020,81726,Petrol,Manual,5225,296000.0,6,Hyderabad
Hyundai i20,Hyundai,2013,63306,Petrol,Manual,9128,194000.0,13,Hyderabad
Maruti Ciaz,Maruti,2020,37882,Petrol,Manual,8261,468000.0,6,Hyderabad
Honda Amaze,Honda,2014,288659,Diesel,Manual,10733,227999.99999999997,12,Hyderabad
Maruti Alto 800,Maruti,2015,51525,Petrol,Manual,5609,213000.0,11,Hyderabad
Tata Harrier,Tata,2022,66043,Diesel,Auto,27927,1630999.9999999998,4,Hyderabad
Maruti Baleno,Maruti,2020,41716,Petrol,Manual,10468,593000.0,6,Hyderabad
Mahindra XUV500,Mahindra,2014,71036,Diesel,Manual,27726,589000.0,12,Hyderabad
Maruti Alto K10,Maruti,2012,55868,Petrol,Manual,11373,128000.0,14,Hyderabad
Hyundai Verna,Hyundai,2011,130140,Diesel,Manual,11373,206000.0,15,Hyderabad
Tata PUNCH,Tata,2022,20627,Petrol,Auto,12569,712000.0,4,Hyderabad
Maruti Wagon R 1.0,Maruti,2016,102715,Petrol,Manual,5561,250000.0,10,Hyderabad
Maruti Wagon R 1.0,Maruti,2015,84178,Petrol,Manual,6847,260000.0,11,Hyderabad
Maruti Wagon R Stingray,Maruti,2013,60233,Petrol,Manual,7767,165000.0,13,Hyderabad
Maruti Alto 800,Maruti,2016,79701,Petrol,Manual,4160,187000.0,10,Hyderabad
Maruti Swift,Maruti,2014,101418,Petrol,Manual,11293,340000.0,12,Hyderabad
Hyundai Elite i20,Hyundai,2016,47947,Petrol,Manual,9009,405000.0,10,Hyderabad
Maruti Ritz,Maruti,2016,95330,Diesel,Manual,4477,170000.0,10,Hyderabad
Honda Brio,Honda,2013,92143,Petrol,Manual,11156,237000.0,13,Hyderabad
Maruti Swift,Maruti,2017,173572,Petrol,Manual,9187,413000.0,9,Hyderabad
Hyundai Grand i10,Hyundai,2019,81927,Petrol,Manual,6461,366000.0,7,Hyderabad
Renault Kiger,Renault,2022,29391,Petrol,Manual,10044,569000.0,4,Hyderabad
Hyundai Eon,Hyundai,2017,175566,Petrol,Manual,4449,200000.0,9,Hyderabad
Renault Duster,Renault,2014,217357,Diesel,Manual,11768,250000.0,12,Hyderabad
Hyundai Eon,Hyundai,2012,53105,Petrol,Manual,14305,161000.0,14,Hyderabad
Fiat Grand Punto,Fiat,2013,74703,Diesel,Manual,11995,135000.0,13,Hyderabad
Hyundai i10,Hyundai,2012,94700,Petrol,Manual,14749,166000.0,14,Hyderabad
Maruti IGNIS,Maruti,2017,34489,Diesel,Auto,10010,450000.0,9,Hyderabad
Hyundai i10,Hyundai,2011,99460,Petrol,Auto,10010,150000.0,15,Hyderabad
Maruti Celerio,Maruti,2019,96859,Petrol,Manual,4254,241000.0,7,Hyderabad
Hyundai i10,Hyundai,2011,94334,Petrol,Manual,4254,200000.0,15,Hyderabad
Hyundai Grand i10,Hyundai,2017,106956,Diesel,Manual,7875,354000.0,9,Hyderabad
Maruti Swift Dzire,Maruti,2013,13142,Petrol,Manual,12663,269000.0,13,Hyderabad
Maruti Ertiga,Maruti,2019,71984,Petrol,Manual,13328,755000.0,7,Hyderabad
Maruti Alto 800,Maruti,2019,25853,Petrol,Manual,4678,265000.0,7,Hyderabad
Tata NEXON,Tata,2022,52348,Petrol,Manual,15410,900000.0,4,Hyderabad
Honda WR-V,Honda,2019,70008,Diesel,Manual,11227,636000.0,7,Hyderabad
Tata TIAGO NRG,Tata,2018,31830,Petrol,Manual,6108,346000.0,8,Hyderabad
Renault Pulse,Renault,2016,101693,Petrol,Manual,4160,187000.0,10,Hyderabad
Tata Indica EV2,Tata,2015,170252,Diesel,Manual,3886,117000.0,11,Hyderabad
Tata Zest,Tata,2019,126702,Diesel,Manual,6762,304000.0,7,Hyderabad
Nissan Sunny,Nissan,2016,150901,Diesel,Manual,6241,237000.0,10,Hyderabad
Renault Kwid,Renault,2019,54477,Petrol,Manual,4219,239000.0,7,Hyderabad
Maruti Baleno,Maruti,2018,71958,Petrol,Manual,9321,528000.0,8,Hyderabad
Hyundai Santro Xing,Hyundai,2011,110467,Petrol,Manual,9321,137000.0,15,Hyderabad
Tata NEXON,Tata,2021,56404,Petrol,Manual,14554,850000.0,5,Hyderabad
Audi A6,Audi,2013,85141,Diesel,Auto,73092,827000.0,13,Hyderabad
Renault Kwid,Renault,2017,27662,Petrol,Auto,5357,274000.0,9,Hyderabad
Tata NEXON,Tata,2018,60690,Diesel,Auto,13685,700000.0,8,Hyderabad
Maruti Baleno,Maruti,2016,160688,Petrol,Manual,8942,401999.99999999994,10,Hyderabad
Hyundai i10,Hyundai,2012,96670,Petrol,Auto,16526,186000.0,14,Hyderabad
Maruti Alto,Maruti,2022,21395,Petrol,Manual,5984,339000.0,4,Hyderabad
Volkswagen Vento,Volkswagen,2012,132490,Diesel,Manual,5984,268000.0,14,Hyderabad
Honda Amaze,Honda,2018,85843,Diesel,Auto,9365,479000.0,8,Hyderabad
Maruti IGNIS,Maruti,2018,51898,Petrol,Manual,6832,387000.0,8,Hyderabad
Maruti Baleno,Maruti,2021,37805,Petrol,Manual,9780,554000.0,5,Hyderabad
Maruti Alto 800,Maruti,2017,51679,Petrol,Manual,4894,220000.00000000003,9,Hyderabad
Maruti Swift Dzire,Maruti,2016,112136,Diesel,Manual,7637,290000.0,10,Hyderabad
Honda Brio,Honda,2011,82081,Petrol,Manual,7637,133000.0,15,Hyderabad
Skoda Fabia,Skoda,2010,74336,Diesel,Manual,7637,162000.0,16,Hyderabad
Renault Kwid,Renault,2018,73321,Petrol,Manual,4413,250000.0,8,Hyderabad
Hyundai i20,Hyundai,2013,264444,Diesel,Manual,19280,217000.0,13,Hyderabad
Mahindra XUV500,Mahindra,2016,143599,Diesel,Manual,12588,478000.0,10,Hyderabad
Tata ALTROZ,Tata,2021,68005,Petrol,Manual,9850,558000.0,5,Hyderabad
Maruti Ciaz,Maruti,2015,134166,Petrol,Manual,9296,353000.0,11,Hyderabad
Tata TIGOR,Tata,2019,50891,Petrol,Manual,7750,438999.99999999994,7,Hyderabad
Renault Kwid,Renault,2019,139196,Petrol,Manual,5561,250000.0,7,Hyderabad
Maruti SX4,Maruti,2010,155007,Petrol,Manual,5561,113999.99999999999,16,Hyderabad
Tata NEXON,Tata,2018,69300,Diesel,Auto,13666,699000.0,8,Hyderabad
Ford Ecosport,Ford,2019,143298,Diesel,Manual,14214,639000.0,7,Hyderabad
Maruti Vitara Brezza,Maruti,2021,63271,Petrol,Manual,12322,698000.0,5,Hyderabad
Maruti Swift Dzire,Maruti,2016,117007,Diesel,Manual,11034,419000.00000000006,10,Hyderabad
Tata Tiago,Tata,2016,133092,Diesel,Manual,7558,287000.0,10,Hyderabad
Hyundai Eon,Hyundai,2014,92190,Petrol,Manual,6178,186000.0,12,Hyderabad
Maruti Swift,Maruti,2018,94894,Petrol,Auto,7961,451000.0,8,Hyderabad
Nissan Terrano,Nissan,2014,98393,Diesel,Manual,14546,309000.0,12,Hyderabad
Tata TIGOR,Tata,2021,79315,Petrol,Manual,7714,437000.0,5,Hyderabad
Maruti Swift,Maruti,2021,87824,Petrol,Manual,9003,509999.99999999994,5,Hyderabad
Maruti Vitara Brezza,Maruti,2017,136375,Diesel,Manual,11767,529000.0,9,Hyderabad
Hyundai i10,Hyundai,2014,86407,Petrol,Manual,7905,238000.0,12,Hyderabad
Renault Kwid,Renault,2017,34152,Petrol,Auto,4868,249000.00000000003,9,Hyderabad
Renault Kwid,Renault,2020,26716,Petrol,Manual,5508,312000.0,6,Hyderabad
Maruti Alto K10,Maruti,2016,95603,Petrol,Manual,4338,195000.0,10,Hyderabad
Hyundai NEW I20,Hyundai,2020,84255,Petrol,Auto,10239,580000.0,6,Hyderabad
Maruti Swift,Maruti,2018,90388,Petrol,Manual,8597,487000.0,8,Hyderabad
Hyundai GRAND I10 NIOS,Hyundai,2022,36947,Petrol,Manual,8826,500000.0,4,Hyderabad
Mercedes Benz GLA Class,Mercedes,2015,57366,Petrol,Auto,22563,873000.0,11,Hyderabad
Maruti Dzire,Maruti,2019,130281,Diesel,Manual,12857,578000.0,7,Hyderabad
Maruti Ritz,Maruti,2016,111607,Diesel,Manual,4687,178000.0,10,Hyderabad
Hyundai Grand i10,Hyundai,2014,182080,Diesel,Manual,11251,239000.0,12,Hyderabad
Honda Brio,Honda,2013,91145,Petrol,Manual,8709,185000.0,13,Hyderabad
Volkswagen Polo,Volkswagen,2013,123324,Diesel,Manual,21057,237000.0,13,Hyderabad
Fiat Linea,Fiat,2014,221132,Diesel,Manual,6590,140000.0,12,Hyderabad
Hyundai AURA,Hyundai,2020,54348,Petrol,Manual,9391,532000.0,6,Hyderabad
Maruti Alto K10,Maruti,2023,51745,Petrol,Manual,6178,350000.0,3,Hyderabad
Volkswagen Polo,Volkswagen,2019,17441,Petrol,Manual,6532,370000.0,7,Hyderabad
Maruti Swift,Maruti,2021,130051,Petrol,Manual,8898,400000.0,5,Hyderabad
Chevrolet Beat,Chevrolet,2012,72514,Diesel,Manual,8898,107000.0,14,Hyderabad
Ford Figo,Ford,2012,94150,Diesel,Manual,8898,134000.0,14,Hyderabad
Ford Figo,Ford,2011,64507,Diesel,Manual,8898,91000.0,15,Hyderabad
Hyundai i20,Hyundai,2012,61916,Petrol,Manual,30386,342000.0,14,Hyderabad
Maruti Swift Dzire,Maruti,2011,286311,Diesel,Manual,30386,196000.0,15,Hyderabad
Chevrolet Spark,Chevrolet,2012,71346,Petrol,Manual,8352,94000.0,14,Hyderabad
Maruti Alto,Maruti,2021,26089,Petrol,Manual,4943,280000.0,5,Hyderabad
Tata NEXON,Tata,2023,61000,Petrol,Manual,11474,650000.0,3,Hyderabad
Hyundai NEW SANTRO,Hyundai,2019,34775,Petrol,Manual,5667,321000.0,7,Hyderabad
Maruti Swift Dzire,Maruti,2014,101419,Diesel,Manual,17417,370000.0,12,Hyderabad
Hyundai Creta,Hyundai,2015,179180,Diesel,Manual,18002,542000.0,11,Hyderabad
Chevrolet Spark,Chevrolet,2011,81449,Petrol,Manual,18002,68000.0,15,Hyderabad
Tata Nano,Tata,2011,60766,Petrol,Manual,18002,53000.0,15,Hyderabad
Maruti Swift,Maruti,2021,70768,Petrol,Manual,9550,541000.0,5,Hyderabad
Maruti Celerio,Maruti,2015,135249,Petrol,Auto,6794,258000.0,11,Hyderabad
Renault Pulse,Renault,2016,93711,Petrol,Manual,3626,163000.0,10,Hyderabad
Hyundai Verna,Hyundai,2013,96675,Diesel,Manual,26477,298000.0,13,Hyderabad
Maruti SX4,Maruti,2011,73156,Petrol,Manual,26477,165000.0,15,Hyderabad
Tata Indica EV2,Tata,2016,147591,Diesel,Manual,1712,65000.0,10,Hyderabad
Maruti Alto K10,Maruti,2013,78152,Petrol,Manual,9368,199000.0,13,Hyderabad
Ford Figo,Ford,2012,168056,Diesel,Manual,9368,123000.0,14,Hyderabad
Hyundai i20,Hyundai,2012,147967,Diesel,Manual,9368,164000.0,14,Hyderabad
Maruti Baleno,Maruti,2017,101627,Diesel,Manual,9610,432000.0,9,Hyderabad
Hyundai i10,Hyundai,2011,97025,Petrol,Manual,9610,171000.0,15,Hyderabad
Tata Nano,Tata,2012,87493,Petrol,Manual,5064,56999.99999999999,14,Hyderabad
Tata Indica V2,Tata,2012,159227,Diesel,Manual,5064,39000.0,14,Hyderabad
Ford Ecosport,Ford,2013,134308,Diesel,Manual,24878,280000.0,13,Hyderabad
Maruti Swift,Maruti,2019,133370,Diesel,Auto,9877,444000.00000000006,7,Hyderabad
Maruti Swift,Maruti,2018,42042,Petrol,Manual,7944,450000.0,8,Hyderabad
Hyundai Verna,Hyundai,2011,67527,Petrol,Manual,7944,266000.0,15,Hyderabad
Maruti Swift,Maruti,2019,37292,Petrol,Auto,8420,476999.99999999994,7,Hyderabad
Tata Indica V2,Tata,2016,192581,Diesel,Manual,2949,112000.00000000001,10,Hyderabad
Maruti Celerio,Maruti,2016,153380,Petrol,Auto,7252,326000.0,10,Hyderabad
Mahindra Verito,Mahindra,2014,245397,Diesel,Manual,7061,150000.0,12,Hyderabad
Nissan Micra,Nissan,2011,115844,Diesel,Manual,7061,120000.0,15,Hyderabad
Maruti Baleno,Maruti,2020,19713,Petrol,Manual,9991,566000.0,6,Hyderabad
Hyundai i10,Hyundai,2011,85194,Petrol,Manual,9991,188000.0,15,Hyderabad
Maruti Wagon R 1.0,Maruti,2011,41806,Petrol,Manual,9991,135000.0,15,Hyderabad
Maruti Alto,Maruti,2012,47570,Petrol,Manual,14394,162000.0,14,Hyderabad
Volkswagen Polo,Volkswagen,2019,74499,Petrol,Auto,12586,713000.0,7,Hyderabad
Skoda Fabia,Skoda,2011,95298,Petrol,Manual,12586,162000.0,15,Hyderabad
Volkswagen Polo,Volkswagen,2014,122132,Petrol,Manual,10861,327000.0,12,Hyderabad
Hyundai Grand i10,Hyundai,2014,82300,Petrol,Manual,10662,321000.0,12,Hyderabad
Maruti Ertiga,Maruti,2015,95238,Diesel,Manual,20659,622000.0,11,Hyderabad
Hyundai Eon,Hyundai,2011,21573,Petrol,Manual,20659,157000.0,15,Hyderabad
Ford Figo Aspire,Ford,2015,238833,Diesel,Manual,7905,238000.0,11,Hyderabad
Maruti Wagon R 1.0,Maruti,2017,144434,Petrol,Auto,6851,308000.0,9,Hyderabad
Renault Kwid,Renault,2018,76124,Petrol,Auto,4855,275000.0,8,Hyderabad
Ford Figo,Ford,2011,178003,Diesel,Manual,4855,109000.00000000001,15,Hyderabad
Maruti Dzire,Maruti,2018,70043,Diesel,Manual,11496,588000.0,8,Hyderabad
Maruti Wagon R 1.0,Maruti,2010,127422,Petrol,Manual,11496,129000.0,16,Hyderabad
Maruti Swift,Maruti,2018,95427,Diesel,Manual,9756,499000.0,8,Hyderabad
Maruti Baleno,Maruti,2019,107067,Diesel,Manual,11100,499000.0,7,Hyderabad
Hyundai Eon,Hyundai,2011,92260,Petrol,Manual,11100,114999.99999999999,15,Hyderabad
Hyundai Creta,Hyundai,2016,84744,Petrol,Manual,19481,896000.0000000001,10,Hyderabad
Skoda SLAVIA,Skoda,2023,34365,Petrol,Manual,16301,952000.0,3,Hyderabad
Maruti Swift,Maruti,2025,643,Petrol,Manual,12339,699000.0,1,Hyderabad
Tata Bolt,Tata,2016,175000,Diesel,Manual,4292,163000.0,10,Hyderabad
Tata NEXON,Tata,2022,77413,Petrol,Manual,14349,838000.0000000001,4,Hyderabad
Volkswagen Polo,Volkswagen,2019,83565,Petrol,Manual,7538,426999.99999999994,7,Hyderabad
Honda Amaze,Honda,2017,65255,Petrol,Manual,7566,387000.0,9,Hyderabad
Maruti Swift,Maruti,2022,77332,Petrol,Manual,8509,482000.0,4,Hyderabad
Maruti Swift Dzire,Maruti,2015,128857,Petrol,Manual,12035,457000.0,11,Hyderabad
Toyota Etios Liva,Toyota,2013,1,Diesel,Manual,22834,256999.99999999997,13,Hyderabad
Honda Jazz,Honda,2016,65653,Petrol,Manual,8164,367000.0,10,Hyderabad
Hyundai Elite i20,Hyundai,2018,44172,Petrol,Manual,7855,445000.0,8,Hyderabad
Hyundai i10,Hyundai,2011,94233,Petrol,Manual,7855,165000.0,15,Hyderabad
Hyundai Elite i20,Hyundai,2020,36333,Petrol,Manual,10415,590000.0,6,Hyderabad
Maruti Alto K10,Maruti,2011,108364,Petrol,Manual,10415,133000.0,15,Hyderabad
Hyundai i10,Hyundai,2011,63304,Petrol,Manual,10415,156000.0,15,Hyderabad
Hyundai Grand i10,Hyundai,2015,131733,Petrol,Manual,9480,360000.0,11,Hyderabad
Maruti Alto K10,Maruti,2011,120000,Petrol,Manual,9480,117000.0,15,Hyderabad
Maruti Swift Dzire,Maruti,2012,95633,Diesel,Manual,9480,283000.0,14,Hyderabad
Maruti Alto K10,Maruti,2022,45275,Petrol,Manual,6373,361000.0,4,Hyderabad
Maruti Swift,Maruti,2018,113896,Petrol,Auto,9454,425000.0,8,Hyderabad
Ford Fiesta,Ford,2011,161829,Petrol,Manual,9454,115999.99999999999,15,Hyderabad
Hyundai i20 Active,Hyundai,2018,58903,Petrol,Manual,9338,529000.0,8,Hyderabad
Maruti IGNIS,Maruti,2018,97584,Petrol,Manual,6938,393000.0,8,Hyderabad
Maruti Swift,Maruti,2011,243153,Diesel,Manual,6938,154000.0,15,Hyderabad
Toyota Etios Liva,Toyota,2012,240218,Diesel,Manual,6938,250000.0,14,Hyderabad
Honda Amaze,Honda,2013,116484,Diesel,Manual,21768,245000.00000000003,13,Hyderabad
Volkswagen Polo,Volkswagen,2014,86264,Petrol,Manual,11193,337000.0,12,Hyderabad
Skoda Rapid,Skoda,2018,120819,Diesel,Auto,12568,565000.0,8,Hyderabad
Maruti Swift,Maruti,2012,147633,Diesel,Manual,12568,256000.0,14,Hyderabad
Hyundai i20,Hyundai,2010,98728,Diesel,Manual,12568,180000.0,16,Hyderabad
Tata Manza,Tata,2011,86216,Diesel,Manual,12568,174000.0,15,Hyderabad
Nissan MAGNITE,Nissan,2021,86884,Petrol,Manual,8209,465000.00000000006,5,Hyderabad
Maruti Swift,Maruti,2013,120003,Diesel,Manual,22212,250000.0,13,Hyderabad
Honda WR-V,Honda,2020,136072,Petrol,Manual,15059,677000.0,6,Hyderabad
Maruti Baleno,Maruti,2021,44090,Petrol,Auto,10513,596000.0,5,Hyderabad
Honda City,Honda,2017,102132,Petrol,Manual,11322,509000.0,9,Hyderabad
Ford Ecosport,Ford,2018,79168,Diesel,Manual,11945,611000.0,8,Hyderabad
Hyundai Grand i10,Hyundai,2018,52001,Petrol,Manual,7608,430999.99999999994,8,Hyderabad
Skoda SLAVIA,Skoda,2023,20384,Petrol,Auto,23732,1386000.0,3,Hyderabad
Maruti Alto K10,Maruti,2017,81152,Petrol,Manual,4536,231999.99999999997,9,Hyderabad
Maruti Alto K10,Maruti,2015,35592,Petrol,Auto,6057,229999.99999999997,11,Hyderabad
Maruti Swift,Maruti,2015,128103,Diesel,Manual,13120,395000.0,11,Hyderabad
Maruti Wagon R 1.0,Maruti,2017,11218,Petrol,Auto,7214,369000.0,9,Hyderabad
Maruti SX4,Maruti,2012,130274,Diesel,Manual,7214,217000.0,14,Hyderabad
Tata NEXON,Tata,2022,40400,Petrol,Auto,14554,850000.0,4,Hyderabad
Maruti Swift Dzire,Maruti,2015,57066,Petrol,Manual,9428,358000.0,11,Hyderabad
Tata Indica Vista,Tata,2011,1354000,Diesel,Manual,9428,90000.0,15,Hyderabad
Maruti Eeco,Maruti,2017,49959,Petrol,Manual,5943,304000.0,9,Hyderabad
Toyota Innova Crysta,Toyota,2021,119833,Diesel,Manual,36962,1700000.0,5,Hyderabad
Maruti Alto K10,Maruti,2010,137360,Petrol,Manual,36962,117000.0,16,Hyderabad
Hyundai Grand i10,Hyundai,2014,76121,Petrol,Manual,10894,328000.0,12,Hyderabad
Maruti Swift Dzire,Maruti,2013,61257,Diesel,Manual,38116,429000.0,13,Hyderabad
Ford Figo,Ford,2011,77034,Petrol,Manual,38116,133000.0,15,Hyderabad
Skoda Fabia,Skoda,2012,102555,Diesel,Manual,38116,227000.0,14,Hyderabad
Hyundai Grand i10,Hyundai,2016,144544,Diesel,Manual,6820,259000.0,10,Hyderabad
Maruti Ritz,Maruti,2012,99343,Diesel,Manual,6820,172000.0,14,Hyderabad
Tata Bolt,Tata,2017,115864,Diesel,Manual,4160,187000.0,9,Hyderabad
Maruti Swift Dzire,Maruti,2016,37806,Petrol,Manual,8898,400000.0,10,Hyderabad
Maruti Alto,Maruti,2011,88527,Petrol,Manual,8898,170000.0,15,Hyderabad
Mahindra XUV500,Mahindra,2014,125000,Diesel,Manual,19300,409999.99999999994,12,Hyderabad
Hyundai i10,Hyundai,2011,40678,Petrol,Manual,19300,140000.0,15,Hyderabad
Honda City,Honda,2014,41059,Petrol,Manual,12455,375000.0,12,Hyderabad
Maruti Swift Dzire,Maruti,2016,118103,Diesel,Manual,9954,378000.0,10,Hyderabad
Maruti Alto 800,Maruti,2012,83185,Petrol,Manual,13327,150000.0,14,Hyderabad
Toyota Etios,Toyota,2014,184436,Diesel,Manual,11298,240000.0,12,Hyderabad
Maruti Swift,Maruti,2021,60964,Petrol,Manual,8968,508000.0,5,Hyderabad
Hyundai i10,Hyundai,2011,58703,Petrol,Manual,8968,185000.0,15,Hyderabad
Hyundai GRAND I10 NIOS,Hyundai,2020,25060,Petrol,Manual,8667,491000.0,6,Hyderabad
Renault Kwid,Renault,2018,68430,Petrol,Auto,4237,240000.0,8,Hyderabad
Honda City,Honda,2012,101851,Petrol,Manual,19991,225000.0,14,Hyderabad
Ford Fiesta Classic,Ford,2012,95597,Diesel,Manual,19991,202000.0,14,Hyderabad
Toyota Etios Liva,Toyota,2014,56580,Petrol,Manual,9931,299000.0,12,Hyderabad
Maruti Swift,Maruti,2013,115316,Petrol,Manual,13981,297000.0,13,Hyderabad
Tata Tiago,Tata,2018,61178,Petrol,Manual,6885,390000.0,8,Hyderabad
Volkswagen Polo,Volkswagen,2021,29248,Petrol,Manual,12657,717000.0,5,Hyderabad
Skoda Rapid,Skoda,2020,68541,Petrol,Manual,11986,679000.0,6,Hyderabad
Tata Indica Vista,Tata,2013,102322,Diesel,Manual,12350,139000.0,13,Hyderabad
Maruti Wagon R 1.0,Maruti,2013,39819,Petrol,Manual,11062,235000.0,13,Hyderabad
Maruti Swift,Maruti,2012,114634,Diesel,Manual,11062,239000.0,14,Hyderabad
Ford Figo,Ford,2013,101138,Diesel,Manual,11728,132000.0,13,Hyderabad
Maruti Swift Dzire,Maruti,2011,160770,Petrol,Manual,11728,160000.0,15,Hyderabad
Ford Fiesta,Ford,2012,101613,Petrol,Manual,10484,118000.0,14,Hyderabad
Volkswagen TAIGUN,Volkswagen,2021,119962,Petrol,Manual,22351,1027999.9999999999,5,Hyderabad
Maruti Alto,Maruti,2010,120913,Petrol,Manual,22351,95000.0,16,Hyderabad
Tata NEXON,Tata,2020,47882,Petrol,Auto,13081,741000.0,6,Hyderabad
Hyundai AURA,Hyundai,2023,10211,Petrol,Auto,12657,717000.0,3,Hyderabad
Maruti Alto,Maruti,2011,143847,Petrol,Manual,12657,104000.0,15,Hyderabad
Tata PUNCH,Tata,2023,32514,Petrol,Manual,11757,666000.0,3,Hyderabad
Maruti Ertiga,Maruti,2016,80985,Diesel,Manual,14563,553000.0,10,Hyderabad
Maruti Ciaz,Maruti,2020,37248,Petrol,Manual,8456,479000.0,6,Hyderabad
Renault Kwid,Renault,2021,16529,Petrol,Manual,6867,389000.0,5,Hyderabad
Mahindra MARAZZO,Mahindra,2019,97172,Diesel,Manual,11474,650000.0,7,Hyderabad
Hyundai i20,Hyundai,2013,112908,Petrol,Manual,13840,294000.0,13,Hyderabad
Maruti Swift,Maruti,2018,93772,Petrol,Auto,7803,442000.0,8,Hyderabad
Tata Harrier,Tata,2022,37512,Diesel,Manual,26540,1550000.0,4,Hyderabad
Nissan Micra Active,Nissan,2013,92206,Petrol,Manual,6826,145000.0,13,Hyderabad
Honda City,Honda,2021,78763,Diesel,Manual,17122,1000000.0,5,Hyderabad
Honda City,Honda,2011,92871,Petrol,Auto,17122,225000.0,15,Hyderabad
Mahindra Verito,Mahindra,2012,139055,Diesel,Manual,17122,199000.0,14,Hyderabad
Maruti Wagon R 1.0,Maruti,2011,120277,Petrol,Manual,17122,143000.0,15,Hyderabad
Maruti Eeco,Maruti,2017,29539,Petrol,Manual,6061,310000.0,9,Hyderabad
Maruti Alto,Maruti,2012,84717,Petrol,Manual,11017,124000.0,14,Hyderabad
Maruti Ertiga,Maruti,2018,106246,Diesel,Manual,17394,800000.0,8,Hyderabad
Maruti Dzire,Maruti,2021,16108,Petrol,Manual,11227,636000.0,5,Hyderabad
Hyundai Grand i10,Hyundai,2016,86277,Petrol,Manual,7407,333000.0,10,Hyderabad
Mercedes Benz C Class,Mercedes,2012,84324,Petrol,Auto,57752,650000.0,14,Hyderabad
Maruti Dzire,Maruti,2018,69823,Petrol,Manual,9797,555000.0,8,Hyderabad
Maruti Celerio,Maruti,2016,81072,Petrol,Auto,6117,275000.0,10,Hyderabad
Maruti Swift,Maruti,2013,74365,Petrol,Manual,14310,304000.0,13,Hyderabad
Skoda Rapid,Skoda,2013,201655,Diesel,Manual,25322,285000.0,13,Hyderabad
Maruti Vitara Brezza,Maruti,2017,132362,Diesel,Manual,12012,540000.0,9,Hyderabad
Hyundai i20,Hyundai,2011,152095,Diesel,Manual,12012,184000.0,15,Hyderabad
Chevrolet Beat,Chevrolet,2013,135046,Diesel,Manual,8441,95000.0,13,Hyderabad
Maruti Swift,Maruti,2013,163932,Diesel,Manual,25500,287000.0,13,Hyderabad
Hyundai VENUE,Hyundai,2022,58868,Diesel,Manual,14126,825000.0,4,Hyderabad
Maruti Ciaz,Maruti,2016,113007,Diesel,Manual,13299,505000.0,10,Hyderabad
Volkswagen TAIGUN,Volkswagen,2021,28211,Petrol,Auto,17550,1025000.0,5,Hyderabad
Skoda Rapid,Skoda,2015,122387,Diesel,Manual,11824,356000.0,11,Hyderabad
Maruti Swift Dzire,Maruti,2011,132979,Diesel,Manual,11824,199000.0,15,Hyderabad
Hyundai i20,Hyundai,2011,170000,Diesel,Manual,11824,213000.0,15,Hyderabad
KIA SELTOS,KIA,2023,35109,Diesel,Manual,20290,1185000.0,3,Hyderabad
CITROEN C3,CITROEN,2023,35550,Petrol,Manual,8562,484999.99999999994,3,Hyderabad
Volkswagen Jetta,Volkswagen,2013,159968,Diesel,Auto,31097,350000.0,13,Hyderabad
Hyundai Eon,Hyundai,2017,95000,Petrol,Manual,3910,200000.0,9,Hyderabad
Maruti XL6,Maruti,2022,66348,Petrol,Manual,16198,946000.0000000001,4,Hyderabad
Hyundai Elite i20,Hyundai,2016,108568,Petrol,Manual,8898,400000.0,10,Hyderabad
Ford Figo,Ford,2012,183570,Diesel,Manual,8898,124000.0,14,Hyderabad
KIA SONET,KIA,2021,84325,Petrol,Manual,12180,690000.0,5,Hyderabad
Maruti Alto K10,Maruti,2013,84445,Petrol,Manual,7673,163000.0,13,Hyderabad
Skoda Rapid,Skoda,2015,105327,Diesel,Manual,12721,383000.0,11,Hyderabad
Hyundai Grand i10,Hyundai,2015,75567,Petrol,Manual,8163,310000.0,11,Hyderabad
Ford Fiesta Classic,Ford,2011,185000,Petrol,Manual,8163,163000.0,15,Hyderabad
Tata Aria,Tata,2011,71080,Diesel,Manual,8163,245000.00000000003,15,Hyderabad
Maruti Vitara Brezza,Maruti,2021,41721,Petrol,Manual,12322,698000.0,5,Hyderabad
Honda Amaze,Honda,2014,205548,Diesel,Manual,11910,252999.99999999997,12,Hyderabad
Skoda SLAVIA,Skoda,2023,26480,Petrol,Auto,18955,1107000.0,3,Hyderabad
Nissan Micra,Nissan,2013,94614,Diesel,Manual,18925,213000.0,13,Hyderabad
Mahindra Quanto,Mahindra,2013,84364,Diesel,Manual,19280,217000.0,13,Hyderabad
Maruti Swift,Maruti,2011,173443,Diesel,Manual,19280,193000.0,15,Hyderabad
Skoda Fabia,Skoda,2011,56776,Diesel,Manual,19280,229999.99999999997,15,Hyderabad
Skoda Rapid,Skoda,2021,70802,Petrol,Manual,12251,694000.0,5,Hyderabad
Tata Indica Vista,Tata,2012,106229,Diesel,Manual,12251,124000.0,14,Hyderabad
MG ASTOR,MG,2024,23394,Petrol,Manual,15616,911999.9999999999,2,Hyderabad
Renault Kwid,Renault,2021,65632,Petrol,Manual,6302,357000.0,5,Hyderabad
Toyota Fortuner,Toyota,2018,62070,Diesel,Auto,56474,2967000.0,8,Hyderabad
Honda City,Honda,2018,93958,Petrol,Manual,9621,545000.0,8,Hyderabad
Hyundai Grand i10,Hyundai,2014,112640,Diesel,Manual,13651,290000.0,12,Hyderabad
Maruti Swift,Maruti,2012,94844,Diesel,Manual,13651,252000.0,14,Hyderabad
Tata NEXON,Tata,2024,7873,Petrol,Auto,20992,1226000.0,2,Hyderabad
Mahindra XUV500,Mahindra,2014,175331,Diesel,Manual,21183,450000.0,12,Hyderabad
Maruti Dzire,Maruti,2025,4862,Petrol,Manual,14383,840000.0,1,Hyderabad
Mahindra XUV500,Mahindra,2016,129411,Diesel,Manual,17775,675000.0,10,Hyderabad
Maruti Wagon R 1.0,Maruti,2014,68005,Petrol,Manual,10097,304000.0,12,Hyderabad
Hyundai Elite i20,Hyundai,2018,138668,Petrol,Manual,8898,400000.0,8,Hyderabad
Maruti SX4,Maruti,2011,114081,Petrol,Auto,8898,199000.0,15,Hyderabad
Hyundai Grand i10,Hyundai,2014,44610,Petrol,Manual,12090,364000.0,12,Hyderabad
Maruti Ciaz,Maruti,2017,214357,Petrol,Auto,11167,501999.99999999994,9,Hyderabad
Maruti Celerio,Maruti,2016,80673,Petrol,Manual,6584,296000.0,10,Hyderabad
Maruti A Star,Maruti,2013,76606,Petrol,Auto,8756,186000.0,13,Hyderabad
Maruti Wagon R 1.0,Maruti,2017,61437,Petrol,Auto,6667,341000.0,9,Hyderabad
Maruti Ertiga,Maruti,2018,96042,Petrol,Manual,14742,861000.0,8,Hyderabad
Tata Tiago,Tata,2017,92836,Petrol,Manual,6178,316000.0,9,Hyderabad
Hyundai i10,Hyundai,2012,36536,Petrol,Auto,21857,246000.0,14,Hyderabad
Maruti Celerio,Maruti,2020,20630,Petrol,Manual,6938,393000.0,6,Hyderabad
Hyundai Grand i10,Hyundai,2013,66163,Petrol,Manual,13698,291000.0,13,Hyderabad
Volkswagen VIRTUS,Volkswagen,2023,41843,Petrol,Manual,19537,1141000.0,3,Hyderabad
Maruti Ritz,Maruti,2011,133027,Diesel,Manual,19537,193000.0,15,Hyderabad
Hyundai Grand i10,Hyundai,2014,34313,Petrol,Manual,11226,338000.0,12,Hyderabad
Mahindra XUV500,Mahindra,2014,91837,Diesel,Manual,20665,438999.99999999994,12,Hyderabad
BMW X1,BMW,2011,49696,Petrol,Auto,20665,530000.0,15,Hyderabad
Maruti Swift Dzire,Maruti,2013,75670,Diesel,Manual,32074,361000.0,13,Hyderabad
Tata NEXON,Tata,2023,9086,Petrol,Manual,15256,891000.0,3,Hyderabad
Renault Duster,Renault,2018,71113,Diesel,Manual,13060,668000.0,8,Hyderabad
Volkswagen Vento,Volkswagen,2014,84830,Petrol,Auto,11625,350000.0,12,Hyderabad
Maruti Ciaz,Maruti,2017,95848,Petrol,Manual,8407,430000.0,9,Hyderabad
Toyota Innova Crysta,Toyota,2021,103461,Diesel,Manual,34940,1607000.0,5,Hyderabad
Maruti Wagon R 1.0,Maruti,2012,84182,Petrol,Manual,15104,170000.0,14,Hyderabad
Maruti Swift,Maruti,2011,168699,Diesel,Manual,15104,150000.0,15,Hyderabad
Maruti Grand Vitara,Maruti,2024,38160,Petrol,Manual,15770,921000.0000000001,2,Hyderabad
Ford Fiesta,Ford,2012,64250,Diesel,Manual,15770,241000.0,14,Hyderabad
Tata Safari,Tata,2012,219756,Diesel,Manual,15770,298000.0,14,Hyderabad
Hyundai Elite i20,Hyundai,2014,153340,Petrol,Manual,11193,337000.0,12,Hyderabad
Hyundai Verna,Hyundai,2015,130166,Diesel,Manual,13286,400000.0,11,Hyderabad
Maruti Dzire,Maruti,2017,118534,Petrol,Auto,8898,400000.0,9,Hyderabad
Hyundai Grand i10,Hyundai,2018,111541,Petrol,Manual,9810,441000.0,8,Hyderabad
Maruti Alto,Maruti,2012,105586,Petrol,Manual,9532,107000.0,14,Hyderabad
Hyundai Verna,Hyundai,2022,89673,Diesel,Manual,16643,972000.0000000001,4,Hyderabad
Renault Duster,Renault,2013,150043,Diesel,Manual,21679,244000.0,13,Hyderabad
Maruti Celerio,Maruti,2015,63089,Petrol,Manual,8190,311000.0,11,Hyderabad
Maruti Ciaz,Maruti,2022,45407,Petrol,Manual,13169,746000.0,4,Hyderabad
Maruti Ertiga,Maruti,2020,110644,Petrol,Manual,16238,730000.0,6,Hyderabad
Maruti Baleno,Maruti,2020,60591,Petrol,Manual,9356,530000.0,6,Hyderabad
Tata NEXON,Tata,2024,16056,Petrol,Auto,20256,1183000.0,2,Hyderabad
Hyundai NEW I20,Hyundai,2021,66595,Diesel,Manual,13328,755000.0,5,Hyderabad
Hyundai Santro Xing,Hyundai,2012,116279,Petrol,Manual,14482,163000.0,14,Hyderabad
Tata NEXON,Tata,2021,46837,Petrol,Manual,12092,685000.0,5,Hyderabad
Renault Kwid,Renault,2020,28859,Petrol,Manual,6673,378000.0,6,Hyderabad
Mahindra XUV500,Mahindra,2012,142058,Diesel,Manual,6673,304000.0,14,Hyderabad
Maruti Swift,Maruti,2011,61459,Petrol,Manual,6673,252000.0,15,Hyderabad
Hyundai Grand i10,Hyundai,2014,44400,Petrol,Manual,11193,337000.0,12,Hyderabad
Maruti Baleno,Maruti,2018,37600,Petrol,Manual,9038,512000.0,8,Hyderabad
Renault Kwid,Renault,2022,43615,Petrol,Manual,6125,347000.0,4,Hyderabad
Mahindra XUV500,Mahindra,2012,153570,Diesel,Manual,6125,393000.0,14,Hyderabad
Hyundai Grand i10,Hyundai,2014,95596,Petrol,Manual,10928,329000.0,12,Hyderabad
Hyundai Elite i20,Hyundai,2015,264637,Diesel,Manual,13950,420000.0,11,Hyderabad
Honda City,Honda,2015,83268,Diesel,Manual,14448,434999.99999999994,11,Hyderabad
Maruti Celerio,Maruti,2016,186614,Petrol,Manual,6896,310000.0,10,Hyderabad
Maruti Dzire,Maruti,2017,80758,Petrol,Manual,9110,466000.0,9,Hyderabad
Maruti Swift,Maruti,2014,63754,Petrol,Manual,10894,328000.0,12,Hyderabad
Mahindra XUV500,Mahindra,2012,190886,Diesel,Manual,10894,320000.0,14,Hyderabad
Hyundai ALCAZAR,Hyundai,2022,45685,Petrol,Manual,20496,1197000.0,4,Hyderabad
Maruti Swift,Maruti,2016,96351,Diesel,Manual,12904,490000.00000000006,10,Hyderabad
Volkswagen Polo,Volkswagen,2021,28623,Petrol,Auto,15068,880000.0000000001,5,Hyderabad
Hyundai i20,Hyundai,2011,168198,Petrol,Manual,15068,180000.0,15,Hyderabad
Maruti Ertiga,Maruti,2013,139810,Diesel,Manual,39005,438999.99999999994,13,Hyderabad
Renault Duster,Renault,2013,139371,Diesel,Manual,28965,326000.0,13,Hyderabad
Hyundai i20,Hyundai,2014,151637,Diesel,Manual,16146,343000.0,12,Hyderabad
Maruti Swift,Maruti,2023,18238,Petrol,Auto,10751,609000.0,3,Hyderabad
Maruti Swift Dzire,Maruti,2017,40718,Petrol,Manual,9149,468000.0,9,Hyderabad
Maruti XL6,Maruti,2020,106848,Petrol,Manual,19981,919000.0,6,Hyderabad
Renault TRIBER,Renault,2023,42433,Petrol,Manual,10539,597000.0,3,Hyderabad
Maruti Vitara Brezza,Maruti,2017,133022,Diesel,Manual,13703,616000.0,9,Hyderabad
Renault TRIBER,Renault,2022,32857,Petrol,Manual,11033,625000.0,4,Hyderabad
KIA CARNIVAL,KIA,2020,113055,Diesel,Auto,42354,1948000.0,6,Hyderabad
Skoda Rapid,Skoda,2013,160000,Diesel,Manual,22212,250000.0,13,Hyderabad
Maruti Baleno,Maruti,2017,76733,Petrol,Manual,8524,436000.00000000006,9,Hyderabad
Volkswagen TAIGUN,Volkswagen,2021,29642,Petrol,Auto,17756,1036999.9999999999,5,Hyderabad
Ford Ecosport,Ford,2019,47963,Petrol,Manual,11262,638000.0,7,Hyderabad
Honda City,Honda,2014,185534,Diesel,Manual,19677,418000.0,12,Hyderabad
Hyundai Elite i20,Hyundai,2016,71131,Petrol,Manual,10166,457000.0,10,Hyderabad
Mahindra XUV700,Mahindra,2022,33196,Diesel,Auto,41556,2427000.0,4,Hyderabad
Maruti New Wagon-R,Maruti,2021,55707,Petrol,Manual,6743,382000.0,5,Hyderabad
Tata Tiago,Tata,2020,59450,Petrol,Manual,7661,434000.0,6,Hyderabad
Mahindra XUV500,Mahindra,2017,104238,Diesel,Auto,20481,942000.0,9,Hyderabad
Honda Amaze,Honda,2020,78193,Petrol,Manual,8562,484999.99999999994,6,Hyderabad
Maruti Ciaz,Maruti,2017,118691,Diesel,Manual,11122,500000.0,9,Hyderabad
Hyundai NEW SANTRO,Hyundai,2020,68546,Petrol,Manual,6178,350000.0,6,Hyderabad
Volkswagen TAIGUN,Volkswagen,2021,44712,Petrol,Auto,20992,1226000.0,5,Hyderabad
Maruti Wagon R 1.0,Maruti,2012,71575,Petrol,Manual,15815,178000.0,14,Hyderabad
Volkswagen Vento,Volkswagen,2011,117635,Diesel,Manual,15815,214000.0,15,Hyderabad
Landrover DISCOVERY SPORT,Landrover,2020,133734,Diesel,Auto,82621,3800000.0,6,Hyderabad
Maruti Swift,Maruti,2012,85476,Petrol,Manual,22123,249000.00000000003,14,Hyderabad
Maruti Ertiga,Maruti,2020,137767,Petrol,Manual,18481,850000.0,6,Hyderabad
Honda Amaze,Honda,2013,55647,Petrol,Manual,14687,312000.0,13,Hyderabad
Honda Amaze,Honda,2014,146211,Diesel,Manual,11957,254000.0,12,Hyderabad
Maruti XL6,Maruti,2020,94576,Petrol,Auto,17345,1013000.0000000001,6,Hyderabad
ISUZU MU-X,ISUZU,2018,184073,Diesel,Auto,17807,819000.0,8,Hyderabad
Tata Harrier,Tata,2019,111708,Diesel,Manual,21047,968000.0,7,Hyderabad
Maruti New Wagon-R,Maruti,2021,120000,Petrol,Manual,9543,429000.0,5,Hyderabad
Tata NEXON,Tata,2022,43066,Petrol,Auto,14366,839000.0,4,Hyderabad
Maruti Wagon R 1.0,Maruti,2012,96733,Petrol,Manual,21057,237000.0,14,Hyderabad
Maruti S Cross,Maruti,2021,74079,Petrol,Manual,11827,670000.0,5,Hyderabad
Mahindra XUV500,Mahindra,2015,148133,Diesel,Manual,21290,641000.0,11,Hyderabad
Maruti Wagon R 1.0,Maruti,2012,135164,Petrol,Manual,15104,170000.0,14,Hyderabad
Maruti Swift Dzire,Maruti,2015,109225,Diesel,Manual,11625,350000.0,11,Hyderabad
Mahindra XUV500,Mahindra,2012,62575,Diesel,Manual,11625,399000.0,14,Hyderabad
BMW 3 Series,BMW,2016,89206,Diesel,Auto,31196,1207000.0,10,Hyderabad
Skoda Octavia,Skoda,2018,73230,Diesel,Auto,24973,1312000.0,8,Hyderabad
CITROEN C3 AIRCROSS,CITROEN,2023,49648,Petrol,Manual,16129,942000.0,3,Hyderabad
Mahindra XUV500,Mahindra,2017,146969,Diesel,Manual,18590,855000.0000000001,9,Hyderabad
Skoda Octavia,Skoda,2014,80316,Diesel,Manual,32999,701000.0,12,Hyderabad
Honda Amaze,Honda,2015,88676,Petrol,Manual,9033,343000.0,11,Hyderabad
Mahindra TUV300,Mahindra,2016,85549,Diesel,Auto,13167,500000.0,10,Hyderabad
Hyundai Elite i20,Hyundai,2015,149882,Diesel,Manual,15345,462000.0,11,Hyderabad
Tata Harrier,Tata,2020,64645,Diesel,Auto,25119,1467000.0,6,Hyderabad
Honda City,Honda,2017,136552,Petrol,Auto,14459,650000.0,9,Hyderabad
Volkswagen Vento,Volkswagen,2011,116844,Petrol,Manual,14459,218000.00000000003,15,Hyderabad
Tata ALTROZ,Tata,2020,72603,Petrol,Manual,10733,608000.0,6,Hyderabad
Maruti Baleno,Maruti,2018,72673,Petrol,Manual,8650,490000.00000000006,8,Hyderabad
Tata NEXON,Tata,2021,52682,Petrol,Manual,13663,774000.0,5,Hyderabad
Maruti Swift Dzire,Maruti,2015,54704,Petrol,Manual,13035,495000.0,11,Hyderabad
Hyundai Verna,Hyundai,2022,39119,Petrol,Manual,15410,900000.0,4,Hyderabad
Mahindra E VERITO,Mahindra,2019,86554,Electric,Auto,5296,300000.0,7,Hyderabad
Hyundai Verna,Hyundai,2025,10751,Petrol,Manual,24091,1407000.0,1,Hyderabad
Hyundai Verna,Hyundai,2014,63000,Petrol,Manual,11824,356000.0,12,Hyderabad
Renault Duster,Renault,2017,154280,Diesel,Auto,12234,550000.0,9,Hyderabad
Tata NEXON,Tata,2021,29465,Petrol,Manual,13593,770000.0,5,Hyderabad
Ford Figo,Ford,2013,38981,Petrol,Manual,9415,200000.0,13,Hyderabad
Ford Fiesta Classic,Ford,2011,204458,Diesel,Manual,9415,142000.0,15,Hyderabad
MG HECTOR,MG,2020,1920000,Diesel,Manual,19568,900000.0,6,Hyderabad
Maruti Swift,Maruti,2012,98613,Petrol,Manual,24078,271000.0,14,Hyderabad
Maruti Swift,Maruti,2019,72434,Petrol,Manual,7944,450000.0,7,Hyderabad
Volkswagen Polo,Volkswagen,2016,82637,Petrol,Auto,9966,448000.00000000006,10,Hyderabad
Honda Jazz,Honda,2016,67158,Petrol,Auto,9765,438999.99999999994,10,Hyderabad
Hyundai Elite i20,Hyundai,2017,57934,Petrol,Manual,8407,430000.0,9,Hyderabad
Maruti Vitara Brezza,Maruti,2020,97038,Petrol,Manual,10592,600000.0,6,Hyderabad
Honda City,Honda,2014,84113,Petrol,Auto,15445,465000.00000000006,12,Hyderabad
Maruti Ertiga,Maruti,2020,127929,Petrol,Manual,20699,952000.0,6,Hyderabad
Tata Tiago,Tata,2022,25782,Petrol,Manual,8826,500000.0,4,Hyderabad
Honda City,Honda,2017,128407,Petrol,Auto,12457,560000.0,9,Hyderabad
Maruti Celerio,Maruti,2023,33673,Petrol,Manual,7855,445000.0,3,Hyderabad
Ford FREESTYLE,Ford,2020,60623,Petrol,Manual,8685,492000.0,6,Hyderabad
Nissan Kicks,Nissan,2022,26407,Petrol,Manual,10998,623000.0,4,Hyderabad
Tata NEXON,Tata,2021,31893,Petrol,Manual,13981,792000.0,5,Hyderabad
Maruti Alto K10,Maruti,2015,63549,Petrol,Manual,6583,250000.0,11,Hyderabad
Maruti Ertiga,Maruti,2015,113564,Diesel,Manual,18268,550000.0,11,Hyderabad
Hyundai Creta,Hyundai,2020,67472,Diesel,Manual,16677,974000.0,6,Hyderabad
Renault Kwid,Renault,2020,33028,Petrol,Auto,7061,400000.0,6,Hyderabad
Hyundai Creta,Hyundai,2015,225826,Diesel,Auto,21589,650000.0,11,Hyderabad
Honda Jazz,Honda,2015,193553,Petrol,Auto,9217,350000.0,11,Hyderabad
Honda City,Honda,2011,105761,Petrol,Manual,9217,258000.0,15,Hyderabad
Maruti Celerio X,Maruti,2018,78134,Petrol,Manual,5631,319000.0,8,Hyderabad
Force Motors GURKHA,Force,2023,34532,Diesel,Manual,22122,1292000.0,3,Hyderabad
Hyundai Verna,Hyundai,2023,8371,Petrol,Manual,21266,1242000.0,3,Hyderabad
Hyundai New Elantra,Hyundai,2013,147393,Diesel,Auto,39538,445000.0,13,Hyderabad
BMW X1,BMW,2011,93513,Petrol,Auto,39538,521000.0,15,Hyderabad
Maruti Baleno,Maruti,2016,72882,Diesel,Manual,12877,488999.99999999994,10,Hyderabad
Volkswagen VIRTUS,Volkswagen,2024,13490,Petrol,Auto,23475,1371000.0,2,Hyderabad
Maruti Baleno,Maruti,2015,62438,Petrol,Manual,10323,392000.0,11,Hyderabad
Nissan Sunny,Nissan,2013,96756,Petrol,Manual,14922,317000.0,13,Hyderabad
Nissan MAGNITE,Nissan,2021,48980,Petrol,Manual,8950,507000.0,5,Hyderabad
Hyundai GRAND I10 NIOS,Hyundai,2024,10766,Petrol,Auto,10645,603000.0,2,Hyderabad
Honda ELEVATE,Honda,2024,20786,Petrol,Auto,26112,1525000.0,2,Hyderabad
Toyota Innova,Toyota,2012,250000,Diesel,Manual,26112,568000.0,14,Hyderabad
Skoda Superb,Skoda,2012,112000,Diesel,Auto,26112,450000.0,14,Hyderabad
Volkswagen Vento,Volkswagen,2016,125587,Diesel,Auto,12166,462000.0,10,Hyderabad
Chevrolet Spark,Chevrolet,2011,87156,Petrol,Manual,12166,70000.0,15,Hyderabad
Ford Classic,Ford,2012,185163,Diesel,Manual,12166,165000.0,14,Hyderabad
Tata NEXON,Tata,2022,49464,Petrol,Manual,11977,679000.0,4,Hyderabad
Skoda KUSHAQ,Skoda,2021,40500,Petrol,Manual,14982,875000.0,5,Hyderabad
Honda City,Honda,2014,96445,Petrol,Auto,15079,454000.0,12,Hyderabad
Toyota Innova Crysta,Toyota,2017,135959,Diesel,Manual,29678,1365000.0,9,Hyderabad
Nissan MAGNITE,Nissan,2023,26964,Petrol,Auto,13081,741000.0,3,Hyderabad
Maruti Alto,Maruti,2021,31714,Petrol,Manual,5772,327000.0,5,Hyderabad
Mahindra XUV700,Mahindra,2023,60253,Diesel,Auto,35341,2064000.0,3,Hyderabad
Honda City,Honda,2015,147239,Petrol,Manual,11324,430000.0,11,Hyderabad
Ford Ecosport,Ford,2018,68459,Petrol,Auto,11580,656000.0,8,Hyderabad
Tata NEXON,Tata,2022,3186,Petrol,Manual,14212,830000.0000000001,4,Hyderabad
Honda City,Honda,2014,114468,Petrol,Manual,14382,433000.0,12,Hyderabad
Hyundai Elite i20,Hyundai,2018,126550,Diesel,Manual,9921,446000.0,8,Hyderabad
Volkswagen Vento,Volkswagen,2013,164971,Diesel,Manual,23811,268000.0,13,Hyderabad
Mahindra Xylo,Mahindra,2011,155413,Diesel,Manual,23811,254000.0,15,Hyderabad
Maruti Swift,Maruti,2011,98913,Petrol,Manual,23811,310000.0,15,Hyderabad
Tata Tiago,Tata,2018,123872,Petrol,Auto,8008,360000.0,8,Hyderabad
Maruti Swift,Maruti,2020,76549,Petrol,Auto,10256,581000.0,6,Hyderabad
Hyundai i10,Hyundai,2014,36655,Petrol,Manual,10296,310000.0,12,Hyderabad
Hyundai i20,Hyundai,2011,83253,Petrol,Manual,10296,183000.0,15,Hyderabad
Maruti Ertiga,Maruti,2016,54728,Petrol,Manual,13347,600000.0,10,Hyderabad
Skoda Rapid,Skoda,2017,100096,Diesel,Manual,12457,560000.0,9,Hyderabad
Hyundai i10,Hyundai,2013,36739,Petrol,Auto,16146,343000.0,13,Hyderabad
Maruti Swift,Maruti,2015,62065,Petrol,Manual,10139,385000.0,11,Hyderabad
Mahindra SCORPIO-N,Mahindra,2023,44694,Petrol,Auto,28252,1650000.0,3,Hyderabad
Ford Ecosport,Ford,2013,132225,Diesel,Manual,24345,274000.0,13,Hyderabad
Mahindra Scorpio,Mahindra,2014,12682,Diesel,Manual,21230,451000.0,12,Hyderabad
Hyundai VENUE,Hyundai,2019,37800,Petrol,Manual,12357,700000.0,7,Hyderabad
Maruti IGNIS,Maruti,2022,80287,Petrol,Manual,7944,450000.0,4,Hyderabad
KIA SONET,KIA,2022,31785,Petrol,Manual,15102,882000.0,4,Hyderabad
Hyundai Elite i20,Hyundai,2018,92747,Diesel,Manual,11065,566000.0,8,Hyderabad
Mahindra XUV500,Mahindra,2014,100389,Diesel,Manual,21136,449000.0,12,Hyderabad
Hyundai Grand i10,Hyundai,2015,73565,Petrol,Manual,8637,328000.0,11,Hyderabad
Audi A6,Audi,2014,66665,Diesel,Auto,36482,775000.0,12,Hyderabad
Maruti Eeco,Maruti,2024,5710,Petrol,Manual,8985,509000.0,2,Hyderabad
Maruti XL6,Maruti,2022,49349,Petrol,Manual,17585,1027000.0,4,Hyderabad
Maruti Celerio,Maruti,2018,55017,Petrol,Auto,6178,350000.0,8,Hyderabad
Maruti S PRESSO,Maruti,2021,20169,Petrol,Manual,6479,367000.0,5,Hyderabad
Hyundai NEW I20 N LINE,Hyundai,2021,42810,Petrol,Manual,13169,746000.0,5,Hyderabad
Honda City,Honda,2015,47664,Petrol,Manual,10481,398000.0,11,Hyderabad
Hyundai GRAND I10 NIOS,Hyundai,2022,39712,Petrol,Manual,9285,526000.0,4,Hyderabad
Toyota Glanza,Toyota,2024,40952,Petrol,Manual,10009,567000.0,2,Hyderabad
Tata PUNCH,Tata,2021,34972,Petrol,Auto,11474,650000.0,5,Hyderabad
Ford Figo Aspire,Ford,2019,153247,Petrol,Manual,8275,372000.0,7,Hyderabad
Hyundai Elite i20,Hyundai,2017,110297,Petrol,Manual,10255,461000.00000000006,9,Hyderabad
MG ASTOR,MG,2023,6194,Petrol,Manual,19383,1132000.0,3,Hyderabad
Hyundai Creta,Hyundai,2015,197610,Diesel,Auto,23250,700000.0,11,Hyderabad
Maruti Dzire,Maruti,2017,67404,Diesel,Auto,16683,750000.0,9,Hyderabad
Hyundai Elite i20,Hyundai,2015,76828,Diesel,Manual,15345,462000.0,11,Hyderabad
KIA CARENS,KIA,2022,88538,Diesel,Auto,21403,1250000.0,4,Hyderabad
Tata NEXON,Tata,2024,33892,Petrol,Auto,19160,1119000.0,2,Hyderabad
Hyundai Verna,Hyundai,2014,80000,Diesel,Manual,19065,405000.0,12,Hyderabad
Maruti Baleno,Maruti,2023,2199,Petrol,Auto,13938,814000.0,3,Hyderabad
Skoda SLAVIA,Skoda,2022,63339,Petrol,Manual,15205,888000.0000000001,4,Hyderabad
CITROEN C3,CITROEN,2022,72063,Petrol,Manual,8279,469000.00000000006,4,Hyderabad
Mahindra XUV500,Mahindra,2020,115088,Diesel,Manual,28048,1290000.0,6,Hyderabad
Hyundai Elite i20,Hyundai,2017,103535,Petrol,Manual,9320,419000.00000000006,9,Hyderabad
Mahindra XUV300,Mahindra,2020,153511,Diesel,Auto,15571,700000.0,6,Hyderabad
Jeep Compass,Jeep,2017,150370,Diesel,Manual,18264,840000.0,9,Hyderabad
Maruti Alto K10,Maruti,2018,14563,Petrol,Auto,5437,308000.0,8,Hyderabad
Hyundai Verna,Hyundai,2019,97001,Diesel,Manual,14016,794000.0,7,Hyderabad
Hyundai Elite i20,Hyundai,2015,204955,Petrol,Manual,10507,399000.0,11,Hyderabad
Hyundai Elite i20,Hyundai,2018,235001,Diesel,Manual,12212,549000.0,8,Hyderabad
Maruti Baleno,Maruti,2018,68295,Petrol,Manual,8826,500000.0,8,Hyderabad
Hyundai NEW I20,Hyundai,2024,24260,Petrol,Auto,15239,890000.0,2,Hyderabad
Hyundai GRAND I10 NIOS,Hyundai,2022,60000,Petrol,Manual,9780,554000.0,4,Hyderabad
Maruti XL6,Maruti,2020,96803,Petrol,Auto,15547,908000.0,6,Hyderabad
Hyundai i10,Hyundai,2010,78438,Petrol,Manual,15547,165000.0,16,Hyderabad
Tata Tiago,Tata,2021,79504,Petrol,Auto,9268,525000.0,5,Hyderabad
Tata Harrier,Tata,2021,78785,Diesel,Auto,23886,1395000.0,5,Hyderabad
Skoda KUSHAQ,Skoda,2021,60636,Petrol,Auto,17636,1030000.0000000001,5,Hyderabad
KIA SONET,KIA,2022,51376,Petrol,Manual,16009,935000.0,4,Hyderabad
Mahindra XUV500,Mahindra,2012,327672,Diesel,Manual,16009,385000.0,14,Hyderabad
Maruti Vitara Brezza,Maruti,2017,113309,Diesel,Manual,13769,619000.0,9,Hyderabad
Honda City,Honda,2016,153263,Petrol,Auto,9454,425000.0,10,Hyderabad
Hyundai New Elantra,Hyundai,2014,173837,Diesel,Manual,18029,383000.0,12,Hyderabad
Mahindra TUV300,Mahindra,2019,128291,Diesel,Manual,15949,717000.0,7,Hyderabad
Hyundai Elite i20,Hyundai,2019,61045,Petrol,Manual,9815,556000.0,7,Hyderabad
Nissan MAGNITE,Nissan,2022,42451,Petrol,Auto,12092,685000.0,4,Hyderabad
Maruti Baleno,Maruti,2021,43123,Petrol,Auto,10556,598000.0,5,Hyderabad
Tata ALTROZ,Tata,2022,40433,Petrol,Auto,12710,720000.0,4,Hyderabad
Ford Ecosport,Ford,2013,177944,Diesel,Manual,27543,310000.0,13,Hyderabad
Toyota Innova Crysta,Toyota,2017,200204,Diesel,Manual,35962,1654000.0,9,Hyderabad
Tata Aria,Tata,2011,150000,Diesel,Manual,35962,277000.0,15,Hyderabad
KIA SONET,KIA,2020,54148,Petrol,Manual,13751,779000.0,6,Hyderabad
Maruti Swift,Maruti,2012,141833,Diesel,Manual,13751,258000.0,14,Hyderabad
Tata Harrier,Tata,2022,41914,Diesel,Auto,27362,1598000.0,4,Hyderabad
Maruti S PRESSO,Maruti,2022,31173,Petrol,Manual,7167,405999.99999999994,4,Hyderabad
Hyundai Grand i10,Hyundai,2018,91899,Petrol,Manual,7326,415000.00000000006,8,Hyderabad
Maruti XL6,Maruti,2020,122203,Petrol,Auto,19503,897000.0000000001,6,Hyderabad
Maruti Ertiga,Maruti,2019,64745,Diesel,Manual,17533,1024000.0,7,Hyderabad
Maruti Swift,Maruti,2014,26000,Petrol,Manual,11625,350000.0,12,Hyderabad
Tata Hexa,Tata,2018,182899,Diesel,Manual,14993,674000.0,8,Hyderabad
Maruti XL6,Maruti,2021,106331,Petrol,Manual,17195,773000.0,5,Hyderabad
Maruti Swift Dzire,Maruti,2016,98601,Petrol,Manual,9498,426999.99999999994,10,Hyderabad
Maruti New Wagon-R,Maruti,2021,67600,Petrol,Manual,7591,430000.0,5,Hyderabad
Maruti Vitara Brezza,Maruti,2018,159297,Diesel,Manual,15126,680000.0,8,Hyderabad
Mahindra XUV500,Mahindra,2016,199287,Diesel,Manual,13167,500000.0,10,Hyderabad
Hyundai GRAND I10 NIOS,Hyundai,2022,26676,Petrol,Manual,9303,527000.0,4,Hyderabad
Hyundai Elite i20,Hyundai,2019,71648,Petrol,Manual,9462,536000.0,7,Hyderabad
Skoda KUSHAQ,Skoda,2024,32482,Petrol,Manual,20975,1225000.0,2,Hyderabad
Hyundai Elite i20,Hyundai,2015,126053,Petrol,Manual,10060,382000.0,11,Hyderabad
Toyota Innova Crysta,Toyota,2016,100529,Diesel,Manual,33418,1293000.0,10,Hyderabad
Maruti S Cross,Maruti,2021,84432,Petrol,Manual,12357,700000.0,5,Hyderabad
Maruti Wagon R 1.0,Maruti,2016,50385,Petrol,Manual,23221,1068000.0,10,Hyderabad
Maruti S PRESSO,Maruti,2022,31415,Petrol,Manual,6549,371000.0,4,Hyderabad
Hyundai i20 Active,Hyundai,2015,98368,Petrol,Manual,10112,384000.0,11,Hyderabad
Volkswagen Polo,Volkswagen,2015,150381,Petrol,Manual,12640,480000.0,11,Hyderabad
Fiat Grand Punto,Fiat,2012,120000,Diesel,Manual,12640,160000.0,14,Hyderabad
Mahindra Thar,Mahindra,2023,14313,Petrol,Auto,20153,1177000.0,3,Hyderabad
Maruti Baleno,Maruti,2016,88121,Petrol,Manual,9120,409999.99999999994,10,Hyderabad
Maruti Dzire,Maruti,2017,136615,Diesel,Manual,12457,560000.0,9,Hyderabad
Maruti Baleno,Maruti,2018,52320,Petrol,Manual,9162,519000.00000000006,8,Hyderabad
Mahindra XUV 3XO,Mahindra,2024,37000,Petrol,Auto,19691,1150000.0,2,Hyderabad
Volkswagen Jetta,Volkswagen,2012,160650,Diesel,Manual,19691,386000.0,14,Hyderabad
Maruti Ciaz,Maruti,2022,54388,Petrol,Manual,12357,700000.0,4,Hyderabad
Hyundai Grand i10,Hyundai,2018,49258,Petrol,Auto,8456,479000.0,8,Hyderabad
Honda Amaze,Honda,2022,31983,Petrol,Auto,12357,700000.0,4,Hyderabad
Maruti Alto,Maruti,2025,4863,Petrol,Manual,7608,430999.99999999994,1,Hyderabad
Maruti Baleno,Maruti,2021,69693,Petrol,Manual,10539,597000.0,5,Hyderabad
Hyundai Grand i10,Hyundai,2018,27486,Petrol,Manual,7697,436000.00000000006,8,Hyderabad
Maruti Swift Dzire,Maruti,2014,110826,Diesel,Manual,18029,383000.0,12,Hyderabad
Ford Ecosport,Ford,2013,90515,Diesel,Manual,31808,358000.0,13,Hyderabad
Maruti Ertiga,Maruti,2016,131160,Diesel,Manual,13931,529000.0,10,Hyderabad
Mahindra XUV300,Mahindra,2020,211066,Diesel,Manual,14303,643000.0,6,Hyderabad
Mahindra XUV700,Mahindra,2023,80438,Diesel,Auto,34142,1994000.0000000002,3,Hyderabad
Maruti Baleno,Maruti,2021,92904,Petrol,Manual,10239,580000.0,5,Hyderabad
Hyundai Creta,Hyundai,2017,93061,Petrol,Auto,14076,720000.0,9,Hyderabad
Maruti Swift,Maruti,2023,21565,Petrol,Manual,10839,614000.0,3,Hyderabad
Renault Duster,Renault,2013,167058,Diesel,Manual,27810,313000.0,13,Hyderabad
Hyundai NEW I20 N LINE,Hyundai,2021,66026,Petrol,Manual,13240,750000.0,5,Hyderabad
Honda WR-V,Honda,2018,211555,Diesel,Manual,13213,594000.0,8,Hyderabad
Audi Q3,Audi,2016,140197,Diesel,Auto,39725,1537000.0,10,Hyderabad
Hyundai GRAND I10 NIOS,Hyundai,2024,11155,Petrol,Auto,11474,650000.0,2,Hyderabad
Mahindra BOLERO NEO,Mahindra,2023,87098,Diesel,Manual,17722,1035000.0,3,Hyderabad
Hyundai Grand i10,Hyundai,2017,66560,Petrol,Manual,7527,385000.0,9,Hyderabad
Maruti Baleno,Maruti,2021,96676,Petrol,Manual,9462,536000.0,5,Hyderabad
Maruti BREZZA,Maruti,2022,91320,Petrol,Manual,12869,729000.0,4,Hyderabad
Hyundai Elite i20,Hyundai,2016,69605,Petrol,Manual,10099,454000.0,10,Hyderabad
Volkswagen TAIGUN,Volkswagen,2023,23804,Petrol,Manual,22259,1300000.0,3,Hyderabad
Hyundai NEW I20,Hyundai,2022,28336,Petrol,Auto,14845,867000.0,4,Hyderabad
Ford Ecosport,Ford,2016,72574,Diesel,Manual,12640,480000.0,10,Hyderabad
Tata NEXON,Tata,2021,59711,Petrol,Manual,13769,780000.0,5,Hyderabad
Mahindra XUV500,Mahindra,2019,111639,Diesel,Auto,20764,955000.0000000001,7,Hyderabad
Maruti Ciaz,Maruti,2014,50035,Petrol,Manual,14216,428000.0,12,Hyderabad
Tata TIAGO EV,Tata,2024,6276,Electric,Auto,11827,670000.0,2,Hyderabad
Mahindra XUV300,Mahindra,2020,82903,Petrol,Manual,12480,707000.0,6,Hyderabad
Hyundai Elite i20,Hyundai,2017,81820,Diesel,Manual,11478,516000.0,9,Hyderabad
BMW 3 Series,BMW,2015,114581,Diesel,Auto,42790,1307000.0,11,Hyderabad
KIA SELTOS,KIA,2020,49279,Petrol,Auto,18715,1093000.0,6,Hyderabad
Toyota Glanza,Toyota,2019,81316,Petrol,Manual,9038,512000.0,7,Hyderabad
Honda City,Honda,2016,99294,Petrol,Manual,10967,493000.0,10,Hyderabad
Hyundai Verna,Hyundai,2020,102554,Petrol,Manual,17395,782000.0,6,Hyderabad
Hyundai GRAND I10 NIOS,Hyundai,2020,85172,Petrol,Auto,9268,525000.0,6,Hyderabad
Toyota Innova Crysta,Toyota,2017,149207,Diesel,Manual,29352,1350000.0,9,Hyderabad
Tata ALTROZ,Tata,2023,42679,Petrol,Manual,13204,748000.0,3,Hyderabad
Maruti S PRESSO,Maruti,2023,32553,Petrol,Manual,7273,412000.0,3,Hyderabad
Ford Ecosport,Ford,2018,120270,Diesel,Manual,15838,712000.0,8,Hyderabad
Tata Indica Vista,Tata,2011,209292,Diesel,Manual,15838,100000.0,15,Hyderabad
Maruti Swift,Maruti,2023,61339,Petrol,Manual,10115,573000.0,3,Hyderabad
Hyundai VENUE,Hyundai,2019,84000,Petrol,Auto,14143,826000.0,7,Hyderabad
Mahindra XUV300,Mahindra,2020,76593,Diesel,Manual,14999,876000.0,6,Hyderabad
Mahindra XUV500,Mahindra,2019,148186,Diesel,Manual,18938,871000.0000000001,7,Hyderabad
Hyundai AURA,Hyundai,2021,106292,Diesel,Auto,13369,601000.0,5,Hyderabad
Ford Ecosport,Ford,2015,100983,Diesel,Manual,13585,409000.0,11,Hyderabad
Volkswagen T-ROC,Volkswagen,2020,90783,Petrol,Auto,19759,1154000.0,6,Hyderabad
Ford Ecosport,Ford,2021,83227,Diesel,Manual,17482,1021000.0000000001,5,Hyderabad
Toyota Innova,Toyota,2012,180725,Diesel,Manual,17482,525000.0,14,Hyderabad
Hyundai Verna,Hyundai,2019,54681,Petrol,Auto,15239,890000.0,7,Hyderabad
Maruti Ertiga,Maruti,2025,47097,Petrol,Manual,18989,1109000.0,1,Hyderabad
Maruti Baleno,Maruti,2017,79617,Petrol,Manual,8837,451999.99999999994,9,Hyderabad
Maruti New Wagon-R,Maruti,2022,10165,Petrol,Auto,9621,545000.0,4,Hyderabad
Maruti Baleno,Maruti,2019,42465,Petrol,Manual,8703,493000.0,7,Hyderabad
Ford Ecosport,Ford,2016,46820,Diesel,Manual,16538,628000.0,10,Hyderabad
Volvo XC 90,Volvo,2012,115749,Diesel,Auto,16538,571000.0,14,Hyderabad
Tata Harrier,Tata,2019,161588,Diesel,Manual,26374,1213000.0,7,Hyderabad
Hyundai GRAND I10 NIOS,Hyundai,2021,65738,Petrol,Manual,8897,504000.0,5,Hyderabad
KIA SONET,KIA,2021,52000,Petrol,Manual,12904,731000.0,5,Hyderabad
Maruti Swift,Maruti,2023,22329,Petrol,Manual,11086,628000.0,3,Hyderabad
Maruti Ertiga,Maruti,2015,100817,Diesel,Manual,18268,550000.0,11,Hyderabad
Hyundai VENUE,Hyundai,2022,75517,Petrol,Manual,13240,750000.0,4,Hyderabad
KIA SELTOS,KIA,2023,47375,Diesel,Auto,28064,1639000.0,3,Hyderabad
Renault Captur,Renault,2019,27840,Diesel,Manual,11245,637000.0,7,Hyderabad
Toyota Fortuner,Toyota,2013,116638,Diesel,Manual,96188,1088000.0,13,Hyderabad
Hyundai EXTER,Hyundai,2024,43977,Petrol,Manual,12357,700000.0,2,Hyderabad
Toyota Innova Crysta,Toyota,2018,256645,Diesel,Manual,35745,1644000.0000000002,8,Hyderabad
Toyota Glanza,Toyota,2019,101000,Petrol,Manual,12635,568000.0,7,Hyderabad
BMW X1,BMW,2017,122518,Diesel,Auto,31940,1469000.0,9,Hyderabad
Mahindra XUV700,Mahindra,2022,52813,Diesel,Auto,27122,1584000.0,4,Hyderabad
Landrover DISCOVERY SPORT,Landrover,2016,52254,Petrol,Auto,33831,1556000.0,10,Hyderabad
Hyundai NEW SANTRO,Hyundai,2019,31593,Petrol,Manual,7697,436000.00000000006,7,Hyderabad
Maruti Ertiga,Maruti,2014,112873,Diesel,Manual,21560,458000.0,12,Hyderabad
Maruti S Cross,Maruti,2019,157440,Diesel,Manual,14459,650000.0,7,Hyderabad
Honda WR-V,Honda,2021,25374,Petrol,Manual,13240,750000.0,5,Hyderabad
Volkswagen Polo,Volkswagen,2017,126054,Petrol,Manual,9832,442000.0,9,Hyderabad
Mahindra XUV500,Mahindra,2021,49224,Diesel,Manual,26369,1540000.0,5,Hyderabad
KIA SONET,KIA,2021,162397,Diesel,Manual,22656,1042000.0,5,Hyderabad
Maruti Baleno,Maruti,2020,40917,Petrol,Auto,11651,660000.0,6,Hyderabad
Hyundai Creta,Hyundai,2018,55535,Diesel,Manual,19091,1002999.9999999999,8,Hyderabad
Ford Ecosport,Ford,2018,96721,Diesel,Manual,11906,609000.0,8,Hyderabad
Hyundai Creta,Hyundai,2021,57768,Diesel,Manual,28389,1657999.9999999998,5,Hyderabad
Maruti Baleno,Maruti,2017,74286,Diesel,Manual,11300,508000.0,9,Hyderabad
Jeep Compass,Jeep,2019,131488,Diesel,Manual,24134,1110000.0,7,Hyderabad
Hyundai VENUE,Hyundai,2020,119442,Petrol,Auto,13992,629000.0,6,Hyderabad
Mercedes Benz C Class,Mercedes,2012,137384,Petrol,Auto,78395,886999.9999999999,14,Hyderabad
Hyundai Grand i10,Hyundai,2020,29761,Petrol,Auto,9268,525000.0,6,Hyderabad
Hyundai Creta,Hyundai,2017,41482,Petrol,Manual,15249,780000.0,9,Hyderabad
Maruti Ertiga,Maruti,2013,125607,Diesel,Manual,37139,418000.0,13,Hyderabad
Maruti XL6,Maruti,2020,76383,Petrol,Auto,14760,861999.9999999999,6,Hyderabad
Skoda SLAVIA,Skoda,2024,4050,Petrol,Auto,23800,1390000.0,2,Hyderabad
Audi A4,Audi,2016,74205,Diesel,Auto,38148,1476000.0,10,Hyderabad
Hyundai VENUE,Hyundai,2021,44854,Diesel,Manual,17105,999000.0,5,Hyderabad
Maruti Ertiga,Maruti,2017,150100,Diesel,Manual,13102,589000.0,9,Hyderabad
KIA SONET,KIA,2023,46557,Petrol,Manual,16352,955000.0000000001,3,Hyderabad
Hyundai Creta,Hyundai,2017,134370,Diesel,Auto,18351,844000.0,9,Hyderabad
Maruti XL6,Maruti,2021,44334,Petrol,Auto,17619,1028999.9999999999,5,Hyderabad
Hyundai VENUE,Hyundai,2021,46646,Petrol,Manual,13257,751000.0,5,Hyderabad
Renault Fluence,Renault,2012,90000,Diesel,Manual,13257,350000.0,14,Hyderabad
Maruti Dzire,Maruti,2017,83587,Diesel,Auto,15616,702000.0,9,Hyderabad
KIA SONET,KIA,2021,67208,Petrol,Manual,13769,780000.0,5,Hyderabad
Hyundai Grand i10,Hyundai,2015,140848,Petrol,Manual,8743,332000.0,11,Hyderabad
KIA SELTOS,KIA,2019,34486,Diesel,Manual,18492,1080000.0,7,Hyderabad
Maruti Ertiga,Maruti,2012,158455,Diesel,Manual,18492,426000.0,14,Hyderabad
Maruti Vitara Brezza,Maruti,2020,81473,Petrol,Manual,12269,695000.0,6,Hyderabad
Skoda Laura,Skoda,2012,147215,Diesel,Auto,12269,325000.0,14,Hyderabad
Honda Brio,Honda,2013,101712,Petrol,Manual,14593,310000.0,13,Hyderabad
Mahindra XUV300,Mahindra,2021,23865,Petrol,Manual,13820,807000.0,5,Hyderabad
Hyundai Verna,Hyundai,2019,105785,Petrol,Manual,17395,782000.0,7,Hyderabad
MG ASTOR,MG,2022,60273,Petrol,Manual,17071,997000.0000000001,4,Hyderabad
MG ASTOR,MG,2023,21000,Petrol,Manual,15941,931000.0,3,Hyderabad
Hyundai Grand i10,Hyundai,2015,117794,Petrol,Auto,9480,360000.0,11,Hyderabad
Toyota Innova Crysta,Toyota,2017,251209,Diesel,Manual,31222,1436000.0,9,Hyderabad
KIA SONET,KIA,2022,100670,Diesel,Manual,16683,750000.0,4,Hyderabad
KIA SELTOS,KIA,2022,55159,Petrol,Manual,19074,1114000.0,4,Hyderabad
Toyota Corolla Altis,Toyota,2011,283234,Diesel,Manual,19074,333000.0,15,Hyderabad
Mahindra XUV500,Mahindra,2016,119080,Diesel,Manual,19750,750000.0,10,Hyderabad
Mahindra XUV700,Mahindra,2023,35445,Diesel,Manual,28218,1648000.0,3,Hyderabad
Maruti Alto K10,Maruti,2017,92586,Petrol,Auto,4888,250000.0,9,Hyderabad
Ford Ecosport,Ford,2019,54000,Diesel,Manual,11474,650000.0,7,Hyderabad
Maruti FRONX,Maruti,2024,2327,Petrol,Manual,18287,1068000.0,2,Hyderabad
Honda Amaze,Honda,2017,75837,Petrol,Manual,7683,393000.0,9,Hyderabad
Maruti XL6,Maruti,2019,77804,Petrol,Auto,14297,835000.0,7,Hyderabad
Hyundai VENUE,Hyundai,2020,51254,Petrol,Manual,13240,750000.0,6,Hyderabad
Maruti S Cross,Maruti,2016,123551,Diesel,Manual,13378,508000.0,10,Hyderabad
Maruti Ertiga,Maruti,2015,174486,Diesel,Manual,18268,550000.0,11,Hyderabad
Tata NEXON,Tata,2021,85000,Diesel,Manual,13769,780000.0,5,Hyderabad
Jeep Compass,Jeep,2021,87552,Diesel,Manual,31677,1850000.0,5,Hyderabad
Maruti Swift,Maruti,2019,96675,Petrol,Manual,7873,446000.0,7,Hyderabad
Tata Harrier,Tata,2019,123885,Diesel,Manual,20460,941000.0,7,Hyderabad
Hyundai NEW SANTRO,Hyundai,2021,18261,Petrol,Auto,8456,479000.0,5,Hyderabad
Hyundai Creta,Hyundai,2016,83050,Diesel,Auto,19750,750000.0,10,Hyderabad
Honda City,Honda,2013,42309,Petrol,Manual,18829,400000.0,13,Hyderabad
Volkswagen TAIGUN,Volkswagen,2022,49680,Petrol,Manual,18681,1091000.0,4,Hyderabad
Hyundai Creta,Hyundai,2018,80115,Diesel,Auto,18444,969000.0,8,Hyderabad
Hyundai NEW I20,Hyundai,2024,14576,Petrol,Auto,15667,915000.0,2,Hyderabad
Maruti Celerio,Maruti,2022,41670,Petrol,Manual,7555,428000.0,4,Hyderabad
Maruti Alto K10,Maruti,2022,25292,Petrol,Auto,7149,405000.0,4,Hyderabad
Maruti Swift,Maruti,2024,37476,Petrol,Manual,11192,634000.0,2,Hyderabad
Tata ALTROZ,Tata,2022,59865,Petrol,Manual,10803,612000.0,4,Hyderabad
Skoda SLAVIA,Skoda,2022,95745,Petrol,Auto,16215,947000.0000000001,4,Hyderabad
Mahindra XUV700,Mahindra,2023,40596,Diesel,Auto,35409,2068000.0,3,Hyderabad
Tata Tiago,Tata,2021,39344,Petrol,Manual,9179,520000.0,5,Hyderabad
Maruti Vitara Brezza,Maruti,2016,74390,Diesel,Manual,13852,526000.0,10,Hyderabad
Hyundai Elite i20,Hyundai,2015,118473,Diesel,Manual,15544,468000.0,11,Hyderabad
Maruti Celerio,Maruti,2022,27288,Petrol,Manual,9374,531000.0,4,Hyderabad
Tata Tiago,Tata,2021,57841,Petrol,Auto,8544,484000.0,5,Hyderabad
BMW 5 Series,BMW,2012,106890,Diesel,Auto,8544,1334000.0,14,Hyderabad
Mahindra XUV700,Mahindra,2023,67678,Petrol,Manual,25341,1480000.0,3,Hyderabad
Mahindra XUV300,Mahindra,2019,63796,Petrol,Manual,12569,712000.0,7,Hyderabad
Toyota Corolla Altis,Toyota,2011,284313,Diesel,Manual,12569,331000.0,15,Hyderabad
Mahindra XUV700,Mahindra,2023,69144,Diesel,Manual,31642,1848000.0,3,Hyderabad
Jeep Compass,Jeep,2018,130046,Petrol,Auto,17306,778000.0,8,Hyderabad
Hyundai Creta,Hyundai,2015,78288,Diesel,Auto,28024,856000.0,11,Hyderabad
Maruti Vitara Brezza,Maruti,2020,101523,Petrol,Manual,16995,764000.0,6,Hyderabad
Mahindra Thar,Mahindra,2021,47442,Petrol,Auto,17653,1031000.0,5,Hyderabad
MG ASTOR,MG,2022,59449,Petrol,Auto,18646,1089000.0,4,Hyderabad
Maruti JIMNY,Maruti,2024,10608,Petrol,Auto,22739,1328000.0,2,Hyderabad
Hyundai i20 Active,Hyundai,2017,65992,Petrol,Manual,10753,550000.0,9,Hyderabad
Toyota URBAN CRUISER HYRYDER,Toyota,2023,39553,Petrol,Manual,20821,1216000.0,3,Hyderabad
Mahindra Thar,Mahindra,2020,33005,Petrol,Auto,17979,1050000.0,6,Hyderabad
Toyota Innova Crysta,Toyota,2023,22271,Diesel,Manual,36591,2137000.0,3,Hyderabad
Honda City,Honda,2019,120105,Petrol,Auto,16683,750000.0,7,Hyderabad
Hyundai VENUE,Hyundai,2020,106553,Diesel,Manual,16172,727000.0,6,Hyderabad
Maruti Baleno,Maruti,2019,101964,Petrol,Manual,11901,535000.0,7,Hyderabad
Maruti Ertiga,Maruti,2024,40106,Petrol,Manual,18321,1070000.0,2,Hyderabad
Maruti Celerio,Maruti,2017,122219,Petrol,Auto,6696,301000.0,9,Hyderabad
Toyota Fortuner,Toyota,2012,171838,Diesel,Manual,6696,950000.0,14,Hyderabad
Mahindra Thar,Mahindra,2023,103368,Diesel,Auto,27178,1250000.0,3,Hyderabad
BMW X1,BMW,2019,26756,Diesel,Auto,38183,2230000.0,7,Hyderabad
Jeep Compass,Jeep,2021,116150,Diesel,Auto,41376,1903000.0,5,Hyderabad
Honda Jazz,Honda,2018,117438,Petrol,Manual,10455,470000.0,8,Hyderabad
Honda Amaze,Honda,2022,45107,Petrol,Auto,11880,673000.0,4,Hyderabad
Hyundai Creta,Hyundai,2022,114198,Diesel,Manual,31070,1429000.0,4,Hyderabad
Hyundai GRAND I10 NIOS,Hyundai,2020,24188,Petrol,Manual,9179,520000.0,6,Hyderabad
Hyundai i20 Active,Hyundai,2019,46830,Petrol,Manual,10998,623000.0,7,Hyderabad
Honda Amaze,Honda,2024,8427,Petrol,Auto,13715,801000.0,2,Hyderabad
Maruti S Cross,Maruti,2018,54922,Diesel,Manual,12629,646000.0,8,Hyderabad
Maruti Celerio,Maruti,2022,11240,Petrol,Manual,9780,554000.0,4,Hyderabad
BMW 3 Series,BMW,2013,94547,Diesel,Auto,87144,986000.0,13,Hyderabad
Honda City,Honda,2013,130705,Petrol,Manual,15252,324000.0,13,Hyderabad
KIA SELTOS,KIA,2021,74696,Petrol,Manual,15581,910000.0,5,Hyderabad
Hyundai Verna,Hyundai,2018,72797,Diesel,Auto,15703,825000.0,8,Hyderabad
Maruti Celerio,Maruti,2018,66188,Petrol,Manual,6549,371000.0,8,Hyderabad
MG ASTOR,MG,2022,45934,Petrol,Auto,15838,925000.0,4,Hyderabad
Tata NEXON,Tata,2017,55478,Diesel,Manual,13658,614000.0,9,Hyderabad
MG HECTOR,MG,2019,155324,Diesel,Manual,26330,1211000.0,7,Hyderabad
Maruti Vitara Brezza,Maruti,2018,82166,Diesel,Auto,14096,721000.0,8,Hyderabad
Mahindra XUV700,Mahindra,2021,140437,Petrol,Manual,27178,1250000.0,5,Hyderabad
Maruti Swift,Maruti,2023,30046,Petrol,Manual,10786,611000.0,3,Hyderabad
MG HECTOR,MG,2021,1760000,Diesel,Manual,25004,1150000.0,5,Hyderabad
Maruti Baleno,Maruti,2019,34136,Petrol,Manual,9709,550000.0,7,Hyderabad
Maruti S Cross,Maruti,2018,172004,Diesel,Manual,13347,600000.0,8,Hyderabad
Honda CRV,Honda,2015,135734,Petrol,Auto,17907,680000.0,11,Hyderabad
Audi Q3,Audi,2015,102655,Diesel,Auto,52742,1611000.0,11,Hyderabad
Hyundai VENUE,Hyundai,2020,22039,Petrol,Auto,15496,905000.0000000001,6,Hyderabad
Tata ALTROZ,Tata,2022,27769,Petrol,Auto,12763,723000.0,4,Hyderabad
Maruti S Cross,Maruti,2021,71084,Petrol,Manual,12639,716000.0,5,Hyderabad
Hyundai Creta,Hyundai,2016,163503,Diesel,Auto,20676,800000.0,10,Hyderabad
Mahindra XUV500,Mahindra,2015,133269,Diesel,Manual,22220,669000.0,11,Hyderabad
Hyundai Verna,Hyundai,2019,92990,Diesel,Auto,14383,840000.0,7,Hyderabad
Ford Ecosport,Ford,2017,125197,Petrol,Auto,10099,454000.0,9,Hyderabad
Maruti Baleno,Maruti,2019,28082,Petrol,Manual,9921,562000.0,7,Hyderabad
Mahindra XUV500,Mahindra,2021,93475,Diesel,Auto,22978,1342000.0,5,Hyderabad
Maruti Alto,Maruti,2020,32278,Petrol,Manual,5119,290000.0,6,Hyderabad
Maruti S Cross,Maruti,2016,111653,Diesel,Manual,15405,585000.0,10,Hyderabad
Mahindra XUV300,Mahindra,2022,41821,Diesel,Auto,15410,900000.0,4,Hyderabad
Hyundai Elite i20,Hyundai,2015,41974,Petrol,Manual,12272,466000.0,11,Hyderabad
Mahindra XUV500,Mahindra,2013,98950,Diesel,Manual,32430,365000.0,13,Hyderabad
Renault Kiger,Renault,2023,42787,Petrol,Auto,12886,730000.0,3,Hyderabad
Mahindra XUV500,Mahindra,2019,84698,Diesel,Auto,22345,1305000.0,7,Hyderabad
MG HECTOR PLUS,MG,2023,13428,Diesel,Manual,27824,1625000.0,3,Hyderabad
Nissan MAGNITE,Nissan,2023,14019,Petrol,Manual,11810,669000.0,3,Hyderabad
Mercedes Benz E Class,Mercedes,2014,118084,Diesel,Auto,72242,1550000.0,12,Hyderabad
Mahindra Thar,Mahindra,2023,12692,Petrol,Auto,24331,1421000.0,3,Hyderabad
Mahindra XUV300,Mahindra,2024,32776,Petrol,Manual,17208,1005000.0000000001,2,Hyderabad
Renault Fluence,Renault,2013,192442,Diesel,Manual,28876,325000.0,13,Hyderabad
KIA SONET,KIA,2023,35912,Diesel,Manual,17979,1050000.0,3,Hyderabad
Tata NEXON,Tata,2022,58024,Diesel,Manual,15393,899000.0,4,Hyderabad
Audi A4,Audi,2013,118106,Diesel,Auto,74241,840000.0,13,Hyderabad
Maruti S Cross,Maruti,2019,64482,Diesel,Manual,12639,716000.0,7,Hyderabad
Porsche Cayenne,Porsche,2021,32740,Petrol,Auto,139514,8148000.0,5,Hyderabad
Volvo S90,Volvo,2017,110000,Diesel,Auto,42463,1953000.0,9,Hyderabad
Maruti Grand Vitara,Maruti,2023,60479,Petrol,Manual,17568,1026000.0,3,Hyderabad
Jeep Compass,Jeep,2018,107000,Diesel,Manual,18481,850000.0,8,Hyderabad
MG HECTOR,MG,2019,113991,Petrol,Auto,20829,958000.0,7,Hyderabad
BMW 3 Series,BMW,2014,156770,Diesel,Auto,52973,1137000.0,12,Hyderabad
Mahindra TUV300,Mahindra,2018,101200,Diesel,Manual,11456,515000.00000000006,8,Hyderabad
KIA SONET,KIA,2023,25651,Petrol,Auto,20547,1200000.0,3,Hyderabad
Porsche Cayenne,Porsche,2016,89355,Diesel,Auto,97463,3771000.0,10,Hyderabad
Ford Ecosport,Ford,2015,89843,Diesel,Manual,16773,505000.0,11,Hyderabad
CITROEN C3,CITROEN,2022,28000,Petrol,Manual,9003,509999.99999999994,4,Hyderabad
Ford Ecosport,Ford,2013,130648,Diesel,Manual,30120,339000.0,13,Hyderabad
Volvo XC 60,Volvo,2012,146550,Diesel,Auto,30120,600000.0,14,Hyderabad
Volvo S60,Volvo,2012,104536,Diesel,Auto,30120,653000.0,14,Hyderabad
Maruti Ertiga,Maruti,2021,45642,Petrol,Auto,15205,888000.0000000001,5,Hyderabad
Hyundai VENUE,Hyundai,2021,52805,Petrol,Manual,12745,722000.0,5,Hyderabad
Toyota Innova,Toyota,2013,184472,Diesel,Manual,69036,777000.0,13,Hyderabad
Hyundai Creta,Hyundai,2019,71096,Petrol,Manual,13938,814000.0,7,Hyderabad
MG HECTOR PLUS,MG,2024,33694,Diesel,Manual,30701,1793000.0,2,Hyderabad
Tata Tiago,Tata,2018,59408,Petrol,Auto,7238,409999.99999999994,8,Hyderabad
MG HECTOR,MG,2020,85185,Diesel,Manual,21403,1250000.0,6,Hyderabad
KIA SONET,KIA,2022,31738,Diesel,Manual,18715,1093000.0,4,Hyderabad
Jeep Compass,Jeep,2018,123000,Diesel,Manual,22308,1026000.0,8,Hyderabad
Maruti Celerio,Maruti,2017,83948,Petrol,Auto,6843,350000.0,9,Hyderabad
BMW X3,BMW,2012,135377,Diesel,Auto,6843,1139000.0,14,Hyderabad
MG HECTOR PLUS,MG,2023,18000,Petrol,Manual,25084,1465000.0,3,Hyderabad
MG COMET,MG,2024,43935,Electric,Auto,12834,727000.0,2,Hyderabad
Maruti Celerio,Maruti,2017,43393,Petrol,Auto,7214,369000.0,9,Hyderabad
Tata Harrier,Tata,2021,72264,Diesel,Auto,23389,1366000.0,5,Hyderabad
Maruti Vitara Brezza,Maruti,2021,28543,Petrol,Manual,16232,948000.0,5,Hyderabad
BYD Seal,BYD,2024,29000,Electric,Auto,58661,3426000.0,2,Hyderabad
BMW X1,BMW,2014,85804,Diesel,Auto,35023,744000.0,12,Hyderabad
Mercedes Benz S Class,Mercedes,2016,131190,Diesel,Auto,93044,3600000.0,10,Hyderabad
Tata Safari,Tata,2022,166300,Diesel,Manual,29352,1350000.0,4,Hyderabad
KIA SELTOS,KIA,2022,93931,Diesel,Auto,23492,1372000.0,4,Hyderabad
Audi Q3,Audi,2014,126369,Diesel,Auto,49777,1068000.0,12,Hyderabad
Hyundai Verna,Hyundai,2017,60362,Diesel,Manual,18481,850000.0,9,Hyderabad
Mahindra Thar,Mahindra,2021,92782,Diesel,Auto,24126,1409000.0,5,Hyderabad
Maruti BREZZA,Maruti,2023,30256,Petrol,Manual,15838,925000.0,3,Hyderabad
MG HECTOR,MG,2019,131833,Diesel,Manual,22895,1053000.0,7,Hyderabad
Maruti Ciaz,Maruti,2022,80485,Petrol,Manual,12004,680000.0,4,Hyderabad
Toyota Fortuner,Toyota,2017,205953,Diesel,Auto,52117,2397000.0,9,Hyderabad
KIA CARNIVAL,KIA,2022,61386,Diesel,Auto,36574,2136000.0,4,Hyderabad
Volvo XC 60,Volvo,2015,130723,Diesel,Auto,26191,800000.0,11,Hyderabad
Maruti Baleno,Maruti,2015,255720,Diesel,Manual,13651,411000.00000000006,11,Hyderabad
Maruti S Cross,Maruti,2018,162960,Diesel,Manual,15571,700000.0,8,Hyderabad
Maruti BREZZA,Maruti,2023,32702,Petrol,Manual,18595,1086000.0,3,Hyderabad
Maruti S Cross,Maruti,2018,69896,Diesel,Manual,14858,760000.0,8,Hyderabad
Maruti S Cross,Maruti,2018,186648,Diesel,Manual,14214,639000.0,8,Hyderabad
KIA SELTOS,KIA,2019,50253,Diesel,Auto,22088,1290000.0,7,Hyderabad
Toyota Fortuner,Toyota,2015,136834,Diesel,Auto,37650,1150000.0,11,Hyderabad
Maruti Ertiga,Maruti,2023,83951,Petrol,Manual,16352,955000.0000000001,3,Hyderabad
KIA SONET,KIA,2020,72978,Petrol,Manual,12357,700000.0,6,Hyderabad
KIA SONET,KIA,2023,72796,Diesel,Auto,19434,1135000.0,3,Hyderabad
MG ASTOR,MG,2021,52079,Petrol,Auto,17979,1050000.0,5,Hyderabad
Hyundai i20 Active,Hyundai,2017,166323,Diesel,Manual,11968,538000.0,9,Hyderabad
KIA SONET,KIA,2021,52712,Diesel,Manual,15941,931000.0,5,Hyderabad
KIA SELTOS,KIA,2020,76241,Petrol,Manual,18407,1075000.0,6,Hyderabad
Hyundai GRAND I10 NIOS,Hyundai,2024,11064,Petrol,Manual,11174,633000.0,2,Hyderabad
Hyundai NEW I20 N LINE,Hyundai,2023,32042,Petrol,Auto,16609,969999.9999999999,3,Hyderabad
Mercedes Benz E Class,Mercedes,2018,74595,Diesel,Auto,45682,2400000.0,8,Hyderabad
Tata Tiago,Tata,2021,48964,Petrol,Manual,7644,433000.0,5,Hyderabad
BMW X5,BMW,2011,119360,Diesel,Auto,7644,1457000.0,15,Hyderabad
KIA SELTOS,KIA,2022,150750,Diesel,Manual,26047,1198000.0,4,Hyderabad
Maruti Dzire,Maruti,2021,60128,Petrol,Auto,9815,556000.0,5,Hyderabad
Maruti Vitara Brezza,Maruti,2019,103206,Diesel,Auto,18655,858000.0,7,Hyderabad
Skoda Superb,Skoda,2019,102255,Petrol,Auto,29744,1368000.0,7,Hyderabad
MG HECTOR,MG,2019,49872,Petrol,Auto,18475,1079000.0,7,Hyderabad
Mercedes Benz A CLASS LIMOUSINE,Mercedes,2023,55673,Petrol,Auto,47087,2750000.0,3,Hyderabad
Jeep Compass,Jeep,2022,57552,Diesel,Manual,32070,1873000.0,4,Hyderabad
Audi A6,Audi,2019,64398,Petrol,Auto,43012,2512000.0,7,Hyderabad
Hyundai Creta,Hyundai,2016,54616,Petrol,Manual,17262,776000.0,10,Hyderabad
Maruti Vitara Brezza,Maruti,2017,164105,Diesel,Manual,13258,596000.0,9,Hyderabad
MG HECTOR,MG,2019,68353,Diesel,Manual,20804,1215000.0,7,Hyderabad
KIA SONET,KIA,2023,66392,Petrol,Manual,13240,750000.0,3,Hyderabad
KIA SONET,KIA,2020,92824,Petrol,Manual,11421,647000.0,6,Hyderabad
Tata Harrier,Tata,2023,72648,Diesel,Auto,39570,2311000.0,3,Hyderabad
Mahindra XUV700,Mahindra,2023,58000,Diesel,Manual,26454,1545000.0,3,Hyderabad
MG HECTOR PLUS,MG,2023,104683,Diesel,Manual,25004,1150000.0,3,Hyderabad
Hyundai Creta,Hyundai,2022,25327,Diesel,Manual,28252,1650000.0,4,Hyderabad
Audi A4,Audi,2015,128528,Diesel,Auto,49468,1511000.0,11,Hyderabad
MG HECTOR PLUS,MG,2020,60500,Petrol,Auto,20958,1224000.0,6,Hyderabad
Audi Q3,Audi,2022,22997,Petrol,Auto,61692,3603000.0,4,Hyderabad
Hyundai Creta,Hyundai,2019,86124,Petrol,Manual,20273,1184000.0,7,Hyderabad
Mercedes Benz EQC,Mercedes,2020,86911,Electric,Auto,63353,3700000.0,6,Hyderabad
MG ASTOR,MG,2022,43046,Petrol,Auto,19862,1160000.0,4,Hyderabad
Toyota Innova,Toyota,2014,312500,Diesel,Manual,33140,704000.0,12,Hyderabad
BMW 3 Series,BMW,2014,106224,Diesel,Auto,63620,1365000.0,12,Hyderabad
KIA SELTOS,KIA,2021,61332,Petrol,Manual,17944,1048000.0,5,Hyderabad
Audi Q5,Audi,2012,158251,Diesel,Auto,17944,1110000.0,14,Hyderabad
Audi Q5,Audi,2022,38290,Petrol,Auto,122254,7140000.000000001,4,Hyderabad
Tata Tiago,Tata,2021,28906,Petrol,Manual,9162,519000.00000000006,5,Hyderabad
Tata Safari,Tata,2024,39869,Diesel,Auto,38354,2240000.0,2,Hyderabad
Tata Safari,Tata,2023,69436,Diesel,Auto,29194,1705000.0,3,Hyderabad
MG HECTOR PLUS,MG,2021,111043,Petrol,Auto,25460,1171000.0,5,Hyderabad
BMW 3 Series,BMW,2013,96014,Diesel,Auto,104821,1186000.0,13,Hyderabad
Honda ELEVATE,Honda,2023,51686,Petrol,Manual,18835,1100000.0,3,Hyderabad
Maruti Vitara Brezza,Maruti,2017,87252,Diesel,Manual,13925,626000.0,9,Hyderabad
Mahindra XUV300,Mahindra,2021,55198,Petrol,Auto,14126,825000.0,5,Hyderabad
BMW X3,BMW,2017,89948,Diesel,Auto,40223,1850000.0,9,Hyderabad
Toyota Innova Crysta,Toyota,2021,44876,Diesel,Auto,43046,2514000.0,5,Hyderabad
Hyundai Creta,Hyundai,2016,97331,Petrol,Auto,15237,685000.0,10,Hyderabad
Maruti Vitara Brezza,Maruti,2019,74421,Diesel,Auto,15410,900000.0,7,Hyderabad
Hyundai Creta,Hyundai,2019,157280,Diesel,Auto,24221,1114000.0,7,Hyderabad
BMW 6 Series,BMW,2018,112049,Diesel,Auto,63053,2900000.0,8,Hyderabad
Maruti Vitara Brezza,Maruti,2019,56333,Diesel,Manual,14434,843000.0,7,Hyderabad
Maruti XL6,Maruti,2020,50941,Petrol,Auto,15787,922000.0000000001,6,Hyderabad
Mercedes Benz GLA Class,Mercedes,2022,73471,Diesel,Auto,51282,2995000.0,4,Hyderabad
Jaguar XJ L,Jaguar,2013,59501,Diesel,Auto,236951,2681000.0,13,Hyderabad
Maruti Celerio,Maruti,2023,13965,Petrol,Auto,10150,575000.0,3,Hyderabad
KIA SELTOS,KIA,2020,68652,Diesel,Auto,21403,1250000.0,6,Hyderabad
Honda City,Honda,2021,44251,Petrol,Manual,15650,914000.0,5,Hyderabad
Ford Ecosport,Ford,2021,87140,Diesel,Manual,16146,943000.0,5,Hyderabad
Toyota Fortuner,Toyota,2021,88389,Diesel,Auto,65750,3840000.0,5,Hyderabad
MG HECTOR,MG,2023,39779,Petrol,Auto,30666,1791000.0,3,Hyderabad
Volvo XC 90,Volvo,2011,120289,Diesel,Auto,30666,1299000.0,15,Hyderabad
Landrover Range Rover,Landrover,2015,69101,Diesel,Auto,122541,3743000.0,11,Hyderabad
Toyota URBAN CRUISER,Toyota,2021,42516,Petrol,Manual,13869,810000.0,5,Hyderabad
Audi Q5,Audi,2021,21507,Petrol,Auto,92461,5400000.0,5,Hyderabad
Hyundai NEW I20,Hyundai,2022,86362,Diesel,Manual,14366,839000.0,4,Hyderabad
KIA SONET,KIA,2023,19600,Petrol,Manual,14554,850000.0,3,Hyderabad
Mercedes Benz M Class,Mercedes,2012,119863,Diesel,Auto,14554,1500000.0,14,Hyderabad
Hyundai Elite i20,Hyundai,2016,106246,Diesel,Manual,12930,491000.0,10,Hyderabad
Volvo V90 CROSS COUNTRY,Volvo,2020,88049,Diesel,Auto,51098,2984000.0,6,Hyderabad
Jeep Compass,Jeep,2024,12343,Diesel,Manual,29810,1741000.0,2,Hyderabad
MG HECTOR,MG,2022,50734,Petrol,Auto,21403,1250000.0,4,Hyderabad
BMW X1,BMW,2016,71124,Diesel,Auto,38639,1495000.0,10,Hyderabad
Maruti Alto,Maruti,2020,41741,Petrol,Manual,5614,318000.0,6,Hyderabad
Jeep Compass,Jeep,2020,160000,Diesel,Auto,34657,1594000.0,6,Hyderabad
MG HECTOR PLUS,MG,2020,35882,Petrol,Auto,20050,1171000.0,6,Hyderabad
Volvo S60,Volvo,2018,61054,Diesel,Auto,32662,1716000.0,8,Hyderabad
Jeep Compass,Jeep,2020,55930,Diesel,Auto,23543,1375000.0,6,Hyderabad
Maruti Grand Vitara,Maruti,2022,57270,Petrol,Manual,20735,1211000.0,4,Hyderabad
Jeep Compass,Jeep,2020,95644,Diesel,Manual,23355,1364000.0,6,Hyderabad
Renault Koleos,Renault,2012,198452,Diesel,Auto,23355,662000.0,14,Hyderabad
Tata Safari,Tata,2021,102750,Diesel,Manual,32983,1517000.0,5,Hyderabad
BMW X6,BMW,2013,100864,Diesel,Auto,128153,1450000.0,13,Hyderabad
Maruti S Cross,Maruti,2019,163863,Diesel,Manual,17684,795000.0,7,Hyderabad
Volvo XC 60,Volvo,2012,168126,Diesel,Auto,17684,616000.0,14,Hyderabad
Tata Safari,Tata,2021,46942,Diesel,Manual,24451,1428000.0,5,Hyderabad
Tata Safari,Tata,2024,15514,Diesel,Manual,34399,2009000.0,2,Hyderabad
Tata TIAGO EV,Tata,2025,20090,Electric,Auto,16609,969999.9999999999,1,Hyderabad
Tata Safari,Tata,2023,23741,Diesel,Auto,34125,1993000.0,3,Hyderabad
BMW 5 Series,BMW,2022,32897,Petrol,Auto,87444,5107000.0,4,Hyderabad
Maruti S Cross,Maruti,2019,83136,Diesel,Manual,13698,800000.0,7,Hyderabad
Skoda Superb,Skoda,2021,115573,Petrol,Auto,50638,2329000.0,5,Hyderabad
Audi Q7,Audi,2016,126990,Diesel,Auto,45230,1750000.0,10,Hyderabad
Tata TIAGO EV,Tata,2024,10602,Electric,Auto,13398,759000.0,2,Hyderabad
Volvo V 40,Volvo,2016,131982,Diesel,Auto,33186,1284000.0,10,Hyderabad
Tata TIGOR EV,Tata,2023,43862,Electric,Auto,16592,969000.0,3,Hyderabad
Mercedes Benz GLS,Mercedes,2022,20907,Diesel,Auto,179786,10500000.0,4,Hyderabad
Tata NEXON EV,Tata,2022,91582,Electric,Auto,20992,1226000.0,4,Hyderabad
Tata TIAGO EV,Tata,2025,27500,Electric,Auto,16609,969999.9999999999,1,Hyderabad
Audi Q7,Audi,2023,15983,Petrol,Auto,123453,7209999.999999999,3,Hyderabad
Maruti Swift,Maruti,2025,4471,Petrol,Auto,18287,1068000.0,1,Hyderabad
KIA SONET,KIA,2023,61778,Petrol,Manual,14105,799000.0,3,Hyderabad
Tata NEXON EV,Tata,2022,152000,Electric,Auto,21199,975000.0,4,Hyderabad
MG GLOSTER,MG,2020,38204,Diesel,Auto,43097,2517000.0,6,Hyderabad
Jeep Compass,Jeep,2023,25524,Diesel,Manual,35067,2048000.0,3,Hyderabad
Volvo XC 90,Volvo,2016,260885,Diesel,Auto,72471,2804000.0,10,Hyderabad
Maruti BREZZA,Maruti,2024,41828,Petrol,Manual,16866,985000.0,2,Hyderabad
Skoda Superb,Skoda,2020,100202,Petrol,Auto,51334,2361000.0,6,Hyderabad
Jeep Compass,Jeep,2021,60043,Diesel,Auto,30820,1800000.0,5,Hyderabad
Maruti Alto K10,Maruti,2022,59918,Petrol,Manual,7008,397000.0,4,Hyderabad
Hyundai i20,Hyundai,2010,195548,Diesel,Manual,7008,1068000.0,16,Hyderabad
Tata NEXON EV,Tata,2022,17122,Electric,Auto,19691,1150000.0,4,Hyderabad
Tata NEXON EV,Tata,2021,142511,Electric,Auto,20655,950000.0,5,Hyderabad
Hyundai ALCAZAR,Hyundai,2021,47331,Diesel,Auto,32618,1905000.0,5,Hyderabad
Mercedes Benz S Class,Mercedes,2019,23500,Petrol,Auto,130131,7600000.0,7,Hyderabad
Jeep Compass,Jeep,2023,26474,Diesel,Auto,45854,2678000.0,3,Hyderabad
BMW 6 Series,BMW,2019,110777,Diesel,Auto,64140,2950000.0,7,Hyderabad
Tata NEXON EV,Tata,2022,35402,Electric,Auto,18663,1090000.0,4,Hyderabad
MG ZS EV,MG,2020,86946,Electric,Auto,19657,1148000.0,6,Hyderabad
Honda ELEVATE,Honda,2023,33324,Petrol,Auto,21745,1270000.0,3,Hyderabad
CITROEN C5 AIRCROSS,CITROEN,2022,93101,Diesel,Auto,45888,2680000.0,4,Hyderabad
Volvo XC 90,Volvo,2019,132324,Diesel,Auto,87209,4011000.0,7,Hyderabad
MG GLOSTER,MG,2021,143945,Diesel,Auto,47833,2200000.0,5,Hyderabad
Tata Harrier,Tata,2023,45395,Diesel,Auto,38525,2250000.0,3,Hyderabad
Hyundai KONA ELECTRIC,Hyundai,2022,138411,Electric,Auto,34875,1604000.0,4,Hyderabad
Jeep MERIDIAN,Jeep,2022,28429,Diesel,Auto,45991,2686000.0,4,Hyderabad
Hyundai KONA ELECTRIC,Hyundai,2022,95915,Electric,Auto,27276,1593000.0,4,Hyderabad
Hyundai NEW I20,Hyundai,2021,102649,Petrol,Manual,12123,545000.0,5,Hyderabad
Maruti Celerio,Maruti,2016,74821,Petrol,Manual,7519,338000.0,10,Hyderabad
Maruti Celerio,Maruti,2016,66610,Petrol,Manual,6540,294000.0,10,Hyderabad
Honda WR-V,Honda,2019,26000,Petrol,Manual,13734,778000.0,7,Hyderabad
MG HECTOR,MG,2021,43914,Diesel,Manual,22910,1338000.0,5,Hyderabad
Maruti Alto,Maruti,2019,130608,Petrol,Manual,5094,229000.0,7,Hyderabad
Tata Harrier,Tata,2020,188332,Diesel,Auto,26308,1210000.0,6,Hyderabad
Maruti Ritz,Maruti,2011,86255,Diesel,Manual,26308,145000.0,15,Hyderabad
Mahindra Thar,Mahindra,2021,47201,Diesel,Auto,23475,1371000.0,5,Hyderabad
Mahindra XUV300,Mahindra,2022,37000,Petrol,Auto,16283,951000.0,4,Hyderabad
Skoda SLAVIA,Skoda,2022,45205,Petrol,Manual,15136,884000.0,4,Hyderabad
Honda BR-V,Honda,2016,139506,Petrol,Auto,15460,695000.0,10,Hyderabad
Ford Ecosport,Ford,2018,93833,Petrol,Auto,9691,549000.0,8,Hyderabad
KIA SELTOS,KIA,2020,76759,Diesel,Manual,17756,1036999.9999999999,6,Hyderabad
Hyundai Elite i20,Hyundai,2019,73448,Petrol,Manual,9621,545000.0,7,Hyderabad
Tata Zest,Tata,2018,129490,Diesel,Manual,5561,250000.0,8,Hyderabad
KIA SELTOS,KIA,2022,87981,Petrol,Manual,20718,1210000.0,4,Hyderabad
Maruti BREZZA,Maruti,2022,73731,Petrol,Manual,20735,1211000.0,4,Hyderabad
Hyundai Xcent,Hyundai,2015,97945,Diesel,Manual,8835,266000.0,11,Hyderabad
BMW 3 Series,BMW,2016,141493,Diesel,Auto,29386,1137000.0,10,Hyderabad
Honda City,Honda,2016,65617,Petrol,Manual,11322,509000.0,10,Hyderabad
MG GLOSTER,MG,2020,131000,Diesel,Auto,47833,2200000.0,6,Hyderabad
Tata Hexa,Tata,2017,129941,Diesel,Manual,13525,608000.0,9,Hyderabad
Skoda Rapid,Skoda,2012,94323,Diesel,Manual,13525,214000.0,14,Hyderabad
Volkswagen Polo,Volkswagen,2017,55480,Petrol,Manual,8524,436000.00000000006,9,Hyderabad
Maruti Swift Dzire,Maruti,2016,113832,Petrol,Manual,9429,424000.0,10,Hyderabad
Audi A6,Audi,2021,77666,Petrol,Auto,71692,4186999.9999999995,5,Hyderabad
Maruti Alto,Maruti,2011,62737,Petrol,Manual,71692,111000.00000000001,15,Hyderabad
MG HECTOR PLUS,MG,2021,46524,Diesel,Manual,22105,1291000.0,5,Hyderabad
Maruti Baleno,Maruti,2017,96960,Petrol,Auto,8231,421000.0,9,Hyderabad
Mahindra XUV500,Mahindra,2015,112843,Diesel,Manual,25110,756000.0,11,Hyderabad
Hyundai Santro Xing,Hyundai,2011,74751,Petrol,Manual,25110,167000.0,15,Hyderabad
Ford Ecosport,Ford,2021,20740,Diesel,Manual,16917,988000.0000000001,5,Hyderabad
Hyundai i10,Hyundai,2012,101267,Petrol,Manual,14038,158000.0,14,Hyderabad
Volkswagen Polo,Volkswagen,2014,59971,Petrol,Manual,9740,293000.0,12,Hyderabad
Tata ALTROZ,Tata,2021,84294,Petrol,Manual,8491,480999.99999999994,5,Hyderabad
Maruti Dzire,Maruti,2021,103873,Petrol,Manual,10588,476000.0,5,Hyderabad
Hyundai Grand i10,Hyundai,2015,73826,Petrol,Manual,7479,284000.0,11,Hyderabad
Maruti XL6,Maruti,2021,60390,Petrol,Auto,14012,794000.0,5,Hyderabad
Maruti Celerio,Maruti,2021,33389,Petrol,Manual,5949,337000.0,5,Hyderabad
Maruti Swift Dzire,Maruti,2016,86116,Diesel,Manual,10902,413999.99999999994,10,Hyderabad
Maruti Baleno,Maruti,2021,91848,Petrol,Manual,8526,483000.0,5,Hyderabad
Ford New Figo,Ford,2019,101901,Petrol,Manual,6785,305000.0,7,Hyderabad
Mahindra MARAZZO,Mahindra,2019,29994,Diesel,Manual,10190,577000.0,7,Hyderabad
Hyundai NEW I20,Hyundai,2022,42433,Petrol,Manual,10062,570000.0,4,Hyderabad
Tata NEXON,Tata,2018,77142,Petrol,Manual,8209,465000.00000000006,8,Hyderabad
Hyundai Xcent,Hyundai,2015,79667,Petrol,Manual,7531,286000.0,11,Hyderabad
Hyundai Grand i10,Hyundai,2014,40965,Petrol,Manual,8503,256000.0,12,Hyderabad
Ford Figo Aspire,Ford,2019,63356,Petrol,Manual,6390,362000.0,7,Hyderabad
KIA SELTOS,KIA,2021,18210,Petrol,Manual,14431,843000.0,5,Hyderabad
Volkswagen Polo,Volkswagen,2021,79997,Petrol,Manual,11916,675000.0,5,Hyderabad
Maruti Vitara Brezza,Maruti,2018,52670,Diesel,Auto,12708,650000.0,8,Hyderabad
Renault Kwid,Renault,2018,43357,Petrol,Manual,4201,238000.0,8,Hyderabad
Hyundai Elite i20,Hyundai,2019,90928,Petrol,Manual,8685,492000.0,7,Hyderabad
Renault Kwid,Renault,2016,62592,Petrol,Manual,4338,195000.0,10,Hyderabad
Maruti Swift,Maruti,2018,59610,Petrol,Auto,7680,434999.99999999994,8,Hyderabad
Hyundai Elite i20,Hyundai,2015,55093,Petrol,Manual,10718,407000.0,11,Hyderabad
Maruti Alto 800,Maruti,2018,43070,Petrol,Manual,3795,215000.0,8,Hyderabad
Maruti S Cross,Maruti,2021,27323,Petrol,Manual,12533,710000.0,5,Hyderabad
Renault Kwid,Renault,2022,45071,Petrol,Auto,6811,386000.0,4,Hyderabad
Hyundai VENUE,Hyundai,2020,67336,Diesel,Manual,13240,750000.0,6,Hyderabad
Nissan Terrano,Nissan,2014,88332,Diesel,Manual,16570,352000.0,12,Hyderabad
Maruti New Wagon-R,Maruti,2023,39726,Petrol,Manual,9321,528000.0,3,Hyderabad
Hyundai Grand i10,Hyundai,2016,80179,Petrol,Auto,7118,320000.0,10,Hyderabad
Hyundai Grand i10,Hyundai,2015,60077,Diesel,Manual,11029,332000.0,11,Hyderabad
Datsun Go,Datsun,2017,16584,Petrol,Manual,4692,240000.0,9,Hyderabad
Ford Ecosport,Ford,2019,67822,Petrol,Auto,11242,637000.0,7,Hyderabad
Maruti Wagon R 1.0,Maruti,2014,115132,Petrol,Manual,6909,208000.0,12,Hyderabad
Mahindra TUV300,Mahindra,2017,123272,Diesel,Manual,11104,499000.0,9,Hyderabad
Mahindra XUV300,Mahindra,2019,77714,Petrol,Manual,10168,576000.0,7,Hyderabad
Renault TRIBER,Renault,2022,24010,Petrol,Auto,9374,531000.0,4,Hyderabad
Hyundai Grand i10,Hyundai,2018,67500,Petrol,Manual,7026,398000.0,8,Hyderabad
Maruti Dzire,Maruti,2018,68893,Petrol,Manual,8385,475000.0,8,Hyderabad
Toyota Glanza,Toyota,2021,51329,Petrol,Manual,9722,551000.0,5,Hyderabad
Maruti Baleno,Maruti,2019,77135,Petrol,Manual,9183,520000.0,7,Hyderabad
Hyundai GRAND I10 NIOS,Hyundai,2022,90205,Petrol,Manual,8473,480000.0,4,Hyderabad
Maruti Swift Dzire,Maruti,2014,34273,Petrol,Manual,11725,353000.0,12,Hyderabad
Hyundai Xcent,Hyundai,2014,104349,Petrol,Manual,9632,290000.0,12,Hyderabad
Maruti Swift,Maruti,2015,65429,Petrol,Manual,9796,372000.0,11,Hyderabad
Hyundai Creta,Hyundai,2016,107738,Diesel,Auto,19499,740000.0,10,Hyderabad
Tata NEXON,Tata,2019,22897,Petrol,Auto,11492,651000.0,7,Hyderabad
Maruti Ertiga,Maruti,2013,93841,Diesel,Manual,35095,395000.0,13,Hyderabad
Hyundai NEW I20 N LINE,Hyundai,2022,56053,Petrol,Manual,14092,823000.0,4,Hyderabad
Hyundai GRAND I10 NIOS,Hyundai,2020,72491,Petrol,Manual,7855,445000.0,6,Hyderabad
KIA SONET,KIA,2020,34610,Petrol,Auto,14383,840000.0,6,Hyderabad
Maruti Celerio,Maruti,2016,71185,Petrol,Auto,6811,306000.0,10,Hyderabad
Hyundai AURA,Hyundai,2023,120141,CNG,Manual,12791,575000.0,3,Hyderabad
Hyundai Grand i10,Hyundai,2014,44084,Petrol,Auto,10894,328000.0,12,Hyderabad
Honda Amaze,Honda,2022,18143,Petrol,Auto,12710,720000.0,4,Hyderabad
KIA SONET,KIA,2020,38102,Petrol,Auto,13045,739000.0,6,Hyderabad
Hyundai i10,Hyundai,2013,21592,Petrol,Auto,13934,296000.0,13,Hyderabad
Mahindra XUV500,Mahindra,2020,73840,Diesel,Auto,17465,1019999.9999999999,6,Hyderabad
Hyundai GRAND I10 NIOS,Hyundai,2021,73516,Petrol,Auto,11068,627000.0,5,Hyderabad
