Car Name,Company,Year of Manufacture,Distance Driven,Fuel Type,Gear Type,EMI,Price,Car Age,City
Jeep Compass,Jeep,2017,46449,Petrol,Auto,13729,702000.0,9,Mumbai
Hyundai Eon,Hyundai,2012,71198,Petrol,Manual,11609,131000.0,14,Mumbai
Volkswagen Polo,Volkswagen,2013,56011,Petrol,Manual,12946,275000.0,13,Mumbai
Ford New Figo,Ford,2015,86735,Petrol,Manual,5766,219000.0,11,Mumbai
Renault Kwid,Renault,2020,22744,Petrol,Manual,5144,291000.0,6,Mumbai
Maruti Swift,Maruti,2016,42492,Petrol,Manual,8081,363000.0,10,Mumbai
Ford New Figo,Ford,2017,47608,Petrol,Manual,5072,259000.0,9,Mumbai
Toyota Camry,Toyota,2021,39751,Hybrid,Auto,49484,2890000.0,5,Mumbai
Tata NEXON,Tata,2018,93457,Diesel,Manual,12009,614000.0,8,Mumbai
Hyundai Verna,Hyundai,2016,120751,Diesel,Manual,13268,504000.0,10,Mumbai
Mercedes Benz GLC CLASS,Mercedes,2016,56130,Diesel,Auto,60091,2325000.0,10,Mumbai
Audi Q7,Audi,2022,32425,Petrol,Auto,106159,6200000.0,4,Mumbai
Volkswagen Vento,Volkswagen,2016,102598,Petrol,Manual,8970,403000.0,10,Mumbai
Tata Tiago,Tata,2018,26180,Petrol,Manual,4961,281000.0,8,Mumbai
KIA SONET,KIA,2020,34389,Diesel,Manual,16009,935000.0,6,Mumbai
BMW X1,BMW,2017,48094,Diesel,Auto,33701,1550000.0,9,Mumbai
Maruti Alto K10,Maruti,2017,72735,CNG,Manual,6401,243000.00000000003,9,Mumbai
Lexus ES,Lexus,2020,43930,Hybrid,Auto,58644,3425000.0,6,Mumbai
Maruti Baleno,Maruti,2020,78662,Diesel,Manual,9637,546000.0,6,Mumbai
Hyundai Verna,Hyundai,2017,122280,Diesel,Manual,15300,688000.0,9,Mumbai
Honda Jazz,Honda,2017,25436,Petrol,Manual,6400,327000.0,9,Mumbai
Maruti Swift Dzire,Maruti,2016,24971,Petrol,Manual,8005,360000.0,10,Mumbai
Datsun Redi Go,Datsun,2018,53059,Petrol,Manual,2499,142000.0,8,Mumbai
Mercedes Benz CLS Class,Mercedes,2015,31794,Diesel,Auto,83484,2550000.0,11,Mumbai
Jeep MERIDIAN,Jeep,2022,39739,Diesel,Auto,40221,2349000.0,4,Mumbai
Audi A6,Audi,2024,4405,Petrol,Auto,87324,5100000.0,2,Mumbai
Maruti Wagon R 1.0,Maruti,2013,48326,CNG,Manual,87324,220000.00000000003,13,Mumbai
Jeep Compass,Jeep,2017,42838,Petrol,Auto,15227,800000.0,9,Mumbai
Hyundai Creta,Hyundai,2020,65875,Petrol,Auto,19793,1156000.0,6,Mumbai
Skoda Superb,Skoda,2016,48557,Petrol,Manual,15665,704000.0,10,Mumbai
Honda BR-V,Honda,2018,36796,Petrol,Manual,9947,563000.0,8,Mumbai
Renault Kwid,Renault,2018,99104,Petrol,Manual,3054,173000.0,8,Mumbai
Ford Ecosport,Ford,2015,115854,Diesel,Manual,13226,398000.0,11,Mumbai
Audi A4,Audi,2022,35016,Petrol,Auto,50939,2975000.0,4,Mumbai
Maruti New Wagon-R,Maruti,2022,42548,CNG,Manual,8725,494000.00000000006,4,Mumbai
Honda City,Honda,2015,52916,Petrol,Auto,10665,405000.0,11,Mumbai
Maruti IGNIS,Maruti,2018,36361,Petrol,Auto,6996,396000.0,8,Mumbai
Hyundai Elite i20,Hyundai,2017,130747,Petrol,Manual,6162,277000.0,9,Mumbai
Hyundai Grand i10,Hyundai,2014,49805,Petrol,Manual,9255,279000.0,12,Mumbai
Mahindra XUV700,Mahindra,2022,49858,Diesel,Auto,35957,2100000.0,4,Mumbai
Volkswagen TAIGUN,Volkswagen,2022,38709,Petrol,Auto,17550,1025000.0,4,Mumbai
Maruti Grand Vitara,Maruti,2024,31080,Petrol,Manual,15952,932000.0,2,Mumbai
Hyundai i10,Hyundai,2012,38053,Petrol,Manual,15922,179000.0,14,Mumbai
Honda City,Honda,2015,74976,CNG,Auto,22204,472000.0,11,Mumbai
Hyundai Verna,Hyundai,2014,58980,CNG,Manual,30654,345000.0,12,Mumbai
BMW X7,BMW,2021,40603,Diesel,Auto,133538,7798999.999999999,5,Mumbai
Maruti Swift Dzire,Maruti,2016,36676,Petrol,Manual,6493,292000.0,10,Mumbai
Maruti Wagon R 1.0,Maruti,2016,128889,Petrol,Manual,3960,178000.0,10,Mumbai
Landrover Range Rover Sport,Landrover,2022,12437,Diesel,Auto,238002,13899999.999999998,4,Mumbai
Maruti Wagon R Stingray,Maruti,2014,55983,Petrol,Manual,7872,237000.0,12,Mumbai
MG ASTOR,MG,2022,25603,Petrol,Manual,14900,869999.9999999999,4,Mumbai
Jaguar XF,Jaguar,2015,36442,Petrol,Auto,34245,1325000.0,11,Mumbai
KIA SELTOS,KIA,2020,47476,Petrol,Auto,18407,1075000.0,6,Mumbai
Tata Curvv,Tata,2024,14132,Petrol,Manual,21403,1250000.0,2,Mumbai
Honda City,Honda,2015,43550,Petrol,Manual,9265,352000.0,11,Mumbai
Datsun Redi Go,Datsun,2016,30283,Petrol,Manual,2870,129000.0,10,Mumbai
Honda City,Honda,2019,32386,Petrol,Manual,11985,679000.0,7,Mumbai
KIA SELTOS,KIA,2022,47335,Diesel,Auto,27824,1625000.0,4,Mumbai
Renault Kwid,Renault,2016,52889,Petrol,Manual,3782,170000.0,10,Mumbai
Skoda Superb,Skoda,2018,61105,Petrol,Auto,17622,1028999.9999999999,8,Mumbai
Maruti New Wagon-R,Maruti,2019,25027,Petrol,Manual,6108,346000.0,7,Mumbai
Skoda Kodiaq,Skoda,2017,32715,Diesel,Auto,39136,1800000.0,9,Mumbai
Volkswagen TAIGUN,Volkswagen,2021,39135,Petrol,Auto,20547,1200000.0,5,Mumbai
Landrover RANGE ROVER VELAR,Landrover,2021,43114,Diesel,Auto,107786,6295000.0,5,Mumbai
Maruti Alto K10,Maruti,2016,27630,CNG,Manual,6371,192000.0,10,Mumbai
Hyundai Verna,Hyundai,2019,76503,Petrol,Manual,10330,585000.0,7,Mumbai
Maruti Baleno,Maruti,2016,47373,Petrol,Manual,8008,360000.0,10,Mumbai
Hyundai Verna,Hyundai,2014,69212,Diesel,Auto,16193,344000.0,12,Mumbai
Hyundai ALCAZAR,Hyundai,2022,78426,Diesel,Auto,23971,1400000.0,4,Mumbai
Hyundai Sonata,Hyundai,2012,107130,Petrol,Manual,16970,191000.0,14,Mumbai
KIA SELTOS,KIA,2019,20994,Petrol,Manual,15108,882000.0,7,Mumbai
BMW 5 Series,BMW,2014,58283,Diesel,Auto,71310,1530000.0,12,Mumbai
Maruti S PRESSO,Maruti,2020,33225,Petrol,Manual,5713,324000.0,6,Mumbai
Tata PUNCH,Tata,2021,65737,Petrol,Manual,8279,469000.00000000006,5,Mumbai
Tata NEXON,Tata,2021,52465,Petrol,Auto,12812,726000.0,5,Mumbai
Volkswagen Ameo,Volkswagen,2017,148441,Diesel,Auto,6050,272000.0,9,Mumbai
Hyundai Creta,Hyundai,2019,46498,Petrol,Auto,16266,950000.0,7,Mumbai
Toyota Innova Crysta,Toyota,2022,68122,Diesel,Manual,34074,1989999.9999999998,4,Mumbai
Hyundai Creta,Hyundai,2022,76230,Petrol,Auto,20330,1187000.0,4,Mumbai
Hyundai i20,Hyundai,2012,44329,Petrol,Manual,15460,174000.0,14,Mumbai
Maruti IGNIS,Maruti,2017,55514,Petrol,Auto,5292,271000.0,9,Mumbai
Mahindra Kuv100,Mahindra,2016,64900,Petrol,Manual,4856,218000.00000000003,10,Mumbai
Hyundai Grand i10,Hyundai,2018,53194,Petrol,Manual,5474,310000.0,8,Mumbai
Renault Kwid,Renault,2016,62857,Petrol,Manual,4007,180000.0,10,Mumbai
Tata ALTROZ,Tata,2023,25451,Diesel,Manual,13331,755000.0,3,Mumbai
Maruti S Cross,Maruti,2015,92164,Diesel,Manual,15714,473000.00000000006,11,Mumbai
Volkswagen Ameo,Volkswagen,2019,39830,Diesel,Auto,9884,560000.0,7,Mumbai
Renault Duster,Renault,2014,41990,Petrol,Manual,7108,214000.0,12,Mumbai
Tata TIGOR,Tata,2019,24930,Petrol,Auto,6696,379000.0,7,Mumbai
Maruti New Wagon-R,Maruti,2022,110060,CNG,Manual,8475,381000.0,4,Mumbai
Maruti Celerio,Maruti,2020,42127,Petrol,Auto,5702,323000.0,6,Mumbai
Tata NEXON,Tata,2021,122716,Petrol,Manual,10766,484000.0,5,Mumbai
Hyundai ALCAZAR,Hyundai,2021,46736,Diesel,Manual,23663,1382000.0,5,Mumbai
Jeep Compass,Jeep,2017,55340,Diesel,Manual,14020,630000.0,9,Mumbai
Maruti Swift,Maruti,2016,99872,Petrol,Manual,6453,290000.0,10,Mumbai
Hyundai Elite i20,Hyundai,2017,38194,Petrol,Manual,7253,371000.0,9,Mumbai
Maruti S Cross,Maruti,2017,68717,Diesel,Manual,11346,509999.99999999994,9,Mumbai
Renault Kwid,Renault,2017,128262,CNG,Manual,5398,204999.99999999997,9,Mumbai
Honda Civic,Honda,2019,54002,Petrol,Auto,17722,1035000.0,7,Mumbai
Maruti S PRESSO,Maruti,2021,28162,Petrol,Manual,5013,284000.0,5,Mumbai
Honda City,Honda,2018,47275,Petrol,Auto,9342,529000.0,8,Mumbai
Hyundai Grand i10,Hyundai,2014,45221,Petrol,Manual,6931,209000.0,12,Mumbai
Honda Amaze,Honda,2015,51855,Petrol,Manual,6452,245000.00000000003,11,Mumbai
Nissan Terrano,Nissan,2014,89284,Diesel,Manual,11509,244000.0,12,Mumbai
Toyota Etios Liva,Toyota,2013,26072,Petrol,Manual,8097,172000.0,13,Mumbai
Hyundai AURA,Hyundai,2023,47649,Petrol,Auto,9833,557000.0,3,Mumbai
Hyundai Creta,Hyundai,2017,117634,CNG,Auto,14789,562000.0,9,Mumbai
Maruti Swift Dzire,Maruti,2015,55839,Petrol,Manual,7763,295000.0,11,Mumbai
Maruti XL6,Maruti,2019,56222,Petrol,Auto,11983,679000.0,7,Mumbai
Ford New Figo,Ford,2017,49256,Petrol,Manual,4966,254000.0,9,Mumbai
Maruti IGNIS,Maruti,2018,80765,CNG,Manual,7794,350000.0,8,Mumbai
Hyundai Creta,Hyundai,2015,88122,Diesel,Manual,19465,586000.0,11,Mumbai
Honda Amaze,Honda,2020,83828,Petrol,Manual,7552,428000.0,6,Mumbai
Skoda Rapid,Skoda,2018,75083,Petrol,Auto,7255,411000.00000000006,8,Mumbai
Tata Tiago,Tata,2017,115243,Petrol,Auto,6028,271000.0,9,Mumbai
Maruti Ertiga,Maruti,2014,67755,CNG,Manual,42619,480000.0,12,Mumbai
Volkswagen TAIGUN,Volkswagen,2021,69800,Petrol,Manual,14016,794000.0,5,Mumbai
Toyota Innova,Toyota,2014,170000,Diesel,Manual,23772,505000.0,12,Mumbai
Nissan MAGNITE,Nissan,2021,34722,Petrol,Manual,8169,463000.0,5,Mumbai
Maruti Vitara Brezza,Maruti,2020,12270,Petrol,Manual,12269,695000.0,6,Mumbai
Tata ALTROZ,Tata,2023,8733,Petrol,Auto,12088,685000.0,3,Mumbai
Maruti Alto 800,Maruti,2017,63883,Petrol,Manual,3695,189000.0,9,Mumbai
Honda WR-V,Honda,2018,42086,Diesel,Manual,10562,540000.0,8,Mumbai
KIA SELTOS,KIA,2020,50084,Petrol,Auto,20025,1170000.0,6,Mumbai
Hyundai i10,Hyundai,2013,31062,Petrol,Manual,7296,155000.0,13,Mumbai
Jeep Compass,Jeep,2018,48146,Petrol,Manual,11868,672000.0,8,Mumbai
Hyundai Elite i20,Hyundai,2015,18421,Petrol,Manual,9253,351000.0,11,Mumbai
Maruti Dzire,Maruti,2018,60333,Petrol,Auto,7855,445000.0,8,Mumbai
KIA SELTOS,KIA,2021,74425,Diesel,Auto,14982,875000.0,5,Mumbai
Honda Amaze,Honda,2018,39340,Petrol,Auto,8209,465000.00000000006,8,Mumbai
Maruti Ertiga,Maruti,2016,95635,Petrol,Auto,10744,483000.0,10,Mumbai
Hyundai i10,Hyundai,2012,62494,Petrol,Manual,14038,158000.0,14,Mumbai
Maruti New Wagon-R,Maruti,2021,68180,CNG,Manual,7396,419000.00000000006,5,Mumbai
Maruti Alto 800,Maruti,2013,25432,CNG,Manual,7396,162000.0,13,Mumbai
Toyota URBAN CRUISER,Toyota,2021,81951,Petrol,Manual,10892,617000.0,5,Mumbai
Volkswagen Polo,Volkswagen,2017,72046,Petrol,Auto,10416,533000.0,9,Mumbai
MG HECTOR,MG,2019,48955,Petrol,Auto,14468,844999.9999999999,7,Mumbai
Maruti Celerio,Maruti,2014,72043,Petrol,Auto,6942,209000.0,12,Mumbai
Maruti Swift Dzire,Maruti,2015,44921,Petrol,Manual,8291,315000.0,11,Mumbai
Jeep Compass,Jeep,2019,81091,Petrol,Auto,15239,890000.0,7,Mumbai
Hyundai Grand i10,Hyundai,2018,26465,Petrol,Manual,6002,340000.0,8,Mumbai
Hyundai Creta,Hyundai,2018,52281,Petrol,Auto,14897,869999.9999999999,8,Mumbai
Hyundai Elite i20,Hyundai,2015,66585,Petrol,Manual,9375,356000.0,11,Mumbai
Tata ALTROZ,Tata,2020,15509,Petrol,Manual,9081,513999.99999999994,6,Mumbai
Datsun Redi Go,Datsun,2018,20918,Petrol,Auto,3937,223000.0,8,Mumbai
BMW 5 Series,BMW,2017,69490,Petrol,Auto,49013,2575000.0,9,Mumbai
Ford Ecosport,Ford,2013,46078,Petrol,Manual,12008,254999.99999999997,13,Mumbai
Mahindra XUV500,Mahindra,2017,85275,Diesel,Auto,18008,827999.9999999999,9,Mumbai
Landrover DISCOVERY SPORT,Landrover,2020,56121,Diesel,Auto,66349,3875000.0,6,Mumbai
Hyundai Creta,Hyundai,2022,67927,Diesel,Manual,22071,1289000.0,4,Mumbai
Maruti Wagon R 1.0,Maruti,2016,15712,Petrol,Auto,5632,252999.99999999997,10,Mumbai
MG HECTOR PLUS,MG,2022,22736,Petrol,Manual,18835,1100000.0,4,Mumbai
Hyundai Grand i10,Hyundai,2017,69552,Petrol,Auto,6393,327000.0,9,Mumbai
Maruti Ertiga,Maruti,2021,137334,Petrol,Auto,17729,797000.0,5,Mumbai
Maruti Celerio,Maruti,2022,41490,Petrol,Auto,7370,418000.0,4,Mumbai
Honda WR-V,Honda,2017,139065,Diesel,Manual,9810,441000.0,9,Mumbai
Maruti Swift Dzire,Maruti,2014,56891,Petrol,Manual,8243,248000.0,12,Mumbai
MG HECTOR,MG,2019,58588,Diesel,Manual,15170,886000.0,7,Mumbai
Maruti Alto 800,Maruti,2018,63632,CNG,Manual,5232,235000.0,8,Mumbai
Hyundai NEW SANTRO,Hyundai,2021,29501,Petrol,Auto,6557,371000.0,5,Mumbai
Toyota Etios Liva,Toyota,2015,91886,Petrol,Manual,5319,202000.0,11,Mumbai
Maruti Ciaz,Maruti,2017,57158,Petrol,Auto,8798,450000.0,9,Mumbai
Honda Jazz,Honda,2016,127709,Petrol,Manual,5517,248000.0,10,Mumbai
Honda City,Honda,2022,86355,Diesel,Manual,14157,827000.0,4,Mumbai
Skoda Rapid,Skoda,2012,64358,Diesel,Manual,14157,248000.0,14,Mumbai
Tata Tiago,Tata,2016,66642,Petrol,Manual,6095,274000.0,10,Mumbai
Tata NEXON,Tata,2024,7192,Petrol,Auto,14775,863000.0000000001,2,Mumbai
Tata Tiago,Tata,2022,35556,CNG,Manual,8438,478000.0,4,Mumbai
Skoda Rapid,Skoda,2015,133941,Diesel,Manual,9084,273000.0,11,Mumbai
Maruti Baleno,Maruti,2015,41496,Petrol,Manual,9882,375000.0,11,Mumbai
Maruti Ciaz,Maruti,2014,71574,Diesel,Manual,17747,377000.0,12,Mumbai
Hyundai Eon,Hyundai,2014,27630,Petrol,Manual,5148,155000.0,12,Mumbai
Hyundai Grand i10,Hyundai,2015,43158,Petrol,Manual,6662,252999.99999999997,11,Mumbai
Tata ALTROZ,Tata,2024,5443,Petrol,Manual,13646,773000.0,2,Mumbai
Hyundai Tucson,Hyundai,2017,51413,Petrol,Auto,18347,964000.0,9,Mumbai
Hyundai Creta,Hyundai,2017,71348,Petrol,Manual,10870,556000.0,9,Mumbai
Hyundai New Elantra,Hyundai,2021,52079,Petrol,Auto,15410,900000.0,5,Mumbai
Audi A3,Audi,2019,61518,Petrol,Auto,25667,1499000.0,7,Mumbai
Maruti Wagon R 1.0,Maruti,2016,48590,Petrol,Auto,5272,237000.0,10,Mumbai
Hyundai i10,Hyundai,2013,60028,CNG,Manual,5272,219000.0,13,Mumbai
Ford Ecosport,Ford,2013,70238,Petrol,Manual,12093,256999.99999999997,13,Mumbai
Honda City,Honda,2016,41770,Petrol,Manual,10190,458000.0,10,Mumbai
Tata Tiago,Tata,2016,73887,Petrol,Manual,6098,274000.0,10,Mumbai
Maruti Celerio X,Maruti,2018,46076,Petrol,Auto,5790,328000.0,8,Mumbai
Renault Kiger,Renault,2022,65563,Petrol,Auto,9195,521000.0,4,Mumbai
Hyundai i10,Hyundai,2014,20612,Petrol,Manual,7606,229000.0,12,Mumbai
Hyundai Eon,Hyundai,2018,50918,Petrol,Manual,3636,206000.0,8,Mumbai
Hyundai Xcent,Hyundai,2015,72851,Petrol,Manual,9116,346000.0,11,Mumbai
Hyundai New Elantra,Hyundai,2012,129639,Diesel,Manual,9116,280000.0,14,Mumbai
Hyundai Xcent,Hyundai,2014,40290,Petrol,Manual,9379,282000.0,12,Mumbai
KIA SELTOS,KIA,2022,98623,Diesel,Auto,19348,1130000.0,4,Mumbai
Maruti Grand Vitara,Maruti,2023,43241,Petrol,Manual,18559,1084000.0,3,Mumbai
Maruti S PRESSO,Maruti,2021,90554,CNG,Manual,5455,309000.0,5,Mumbai
Maruti Wagon R 1.0,Maruti,2018,97067,CNG,Manual,6756,304000.0,8,Mumbai
Maruti Wagon R 1.0,Maruti,2016,79584,Petrol,Manual,4760,214000.0,10,Mumbai
Datsun Redi Go,Datsun,2018,26811,Petrol,Auto,4202,238000.0,8,Mumbai
Honda Amaze,Honda,2014,57485,Diesel,Manual,13745,292000.0,12,Mumbai
Honda BR-V,Honda,2017,75974,Petrol,Manual,10235,524000.0,9,Mumbai
Honda Brio,Honda,2015,34079,Petrol,Manual,6183,235000.0,11,Mumbai
Ford Ecosport,Ford,2019,76497,Diesel,Manual,11046,626000.0,7,Mumbai
Hyundai Creta,Hyundai,2018,47914,Petrol,Auto,12581,713000.0,8,Mumbai
Ford Ecosport,Ford,2018,85315,Diesel,Manual,9384,480000.0,8,Mumbai
Maruti Swift Dzire,Maruti,2016,60016,Petrol,Manual,7563,340000.0,10,Mumbai
Renault Kwid,Renault,2017,23001,Petrol,Auto,5336,273000.0,9,Mumbai
Renault Kwid,Renault,2017,66414,Petrol,Auto,4477,229000.0,9,Mumbai
Maruti Alto K10,Maruti,2023,15110,Petrol,Manual,6617,375000.0,3,Mumbai
Landrover DISCOVERY SPORT,Landrover,2020,49183,Diesel,Auto,68062,3975000.0,6,Mumbai
Renault Kwid,Renault,2017,54483,Petrol,Auto,4729,242000.0,9,Mumbai
Ford New Figo,Ford,2018,96018,Petrol,Manual,4975,282000.0,8,Mumbai
Hyundai GRAND I10 NIOS,Hyundai,2022,49692,CNG,Manual,9853,558000.0,4,Mumbai
Volkswagen TAIGUN,Volkswagen,2022,55400,Petrol,Auto,16369,956000.0,4,Mumbai
Maruti Swift,Maruti,2020,24651,Petrol,Auto,8844,501000.0,6,Mumbai
Ford Ecosport,Ford,2016,45015,Petrol,Auto,9521,428000.0,10,Mumbai
Tata ALTROZ,Tata,2021,23470,Petrol,Manual,9753,552000.0,5,Mumbai
Hyundai Grand i10,Hyundai,2015,41896,Petrol,Manual,8427,320000.0,11,Mumbai
Nissan Micra,Nissan,2019,103683,Petrol,Auto,5383,242000.0,7,Mumbai
Maruti Vitara Brezza,Maruti,2020,57310,Petrol,Manual,11805,669000.0,6,Mumbai
Honda City,Honda,2019,117449,Petrol,Manual,12291,553000.0,7,Mumbai
Nissan Micra,Nissan,2016,47444,Petrol,Auto,6052,272000.0,10,Mumbai
Hyundai Grand i10,Hyundai,2014,87472,Petrol,Manual,8450,254000.0,12,Mumbai
Ford New Figo,Ford,2020,71297,Petrol,Manual,6334,359000.0,6,Mumbai
Maruti Alto K10,Maruti,2017,20628,Petrol,Manual,4403,225000.0,9,Mumbai
Hyundai GRAND I10 NIOS,Hyundai,2021,72467,Petrol,Auto,8779,497000.0,5,Mumbai
Maruti Wagon R 1.0,Maruti,2014,54851,Petrol,Manual,7334,221000.0,12,Mumbai
KIA SONET,KIA,2021,53981,Petrol,Manual,12025,681000.0,5,Mumbai
Toyota Corolla Altis,Toyota,2014,103843,Petrol,Manual,14436,434999.99999999994,12,Mumbai
Maruti Ciaz,Maruti,2018,88214,Diesel,Manual,11394,583000.0,8,Mumbai
Honda Jazz,Honda,2018,60048,Petrol,Auto,6644,376000.0,8,Mumbai
Volkswagen Polo,Volkswagen,2015,65114,Petrol,Manual,8048,306000.0,11,Mumbai
Maruti Wagon R 1.0,Maruti,2015,92101,CNG,Manual,10827,229999.99999999997,11,Mumbai
Maruti Ertiga,Maruti,2012,135791,Petrol,Manual,29142,328000.0,14,Mumbai
Tata TIGOR,Tata,2022,70551,CNG,Manual,9294,526000.0,4,Mumbai
Jeep Compass,Jeep,2018,100566,Diesel,Manual,15255,686000.0,8,Mumbai
Honda City,Honda,2015,94742,Petrol,Manual,8844,336000.0,11,Mumbai
Maruti Wagon R 1.0,Maruti,2014,40150,CNG,Manual,20206,227000.0,12,Mumbai
Honda Jazz,Honda,2019,22299,Petrol,Auto,9253,524000.0,7,Mumbai
Hyundai VENUE,Hyundai,2021,39323,Petrol,Manual,13416,760000.0,5,Mumbai
Honda Amaze,Honda,2014,99082,Petrol,Manual,7908,238000.0,12,Mumbai
Skoda Superb,Skoda,2017,59623,Petrol,Auto,18368,965000.0,9,Mumbai
Toyota Etios,Toyota,2014,31996,Petrol,Manual,8071,243000.00000000003,12,Mumbai
Tata NEXON,Tata,2018,94704,Petrol,Auto,8667,491000.0,8,Mumbai
Renault Duster,Renault,2012,99303,Diesel,Manual,8667,256999.99999999997,14,Mumbai
Hyundai Grand i10,Hyundai,2018,22725,Petrol,Auto,7282,413000.0,8,Mumbai
Maruti Baleno,Maruti,2017,126984,Diesel,Manual,10633,478000.0,9,Mumbai
Honda Brio,Honda,2015,49238,Petrol,Manual,6162,234000.0,11,Mumbai
Hyundai EXTER,Hyundai,2024,24821,CNG,Manual,14556,850000.0,2,Mumbai
MG HECTOR PLUS,MG,2023,21069,Petrol,Auto,31248,1825000.0,3,Mumbai
Hyundai Creta,Hyundai,2015,96391,Petrol,Manual,12772,484999.99999999994,11,Mumbai
Maruti Ciaz,Maruti,2023,28331,Petrol,Manual,12994,736000.0,3,Mumbai
Tata NEXON,Tata,2018,45315,Petrol,Auto,9847,558000.0,8,Mumbai
Honda City,Honda,2015,94102,Petrol,Manual,9912,376000.0,11,Mumbai
MG HECTOR PLUS,MG,2024,14063,Petrol,Auto,34673,2025000.0,2,Mumbai
Hyundai Grand i10,Hyundai,2015,65739,Petrol,Manual,7898,300000.0,11,Mumbai
Maruti Dzire,Maruti,2018,30696,Petrol,Auto,8840,501000.0,8,Mumbai
Hyundai Grand i10,Hyundai,2015,45488,Petrol,Auto,7894,300000.0,11,Mumbai
Volkswagen Vento,Volkswagen,2017,114563,Diesel,Auto,11138,501000.0,9,Mumbai
Maruti Wagon R 1.0,Maruti,2018,23822,Petrol,Auto,6143,348000.0,8,Mumbai
Volkswagen Polo,Volkswagen,2013,83632,Petrol,Auto,17238,366000.0,13,Mumbai
Maruti Wagon R 1.0,Maruti,2013,65863,CNG,Manual,17238,200999.99999999997,13,Mumbai
Skoda Rapid,Skoda,2015,143074,Petrol,Manual,6522,248000.0,11,Mumbai
Maruti Baleno,Maruti,2018,47330,Petrol,Auto,9087,515000.00000000006,8,Mumbai
Tata NEXON,Tata,2024,17420,Petrol,Auto,17509,1023000.0,2,Mumbai
Honda City,Honda,2016,109591,Petrol,Manual,8944,401999.99999999994,10,Mumbai
Hyundai GRAND I10 NIOS,Hyundai,2021,19605,Petrol,Auto,10105,572000.0,5,Mumbai
Honda WR-V,Honda,2017,140444,Diesel,Manual,10578,476000.0,9,Mumbai
KIA SELTOS,KIA,2021,86969,Petrol,Auto,15561,909000.0,5,Mumbai
Volkswagen Polo,Volkswagen,2017,69761,Petrol,Auto,8109,415000.00000000006,9,Mumbai
Toyota Urban Cruiser Taisor,Toyota,2024,10865,Petrol,Auto,18526,1082000.0,2,Mumbai
Maruti Wagon R 1.0,Maruti,2015,23546,Petrol,Auto,6057,229999.99999999997,11,Mumbai
Honda Amaze,Honda,2013,98015,Petrol,Auto,10403,221000.0,13,Mumbai
Honda Amaze,Honda,2015,79018,Diesel,Manual,10333,311000.0,11,Mumbai
MG HECTOR,MG,2019,69923,Diesel,Manual,15664,915000.0,7,Mumbai
Maruti Ciaz,Maruti,2017,141965,Diesel,Manual,11225,505000.0,9,Mumbai
Maruti Wagon R 1.0,Maruti,2016,45423,Petrol,Manual,5850,263000.0,10,Mumbai
Tata Tiago,Tata,2018,35391,Petrol,Manual,6213,352000.0,8,Mumbai
Honda Jazz,Honda,2017,53561,Petrol,Manual,6497,332000.0,9,Mumbai
Tata ALTROZ,Tata,2023,39430,Petrol,Auto,13082,741000.0,3,Mumbai
Volkswagen Vento,Volkswagen,2013,121685,Diesel,Manual,25855,291000.0,13,Mumbai
Honda City,Honda,2017,42504,Petrol,Manual,9164,469000.00000000006,9,Mumbai
Tata Tiago,Tata,2016,74675,Petrol,Manual,6206,279000.0,10,Mumbai
Maruti Ertiga,Maruti,2014,69208,Petrol,Manual,14349,432000.0,12,Mumbai
Nissan Terrano,Nissan,2016,109757,Petrol,Manual,7065,318000.0,10,Mumbai
Hyundai Grand i10,Hyundai,2014,76044,Petrol,Manual,8138,245000.00000000003,12,Mumbai
MG HECTOR PLUS,MG,2021,62486,Petrol,Auto,19142,1118000.0,5,Mumbai
Honda Jazz,Honda,2018,50520,Petrol,Auto,7417,420000.0,8,Mumbai
Hyundai Grand i10,Hyundai,2015,90849,Petrol,Auto,8374,318000.0,11,Mumbai
Hyundai Creta,Hyundai,2016,73582,Petrol,Manual,12578,565000.0,10,Mumbai
Honda Jazz,Honda,2016,49345,Petrol,Auto,8638,388000.0,10,Mumbai
Hyundai Grand i10,Hyundai,2014,79889,Petrol,Manual,8101,244000.0,12,Mumbai
Hyundai Xcent,Hyundai,2016,26710,Petrol,Manual,7793,350000.0,10,Mumbai
Maruti Ciaz,Maruti,2019,69792,Petrol,Auto,10751,609000.0,7,Mumbai
Honda City,Honda,2015,46759,Petrol,Manual,11586,440000.00000000006,11,Mumbai
Jeep Compass,Jeep,2021,81469,Petrol,Manual,15599,911000.0,5,Mumbai
Honda City,Honda,2016,73026,Petrol,Manual,9371,421000.0,10,Mumbai
Skoda Superb,Skoda,2018,77473,Petrol,Auto,17602,1027999.9999999999,8,Mumbai
Maruti Ertiga,Maruti,2013,33718,Petrol,Manual,18265,388000.0,13,Mumbai
Tata Tiago,Tata,2018,36810,Petrol,Auto,6867,389000.0,8,Mumbai
Honda City,Honda,2019,110700,Petrol,Auto,14074,633000.0,7,Mumbai
KIA SELTOS,KIA,2020,63799,Petrol,Auto,18743,1095000.0,6,Mumbai
MG ZS EV,MG,2022,44160,Electric,Auto,23800,1390000.0,4,Mumbai
KIA SELTOS,KIA,2020,90284,Petrol,Auto,16592,969000.0,6,Mumbai
MG HECTOR,MG,2020,38957,Petrol,Auto,18218,1064000.0,6,Mumbai
MG HECTOR,MG,2020,39520,Petrol,Auto,17512,1023000.0,6,Mumbai
KIA SELTOS,KIA,2019,50671,Petrol,Manual,16438,960000.0,7,Mumbai
MG HECTOR,MG,2020,77127,Diesel,Manual,19252,1124000.0,6,Mumbai
Hyundai i20,Hyundai,2013,124936,Petrol,Manual,12232,260000.0,13,Mumbai
Honda Amaze,Honda,2013,74720,Petrol,Manual,13224,281000.0,13,Mumbai
Hyundai i20,Hyundai,2013,92648,CNG,Manual,13224,264000.0,13,Mumbai
Hyundai AURA,Hyundai,2023,7375,CNG,Manual,11900,674000.0,3,Mumbai
Maruti Dzire,Maruti,2020,43698,Petrol,Auto,10088,571000.0,6,Mumbai
Renault Duster,Renault,2014,66946,Petrol,Manual,9800,295000.0,12,Mumbai
Maruti Ciaz,Maruti,2016,80686,Petrol,Manual,8580,386000.0,10,Mumbai
Toyota YARIS,Toyota,2020,48693,Petrol,Manual,11740,665000.0,6,Mumbai
Maruti Wagon R 1.0,Maruti,2016,106985,CNG,Manual,9018,271000.0,10,Mumbai
Maruti Celerio,Maruti,2019,75750,CNG,Manual,7083,362000.0,7,Mumbai
Datsun Go,Datsun,2018,48466,Petrol,Manual,3019,171000.0,8,Mumbai
Nissan Sunny,Nissan,2013,35533,Petrol,Manual,2871,61000.0,13,Mumbai
Maruti Swift Dzire,Maruti,2013,51483,Petrol,Manual,13651,290000.0,13,Mumbai
Maruti Wagon R 1.0,Maruti,2017,189010,Petrol,Manual,4872,219000.0,9,Mumbai
Skoda SLAVIA,Skoda,2023,27915,Petrol,Manual,13893,787000.0,3,Mumbai
Volkswagen Polo,Volkswagen,2014,104351,Petrol,Manual,7872,237000.0,12,Mumbai
Tata TIGOR,Tata,2018,90063,Petrol,Auto,4219,239000.0,8,Mumbai
Hyundai i20,Hyundai,2013,74457,Petrol,Manual,9415,200000.0,13,Mumbai
Hyundai Eon,Hyundai,2014,41058,Petrol,Manual,4816,145000.0,12,Mumbai
Tata Tiago,Tata,2016,126436,Petrol,Manual,4983,224000.00000000003,10,Mumbai
Tata TIAGO NRG,Tata,2022,15980,Petrol,Auto,8685,492000.0,4,Mumbai
Maruti Wagon R 1.0,Maruti,2016,180143,Petrol,Manual,4916,221000.0,10,Mumbai
Renault Kwid,Renault,2020,72230,Petrol,Manual,4537,256999.99999999997,6,Mumbai
Maruti Wagon R 1.0,Maruti,2012,103946,Petrol,Manual,13594,153000.0,14,Mumbai
Renault Lodgy,Renault,2015,80813,Diesel,Manual,6643,200000.0,11,Mumbai
Maruti Celerio,Maruti,2014,56500,Petrol,Auto,7971,240000.0,12,Mumbai
Volkswagen Polo,Volkswagen,2015,48151,Petrol,Manual,5925,225000.0,11,Mumbai
Volkswagen Polo,Volkswagen,2019,76144,Diesel,Manual,5702,323000.0,7,Mumbai
Maruti Ertiga,Maruti,2015,85178,Petrol,Manual,12351,469000.00000000006,11,Mumbai
Volkswagen Ameo,Volkswagen,2016,124463,Diesel,Auto,8927,339000.0,10,Mumbai
Datsun Go,Datsun,2015,94989,Petrol,Manual,2449,93000.0,11,Mumbai
Ford Ecosport,Ford,2015,25711,Petrol,Auto,7716,293000.0,11,Mumbai
Maruti Swift,Maruti,2018,35065,Petrol,Manual,7661,434000.0,8,Mumbai
Maruti Wagon R 1.0,Maruti,2014,121913,Petrol,Manual,7971,240000.0,12,Mumbai
Honda Jazz,Honda,2015,82655,Petrol,Manual,6241,237000.0,11,Mumbai
Hyundai Grand i10,Hyundai,2015,63135,Petrol,Auto,7242,275000.0,11,Mumbai
Maruti Baleno,Maruti,2017,71560,Petrol,Manual,8407,430000.0,9,Mumbai
Honda Amaze,Honda,2015,211610,Petrol,Manual,6768,256999.99999999997,11,Mumbai
Maruti Celerio,Maruti,2018,59314,Petrol,Auto,4660,264000.0,8,Mumbai
Mahindra TUV300,Mahindra,2017,82550,Diesel,Manual,8520,383000.0,9,Mumbai
Hyundai GRAND I10 NIOS,Hyundai,2020,47816,Petrol,Manual,7061,400000.0,6,Mumbai
Hyundai Creta,Hyundai,2015,95026,Diesel,Manual,19796,596000.0,11,Mumbai
Maruti Ertiga,Maruti,2018,61383,Petrol,Manual,9956,564000.0,8,Mumbai
Tata Zest,Tata,2015,80104,Petrol,Manual,5425,206000.0,11,Mumbai
Toyota Corolla Altis,Toyota,2011,77655,Petrol,Auto,5425,206000.0,15,Mumbai
Hyundai Elite i20,Hyundai,2017,29173,Petrol,Manual,6393,327000.0,9,Mumbai
Maruti Baleno,Maruti,2021,35677,Petrol,Manual,8244,467000.0,5,Mumbai
Maruti New Wagon-R,Maruti,2021,65567,Petrol,Manual,8209,465000.00000000006,5,Mumbai
Mahindra XUV500,Mahindra,2018,130656,Diesel,Manual,17872,822000.0000000001,8,Mumbai
Honda City,Honda,2019,80307,Petrol,Manual,10221,579000.0,7,Mumbai
Hyundai Verna,Hyundai,2011,26498,Petrol,Manual,10221,167000.0,15,Mumbai
Honda City,Honda,2015,76945,Petrol,Auto,10744,408000.0,11,Mumbai
Hyundai Creta,Hyundai,2016,81301,Petrol,Auto,13124,590000.0,10,Mumbai
Honda City,Honda,2016,83021,Petrol,Auto,9654,434000.0,10,Mumbai
Maruti S PRESSO,Maruti,2022,60491,Petrol,Manual,4987,283000.0,4,Mumbai
Tata PUNCH,Tata,2024,24079,Petrol,Manual,13886,811000.0,2,Mumbai
Hyundai Verna,Hyundai,2016,14179,Petrol,Auto,6495,292000.0,10,Mumbai
Tata TIAGO NRG,Tata,2019,40000,Petrol,Manual,4607,261000.0,7,Mumbai
Honda City,Honda,2011,58361,Petrol,Manual,4607,145000.0,15,Mumbai
Hyundai Creta,Hyundai,2017,200396,Petrol,Auto,13547,609000.0,9,Mumbai
Hyundai i20 Active,Hyundai,2016,22583,Petrol,Manual,8453,380000.0,10,Mumbai
Volkswagen Polo,Volkswagen,2013,34664,Petrol,Manual,9415,200000.0,13,Mumbai
Skoda KUSHAQ,Skoda,2021,4763,Petrol,Auto,14948,873000.0,5,Mumbai
Volkswagen Polo,Volkswagen,2011,63275,Petrol,Manual,14948,141000.0,15,Mumbai
Tata PUNCH,Tata,2022,40574,Petrol,Manual,8297,470000.0,4,Mumbai
Toyota Etios Liva,Toyota,2011,60737,Petrol,Manual,8297,162000.0,15,Mumbai
Nissan Terrano,Nissan,2015,48241,Petrol,Manual,6636,252000.0,11,Mumbai
Maruti New Wagon-R,Maruti,2020,137735,Petrol,Manual,7941,357000.0,6,Mumbai
Hyundai i20 Active,Hyundai,2015,55243,Petrol,Manual,7373,280000.0,11,Mumbai
Hyundai NEW I20,Hyundai,2020,37739,Petrol,Auto,10592,600000.0,6,Mumbai
Chevrolet Beat,Chevrolet,2011,26725,Petrol,Manual,10592,85000.0,15,Mumbai
Hyundai Verna,Hyundai,2013,60494,Petrol,Manual,10592,225000.0,13,Mumbai
Skoda Laura,Skoda,2012,94729,Diesel,Manual,10592,238000.0,14,Mumbai
Maruti Ciaz,Maruti,2016,95831,Petrol,Manual,7741,348000.0,10,Mumbai
Renault Duster,Renault,2016,90305,Diesel,Manual,7900,300000.0,10,Mumbai
KIA CARENS,KIA,2024,19873,Petrol,Manual,16420,959000.0,2,Mumbai
Tata NEXON,Tata,2022,22917,Petrol,Manual,9709,550000.0,4,Mumbai
Hyundai VENUE,Hyundai,2020,26682,Petrol,Auto,11651,660000.0,6,Mumbai
Mercedes Benz E Class,Mercedes,2011,78784,Petrol,Auto,11651,295000.0,15,Mumbai
Mahindra TUV300,Mahindra,2017,108528,Diesel,Manual,8008,360000.0,9,Mumbai
Nissan MAGNITE,Nissan,2022,35808,Petrol,Manual,8791,498000.00000000006,4,Mumbai
Maruti Alto 800,Maruti,2014,103821,Petrol,Manual,6111,184000.0,12,Mumbai
Maruti Eeco,Maruti,2011,163930,Petrol,Manual,6111,131000.0,15,Mumbai
Toyota Corolla Altis,Toyota,2011,203363,Petrol,Auto,6111,178000.0,15,Mumbai
Hyundai VENUE,Hyundai,2021,118699,Petrol,Auto,15415,693000.0,5,Mumbai
Hyundai NEW I20,Hyundai,2021,81040,Diesel,Manual,8085,458000.0,5,Mumbai
Maruti Wagon R 1.0,Maruti,2013,115011,Petrol,Manual,9029,192000.0,13,Mumbai
Skoda SLAVIA,Skoda,2023,41884,Petrol,Auto,17619,1028999.9999999999,3,Mumbai
Maruti Alto 800,Maruti,2015,65888,Petrol,Manual,4951,188000.0,11,Mumbai
Datsun Go,Datsun,2015,61533,Petrol,Manual,3371,128000.0,11,Mumbai
Maruti Ertiga,Maruti,2018,101860,Petrol,Manual,14459,650000.0,8,Mumbai
Mahindra XUV500,Mahindra,2019,92913,Diesel,Manual,13646,773000.0,7,Mumbai
Hyundai i20,Hyundai,2012,69711,Petrol,Manual,8885,100000.0,14,Mumbai
Hyundai Creta,Hyundai,2018,53947,Petrol,Auto,12251,694000.0,8,Mumbai
Maruti Wagon R 1.0,Maruti,2013,72258,Petrol,Manual,9980,212000.0,13,Mumbai
Mahindra XUV500,Mahindra,2014,70767,Diesel,Manual,14122,300000.0,12,Mumbai
Mahindra Thar,Mahindra,2023,24245,Petrol,Auto,16540,966000.0,3,Mumbai
Renault Kwid,Renault,2016,86663,Petrol,Auto,3314,149000.0,10,Mumbai
Hyundai Eon,Hyundai,2015,47528,Petrol,Manual,3502,133000.0,11,Mumbai
Maruti Wagon R 1.0,Maruti,2015,115389,Petrol,Manual,6162,234000.0,11,Mumbai
Jeep Compass,Jeep,2017,94865,Diesel,Manual,11078,498000.00000000006,9,Mumbai
Renault Kwid,Renault,2020,50106,Petrol,Manual,3636,206000.0,6,Mumbai
Maruti Wagon R 1.0,Maruti,2015,137202,Petrol,Manual,5925,225000.0,11,Mumbai
Maruti Wagon R 1.0,Maruti,2013,104657,Petrol,Manual,9038,192000.0,13,Mumbai
Renault Kwid,Renault,2015,31000,Petrol,Manual,3608,137000.0,11,Mumbai
Maruti Wagon R 1.0,Maruti,2013,142149,Petrol,Manual,10309,219000.0,13,Mumbai
Hyundai i10,Hyundai,2012,133101,Petrol,Manual,13327,150000.0,14,Mumbai
Tata NEXON,Tata,2017,49761,Petrol,Manual,8016,409999.99999999994,9,Mumbai
Hyundai i10,Hyundai,2011,41353,Petrol,Auto,8016,87000.0,15,Mumbai
Maruti Baleno,Maruti,2018,97991,Petrol,Manual,6584,373000.0,8,Mumbai
Maruti Wagon R 1.0,Maruti,2013,99571,Petrol,Manual,11392,242000.0,13,Mumbai
Maruti Wagon R 1.0,Maruti,2013,102015,Petrol,Manual,8473,180000.0,13,Mumbai
Maruti Wagon R 1.0,Maruti,2015,104495,Petrol,Manual,7110,270000.0,11,Mumbai
Maruti XL6,Maruti,2020,27892,Petrol,Manual,13363,757000.0,6,Mumbai
Volkswagen Vento,Volkswagen,2014,68014,Petrol,Auto,8370,252000.0,12,Mumbai
Maruti Wagon R 1.0,Maruti,2013,31282,Petrol,Manual,9509,202000.0,13,Mumbai
Hyundai Eon,Hyundai,2014,59403,Petrol,Manual,5018,151000.0,12,Mumbai
Maruti Swift Dzire,Maruti,2012,128469,Petrol,Manual,20258,227999.99999999997,14,Mumbai
Maruti Wagon R 1.0,Maruti,2012,50586,Petrol,Manual,15637,176000.0,14,Mumbai
Maruti Wagon R 1.0,Maruti,2013,38600,Petrol,Manual,8756,186000.0,13,Mumbai
Volkswagen Vento,Volkswagen,2012,57580,Petrol,Manual,15549,175000.0,14,Mumbai
Maruti Wagon R 1.0,Maruti,2015,115337,Petrol,Manual,6583,250000.0,11,Mumbai
Renault Kwid,Renault,2016,52259,Petrol,Manual,3648,164000.0,10,Mumbai
Maruti Wagon R 1.0,Maruti,2013,154941,Petrol,Manual,9321,198000.0,13,Mumbai
Hyundai Eon,Hyundai,2012,14879,Petrol,Manual,11639,131000.0,14,Mumbai
Maruti Swift Dzire,Maruti,2013,108473,Petrol,Manual,11910,252999.99999999997,13,Mumbai
Maruti Wagon R 1.0,Maruti,2013,50466,Petrol,Manual,8379,178000.0,13,Mumbai
Maruti Wagon R 1.0,Maruti,2015,120476,Petrol,Manual,6320,240000.0,11,Mumbai
Renault Kwid,Renault,2016,49842,Petrol,Manual,3559,160000.0,10,Mumbai
Maruti Wagon R 1.0,Maruti,2012,61361,Petrol,Manual,13327,150000.0,14,Mumbai
Maruti Wagon R 1.0,Maruti,2013,114262,Petrol,Manual,9085,193000.0,13,Mumbai
Maruti Wagon R 1.0,Maruti,2015,77714,Petrol,Manual,6057,229999.99999999997,11,Mumbai
Ford Ecosport,Ford,2015,76001,Petrol,Auto,6346,241000.0,11,Mumbai
Tata Safari,Tata,2011,189061,Diesel,Manual,6346,76000.0,15,Mumbai
Hyundai i10,Hyundai,2012,143092,Petrol,Manual,11995,135000.0,14,Mumbai
Tata ALTROZ,Tata,2021,9202,Petrol,Manual,7588,430000.0,5,Mumbai
Maruti Wagon R 1.0,Maruti,2015,100465,Petrol,Manual,6583,250000.0,11,Mumbai
Maruti Wagon R 1.0,Maruti,2013,113700,Petrol,Manual,8944,190000.0,13,Mumbai
Tata PUNCH,Tata,2022,14037,Petrol,Auto,9532,540000.0,4,Mumbai
Volkswagen Vento,Volkswagen,2015,44839,Petrol,Manual,6504,247000.00000000003,11,Mumbai
Maruti Wagon R 1.0,Maruti,2014,109743,Petrol,Manual,7141,215000.0,12,Mumbai
Maruti Wagon R 1.0,Maruti,2013,20003,Petrol,Manual,9085,193000.0,13,Mumbai
KIA CARENS,KIA,2024,14374,Petrol,Manual,17003,993000.0,2,Mumbai
Maruti Wagon R 1.0,Maruti,2014,27300,Petrol,Manual,7473,225000.0,12,Mumbai
Renault Duster,Renault,2014,67507,Petrol,Manual,7573,227999.99999999997,12,Mumbai
Maruti Wagon R 1.0,Maruti,2012,67429,Petrol,Manual,15371,173000.0,14,Mumbai
Hyundai i10,Hyundai,2013,83566,Petrol,Manual,8191,174000.0,13,Mumbai
Hyundai Verna,Hyundai,2012,90637,Petrol,Manual,19991,225000.0,14,Mumbai
Hyundai Creta,Hyundai,2018,111903,Diesel,Manual,12279,552000.0,8,Mumbai
Maruti Alto 800,Maruti,2015,111900,Petrol,Manual,4793,182000.0,11,Mumbai
Hyundai Verna,Hyundai,2012,70812,Petrol,Manual,17681,199000.0,14,Mumbai
Maruti FRONX,Maruti,2023,25000,Petrol,Auto,12763,723000.0,3,Mumbai
Mercedes Benz C Class,Mercedes,2012,92590,Diesel,Auto,12763,329000.0,14,Mumbai
Maruti New Wagon-R,Maruti,2019,32225,Petrol,Manual,6549,371000.0,7,Mumbai
Mahindra XUV700,Mahindra,2021,83938,Petrol,Auto,22584,1319000.0,5,Mumbai
Hyundai i10,Hyundai,2013,42622,Petrol,Manual,8520,181000.0,13,Mumbai
Hyundai Xcent,Hyundai,2015,92486,Petrol,Manual,5741,218000.00000000003,11,Mumbai
Maruti Wagon R 1.0,Maruti,2012,113681,Petrol,Manual,16348,184000.0,14,Mumbai
Maruti Wagon R 1.0,Maruti,2018,122623,Petrol,Manual,7318,329000.0,8,Mumbai
Maruti Celerio X,Maruti,2019,67705,Petrol,Auto,4272,242000.0,7,Mumbai
Volkswagen Vento,Volkswagen,2012,193325,Diesel,Manual,4272,151000.0,14,Mumbai
Maruti Alto 800,Maruti,2014,64891,Petrol,Manual,4650,140000.0,12,Mumbai
Honda Amaze,Honda,2018,22029,Petrol,Manual,7573,429000.0,8,Mumbai
Hyundai Xcent,Hyundai,2015,140566,Diesel,Manual,6643,200000.0,11,Mumbai
Mahindra Scorpio,Mahindra,2011,115802,Diesel,Manual,6643,222000.00000000003,15,Mumbai
Renault Kwid,Renault,2016,12878,Petrol,Manual,4293,193000.0,10,Mumbai
Maruti Swift,Maruti,2013,74189,Petrol,Manual,9415,200000.0,13,Mumbai
Maruti Wagon R 1.0,Maruti,2012,156202,Petrol,Manual,13505,152000.0,14,Mumbai
Maruti Ritz,Maruti,2013,58296,Petrol,Manual,9980,212000.0,13,Mumbai
Maruti Wagon R 1.0,Maruti,2014,35673,Petrol,Manual,7739,233000.0,12,Mumbai
Maruti Swift,Maruti,2013,118527,Petrol,Manual,12192,259000.0,13,Mumbai
Maruti Alto 800,Maruti,2014,85913,Petrol,Manual,4119,124000.0,12,Mumbai
Maruti Ertiga,Maruti,2013,136770,Petrol,Manual,16052,341000.0,13,Mumbai
Chevrolet Beat,Chevrolet,2014,13701,Petrol,Manual,4550,137000.0,12,Mumbai
Volkswagen Vento,Volkswagen,2012,67125,Petrol,Auto,18214,204999.99999999997,14,Mumbai
Honda Brio,Honda,2013,69544,Petrol,Manual,6826,145000.0,13,Mumbai
Maruti Alto 800,Maruti,2013,106817,Petrol,Manual,5461,115999.99999999999,13,Mumbai
Maruti Alto 800,Maruti,2013,20753,Petrol,Manual,6826,145000.0,13,Mumbai
Mercedes Benz A Class,Mercedes,2013,50547,Diesel,Auto,55442,624000.0,13,Mumbai
Maruti Wagon R 1.0,Maruti,2017,153485,Petrol,Manual,4938,222000.00000000003,9,Mumbai
Hyundai Grand i10,Hyundai,2014,73804,Petrol,Manual,7706,231999.99999999997,12,Mumbai
Honda Amaze,Honda,2014,35913,Petrol,Manual,7075,213000.0,12,Mumbai
Renault TRIBER,Renault,2021,42973,Petrol,Manual,7502,425000.0,5,Mumbai
Toyota Etios Liva,Toyota,2013,43948,Petrol,Manual,9321,198000.0,13,Mumbai
Hyundai i10,Hyundai,2012,56998,Petrol,Manual,11550,130000.0,14,Mumbai
Hyundai Verna,Hyundai,2013,48377,Petrol,Auto,10827,229999.99999999997,13,Mumbai
Maruti Celerio,Maruti,2015,63804,Petrol,Manual,4477,170000.0,11,Mumbai
Nissan Terrano,Nissan,2014,127686,Diesel,Manual,10733,227999.99999999997,12,Mumbai
Toyota Etios,Toyota,2012,160272,Diesel,Manual,10733,179000.0,14,Mumbai
Maruti Wagon R 1.0,Maruti,2013,68334,Petrol,Manual,10309,219000.0,13,Mumbai
Maruti Ritz,Maruti,2014,53553,Petrol,Manual,7340,221000.0,12,Mumbai
Hyundai Xcent,Hyundai,2014,84155,Petrol,Manual,7340,221000.0,12,Mumbai
Maruti Wagon R 1.0,Maruti,2012,77485,Petrol,Manual,13683,154000.0,14,Mumbai
Maruti Wagon R 1.0,Maruti,2018,145560,Petrol,Manual,7029,316000.0,8,Mumbai
Ford Figo,Ford,2012,84450,Diesel,Manual,7029,107000.0,14,Mumbai
Maruti XL6,Maruti,2021,59552,Petrol,Auto,13681,775000.0,5,Mumbai
Hyundai Elite i20,Hyundai,2019,34065,Petrol,Manual,6990,396000.0,7,Mumbai
Maruti Swift,Maruti,2013,36046,Petrol,Manual,10874,231000.0,13,Mumbai
Hyundai Verna,Hyundai,2017,86126,Petrol,Manual,10831,554000.0,9,Mumbai
Maruti Celerio,Maruti,2014,123521,Petrol,Manual,7772,234000.0,12,Mumbai
Tata NEXON,Tata,2019,67554,Diesel,Auto,9003,509999.99999999994,7,Mumbai
Maruti Vitara Brezza,Maruti,2017,41660,Diesel,Manual,11122,500000.0,9,Mumbai
Maruti Wagon R 1.0,Maruti,2016,152358,Petrol,Manual,5048,227000.0,10,Mumbai
Volkswagen Vento,Volkswagen,2012,104890,Petrol,Manual,13949,157000.0,14,Mumbai
Renault Kwid,Renault,2016,72545,Petrol,Manual,3759,169000.0,10,Mumbai
Maruti Wagon R 1.0,Maruti,2018,111980,Petrol,Manual,7207,324000.0,8,Mumbai
Maruti Alto K10,Maruti,2018,48158,Petrol,Auto,3566,202000.0,8,Mumbai
Tata NEXON,Tata,2019,42151,Petrol,Manual,8332,472000.0,7,Mumbai
Ford Figo Aspire,Ford,2015,51212,Petrol,Manual,5741,218000.00000000003,11,Mumbai
Tata ALTROZ,Tata,2021,71920,Diesel,Manual,8385,475000.0,5,Mumbai
Tata Tiago,Tata,2016,64803,Petrol,Manual,5561,250000.0,10,Mumbai
Honda Brio,Honda,2013,87069,Petrol,Manual,6967,148000.0,13,Mumbai
Maruti Wagon R Stingray,Maruti,2014,132139,Petrol,Manual,6676,200999.99999999997,12,Mumbai
Maruti Swift,Maruti,2013,64041,Petrol,Manual,10592,225000.0,13,Mumbai
Maruti Swift Dzire,Maruti,2012,135708,Petrol,Manual,19547,220000.00000000003,14,Mumbai
Hyundai Verna,Hyundai,2012,35541,Diesel,Manual,19547,234000.0,14,Mumbai
Renault Kwid,Renault,2019,67586,Petrol,Manual,3884,220000.00000000003,7,Mumbai
Maruti Wagon R 1.0,Maruti,2014,59172,Petrol,Manual,8304,250000.0,12,Mumbai
Toyota Etios,Toyota,2015,95618,Petrol,Manual,6452,245000.00000000003,11,Mumbai
Maruti Wagon R 1.0,Maruti,2014,192373,Petrol,Manual,7739,233000.0,12,Mumbai
Hyundai Verna,Hyundai,2017,74532,Petrol,Auto,7370,377000.0,9,Mumbai
Nissan Terrano,Nissan,2014,84905,Petrol,Manual,7374,222000.00000000003,12,Mumbai
Hyundai Eon,Hyundai,2014,95266,Petrol,Manual,4517,136000.0,12,Mumbai
Maruti Alto 800,Maruti,2014,100694,Petrol,Manual,5613,169000.0,12,Mumbai
Toyota Corolla Altis,Toyota,2015,79271,Petrol,Manual,9533,362000.0,11,Mumbai
Maruti Wagon R 1.0,Maruti,2013,93063,Petrol,Manual,6684,142000.0,13,Mumbai
Maruti Ciaz,Maruti,2015,62960,Diesel,Manual,13253,399000.0,11,Mumbai
Maruti Ritz,Maruti,2014,45760,Petrol,Manual,6244,188000.0,12,Mumbai
Maruti Alto 800,Maruti,2013,73726,Petrol,Manual,7061,150000.0,13,Mumbai
Maruti Swift Dzire,Maruti,2021,74069,Petrol,Manual,9109,516000.0,5,Mumbai
Maruti Celerio,Maruti,2014,35885,Petrol,Manual,5945,179000.0,12,Mumbai
Renault Kwid,Renault,2017,45298,Petrol,Manual,4907,250999.99999999997,9,Mumbai
Maruti Wagon R 1.0,Maruti,2015,134762,Petrol,Manual,6004,227999.99999999997,11,Mumbai
Volkswagen Polo,Volkswagen,2011,83161,Petrol,Manual,6004,126000.0,15,Mumbai
Hyundai i20,Hyundai,2013,41322,Petrol,Manual,10450,222000.00000000003,13,Mumbai
Tata TIGOR,Tata,2018,50818,Petrol,Auto,6267,355000.0,8,Mumbai
Tata TIGOR,Tata,2018,57869,Petrol,Manual,5649,320000.0,8,Mumbai
Maruti Alto 800,Maruti,2012,41878,Petrol,Manual,11550,130000.0,14,Mumbai
Hyundai i20,Hyundai,2012,64967,Petrol,Manual,13150,148000.0,14,Mumbai
Maruti Wagon R 1.0,Maruti,2014,98300,Petrol,Manual,6942,209000.0,12,Mumbai
Honda Amaze,Honda,2013,185971,Petrol,Manual,9179,195000.0,13,Mumbai
Renault Kwid,Renault,2020,17000,Petrol,Auto,5119,290000.0,6,Mumbai
Hyundai Verna,Hyundai,2012,84049,Petrol,Manual,17681,199000.0,14,Mumbai
Renault Duster,Renault,2012,152747,Diesel,Manual,17681,180000.0,14,Mumbai
Maruti Swift,Maruti,2012,61125,Petrol,Manual,20346,229000.0,14,Mumbai
Hyundai i20,Hyundai,2012,29058,Petrol,Manual,16792,189000.0,14,Mumbai
Maruti Swift Dzire,Maruti,2012,67069,Petrol,Manual,23545,265000.0,14,Mumbai
Hyundai i10,Hyundai,2012,1,Petrol,Auto,13327,150000.0,14,Mumbai
Maruti Swift Dzire,Maruti,2013,35780,Petrol,Manual,11533,245000.00000000003,13,Mumbai
Maruti Baleno,Maruti,2021,22214,Petrol,Auto,9532,540000.0,5,Mumbai
Volkswagen Vento,Volkswagen,2013,46021,Petrol,Auto,10827,229999.99999999997,13,Mumbai
Maruti Wagon R 1.0,Maruti,2013,55495,Petrol,Manual,9368,199000.0,13,Mumbai
Hyundai Grand i10,Hyundai,2014,74028,Petrol,Manual,9333,281000.0,12,Mumbai
Hyundai Verna,Hyundai,2018,84319,Petrol,Auto,10221,579000.0,8,Mumbai
Hyundai Elite i20,Hyundai,2019,41216,Petrol,Manual,7238,409999.99999999994,7,Mumbai
Renault Kwid,Renault,2017,34611,Petrol,Auto,4027,206000.0,9,Mumbai
Hyundai Verna,Hyundai,2021,46724,Diesel,Manual,14811,865000.0,5,Mumbai
Maruti Wagon R 1.0,Maruti,2016,58892,Petrol,Manual,5784,260000.0,10,Mumbai
Maruti Wagon R 1.0,Maruti,2012,40000,Petrol,Manual,14571,164000.0,14,Mumbai
Honda Brio,Honda,2012,57423,Petrol,Manual,12083,136000.0,14,Mumbai
Hyundai i10,Hyundai,2013,31057,Petrol,Manual,5837,124000.0,13,Mumbai
Tata Indica Vista,Tata,2012,40679,Petrol,Manual,3820,43000.0,14,Mumbai
Maruti Swift,Maruti,2023,23221,Petrol,Manual,9144,518000.0,3,Mumbai
Hyundai i20,Hyundai,2012,51500,Petrol,Manual,13327,150000.0,14,Mumbai
Maruti Wagon R 1.0,Maruti,2015,121367,Petrol,Manual,5662,215000.0,11,Mumbai
Honda Civic,Honda,2019,31508,Petrol,Auto,16455,961000.0,7,Mumbai
Maruti Celerio,Maruti,2014,59035,Petrol,Auto,7141,215000.0,12,Mumbai
Ford Ecosport,Ford,2013,85172,Petrol,Manual,10356,220000.00000000003,13,Mumbai
Maruti Wagon R 1.0,Maruti,2012,119390,Petrol,Manual,13949,157000.0,14,Mumbai
Tata TIGOR,Tata,2021,36098,Petrol,Manual,8050,455999.99999999994,5,Mumbai
Volkswagen Ameo,Volkswagen,2016,39723,Diesel,Auto,8558,325000.0,10,Mumbai
Maruti Celerio,Maruti,2016,118400,Petrol,Manual,4916,221000.0,10,Mumbai
Maruti Swift,Maruti,2015,26989,Petrol,Manual,7768,295000.0,11,Mumbai
Maruti Swift Dzire,Maruti,2016,77233,Petrol,Manual,7496,337000.0,10,Mumbai
Maruti Alto 800,Maruti,2013,50693,Petrol,Manual,7485,159000.0,13,Mumbai
Mahindra Kuv100,Mahindra,2017,59307,Petrol,Manual,4731,242000.0,9,Mumbai
Fiat Grand Punto,Fiat,2011,1,Diesel,Manual,4731,85000.0,15,Mumbai
KIA CARENS,KIA,2024,11643,Petrol,Auto,31077,1814999.9999999998,2,Mumbai
Maruti Swift Dzire,Maruti,2014,240109,Diesel,Manual,9273,197000.0,12,Mumbai
Hyundai Eon,Hyundai,2012,26974,Petrol,Manual,8885,100000.0,14,Mumbai
Maruti Ciaz,Maruti,2020,65694,Petrol,Manual,9003,509999.99999999994,6,Mumbai
Tata TIGOR,Tata,2017,37812,Petrol,Manual,6530,334000.0,9,Mumbai
Hyundai Grand i10,Hyundai,2014,52738,Petrol,Manual,9200,277000.0,12,Mumbai
Hyundai Verna,Hyundai,2015,225169,Diesel,Manual,10463,315000.0,11,Mumbai
Tata Tiago,Tata,2017,77910,Petrol,Auto,5728,293000.0,9,Mumbai
Renault Pulse,Renault,2014,34171,Diesel,Manual,6975,148000.0,12,Mumbai
Honda Amaze,Honda,2013,142774,Petrol,Auto,9273,197000.0,13,Mumbai
Hyundai Xcent,Hyundai,2014,196350,Petrol,Manual,8138,245000.00000000003,12,Mumbai
Hyundai i10,Hyundai,2012,67444,Petrol,Manual,12172,137000.0,14,Mumbai
Maruti Alto 800,Maruti,2013,108369,Petrol,Manual,4707,100000.0,13,Mumbai
Maruti Swift Dzire,Maruti,2012,78474,Diesel,Manual,4707,261000.0,14,Mumbai
Hyundai Verna,Hyundai,2011,51501,Petrol,Auto,4707,162000.0,15,Mumbai
KIA SONET,KIA,2020,76740,Diesel,Manual,13699,776000.0,6,Mumbai
Volkswagen Vento,Volkswagen,2010,91283,Diesel,Manual,13699,177000.0,16,Mumbai
Maruti Alto K10,Maruti,2015,60000,Petrol,Manual,4477,170000.0,11,Mumbai
Honda Amaze,Honda,2013,93198,Petrol,Manual,8238,175000.0,13,Mumbai
Maruti Wagon R 1.0,Maruti,2016,102978,Petrol,Manual,5316,239000.0,10,Mumbai
Honda City,Honda,2012,93032,Petrol,Manual,17770,200000.0,14,Mumbai
Tata PUNCH,Tata,2023,7260,Petrol,Manual,9162,519000.00000000006,3,Mumbai
Tata NEXON,Tata,2018,36168,Petrol,Manual,9568,542000.0,8,Mumbai
Maruti Wagon R 1.0,Maruti,2018,85481,Petrol,Manual,4237,240000.0,8,Mumbai
Ford Ecosport,Ford,2014,26606,Petrol,Manual,8935,269000.0,12,Mumbai
Maruti Swift,Maruti,2013,126657,Petrol,Manual,11156,237000.0,13,Mumbai
Renault Pulse,Renault,2013,50095,Petrol,Manual,10827,229999.99999999997,13,Mumbai
Honda WR-V,Honda,2017,135379,Petrol,Manual,8119,365000.0,9,Mumbai
Chevrolet Beat,Chevrolet,2012,34000,Petrol,Manual,5331,60000.0,14,Mumbai
Maruti Alto K10,Maruti,2015,44379,Petrol,Auto,5101,194000.0,11,Mumbai
Skoda Fabia,Skoda,2010,104330,Diesel,Manual,5101,89000.0,16,Mumbai
Honda Amaze,Honda,2013,134341,Diesel,Manual,19280,217000.0,13,Mumbai
Maruti Ertiga,Maruti,2022,26003,Petrol,Manual,15992,934000.0,4,Mumbai
Honda Amaze,Honda,2015,1854,Petrol,Auto,6057,229999.99999999997,11,Mumbai
Honda Jazz,Honda,2016,57727,Petrol,Auto,7096,319000.0,10,Mumbai
Volkswagen Vento,Volkswagen,2011,64183,Petrol,Manual,7096,120000.0,15,Mumbai
Jeep Compass,Jeep,2017,78607,Diesel,Manual,14348,645000.0,9,Mumbai
Tata Hexa,Tata,2017,77101,Diesel,Manual,9543,429000.0,9,Mumbai
Renault Duster,Renault,2012,111352,Diesel,Manual,9543,178000.0,14,Mumbai
Skoda Superb,Skoda,2012,83677,Petrol,Manual,17770,200000.0,14,Mumbai
Volkswagen Vento,Volkswagen,2013,152925,Diesel,Manual,20080,225999.99999999997,13,Mumbai
Ford Figo,Ford,2011,72120,Petrol,Manual,20080,78000.0,15,Mumbai
Maruti Ciaz,Maruti,2015,83561,Petrol,Manual,9217,350000.0,11,Mumbai
Renault Kwid,Renault,2016,37331,Petrol,Manual,4115,185000.0,10,Mumbai
Tata TIGOR,Tata,2019,38734,Petrol,Manual,6620,375000.0,7,Mumbai
Maruti Swift,Maruti,2013,84064,Petrol,Manual,9744,206999.99999999997,13,Mumbai
Renault Duster,Renault,2012,58792,Diesel,Manual,9744,180000.0,14,Mumbai
Hyundai i20,Hyundai,2013,73203,Petrol,Manual,9885,210000.0,13,Mumbai
Volkswagen TAIGUN,Volkswagen,2021,65830,Petrol,Auto,13769,780000.0,5,Mumbai
Maruti Wagon R 1.0,Maruti,2014,83000,Petrol,Manual,7274,219000.0,12,Mumbai
Tata Tiago,Tata,2017,63699,Petrol,Auto,5132,263000.0,9,Mumbai
Jeep Compass,Jeep,2017,80629,Diesel,Manual,14459,650000.0,9,Mumbai
Maruti Swift,Maruti,2016,108322,Petrol,Manual,5606,252000.0,10,Mumbai
Hyundai i10,Hyundai,2011,16807,Petrol,Manual,5606,136000.0,15,Mumbai
Hyundai Eon,Hyundai,2013,48871,Petrol,Manual,4660,99000.0,13,Mumbai
Maruti Wagon R 1.0,Maruti,2015,38204,Petrol,Manual,6294,239000.0,11,Mumbai
Hyundai Elite i20,Hyundai,2016,122571,Petrol,Manual,6607,297000.0,10,Mumbai
Maruti Wagon R 1.0,Maruti,2015,81072,Petrol,Manual,6346,241000.0,11,Mumbai
Tata Tiago,Tata,2018,78044,Petrol,Auto,4696,266000.0,8,Mumbai
Chevrolet Sail UVA,Chevrolet,2013,9831,Petrol,Manual,3967,84000.0,13,Mumbai
Maruti Baleno,Maruti,2016,60159,Petrol,Manual,7674,345000.0,10,Mumbai
Maruti S PRESSO,Maruti,2020,27272,Petrol,Manual,4819,273000.0,6,Mumbai
Hyundai i10,Hyundai,2011,43852,Petrol,Manual,4819,146000.0,15,Mumbai
Maruti Swift Dzire,Maruti,2014,32055,Petrol,Manual,8636,260000.0,12,Mumbai
Renault Kwid,Renault,2017,39700,Petrol,Auto,4047,206999.99999999997,9,Mumbai
Tata Indica EV2,Tata,2013,50017,Diesel,Manual,14216,160000.0,13,Mumbai
Hyundai Santro Xing,Hyundai,2012,42690,Petrol,Manual,10751,121000.0,14,Mumbai
Hyundai Grand i10,Hyundai,2018,51951,Petrol,Auto,7296,328000.0,8,Mumbai
Volkswagen Vento,Volkswagen,2014,38725,Petrol,Auto,7938,239000.0,12,Mumbai
Maruti Wagon R Stingray,Maruti,2015,27796,Petrol,Manual,5188,197000.0,11,Mumbai
Hyundai Grand i10,Hyundai,2016,64421,Petrol,Manual,6184,278000.0,10,Mumbai
Hyundai i10,Hyundai,2013,65104,Petrol,Manual,7014,149000.0,13,Mumbai
Tata Tiago,Tata,2023,56417,Petrol,Manual,9850,558000.0,3,Mumbai
Hyundai i10,Hyundai,2010,65682,Petrol,Auto,9850,88000.0,16,Mumbai
Maruti Ertiga,Maruti,2017,52294,Petrol,Manual,10792,552000.0,9,Mumbai
Honda City,Honda,2011,94977,Petrol,Manual,10792,156000.0,15,Mumbai
Honda WR-V,Honda,2018,41547,Petrol,Manual,8279,469000.00000000006,8,Mumbai
Skoda Rapid,Skoda,2012,50966,Petrol,Manual,11817,133000.0,14,Mumbai
Ford Figo,Ford,2011,70661,Petrol,Manual,11817,74000.0,15,Mumbai
Hyundai i10,Hyundai,2011,141908,Petrol,Manual,11817,123000.0,15,Mumbai
Hyundai i10,Hyundai,2013,86375,Petrol,Manual,7532,160000.0,13,Mumbai
Honda Jazz,Honda,2017,55108,Petrol,Auto,6276,321000.0,9,Mumbai
Maruti Swift,Maruti,2012,77318,Petrol,Manual,17681,199000.0,14,Mumbai
Mahindra Xylo,Mahindra,2013,122867,Diesel,Manual,19902,224000.00000000003,13,Mumbai
Maruti Alto K10,Maruti,2023,14611,Petrol,Manual,7291,413000.0,3,Mumbai
Volkswagen Vento,Volkswagen,2012,47807,Diesel,Manual,7291,200000.0,14,Mumbai
Tata NEXON,Tata,2019,82218,Petrol,Manual,7855,445000.0,7,Mumbai
Chevrolet Beat,Chevrolet,2014,98578,Petrol,Manual,4152,125000.0,12,Mumbai
Maruti Swift,Maruti,2012,105696,Petrol,Manual,21146,238000.0,14,Mumbai
Maruti Swift Dzire,Maruti,2012,151475,Diesel,Manual,21146,276000.0,14,Mumbai
Tata Tiago,Tata,2016,26768,Petrol,Manual,6095,274000.0,10,Mumbai
Maruti Ertiga,Maruti,2021,90917,Petrol,Manual,14069,797000.0,5,Mumbai
Honda Amaze,Honda,2014,226090,Petrol,Manual,6643,200000.0,12,Mumbai
Hyundai Verna,Hyundai,2011,93826,Diesel,Manual,6643,202000.0,15,Mumbai
Tata NEXON,Tata,2018,52598,Petrol,Manual,7732,438000.0,8,Mumbai
Hyundai AURA,Hyundai,2020,194817,Petrol,Manual,10789,484999.99999999994,6,Mumbai
Mahindra Thar,Mahindra,2021,56214,Diesel,Manual,17037,994999.9999999999,5,Mumbai
Mitsubishi Outlander,Mitsubishi,2011,88679,Petrol,Auto,17037,217000.0,15,Mumbai
Maruti Alto,Maruti,2010,56343,Petrol,Manual,17037,68000.0,16,Mumbai
Mahindra Kuv100,Mahindra,2016,57149,Petrol,Manual,5227,235000.0,10,Mumbai
Hyundai Eon,Hyundai,2014,27217,Petrol,Manual,4617,139000.0,12,Mumbai
Hyundai Verna,Hyundai,2013,81073,Petrol,Auto,11251,239000.0,13,Mumbai
Maruti Wagon R 1.0,Maruti,2014,33085,Petrol,Manual,6477,195000.0,12,Mumbai
Toyota Corolla Altis,Toyota,2017,17227,Petrol,Manual,9580,490000.00000000006,9,Mumbai
Honda City,Honda,2015,18188,Diesel,Manual,15179,457000.0,11,Mumbai
Skoda Octavia,Skoda,2016,129524,Petrol,Auto,10922,491000.0,10,Mumbai
Honda Amaze,Honda,2018,23544,Petrol,Manual,5949,337000.0,8,Mumbai
Mahindra XUV500,Mahindra,2014,105227,Diesel,Manual,14310,304000.0,12,Mumbai
Maruti Ritz,Maruti,2011,72186,Petrol,Manual,14310,114999.99999999999,15,Mumbai
Maruti Dzire,Maruti,2017,99061,Diesel,Auto,10499,472000.0,9,Mumbai
Tata TIGOR,Tata,2018,19518,Petrol,Manual,5931,336000.0,8,Mumbai
Maruti Swift Dzire,Maruti,2012,145306,Diesel,Manual,5931,215000.0,14,Mumbai
Tata Bolt,Tata,2015,44404,Petrol,Manual,4819,183000.0,11,Mumbai
Maruti Celerio,Maruti,2017,184266,Petrol,Manual,6762,304000.0,9,Mumbai
Honda Jazz,Honda,2011,75852,Petrol,Manual,6762,114999.99999999999,15,Mumbai
Maruti Zen Estilo,Maruti,2013,49039,Petrol,Manual,6120,130000.0,13,Mumbai
Maruti Wagon R 1.0,Maruti,2011,19050,Petrol,Manual,6120,117000.0,15,Mumbai
Hyundai New Elantra,Hyundai,2015,90981,Diesel,Auto,11691,352000.0,11,Mumbai
Honda Amaze,Honda,2013,88759,Diesel,Manual,19547,220000.00000000003,13,Mumbai
Tata Zest,Tata,2015,88375,Petrol,Manual,4055,154000.0,11,Mumbai
Maruti New Wagon-R,Maruti,2019,52378,Petrol,Manual,6655,377000.0,7,Mumbai
Maruti Ciaz,Maruti,2015,90288,Petrol,Auto,9059,344000.0,11,Mumbai
Maruti XL6,Maruti,2019,16062,Petrol,Manual,13557,768000.0,7,Mumbai
Maruti Wagon R 1.0,Maruti,2014,67062,Petrol,Manual,8038,242000.0,12,Mumbai
Honda BR-V,Honda,2017,70901,Petrol,Auto,9795,501000.0,9,Mumbai
Hyundai VENUE,Hyundai,2019,101905,Diesel,Manual,13525,608000.0,7,Mumbai
Honda City,Honda,2011,44351,Petrol,Manual,13525,167000.0,15,Mumbai
Maruti Ertiga,Maruti,2017,51552,Petrol,Manual,9892,505999.99999999994,9,Mumbai
Hyundai Verna,Hyundai,2018,78603,Diesel,Auto,12669,648000.0,8,Mumbai
Tata Indica EV2,Tata,2012,144014,Diesel,Manual,12669,107000.0,14,Mumbai
Hyundai i10,Hyundai,2013,22861,Petrol,Manual,6826,145000.0,13,Mumbai
Maruti Swift,Maruti,2013,26323,Petrol,Manual,12239,260000.0,13,Mumbai
Maruti Wagon R 1.0,Maruti,2014,59738,Petrol,Manual,6610,199000.0,12,Mumbai
Hyundai i10,Hyundai,2013,33876,Petrol,Manual,7391,157000.0,13,Mumbai
Hyundai Xcent,Hyundai,2014,20586,Petrol,Manual,8968,270000.0,12,Mumbai
Maruti Wagon R 1.0,Maruti,2017,75257,Petrol,Manual,4888,250000.0,9,Mumbai
Maruti Wagon R 1.0,Maruti,2016,111210,Petrol,Manual,5561,250000.0,10,Mumbai
Jeep Compass,Jeep,2017,183516,Diesel,Manual,13569,610000.0,9,Mumbai
Skoda Rapid,Skoda,2015,31433,Petrol,Manual,7373,280000.0,11,Mumbai
Maruti Wagon R 1.0,Maruti,2017,61059,Petrol,Manual,4594,235000.0,9,Mumbai
Renault Kwid,Renault,2017,34069,Petrol,Auto,3793,194000.0,9,Mumbai
Hyundai Eon,Hyundai,2011,66359,Petrol,Manual,3793,110000.00000000001,15,Mumbai
Mahindra TUV300,Mahindra,2016,86185,Diesel,Manual,10850,412000.0,10,Mumbai
Maruti Eeco,Maruti,2020,57032,Petrol,Manual,8844,501000.0,6,Mumbai
Honda Amaze,Honda,2015,18994,Petrol,Auto,7479,284000.0,11,Mumbai
Hyundai Elite i20,Hyundai,2017,75831,Diesel,Manual,10588,476000.0,9,Mumbai
Tata NEXON,Tata,2021,24001,Petrol,Manual,12922,732000.0,5,Mumbai
Maruti Baleno,Maruti,2016,57758,Petrol,Manual,9521,428000.0,10,Mumbai
Skoda Superb,Skoda,2010,114765,Petrol,Auto,9521,174000.0,16,Mumbai
Skoda Rapid,Skoda,2019,19598,Petrol,Auto,10009,567000.0,7,Mumbai
Honda Amaze,Honda,2014,49881,Petrol,Manual,6145,185000.0,12,Mumbai
Maruti SX4,Maruti,2011,82767,Petrol,Manual,6145,114999.99999999999,15,Mumbai
Hyundai Grand i10,Hyundai,2015,64350,Petrol,Manual,7558,287000.0,11,Mumbai
Hyundai AURA,Hyundai,2021,51913,Petrol,Manual,9126,517000.0,5,Mumbai
Maruti Ciaz,Maruti,2016,62894,Petrol,Manual,8853,398000.0,10,Mumbai
Skoda Rapid,Skoda,2017,25642,Petrol,Auto,9971,509999.99999999994,9,Mumbai
Maruti Swift,Maruti,2012,99878,Petrol,Manual,15815,178000.0,14,Mumbai
Tata TIGOR,Tata,2022,48332,Petrol,Manual,9850,558000.0,4,Mumbai
Mahindra XUV300,Mahindra,2022,89478,Diesel,Auto,16369,956000.0,4,Mumbai
Hyundai AURA,Hyundai,2021,44928,Petrol,Manual,9232,523000.00000000006,5,Mumbai
Honda City,Honda,2014,99614,Petrol,Manual,9632,290000.0,12,Mumbai
Maruti Celerio,Maruti,2015,68453,Petrol,Auto,6583,250000.0,11,Mumbai
Hyundai i20,Hyundai,2011,50800,Petrol,Manual,6583,130000.0,15,Mumbai
Tata Zest,Tata,2015,55442,Petrol,Manual,5188,197000.0,11,Mumbai
Maruti Ritz,Maruti,2015,88377,Petrol,Manual,5056,192000.0,11,Mumbai
Maruti Ritz,Maruti,2012,70271,Diesel,Manual,5056,160000.0,14,Mumbai
Renault Kwid,Renault,2021,31450,Petrol,Manual,5825,330000.0,5,Mumbai
Tata NEXON,Tata,2018,60731,Petrol,Manual,7767,440000.00000000006,8,Mumbai
Maruti Ertiga,Maruti,2019,70612,Diesel,Manual,14503,847000.0000000001,7,Mumbai
Maruti Baleno,Maruti,2020,31720,Petrol,Manual,7449,422000.0,6,Mumbai
Mahindra XUV500,Mahindra,2012,143233,Diesel,Manual,7449,259000.0,14,Mumbai
Hyundai NEW SANTRO,Hyundai,2019,42974,Petrol,Manual,4660,264000.0,7,Mumbai
Skoda Rapid,Skoda,2012,126605,Petrol,Auto,13327,150000.0,14,Mumbai
Hyundai Verna,Hyundai,2013,22789,Petrol,Manual,13745,292000.0,13,Mumbai
Honda Civic,Honda,2011,87768,Petrol,Manual,13745,153000.0,15,Mumbai
Maruti Ciaz,Maruti,2018,131058,Diesel,Manual,11389,512000.0,8,Mumbai
Hyundai Verna,Hyundai,2011,97297,Petrol,Manual,11389,157000.0,15,Mumbai
Tata Zest,Tata,2014,68407,Petrol,Manual,7839,236000.0,12,Mumbai
Ford FREESTYLE,Ford,2020,35930,Petrol,Manual,7114,403000.0,6,Mumbai
Maruti Eeco,Maruti,2023,101753,Petrol,Manual,11634,523000.00000000006,3,Mumbai
Honda Amaze,Honda,2014,80499,Petrol,Auto,7706,231999.99999999997,12,Mumbai
Maruti SX4,Maruti,2012,107571,Diesel,Manual,7706,151000.0,14,Mumbai
Hyundai Grand i10,Hyundai,2015,71011,Petrol,Manual,5267,200000.0,11,Mumbai
Honda Amaze,Honda,2014,92589,Petrol,Manual,7008,211000.0,12,Mumbai
Tata TIGOR,Tata,2022,114800,Petrol,Manual,12613,567000.0,4,Mumbai
Hyundai i10,Hyundai,2013,37750,Petrol,Manual,7061,150000.0,13,Mumbai
Maruti Eeco,Maruti,2011,68641,Petrol,Manual,7061,186000.0,15,Mumbai
Honda Jazz,Honda,2015,63136,Petrol,Manual,6689,254000.0,11,Mumbai
Hyundai Grand i10,Hyundai,2014,101897,Petrol,Manual,7772,234000.0,12,Mumbai
Maruti Swift Dzire,Maruti,2011,65213,Petrol,Manual,7772,137000.0,15,Mumbai
Skoda Rapid,Skoda,2018,64759,Petrol,Auto,8297,470000.0,8,Mumbai
Maruti Baleno,Maruti,2017,28611,Petrol,Manual,7136,365000.0,9,Mumbai
Maruti Wagon R 1.0,Maruti,2016,73961,Petrol,Auto,6095,274000.0,10,Mumbai
Honda City,Honda,2019,54338,Petrol,Auto,10592,600000.0,7,Mumbai
Maruti Ritz,Maruti,2011,7853,Petrol,Manual,10592,130000.0,15,Mumbai
Maruti Wagon R 1.0,Maruti,2012,82037,Petrol,Manual,13061,147000.0,14,Mumbai
Toyota Etios Liva,Toyota,2014,66671,Petrol,Manual,6543,197000.0,12,Mumbai
Ford Classic,Ford,2012,38462,Petrol,Manual,13061,147000.0,14,Mumbai
Hyundai i10,Hyundai,2013,155868,Petrol,Manual,8191,174000.0,13,Mumbai
Renault TRIBER,Renault,2021,66677,Petrol,Auto,7944,450000.0,5,Mumbai
Honda Jazz,Honda,2019,48838,Petrol,Auto,8367,474000.0,7,Mumbai
Maruti Baleno,Maruti,2016,780001,Petrol,Manual,7074,318000.0,10,Mumbai
Honda Amaze,Honda,2014,40998,Petrol,Manual,8005,241000.0,12,Mumbai
Ford Ecosport,Ford,2015,80002,Petrol,Manual,7321,278000.0,11,Mumbai
Maruti Wagon R 1.0,Maruti,2014,19431,Petrol,Manual,8038,242000.0,12,Mumbai
Nissan Micra Active,Nissan,2016,51834,Petrol,Manual,3648,164000.0,10,Mumbai
Maruti Swift,Maruti,2011,97000,Petrol,Manual,3648,133000.0,15,Mumbai
Maruti Celerio,Maruti,2014,18243,Petrol,Auto,8038,242000.0,12,Mumbai
Honda City,Honda,2014,30595,Petrol,Manual,10961,330000.0,12,Mumbai
Chevrolet Enjoy,Chevrolet,2013,9357,Petrol,Manual,8850,188000.0,13,Mumbai
Maruti Swift Dzire,Maruti,2014,101961,Diesel,Manual,18641,396000.0,12,Mumbai
Hyundai i20,Hyundai,2012,98463,Petrol,Manual,15549,175000.0,14,Mumbai
Tata NEXON,Tata,2019,48747,Petrol,Auto,8826,500000.0,7,Mumbai
Hyundai i20 Active,Hyundai,2015,26366,Petrol,Manual,10402,395000.0,11,Mumbai
Chevrolet Beat,Chevrolet,2013,37086,Petrol,Manual,4943,105000.0,13,Mumbai
Hyundai Xcent,Hyundai,2015,8404,Petrol,Auto,8400,319000.0,11,Mumbai
Tata NEXON,Tata,2021,37992,Diesel,Auto,12445,705000.0,5,Mumbai
Hyundai Verna,Hyundai,2013,52788,Diesel,Manual,22123,249000.00000000003,13,Mumbai
Maruti Dzire,Maruti,2020,21076,Petrol,Manual,8209,465000.00000000006,6,Mumbai
Maruti Baleno,Maruti,2023,28648,Petrol,Manual,13363,757000.0,3,Mumbai
Hyundai i10,Hyundai,2014,28500,Petrol,Manual,8304,250000.0,12,Mumbai
Hyundai Verna,Hyundai,2014,70059,Petrol,Manual,9765,294000.0,12,Mumbai
Maruti Dzire,Maruti,2022,52745,Petrol,Auto,8809,499000.0,4,Mumbai
Chevrolet Spark,Chevrolet,2011,67983,Petrol,Manual,8809,60000.0,15,Mumbai
Renault Duster,Renault,2012,117379,Diesel,Manual,8809,204999.99999999997,14,Mumbai
Maruti Ertiga,Maruti,2016,91000,Diesel,Manual,14747,560000.0,10,Mumbai
Maruti Ertiga,Maruti,2018,57474,Petrol,Manual,9585,543000.0,8,Mumbai
Tata Harrier,Tata,2020,96500,Diesel,Auto,18389,1074000.0,6,Mumbai
Honda Amaze,Honda,2016,71995,Petrol,Manual,6117,275000.0,10,Mumbai
Maruti Wagon R 1.0,Maruti,2014,60467,Petrol,Manual,7340,221000.0,12,Mumbai
Hyundai Santro Xing,Hyundai,2012,37393,Petrol,Manual,8796,99000.0,14,Mumbai
Hyundai Grand i10,Hyundai,2015,43000,Petrol,Manual,6689,254000.0,11,Mumbai
Tata Indigo ECS,Tata,2011,111625,Diesel,Manual,6689,125000.0,15,Mumbai
Honda City,Honda,2014,118045,Petrol,Manual,9333,281000.0,12,Mumbai
Nissan Micra,Nissan,2012,55168,Diesel,Manual,9333,140000.0,14,Mumbai
Volkswagen Vento,Volkswagen,2011,81056,Petrol,Manual,9333,133000.0,15,Mumbai
Maruti Wagon R 1.0,Maruti,2012,90617,Petrol,Manual,14394,162000.0,14,Mumbai
Mahindra XUV500,Mahindra,2015,64252,Diesel,Manual,17471,526000.0,11,Mumbai
Maruti Wagon R,Maruti,2010,1234,Petrol,Manual,17471,81000.0,16,Mumbai
Toyota Glanza,Toyota,2021,36755,Petrol,Auto,10097,572000.0,5,Mumbai
Hyundai i20,Hyundai,2012,94324,Petrol,Manual,15637,176000.0,14,Mumbai
Maruti Ciaz,Maruti,2017,53636,Petrol,Manual,8152,417000.0,9,Mumbai
Maruti Celerio,Maruti,2017,152144,Petrol,Manual,6228,280000.0,9,Mumbai
Maruti Wagon R 1.0,Maruti,2016,116175,Petrol,Manual,4716,212000.0,10,Mumbai
Tata Tiago,Tata,2018,87970,Petrol,Manual,4643,263000.0,8,Mumbai
Renault Kiger,Renault,2021,68096,Petrol,Auto,7944,450000.0,5,Mumbai
Tata NEXON,Tata,2021,13155,Petrol,Auto,12180,690000.0,5,Mumbai
Maruti Celerio,Maruti,2016,40098,Petrol,Auto,5873,264000.0,10,Mumbai
MG ASTOR,MG,2023,22793,Petrol,Auto,19365,1131000.0,3,Mumbai
Honda City,Honda,2013,110217,Petrol,Manual,9885,210000.0,13,Mumbai
Fiat Linea,Fiat,2013,70000,Petrol,Manual,5319,112999.99999999999,13,Mumbai
Maruti Swift,Maruti,2012,193104,Diesel,Manual,5319,279000.0,14,Mumbai
Mahindra XUV500,Mahindra,2012,97804,Diesel,Manual,5319,272000.0,14,Mumbai
Maruti Wagon R 1.0,Maruti,2011,57800,Petrol,Manual,5319,124000.0,15,Mumbai
Maruti Wagon R 1.0,Maruti,2018,22933,Petrol,Auto,5861,332000.0,8,Mumbai
Maruti Swift Dzire,Maruti,2011,15735,Petrol,Manual,5861,146000.0,15,Mumbai
Maruti Zen Estilo,Maruti,2012,24008,Petrol,Manual,11817,133000.0,14,Mumbai
Nissan Sunny,Nissan,2013,90990,Petrol,Manual,6732,143000.0,13,Mumbai
Maruti Dzire,Maruti,2017,89076,Petrol,Auto,6960,356000.0,9,Mumbai
Honda Amaze,Honda,2013,124627,Diesel,Manual,22568,254000.0,13,Mumbai
Ford Ecosport,Ford,2015,36855,Petrol,Manual,7795,296000.0,11,Mumbai
Tata NEXON,Tata,2018,46773,Petrol,Manual,10627,602000.0,8,Mumbai
Hyundai i10,Hyundai,2011,72593,Petrol,Manual,10627,74000.0,15,Mumbai
Volkswagen Polo,Volkswagen,2019,30700,Petrol,Auto,15085,881000.0,7,Mumbai
Tata TIGOR,Tata,2022,17388,Petrol,Manual,10486,594000.0,4,Mumbai
Volkswagen Polo,Volkswagen,2011,98000,Petrol,Manual,10486,140000.0,15,Mumbai
Mahindra XUV500,Mahindra,2018,73607,Diesel,Auto,16655,875000.0,8,Mumbai
Maruti Celerio,Maruti,2015,21334,Petrol,Manual,7215,274000.0,11,Mumbai
Hyundai Elite i20,Hyundai,2017,34495,Petrol,Manual,7410,379000.0,9,Mumbai
Volkswagen Polo,Volkswagen,2011,93508,Petrol,Manual,7410,138000.0,15,Mumbai
Maruti S Cross,Maruti,2017,111693,Diesel,Manual,11901,535000.0,9,Mumbai
Hyundai Verna,Hyundai,2012,102951,Petrol,Manual,17681,199000.0,14,Mumbai
Maruti Baleno,Maruti,2016,102027,Petrol,Manual,7007,315000.0,10,Mumbai
Maruti Swift,Maruti,2012,22238,Petrol,Manual,19991,225000.0,14,Mumbai
Renault Duster,Renault,2013,122481,Diesel,Manual,19636,221000.0,13,Mumbai
Hyundai Verna,Hyundai,2012,111007,Diesel,Manual,19636,256999.99999999997,14,Mumbai
Maruti Wagon R 1.0,Maruti,2011,49299,Petrol,Manual,19636,128000.0,15,Mumbai
Tata NEXON,Tata,2025,3959,Petrol,Manual,15444,902000.0,1,Mumbai
Tata NEXON,Tata,2022,29259,Petrol,Auto,11298,640000.0,4,Mumbai
Honda City,Honda,2012,236602,Petrol,Manual,17237,194000.0,14,Mumbai
Maruti Swift Dzire,Maruti,2013,75807,Diesel,Manual,30653,345000.0,13,Mumbai
Maruti Ciaz,Maruti,2018,97283,Petrol,Manual,6796,385000.0,8,Mumbai
Renault Kwid,Renault,2018,48028,Petrol,Auto,4484,254000.0,8,Mumbai
Maruti Wagon R 1.0,Maruti,2011,40908,Petrol,Manual,4484,140000.0,15,Mumbai
Honda City,Honda,2011,77770,Petrol,Manual,4484,160000.0,15,Mumbai
Maruti Celerio,Maruti,2014,108154,Petrol,Manual,7440,224000.00000000003,12,Mumbai
Hyundai Verna,Hyundai,2014,84285,Diesel,Auto,17041,362000.0,12,Mumbai
Maruti Zen Estilo,Maruti,2013,80142,Petrol,Manual,7155,152000.0,13,Mumbai
Hyundai Xcent,Hyundai,2015,50148,Petrol,Manual,7321,278000.0,11,Mumbai
Maruti Swift Dzire,Maruti,2016,24842,Petrol,Manual,8675,390000.0,10,Mumbai
Chevrolet Beat,Chevrolet,2012,71075,Diesel,Manual,8675,127000.0,14,Mumbai
Skoda Rapid,Skoda,2012,53343,Petrol,Manual,16170,182000.0,14,Mumbai
Volkswagen Vento,Volkswagen,2011,60667,Petrol,Manual,16170,137000.0,15,Mumbai
Mahindra XUV500,Mahindra,2014,197416,Diesel,Manual,14122,300000.0,12,Mumbai
Maruti Ertiga,Maruti,2015,171644,Petrol,Manual,12087,459000.0,11,Mumbai
Honda City,Honda,2011,100219,Petrol,Manual,12087,150000.0,15,Mumbai
Ford Ecosport,Ford,2018,107608,Petrol,Auto,10722,482000.0,8,Mumbai
Mahindra XUV500,Mahindra,2012,120852,Diesel,Manual,10722,272000.0,14,Mumbai
Toyota Corolla Altis,Toyota,2011,105043,Petrol,Manual,10722,149000.0,15,Mumbai
Maruti Baleno,Maruti,2017,31741,Petrol,Auto,7625,390000.0,9,Mumbai
Honda City,Honda,2015,47679,Petrol,Manual,12298,467000.0,11,Mumbai
Tata NEXON,Tata,2019,54607,Petrol,Auto,8456,479000.0,7,Mumbai
Tata NEXON,Tata,2019,79017,Petrol,Auto,10574,599000.0,7,Mumbai
Renault Kiger,Renault,2021,55718,Petrol,Auto,7803,442000.0,5,Mumbai
Ford Figo,Ford,2011,117727,Petrol,Manual,7803,102000.0,15,Mumbai
Maruti Alto K10,Maruti,2012,171064,Petrol,Manual,9951,112000.00000000001,14,Mumbai
Hyundai Xcent,Hyundai,2015,143952,Petrol,Manual,7110,270000.0,11,Mumbai
Hyundai Elite i20,Hyundai,2014,101496,Petrol,Manual,9300,280000.0,12,Mumbai
Hyundai Grand i10,Hyundai,2015,66254,Petrol,Manual,7242,275000.0,11,Mumbai
Volkswagen Vento,Volkswagen,2011,104519,Diesel,Manual,7242,153000.0,15,Mumbai
Renault Duster,Renault,2014,70112,Diesel,Manual,16193,344000.0,12,Mumbai
Renault Kwid,Renault,2017,44750,Petrol,Manual,3656,187000.0,9,Mumbai
Honda Amaze,Honda,2021,20566,Petrol,Manual,10786,611000.0,5,Mumbai
Maruti Wagon R 1.0,Maruti,2016,73247,Petrol,Manual,5672,254999.99999999997,10,Mumbai
Maruti Alto K10,Maruti,2011,35874,Petrol,Manual,5672,70000.0,15,Mumbai
Maruti SX4,Maruti,2010,196549,Petrol,Manual,5672,88000.0,16,Mumbai
Tata Tiago,Tata,2018,42172,Petrol,Auto,5455,309000.0,8,Mumbai
Tata TIGOR,Tata,2021,15992,Petrol,Auto,9656,547000.0,5,Mumbai
Honda BR-V,Honda,2017,78364,Petrol,Manual,9130,467000.0,9,Mumbai
Hyundai i20,Hyundai,2012,89397,Petrol,Manual,14660,165000.0,14,Mumbai
Tata ALTROZ,Tata,2021,41870,Petrol,Manual,8156,462000.0,5,Mumbai
Maruti Swift,Maruti,2010,47993,Petrol,Manual,8156,94000.0,16,Mumbai
Toyota Etios,Toyota,2011,19241,Petrol,Manual,8156,176000.0,15,Mumbai
Maruti Wagon R 1.0,Maruti,2016,80244,Petrol,Auto,5828,262000.0,10,Mumbai
Honda Amaze,Honda,2016,20220,Petrol,Manual,6940,312000.0,10,Mumbai
Hyundai i10,Hyundai,2010,76939,Petrol,Manual,6940,103000.0,16,Mumbai
Chevrolet Enjoy,Chevrolet,2014,78524,Petrol,Manual,5945,179000.0,12,Mumbai
Maruti Wagon R 1.0,Maruti,2010,58405,Petrol,Manual,5945,111000.00000000001,16,Mumbai
Tata TIGOR,Tata,2022,36000,Petrol,Manual,9709,550000.0,4,Mumbai
Tata TIGOR,Tata,2017,22977,Petrol,Manual,6549,335000.0,9,Mumbai
Renault Kwid,Renault,2019,36019,Petrol,Auto,4307,244000.0,7,Mumbai
Tata NEXON EV,Tata,2020,64555,Electric,Auto,11421,647000.0,6,Mumbai
Ford Figo,Ford,2011,73000,Petrol,Manual,11421,101000.0,15,Mumbai
Fiat Linea,Fiat,2011,45814,Diesel,Manual,11421,118000.0,15,Mumbai
Maruti Wagon R 1.0,Maruti,2011,94429,Petrol,Manual,11421,110000.00000000001,15,Mumbai
Maruti New Wagon-R,Maruti,2020,78429,Petrol,Manual,6408,363000.0,6,Mumbai
Mahindra TUV300,Mahindra,2016,430000,Diesel,Auto,13957,530000.0,10,Mumbai
Hyundai i10,Hyundai,2011,24975,Petrol,Auto,13957,137000.0,15,Mumbai
Mahindra XUV500,Mahindra,2012,123424,Diesel,Manual,13957,300000.0,14,Mumbai
Tata Tiago,Tata,2023,21606,Petrol,Manual,7502,425000.0,3,Mumbai
Maruti Celerio,Maruti,2017,57340,Petrol,Auto,5650,289000.0,9,Mumbai
Maruti Celerio,Maruti,2022,49015,Petrol,Manual,6267,355000.0,4,Mumbai
Fiat Linea,Fiat,2014,84833,Diesel,Manual,9838,209000.0,12,Mumbai
Maruti Baleno,Maruti,2017,29121,Petrol,Manual,7449,381000.0,9,Mumbai
Maruti Ertiga,Maruti,2015,90286,Petrol,Manual,10139,385000.0,11,Mumbai
Maruti SX4,Maruti,2013,25617,Petrol,Manual,7343,156000.0,13,Mumbai
Honda City,Honda,2011,57443,Petrol,Manual,7343,187000.0,15,Mumbai
Skoda Laura,Skoda,2010,81796,Diesel,Manual,7343,210000.0,16,Mumbai
Tata NEXON,Tata,2018,70454,Petrol,Manual,8844,501000.0,8,Mumbai
Honda City,Honda,2019,38670,Petrol,Auto,11951,677000.0,7,Mumbai
Maruti Wagon R 1.0,Maruti,2011,44194,Petrol,Manual,11951,132000.0,15,Mumbai
Maruti Swift,Maruti,2016,51449,Petrol,Manual,7363,331000.0,10,Mumbai
Hyundai VENUE,Hyundai,2023,7012,Petrol,Manual,13857,785000.0,3,Mumbai
Tata ALTROZ,Tata,2022,10533,Petrol,Manual,8120,459999.99999999994,4,Mumbai
Mahindra Verito,Mahindra,2013,113269,Diesel,Manual,18747,211000.0,13,Mumbai
Maruti Eeco,Maruti,2012,129551,Petrol,Manual,13594,153000.0,14,Mumbai
Hyundai i10,Hyundai,2011,56857,Petrol,Manual,13594,117000.0,15,Mumbai
Maruti Swift Dzire,Maruti,2011,15900,Petrol,Manual,13594,137000.0,15,Mumbai
Maruti Ertiga,Maruti,2022,84805,Petrol,Auto,13818,807000.0,4,Mumbai
Honda City,Honda,2011,94717,Petrol,Manual,13818,170000.0,15,Mumbai
Maruti Ertiga,Maruti,2014,170326,Diesel,Manual,18829,400000.0,12,Mumbai
KIA SONET,KIA,2021,36877,Petrol,Manual,12498,708000.0,5,Mumbai
Honda Jazz,Honda,2015,84821,Petrol,Manual,6320,240000.0,11,Mumbai
Maruti Wagon R 1.0,Maruti,2010,57661,Petrol,Manual,6320,109000.00000000001,16,Mumbai
Hyundai i10,Hyundai,2011,75461,Petrol,Auto,6320,127000.0,15,Mumbai
Hyundai Creta,Hyundai,2017,79803,Petrol,Manual,11745,528000.0,9,Mumbai
Maruti Alto K10,Maruti,2023,15445,Petrol,Manual,7944,450000.0,3,Mumbai
Honda Amaze,Honda,2014,54000,Petrol,Auto,8304,250000.0,12,Mumbai
Maruti Baleno,Maruti,2022,38417,Petrol,Manual,10327,585000.0,4,Mumbai
Hyundai i20,Hyundai,2011,132000,Petrol,Manual,10327,132000.0,15,Mumbai
Maruti Ertiga,Maruti,2022,53662,Petrol,Manual,17396,1016000.0,4,Mumbai
Renault Kwid,Renault,2019,21769,Petrol,Manual,4254,241000.0,7,Mumbai
Ford Figo,Ford,2011,105624,Petrol,Manual,4254,90000.0,15,Mumbai
Nissan MAGNITE,Nissan,2022,18385,Petrol,Auto,11880,673000.0,4,Mumbai
Mahindra XUV500,Mahindra,2013,157378,Diesel,Manual,22212,250000.0,13,Mumbai
Maruti Ertiga,Maruti,2015,35982,Petrol,Manual,10955,416000.0,11,Mumbai
Volkswagen Vento,Volkswagen,2016,53339,Petrol,Auto,8408,378000.0,10,Mumbai
Mercedes Benz B Class,Mercedes,2013,18069,Petrol,Auto,22360,475000.0,13,Mumbai
Mahindra Xylo,Mahindra,2011,279048,Diesel,Manual,22360,200000.0,15,Mumbai
Tata TIGOR,Tata,2022,14073,Petrol,Auto,10874,616000.0,4,Mumbai
Honda Amaze,Honda,2014,46632,Petrol,Manual,7905,238000.0,12,Mumbai
Maruti Swift Dzire,Maruti,2011,104712,Petrol,Manual,7905,117000.0,15,Mumbai
Volkswagen Polo,Volkswagen,2017,70091,Petrol,Auto,9169,469000.00000000006,9,Mumbai
Maruti Ertiga,Maruti,2019,98620,Petrol,Manual,12975,735000.0,7,Mumbai
Ford Ecosport,Ford,2015,182115,Diesel,Manual,9964,300000.0,11,Mumbai
Maruti Wagon R 1.0,Maruti,2011,45160,Petrol,Manual,9964,121000.0,15,Mumbai
Tata TIGOR,Tata,2022,21901,Petrol,Manual,9886,560000.0,4,Mumbai
Ford Figo,Ford,2011,50003,Petrol,Manual,9886,84000.0,15,Mumbai
Hyundai i10,Hyundai,2011,194650,Petrol,Manual,9886,102000.0,15,Mumbai
Skoda Rapid,Skoda,2015,127533,Diesel,Auto,10296,310000.0,11,Mumbai
Tata NEXON,Tata,2018,119450,Petrol,Manual,9343,420000.0,8,Mumbai
Honda City,Honda,2015,113625,Petrol,Auto,10613,403000.0,11,Mumbai
Maruti Celerio,Maruti,2017,37614,Petrol,Auto,6158,315000.0,9,Mumbai
Volkswagen Polo,Volkswagen,2011,156919,Diesel,Manual,6158,159000.0,15,Mumbai
Chevrolet Spark,Chevrolet,2012,32782,Petrol,Manual,10040,112999.99999999999,14,Mumbai
Toyota Etios,Toyota,2011,111784,Petrol,Manual,10040,125000.0,15,Mumbai
Tata TIGOR,Tata,2022,17429,Petrol,Manual,10486,594000.0,4,Mumbai
Maruti Dzire,Maruti,2018,11616,Petrol,Auto,7573,429000.0,8,Mumbai
Tata NEXON,Tata,2025,1087,Petrol,Auto,20752,1212000.0,1,Mumbai
Maruti Swift,Maruti,2011,114925,Diesel,Manual,20752,197000.0,15,Mumbai
Tata NEXON,Tata,2021,25441,Petrol,Auto,12004,680000.0,5,Mumbai
Maruti Baleno,Maruti,2018,73471,Petrol,Manual,6902,391000.0,8,Mumbai
Ford Figo,Ford,2011,148092,Petrol,Manual,6902,93000.0,15,Mumbai
Maruti S Cross,Maruti,2018,127171,Diesel,Manual,10967,493000.0,8,Mumbai
Maruti Alto K10,Maruti,2011,65844,Petrol,Manual,10967,101000.0,15,Mumbai
Maruti Swift,Maruti,2021,33000,Petrol,Auto,9636,546000.0,5,Mumbai
Maruti Swift,Maruti,2023,70967,Petrol,Manual,10592,600000.0,3,Mumbai
Hyundai Creta,Hyundai,2018,42845,Petrol,Auto,11668,661000.0,8,Mumbai
Toyota Etios,Toyota,2011,35251,Petrol,Manual,11668,161000.0,15,Mumbai
Maruti Swift Dzire,Maruti,2011,224714,Petrol,Manual,11668,125000.0,15,Mumbai
Tata PUNCH,Tata,2023,20426,Petrol,Manual,11598,657000.0,3,Mumbai
Mahindra XUV500,Mahindra,2014,98466,Diesel,Manual,17182,365000.0,12,Mumbai
Tata NEXON,Tata,2019,49041,Petrol,Auto,11368,644000.0,7,Mumbai
Volkswagen Polo,Volkswagen,2015,44948,Petrol,Auto,10428,396000.0,11,Mumbai
Maruti IGNIS,Maruti,2017,111581,Petrol,Auto,7719,347000.0,9,Mumbai
Maruti IGNIS,Maruti,2020,91329,Petrol,Auto,6743,382000.0,6,Mumbai
Maruti Ertiga,Maruti,2014,98534,Petrol,Manual,15179,457000.0,12,Mumbai
Maruti Baleno,Maruti,2019,79354,Petrol,Auto,8173,463000.0,7,Mumbai
Maruti Swift Dzire,Maruti,2011,98863,Petrol,Manual,8173,139000.0,15,Mumbai
Hyundai Grand i10,Hyundai,2014,74334,Petrol,Auto,9566,288000.0,12,Mumbai
Hyundai Grand i10,Hyundai,2018,53106,Petrol,Auto,5366,304000.0,8,Mumbai
MG ASTOR,MG,2023,17550,Petrol,Auto,19263,1125000.0,3,Mumbai
Maruti Alto,Maruti,2011,73781,Petrol,Manual,19263,98000.0,15,Mumbai
Tata Indica Vista,Tata,2013,223856,Diesel,Manual,10218,114999.99999999999,13,Mumbai
Maruti Eeco,Maruti,2011,242903,Petrol,Manual,10218,194000.0,15,Mumbai
Chevrolet Spark,Chevrolet,2012,1,Petrol,Manual,6664,75000.0,14,Mumbai
Maruti Zen Estilo,Maruti,2012,56029,Petrol,Manual,9507,107000.0,14,Mumbai
Renault Kiger,Renault,2022,35416,Petrol,Manual,8826,500000.0,4,Mumbai
Maruti Swift,Maruti,2012,102563,Diesel,Manual,8826,250000.0,14,Mumbai
Audi A4,Audi,2011,53000,Petrol,Auto,8826,375000.0,15,Mumbai
Maruti Dzire,Maruti,2018,127989,Petrol,Auto,9454,425000.0,8,Mumbai
Maruti Baleno,Maruti,2016,106202,Petrol,Manual,7474,336000.0,10,Mumbai
Maruti New Wagon-R,Maruti,2021,19583,Petrol,Manual,7432,421000.0,5,Mumbai
Honda City,Honda,2011,114154,Petrol,Manual,7432,154000.0,15,Mumbai
Hyundai Grand i10,Hyundai,2015,72381,Petrol,Manual,7847,298000.0,11,Mumbai
Hyundai i20 Active,Hyundai,2016,61525,Petrol,Manual,8831,397000.0,10,Mumbai
Ford Ecosport,Ford,2018,88593,Diesel,Manual,12238,626000.0,8,Mumbai
Maruti Wagon R 1.0,Maruti,2011,46645,Petrol,Manual,12238,128000.0,15,Mumbai
Renault Kwid,Renault,2021,19894,Petrol,Manual,6073,344000.0,5,Mumbai
Chevrolet Cruze,Chevrolet,2011,118219,Diesel,Auto,6073,202999.99999999997,15,Mumbai
Maruti Alto,Maruti,2011,53459,Petrol,Manual,6073,106000.0,15,Mumbai
Volkswagen Polo,Volkswagen,2011,79934,Petrol,Manual,6073,140000.0,15,Mumbai
Hyundai GRAND I10 NIOS,Hyundai,2022,30644,Petrol,Manual,9709,550000.0,4,Mumbai
Maruti Wagon R 1.0,Maruti,2018,77501,Petrol,Manual,4413,250000.0,8,Mumbai
Hyundai Grand i10,Hyundai,2015,94924,Petrol,Auto,7584,288000.0,11,Mumbai
Maruti Dzire,Maruti,2018,87802,Petrol,Manual,7961,451000.0,8,Mumbai
Maruti Alto,Maruti,2012,97198,Petrol,Manual,8174,92000.0,14,Mumbai
Mahindra XUV500,Mahindra,2016,87349,Diesel,Manual,15511,589000.0,10,Mumbai
Hyundai Verna,Hyundai,2015,88366,Diesel,Auto,10164,306000.0,11,Mumbai
KIA CARENS,KIA,2023,17368,Petrol,Manual,17157,1002000.0,3,Mumbai
Honda Amaze,Honda,2022,59233,Petrol,Manual,9179,520000.0,4,Mumbai
Hyundai NEW I20,Hyundai,2021,19568,Petrol,Auto,12269,695000.0,5,Mumbai
Honda WR-V,Honda,2018,70456,Petrol,Manual,8103,459000.0,8,Mumbai
Tata NEXON,Tata,2019,23240,Petrol,Auto,10521,596000.0,7,Mumbai
Maruti Wagon R 1.0,Maruti,2017,77874,Petrol,Manual,5161,264000.0,9,Mumbai
Hyundai GRAND I10 NIOS,Hyundai,2023,13402,Petrol,Auto,10362,587000.0,3,Mumbai
Maruti Celerio,Maruti,2014,75270,Petrol,Manual,7673,231000.0,12,Mumbai
Maruti Swift,Maruti,2020,33028,Petrol,Auto,9056,513000.0,6,Mumbai
Honda BR-V,Honda,2018,53000,Petrol,Auto,10609,601000.0,8,Mumbai
Skoda Rapid,Skoda,2012,103833,Diesel,Manual,10609,157000.0,14,Mumbai
Tata PUNCH,Tata,2024,6613,Petrol,Manual,12745,722000.0,2,Mumbai
Maruti Baleno,Maruti,2016,67883,Petrol,Manual,8230,370000.0,10,Mumbai
Maruti Baleno,Maruti,2017,87258,Petrol,Manual,8211,420000.0,9,Mumbai
Maruti Swift Dzire,Maruti,2015,40334,Petrol,Manual,8690,330000.0,11,Mumbai
Maruti Celerio,Maruti,2017,87505,Petrol,Manual,6061,310000.0,9,Mumbai
Renault Kwid,Renault,2021,6097,Petrol,Auto,6955,394000.0,5,Mumbai
Mahindra XUV500,Mahindra,2014,126505,Diesel,Manual,17417,370000.0,12,Mumbai
Maruti Alto 800,Maruti,2013,93627,Petrol,Manual,6779,144000.0,13,Mumbai
Volkswagen Polo,Volkswagen,2011,123117,Petrol,Manual,6779,130000.0,15,Mumbai
Honda BR-V,Honda,2016,81278,Petrol,Auto,12123,545000.0,10,Mumbai
Maruti New Wagon-R,Maruti,2021,33156,Petrol,Manual,8403,476000.0,5,Mumbai
Tata Tiago,Tata,2020,45687,Petrol,Manual,6037,342000.0,6,Mumbai
Hyundai NEW SANTRO,Hyundai,2019,43331,Petrol,Auto,5914,335000.0,7,Mumbai
Maruti Eeco,Maruti,2011,167537,Petrol,Manual,5914,140000.0,15,Mumbai
Maruti New Wagon-R,Maruti,2023,10329,Petrol,Manual,8156,462000.0,3,Mumbai
Hyundai VENUE,Hyundai,2022,64445,Petrol,Manual,12357,700000.0,4,Mumbai
Hyundai Xcent,Hyundai,2015,54740,Petrol,Manual,7689,292000.0,11,Mumbai
Skoda Fabia,Skoda,2012,43990,Diesel,Manual,7689,182000.0,14,Mumbai
Hyundai NEW I20,Hyundai,2024,13410,Petrol,Auto,14948,873000.0,2,Mumbai
Maruti Ciaz,Maruti,2016,63957,Diesel,Manual,12245,465000.00000000006,10,Mumbai
Volkswagen Polo,Volkswagen,2015,71244,Petrol,Auto,10955,416000.0,11,Mumbai
Maruti S PRESSO,Maruti,2022,30108,Petrol,Auto,5508,312000.0,4,Mumbai
Skoda Fabia,Skoda,2011,130200,Petrol,Manual,5508,110000.00000000001,15,Mumbai
Mahindra XUV500,Mahindra,2014,104074,Diesel,Manual,19959,424000.0,12,Mumbai
Toyota Fortuner,Toyota,2011,130000,Diesel,Manual,19959,524000.0,15,Mumbai
Hyundai Creta,Hyundai,2017,45635,Petrol,Manual,9951,509000.0,9,Mumbai
Toyota Corolla Altis,Toyota,2011,20417,Petrol,Manual,9951,171000.0,15,Mumbai
Hyundai Verna,Hyundai,2014,69686,Petrol,Manual,9931,299000.0,12,Mumbai
Tata Tiago,Tata,2020,74102,Petrol,Manual,6355,360000.0,6,Mumbai
Tata Safari Storme,Tata,2013,106975,Diesel,Manual,25322,285000.0,13,Mumbai
Hyundai Grand i10,Hyundai,2019,24602,Petrol,Auto,6178,350000.0,7,Mumbai
Maruti Swift Dzire,Maruti,2016,111642,Petrol,Manual,8030,361000.0,10,Mumbai
Hyundai i10,Hyundai,2010,23389,Petrol,Auto,8030,115999.99999999999,16,Mumbai
Maruti Vitara Brezza,Maruti,2016,118323,Diesel,Manual,13852,526000.0,10,Mumbai
Maruti Ritz,Maruti,2011,77840,Petrol,Manual,13852,122000.0,15,Mumbai
Mahindra Quanto,Mahindra,2013,100010,Diesel,Manual,12617,142000.0,13,Mumbai
Maruti Alto K10,Maruti,2023,33421,Petrol,Auto,7626,432000.0,3,Mumbai
Maruti Wagon R 1.0,Maruti,2015,43345,Petrol,Manual,6583,250000.0,11,Mumbai
Mahindra Xylo,Mahindra,2013,129709,Diesel,Manual,17586,198000.0,13,Mumbai
Ford Ecosport,Ford,2016,43286,Petrol,Manual,6918,311000.0,10,Mumbai
Maruti Ertiga,Maruti,2020,124000,Petrol,Manual,19199,883000.0,6,Mumbai
Ford Figo,Ford,2011,99850,Petrol,Manual,19199,81000.0,15,Mumbai
Tata Tiago,Tata,2020,109770,Petrol,Manual,8230,370000.0,6,Mumbai
Volkswagen Polo,Volkswagen,2011,127718,Petrol,Manual,8230,166000.0,15,Mumbai
Maruti Swift Dzire,Maruti,2016,137484,Diesel,Manual,10692,405999.99999999994,10,Mumbai
Maruti Baleno,Maruti,2018,48299,Petrol,Manual,7096,401999.99999999994,8,Mumbai
Maruti New Wagon-R,Maruti,2019,40801,Petrol,Manual,7273,412000.0,7,Mumbai
Hyundai i20,Hyundai,2010,130352,Diesel,Manual,7273,160000.0,16,Mumbai
Hyundai GRAND I10 NIOS,Hyundai,2019,27951,Petrol,Auto,7944,450000.0,7,Mumbai
Ssangyong Rexton,Ssangyong,2015,102665,Diesel,Manual,10463,315000.0,11,Mumbai
Hyundai Xcent,Hyundai,2014,139450,Petrol,Auto,8802,265000.0,12,Mumbai
Maruti Ciaz,Maruti,2018,55845,Petrol,Auto,9815,556000.0,8,Mumbai
Ford Figo,Ford,2011,113762,Diesel,Manual,9815,112999.99999999999,15,Mumbai
Mahindra XUV500,Mahindra,2012,88171,Diesel,Manual,9815,318000.0,14,Mumbai
Tata ALTROZ,Tata,2022,84283,Diesel,Manual,10592,600000.0,4,Mumbai
Tata NEXON,Tata,2024,2175,Petrol,Auto,18526,1082000.0,2,Mumbai
Mahindra Kuv100,Mahindra,2016,104969,Diesel,Manual,6715,254999.99999999997,10,Mumbai
Hyundai Creta,Hyundai,2016,47916,Petrol,Manual,12746,573000.0,10,Mumbai
Renault Pulse,Renault,2012,83392,Diesel,Manual,12746,127000.0,14,Mumbai
Maruti Swift,Maruti,2016,69625,Petrol,Manual,7674,345000.0,10,Mumbai
Tata PUNCH,Tata,2024,9255,Petrol,Manual,14554,850000.0,2,Mumbai
Hyundai i20 Active,Hyundai,2016,350000,Petrol,Manual,7964,358000.0,10,Mumbai
Honda Jazz,Honda,2017,77952,Petrol,Auto,6647,340000.0,9,Mumbai
Honda City,Honda,2012,103922,Petrol,Auto,21413,241000.0,14,Mumbai
Honda Mobilio,Honda,2015,159914,Petrol,Manual,8005,304000.0,11,Mumbai
Tata PUNCH,Tata,2024,74691,Petrol,Manual,11474,650000.0,2,Mumbai
Mahindra Quanto,Mahindra,2013,80594,Diesel,Manual,10573,119000.0,13,Mumbai
Maruti Ertiga,Maruti,2015,141065,Petrol,Manual,13167,500000.0,11,Mumbai
Maruti SX4,Maruti,2013,123019,Petrol,Manual,7767,165000.0,13,Mumbai
Hyundai Elite i20,Hyundai,2017,144797,Petrol,Manual,8097,364000.0,9,Mumbai
Maruti Ertiga,Maruti,2022,111501,Petrol,Manual,18981,873000.0,4,Mumbai
Hyundai Eon,Hyundai,2013,89417,Petrol,Manual,5413,114999.99999999999,13,Mumbai
Volkswagen Vento,Volkswagen,2014,53511,Diesel,Manual,16052,341000.0,12,Mumbai
Renault TRIBER,Renault,2022,36888,Petrol,Auto,9003,509999.99999999994,4,Mumbai
Tata NEXON,Tata,2022,29761,Petrol,Manual,13766,803999.9999999999,4,Mumbai
Maruti Ertiga,Maruti,2015,86911,Petrol,Manual,12219,463999.99999999994,11,Mumbai
Hyundai Grand i10,Hyundai,2018,35081,Petrol,Auto,7732,438000.0,8,Mumbai
Mahindra SCORPIO-N,Mahindra,2023,28700,Diesel,Auto,27910,1630000.0,3,Mumbai
Maruti Baleno,Maruti,2019,26213,Petrol,Manual,7944,450000.0,7,Mumbai
Ford Ecosport,Ford,2015,64888,Petrol,Manual,8005,304000.0,11,Mumbai
Hyundai Elite i20,Hyundai,2015,78130,Petrol,Manual,9164,348000.0,11,Mumbai
Maruti Dzire,Maruti,2018,88210,Petrol,Manual,7979,451999.99999999994,8,Mumbai
Maruti Swift Dzire,Maruti,2016,107524,Petrol,Auto,7741,348000.0,10,Mumbai
Toyota Corolla Altis,Toyota,2015,109068,Petrol,Manual,9322,354000.0,11,Mumbai
Tata NEXON,Tata,2021,63051,Petrol,Manual,11827,670000.0,5,Mumbai
Chevrolet Beat,Chevrolet,2012,180943,Diesel,Manual,11827,87000.0,14,Mumbai
Maruti Vitara Brezza,Maruti,2016,79647,Diesel,Manual,13720,521000.0,10,Mumbai
Renault Lodgy,Renault,2016,180826,Diesel,Manual,8058,306000.0,10,Mumbai
Maruti Ertiga,Maruti,2016,67241,Petrol,Manual,13458,605000.0,10,Mumbai
Honda City,Honda,2014,295000,Petrol,Manual,10263,309000.0,12,Mumbai
Honda Jazz,Honda,2016,87546,Petrol,Auto,6673,300000.0,10,Mumbai
Hyundai Creta,Hyundai,2018,33433,Petrol,Manual,11139,631000.0,8,Mumbai
Honda City,Honda,2014,54113,Petrol,Auto,12821,386000.0,12,Mumbai
Mahindra BOLERO NEO,Mahindra,2024,17596,Diesel,Manual,14691,858000.0,2,Mumbai
Volkswagen Vento,Volkswagen,2011,53807,Petrol,Manual,14691,168000.0,15,Mumbai
Ford Ecosport,Ford,2014,12345,Diesel,Manual,14216,302000.0,12,Mumbai
Maruti Zen Estilo,Maruti,2010,33432,Petrol,Manual,14216,98000.0,16,Mumbai
Hyundai Creta,Hyundai,2015,75094,Petrol,Manual,14931,567000.0,11,Mumbai
Maruti Alto K10,Maruti,2023,61780,Petrol,Manual,7781,441000.0,3,Mumbai
Toyota Corolla Altis,Toyota,2016,58709,Petrol,Auto,12079,543000.0,10,Mumbai
Hyundai Verna,Hyundai,2011,45846,Diesel,Manual,12079,250000.0,15,Mumbai
Tata PUNCH,Tata,2024,21565,Petrol,Manual,13840,784000.0,2,Mumbai
Mahindra Xylo,Mahindra,2012,750000,Diesel,Manual,13840,227000.0,14,Mumbai
Honda Amaze,Honda,2022,11754,Petrol,Manual,11774,667000.0,4,Mumbai
Maruti Baleno,Maruti,2018,60964,Diesel,Manual,10010,512000.0,8,Mumbai
Tata Tiago,Tata,2021,61694,Petrol,Manual,7520,426000.0,5,Mumbai
Honda City,Honda,2013,84737,Petrol,Manual,11627,247000.00000000003,13,Mumbai
Maruti Dzire,Maruti,2019,50658,Petrol,Auto,7944,450000.0,7,Mumbai
Hyundai NEW I20,Hyundai,2022,25160,Petrol,Manual,11510,652000.0,4,Mumbai
Maruti Swift Dzire,Maruti,2012,93397,Diesel,Manual,11510,309000.0,14,Mumbai
Tata NEXON,Tata,2021,10106,Petrol,Manual,13835,808000.0,5,Mumbai
Hyundai Xcent,Hyundai,2015,37900,Petrol,Manual,7874,299000.0,11,Mumbai
Maruti Ertiga,Maruti,2019,36173,Petrol,Manual,12569,712000.0,7,Mumbai
Maruti SX4,Maruti,2011,109998,Petrol,Manual,12569,130000.0,15,Mumbai
Maruti Celerio,Maruti,2015,104885,Petrol,Auto,6583,250000.0,11,Mumbai
Maruti Wagon R 1.0,Maruti,2016,29909,Petrol,Manual,5895,265000.0,10,Mumbai
Mahindra XUV300,Mahindra,2019,47149,Diesel,Manual,12233,693000.0,7,Mumbai
Maruti Baleno,Maruti,2017,92070,Petrol,Manual,6530,334000.0,9,Mumbai
Tata TIGOR,Tata,2018,62378,Petrol,Auto,7026,398000.0,8,Mumbai
Ford Ecosport,Ford,2014,121635,Diesel,Manual,15440,328000.0,12,Mumbai
Tata NEXON,Tata,2023,42935,Petrol,Manual,12233,693000.0,3,Mumbai
Maruti A Star,Maruti,2011,104903,Petrol,Auto,12233,114999.99999999999,15,Mumbai
Ford Endeavour,Ford,2012,108873,Diesel,Auto,12233,350000.0,14,Mumbai
Maruti Celerio,Maruti,2014,91567,Petrol,Manual,8503,256000.0,12,Mumbai
Mahindra XUV500,Mahindra,2016,160367,Diesel,Auto,15010,570000.0,10,Mumbai
Honda BR-V,Honda,2016,79582,Petrol,Auto,11856,533000.0,10,Mumbai
Hyundai Creta,Hyundai,2016,104931,Petrol,Manual,12880,579000.0,10,Mumbai
Hyundai Creta,Hyundai,2015,106693,Diesel,Manual,15943,480000.0,11,Mumbai
Maruti Vitara Brezza,Maruti,2017,207911,Diesel,Manual,11478,516000.0,9,Mumbai
KIA SELTOS,KIA,2021,45883,Petrol,Manual,14605,852999.9999999999,5,Mumbai
Maruti New Wagon-R,Maruti,2019,34376,Petrol,Manual,6814,386000.0,7,Mumbai
Hyundai Elite i20,Hyundai,2019,184017,Petrol,Manual,10121,455000.0,7,Mumbai
Tata Tiago,Tata,2022,47318,Petrol,Manual,8562,484999.99999999994,4,Mumbai
Maruti New Wagon-R,Maruti,2019,177632,Petrol,Manual,7786,350000.0,7,Mumbai
ISUZU MU-7,ISUZU,2015,156145,Diesel,Auto,19464,586000.0,11,Mumbai
Honda City,Honda,2015,17574,Petrol,Auto,11218,426000.0,11,Mumbai
Maruti Dzire,Maruti,2017,55812,Petrol,Manual,7703,394000.0,9,Mumbai
Honda City,Honda,2014,100072,Petrol,Auto,13983,421000.0,12,Mumbai
Hyundai NEW I20,Hyundai,2023,28238,Petrol,Auto,13928,789000.0,3,Mumbai
Hyundai i10,Hyundai,2010,47195,Petrol,Manual,13928,100000.0,16,Mumbai
Hyundai Creta,Hyundai,2016,40864,Petrol,Manual,13792,620000.0,10,Mumbai
Tata NEXON,Tata,2019,58202,Petrol,Manual,9074,513999.99999999994,7,Mumbai
Tata NEXON,Tata,2023,17397,Petrol,Auto,14143,826000.0,3,Mumbai
Maruti Wagon R 1.0,Maruti,2015,30186,Petrol,Manual,6188,235000.0,11,Mumbai
Maruti Wagon R 1.0,Maruti,2015,33358,Petrol,Manual,7084,269000.0,11,Mumbai
Hyundai Verna,Hyundai,2017,69644,Petrol,Auto,12023,615000.0,9,Mumbai
Ford Figo,Ford,2011,47850,Petrol,Manual,12023,90000.0,15,Mumbai
Maruti Zen Estilo,Maruti,2011,54915,Petrol,Manual,12023,100000.0,15,Mumbai
Maruti Baleno,Maruti,2018,51845,Petrol,Manual,6938,393000.0,8,Mumbai
Maruti Ertiga,Maruti,2015,151148,Petrol,Manual,12140,461000.00000000006,11,Mumbai
Skoda Superb,Skoda,2012,54157,Petrol,Auto,21501,242000.0,14,Mumbai
Hyundai i10,Hyundai,2011,96395,Petrol,Manual,21501,112000.00000000001,15,Mumbai
Mahindra XUV500,Mahindra,2018,111824,Diesel,Auto,18372,844999.9999999999,8,Mumbai
Maruti Ciaz,Maruti,2017,35643,Petrol,Auto,10420,533000.0,9,Mumbai
Tata PUNCH,Tata,2024,20679,Petrol,Manual,12180,690000.0,2,Mumbai
Hyundai Verna,Hyundai,2015,40210,Diesel,Manual,15378,463000.0,11,Mumbai
Hyundai Creta,Hyundai,2016,63030,Petrol,Manual,13347,600000.0,10,Mumbai
Maruti Eeco,Maruti,2018,136605,Petrol,Manual,8119,365000.0,8,Mumbai
Maruti Baleno,Maruti,2017,42281,Petrol,Manual,8504,434999.99999999994,9,Mumbai
Maruti Wagon R 1.0,Maruti,2011,28843,Petrol,Manual,8504,145000.0,15,Mumbai
Maruti Ciaz,Maruti,2016,75016,Petrol,Manual,8497,382000.0,10,Mumbai
Maruti Ciaz,Maruti,2019,75380,Petrol,Manual,9109,516000.0,7,Mumbai
Maruti Ciaz,Maruti,2017,147941,Diesel,Manual,9721,437000.0,9,Mumbai
Honda City,Honda,2017,66397,Petrol,Auto,10107,517000.0,9,Mumbai
Maruti Wagon R 1.0,Maruti,2016,62509,Petrol,Manual,5650,254000.0,10,Mumbai
Honda City,Honda,2014,92552,Petrol,Manual,11127,335000.0,12,Mumbai
Maruti Celerio,Maruti,2018,91214,Petrol,Manual,5261,298000.0,8,Mumbai
Maruti New Wagon-R,Maruti,2021,59506,Petrol,Manual,8632,488999.99999999994,5,Mumbai
Ford Ecosport,Ford,2018,77400,Petrol,Auto,8720,494000.00000000006,8,Mumbai
Maruti Celerio,Maruti,2017,22089,Petrol,Auto,6588,337000.0,9,Mumbai
Hyundai GRAND I10 NIOS,Hyundai,2022,79000,Petrol,Manual,8473,480000.0,4,Mumbai
Maruti Wagon R 1.0,Maruti,2015,28990,Petrol,Manual,6452,245000.00000000003,11,Mumbai
Honda City,Honda,2014,94785,Petrol,Auto,11127,335000.0,12,Mumbai
Hyundai Creta,Hyundai,2016,51819,Petrol,Auto,14526,653000.0,10,Mumbai
Maruti Celerio,Maruti,2019,40000,Petrol,Manual,6549,371000.0,7,Mumbai
Tata Tiago,Tata,2020,17532,Petrol,Manual,7591,430000.0,6,Mumbai
Maruti New Wagon-R,Maruti,2019,593300,Petrol,Manual,7919,356000.0,7,Mumbai
Hyundai Tucson,Hyundai,2016,139670,Petrol,Auto,14793,665000.0,10,Mumbai
Skoda Superb,Skoda,2012,47158,Petrol,Manual,23989,270000.0,14,Mumbai
Maruti New Wagon-R,Maruti,2022,49198,Petrol,Manual,8261,468000.0,4,Mumbai
Ford Ecosport,Ford,2015,15000,Diesel,Manual,12954,390000.0,11,Mumbai
Honda City,Honda,2016,44557,Petrol,Auto,9943,447000.0,10,Mumbai
Mahindra XUV500,Mahindra,2012,43516,Diesel,Manual,9943,375000.0,14,Mumbai
Hyundai GRAND I10 NIOS,Hyundai,2020,27718,Petrol,Auto,9480,537000.0,6,Mumbai
Maruti Baleno,Maruti,2018,61724,Petrol,Auto,7520,426000.0,8,Mumbai
Maruti Ciaz,Maruti,2017,103516,Petrol,Manual,8898,400000.0,9,Mumbai
Maruti Baleno,Maruti,2017,76083,Petrol,Manual,7312,374000.0,9,Mumbai
Toyota Innova,Toyota,2015,142630,Diesel,Manual,18235,549000.0,11,Mumbai
Maruti Celerio,Maruti,2018,22981,Petrol,Auto,6214,352000.0,8,Mumbai
Maruti New Wagon-R,Maruti,2021,46069,Petrol,Manual,7891,447000.0,5,Mumbai
Hyundai Grand i10,Hyundai,2019,35445,Petrol,Manual,6620,375000.0,7,Mumbai
Hyundai Creta,Hyundai,2017,114999,Diesel,Manual,14704,661000.0,9,Mumbai
Maruti SX4,Maruti,2010,129015,Petrol,Manual,14704,342000.0,16,Mumbai
Maruti Swift,Maruti,2012,58347,Diesel,Manual,14704,300000.0,14,Mumbai
Hyundai Creta,Hyundai,2021,33658,Petrol,Manual,16968,991000.0,5,Mumbai
Honda City,Honda,2017,89024,Petrol,Auto,10049,513999.99999999994,9,Mumbai
Maruti Ciaz,Maruti,2017,79503,Petrol,Manual,9384,480000.0,9,Mumbai
Hyundai i20 Active,Hyundai,2016,14945,Petrol,Manual,9254,416000.0,10,Mumbai
Hyundai Elite i20,Hyundai,2016,130167,Petrol,Manual,6896,310000.0,10,Mumbai
Honda City,Honda,2021,39044,Petrol,Manual,12816,726000.0,5,Mumbai
Volkswagen Jetta,Volkswagen,2011,181217,Diesel,Manual,12816,250000.0,15,Mumbai
Skoda Rapid,Skoda,2020,69996,Petrol,Auto,12057,683000.0,6,Mumbai
Maruti Ertiga,Maruti,2017,44056,Petrol,Manual,13372,684000.0,9,Mumbai
Hyundai Grand i10,Hyundai,2014,42094,Petrol,Auto,10296,310000.0,12,Mumbai
Maruti New Wagon-R,Maruti,2019,26260,Petrol,Manual,7238,409999.99999999994,7,Mumbai
Hyundai Grand i10,Hyundai,2014,54500,Petrol,Auto,9964,300000.0,12,Mumbai
Maruti New Wagon-R,Maruti,2023,50832,Petrol,Auto,7644,433000.0,3,Mumbai
Ford Figo,Ford,2011,101110,Diesel,Manual,7644,102000.0,15,Mumbai
Maruti Eeco,Maruti,2010,141049,Petrol,Manual,7644,178000.0,16,Mumbai
Hyundai VENUE,Hyundai,2020,17832,Petrol,Auto,13240,750000.0,6,Mumbai
Hyundai Creta,Hyundai,2015,108714,Diesel,Manual,22685,683000.0,11,Mumbai
Volkswagen Ameo,Volkswagen,2019,52916,Diesel,Auto,9356,530000.0,7,Mumbai
Mahindra Xylo,Mahindra,2011,221006,Diesel,Manual,9356,165000.0,15,Mumbai
Hyundai Elite i20,Hyundai,2015,87805,Petrol,Manual,8805,334000.0,11,Mumbai
Tata Hexa,Tata,2018,87398,Diesel,Auto,13451,688000.0,8,Mumbai
Jeep Compass,Jeep,2018,55277,Diesel,Manual,14272,730000.0,8,Mumbai
Skoda Octavia,Skoda,2019,64875,Petrol,Auto,13240,750000.0,7,Mumbai
Tata NEXON EV,Tata,2022,50410,Electric,Auto,11880,673000.0,4,Mumbai
KIA SONET,KIA,2020,127641,Diesel,Manual,15705,706000.0,6,Mumbai
Volkswagen Ameo,Volkswagen,2017,118149,Diesel,Auto,8586,386000.0,9,Mumbai
Honda City,Honda,2016,38114,Petrol,Auto,10588,476000.0,10,Mumbai
Maruti Ertiga,Maruti,2012,157712,Diesel,Manual,10588,351000.0,14,Mumbai
Tata Tiago,Tata,2022,31252,Petrol,Manual,7502,425000.0,4,Mumbai
Hyundai Creta,Hyundai,2015,48332,Petrol,Manual,13167,500000.0,11,Mumbai
Renault Kwid,Renault,2022,27820,Petrol,Auto,6637,376000.0,4,Mumbai
Toyota Innova,Toyota,2015,149942,Diesel,Manual,21722,654000.0,11,Mumbai
Mahindra XUV500,Mahindra,2015,125018,Diesel,Manual,19397,584000.0,11,Mumbai
Tata NEXON,Tata,2021,45057,Diesel,Manual,14349,838000.0000000001,5,Mumbai
Maruti Swift,Maruti,2010,92293,Petrol,Manual,14349,124000.0,16,Mumbai
Tata NEXON,Tata,2022,34402,Petrol,Manual,13822,783000.0,4,Mumbai
Honda City,Honda,2015,24962,Petrol,Manual,12087,459000.0,11,Mumbai
Maruti XL6,Maruti,2021,32156,Petrol,Manual,14537,849000.0,5,Mumbai
Tata Aria,Tata,2011,102498,Diesel,Manual,14537,128000.0,15,Mumbai
Maruti Ertiga,Maruti,2020,100184,Petrol,Manual,16683,750000.0,6,Mumbai
Maruti Ertiga,Maruti,2013,181687,Diesel,Manual,37316,420000.0,13,Mumbai
Toyota YARIS,Toyota,2018,64960,Petrol,Auto,9886,560000.0,8,Mumbai
Maruti Celerio,Maruti,2019,76143,Petrol,Manual,6567,372000.0,7,Mumbai
Hyundai Creta,Hyundai,2019,60328,Petrol,Manual,12145,688000.0,7,Mumbai
Mahindra XUV500,Mahindra,2011,104510,Diesel,Manual,12145,249000.00000000003,15,Mumbai
Maruti Celerio,Maruti,2015,48305,Petrol,Auto,6820,259000.0,11,Mumbai
Audi A6,Audi,2013,109524,Diesel,Auto,66637,750000.0,13,Mumbai
Tata Tiago,Tata,2022,78696,Petrol,Manual,9444,535000.0,4,Mumbai
Mahindra XUV300,Mahindra,2021,41613,Petrol,Auto,12551,711000.0,5,Mumbai
Maruti Dzire,Maruti,2018,70967,Petrol,Auto,7785,441000.0,8,Mumbai
Volkswagen Vento,Volkswagen,2013,50365,Petrol,Manual,11768,250000.0,13,Mumbai
Maruti Baleno,Maruti,2017,47409,Petrol,Manual,7722,395000.0,9,Mumbai
Skoda Octavia,Skoda,2018,128378,Diesel,Auto,18959,872000.0000000001,8,Mumbai
Maruti Alto,Maruti,2020,17732,Petrol,Manual,4731,268000.0,6,Mumbai
Honda City,Honda,2016,57699,Petrol,Auto,9610,432000.0,10,Mumbai
Mitsubishi Pajero Sport,Mitsubishi,2013,83564,Diesel,Manual,40782,459000.0,13,Mumbai
Mahindra XUV500,Mahindra,2015,149965,Diesel,Manual,19563,589000.0,11,Mumbai
Hyundai Creta,Hyundai,2020,54386,Diesel,Manual,16044,936999.9999999999,6,Mumbai
Maruti S PRESSO,Maruti,2022,21675,Petrol,Manual,5825,330000.0,4,Mumbai
Maruti New Wagon-R,Maruti,2023,104664,Petrol,Manual,10989,494000.00000000006,3,Mumbai
Honda City,Honda,2014,41810,Petrol,Auto,14349,432000.0,12,Mumbai
Maruti New Wagon-R,Maruti,2020,132339,Petrol,Manual,8609,387000.0,6,Mumbai
Hyundai Creta,Hyundai,2016,95299,Petrol,Auto,14548,654000.0,10,Mumbai
Maruti Ertiga,Maruti,2015,104094,Petrol,Manual,11798,448000.00000000006,11,Mumbai
Maruti Celerio,Maruti,2019,93465,Petrol,Manual,6214,352000.0,7,Mumbai
Maruti New Wagon-R,Maruti,2021,63650,Petrol,Manual,7485,424000.0,5,Mumbai
Maruti Eeco,Maruti,2021,66886,Petrol,Manual,8297,470000.0,5,Mumbai
Tata Curvv,Tata,2025,224,Petrol,Manual,18818,1099000.0,1,Mumbai
Tata NEXON,Tata,2023,34064,Diesel,Auto,16831,983000.0,3,Mumbai
Mahindra XUV500,Mahindra,2015,121993,Diesel,Manual,18799,566000.0,11,Mumbai
Honda Mobilio,Honda,2014,110728,Diesel,Manual,16711,355000.0,12,Mumbai
Maruti Swift,Maruti,2012,74097,Petrol,Manual,19991,225000.0,14,Mumbai
Tata Tiago,Tata,2021,27304,Petrol,Auto,8120,459999.99999999994,5,Mumbai
Hyundai Grand i10,Hyundai,2019,93691,Petrol,Manual,6214,352000.0,7,Mumbai
Ford Figo,Ford,2011,118732,Diesel,Manual,6214,105000.0,15,Mumbai
Hyundai Grand i10,Hyundai,2017,80653,Petrol,Manual,7234,370000.0,9,Mumbai
Maruti Ertiga,Maruti,2021,46380,Petrol,Manual,15581,910000.0,5,Mumbai
Tata ALTROZ,Tata,2023,20939,Petrol,Manual,10609,601000.0,3,Mumbai
Honda City,Honda,2015,35963,Petrol,Manual,12061,458000.0,11,Mumbai
Tata Safari,Tata,2014,171830,Diesel,Manual,12051,256000.0,12,Mumbai
Mahindra Scorpio,Mahindra,2015,105749,Diesel,Auto,20859,628000.0,11,Mumbai
Mahindra TUV300,Mahindra,2016,72310,Diesel,Manual,12640,480000.0,10,Mumbai
Tata NEXON,Tata,2017,12686,Petrol,Manual,9345,478000.0,9,Mumbai
Hyundai Creta,Hyundai,2018,27555,Petrol,Manual,10786,611000.0,8,Mumbai
Hyundai VENUE,Hyundai,2019,149974,Petrol,Manual,13369,601000.0,7,Mumbai
Volkswagen Vento,Volkswagen,2016,89643,Petrol,Auto,9098,409000.0,10,Mumbai
KIA SONET,KIA,2025,1104,Petrol,Manual,16112,941000.0,1,Mumbai
Hyundai Elite i20,Hyundai,2017,190182,Petrol,Manual,8609,387000.0,9,Mumbai
Hyundai Creta,Hyundai,2020,13736,Petrol,Auto,18835,1100000.0,6,Mumbai
Maruti Ertiga,Maruti,2014,91007,Petrol,Manual,14249,429000.0,12,Mumbai
KIA SELTOS,KIA,2023,25593,Diesel,Auto,25119,1467000.0,3,Mumbai
Maruti Ertiga,Maruti,2020,97181,Petrol,Manual,14725,860000.0,6,Mumbai
BMW 3 Series,BMW,2014,42000,Diesel,Auto,44277,950000.0,12,Mumbai
Tata Harrier,Tata,2021,97956,Diesel,Auto,20547,1200000.0,5,Mumbai
Hyundai Xcent,Hyundai,2016,174098,Petrol,Manual,5739,258000.0,10,Mumbai
Tata Tiago,Tata,2020,66228,Petrol,Auto,7114,403000.0,6,Mumbai
Nissan MAGNITE,Nissan,2021,29214,Petrol,Manual,9021,511000.00000000006,5,Mumbai
Maruti New Wagon-R,Maruti,2021,54543,Petrol,Manual,7414,420000.0,5,Mumbai
Hyundai Creta,Hyundai,2021,32695,Petrol,Auto,20252,1183000.0,5,Mumbai
Tata NEXON,Tata,2022,63092,Petrol,Auto,12586,713000.0,4,Mumbai
Maruti Baleno,Maruti,2017,44848,Petrol,Manual,8719,446000.0,9,Mumbai
Mahindra Xylo,Mahindra,2015,116233,Diesel,Manual,10429,314000.0,11,Mumbai
Hyundai VENUE,Hyundai,2019,118693,Petrol,Manual,13525,608000.0,7,Mumbai
Tata Safari,Tata,2022,28650,Diesel,Manual,26403,1542000.0,4,Mumbai
Hyundai Creta,Hyundai,2016,80811,Petrol,Auto,12546,564000.0,10,Mumbai
Honda City,Honda,2018,116817,Petrol,Auto,12234,550000.0,8,Mumbai
Honda CRV,Honda,2014,94458,Petrol,Manual,15179,457000.0,12,Mumbai
Maruti Ciaz,Maruti,2015,146580,Diesel,Manual,13718,413000.0,11,Mumbai
Hyundai Creta,Hyundai,2019,26800,Petrol,Manual,12057,683000.0,7,Mumbai
Maruti Ertiga,Maruti,2012,32,Diesel,Manual,12057,420000.0,14,Mumbai
Mahindra Thar,Mahindra,2023,49276,Petrol,Auto,21403,1250000.0,3,Mumbai
Ford Ecosport,Ford,2016,40596,Petrol,Manual,9053,407000.0,10,Mumbai
Tata NEXON,Tata,2023,28191,Diesel,Auto,20684,1208000.0,3,Mumbai
Volkswagen Passat,Volkswagen,2011,170935,Diesel,Auto,20684,350000.0,15,Mumbai
Maruti Baleno,Maruti,2018,75825,Petrol,Auto,7185,407000.0,8,Mumbai
Hyundai Creta,Hyundai,2021,42000,Diesel,Manual,21848,1276000.0,5,Mumbai
Toyota Innova,Toyota,2010,123261,Diesel,Manual,21848,360000.0,16,Mumbai
Hyundai Creta,Hyundai,2017,65525,Petrol,Auto,12981,664000.0,9,Mumbai
Honda WR-V,Honda,2017,101200,Diesel,Manual,10455,470000.0,9,Mumbai
Maruti Swift,Maruti,2025,7293,Petrol,Manual,12498,708000.0,1,Mumbai
Hyundai VENUE,Hyundai,2019,86657,Petrol,Auto,12145,688000.0,7,Mumbai
Hyundai Creta,Hyundai,2017,33250,Petrol,Manual,13079,669000.0,9,Mumbai
Tata NEXON,Tata,2022,25824,Petrol,Auto,12304,697000.0,4,Mumbai
Tata Tiago,Tata,2021,19500,Petrol,Auto,8456,479000.0,5,Mumbai
Hyundai Creta,Hyundai,2017,65902,Petrol,Auto,12805,655000.0,9,Mumbai
Tata NEXON,Tata,2022,74227,Diesel,Auto,13081,741000.0,4,Mumbai
Tata Tiago,Tata,2020,30951,Petrol,Manual,7220,409000.0,6,Mumbai
Toyota Innova,Toyota,2013,159846,Diesel,Manual,37850,426000.0,13,Mumbai
Toyota Camry,Toyota,2016,86342,Hybrid,Auto,29200,1343000.0,10,Mumbai
Tata NEXON,Tata,2024,8262,Petrol,Manual,16643,972000.0000000001,2,Mumbai
BMW 3 Series,BMW,2011,87724,Petrol,Auto,16643,500000.0,15,Mumbai
Mahindra XUV300,Mahindra,2022,27000,Petrol,Manual,11545,654000.0,4,Mumbai
BMW X1,BMW,2013,87292,Diesel,Auto,51621,581000.0,13,Mumbai
Tata NEXON,Tata,2024,13500,Petrol,Auto,17054,996000.0000000001,2,Mumbai
Mahindra Scorpio,Mahindra,2014,58146,Diesel,Manual,41295,886000.0,12,Mumbai
Maruti Wagon R 1.0,Maruti,2018,56795,Petrol,Manual,6002,340000.0,8,Mumbai
Ford Figo,Ford,2011,121930,Petrol,Manual,6002,74000.0,15,Mumbai
Maruti S Cross,Maruti,2015,71917,Diesel,Manual,13917,419000.00000000006,11,Mumbai
Ford Ecosport,Ford,2017,39251,Petrol,Manual,10010,512000.0,9,Mumbai
Hyundai Creta,Hyundai,2019,38365,Petrol,Manual,14034,795000.0,7,Mumbai
Hyundai NEW I20,Hyundai,2021,24925,Petrol,Auto,13504,765000.0,5,Mumbai
Mercedes Benz B Class,Mercedes,2013,55491,Petrol,Auto,21560,458000.0,13,Mumbai
Hyundai Grand i10,Hyundai,2019,108266,Petrol,Manual,7941,357000.0,7,Mumbai
Mahindra XUV500,Mahindra,2015,153199,Diesel,Manual,18766,565000.0,11,Mumbai
Hyundai Creta,Hyundai,2023,8149,Petrol,Auto,25684,1500000.0,3,Mumbai
Maruti New Wagon-R,Maruti,2022,30199,Petrol,Manual,8562,484999.99999999994,4,Mumbai
MG HECTOR PLUS,MG,2023,671,Petrol,Manual,29228,1707000.0,3,Mumbai
Tata PUNCH,Tata,2024,28605,Petrol,Manual,14383,840000.0,2,Mumbai
Ford Ecosport,Ford,2017,158933,Diesel,Manual,9610,432000.0,9,Mumbai
Tata Tiago,Tata,2024,12690,Petrol,Auto,13363,757000.0,2,Mumbai
Mahindra XUV500,Mahindra,2015,111355,Diesel,Manual,14016,422000.0,11,Mumbai
Maruti Ertiga,Maruti,2021,51159,Petrol,Manual,16283,951000.0,5,Mumbai
Ford Ecosport,Ford,2019,109241,Diesel,Manual,13591,611000.0,7,Mumbai
Honda City,Honda,2015,73488,Petrol,Manual,10033,381000.0,11,Mumbai
Hyundai Creta,Hyundai,2017,57906,Diesel,Manual,16127,725000.0,9,Mumbai
Tata Tiago,Tata,2023,59526,Petrol,Manual,8985,509000.0,3,Mumbai
Hyundai Creta,Hyundai,2018,42936,Petrol,Auto,17722,1035000.0,8,Mumbai
Honda City,Honda,2015,66255,Petrol,Manual,9954,378000.0,11,Mumbai
Maruti Celerio,Maruti,2016,22199,Petrol,Auto,7363,331000.0,10,Mumbai
Honda Mobilio,Honda,2015,119867,Diesel,Manual,11226,338000.0,11,Mumbai
Maruti Baleno,Maruti,2024,2937,Petrol,Auto,14742,861000.0,2,Mumbai
Hyundai Xcent,Hyundai,2016,35739,Petrol,Manual,7541,339000.0,10,Mumbai
Maruti Ertiga,Maruti,2013,104560,Diesel,Manual,38827,437000.0,13,Mumbai
Maruti Vitara Brezza,Maruti,2020,35373,Petrol,Manual,13240,750000.0,6,Mumbai
Maruti XL6,Maruti,2024,12598,Petrol,Auto,20067,1172000.0,2,Mumbai
Maruti Ertiga,Maruti,2016,76502,Petrol,Manual,12234,550000.0,10,Mumbai
Maruti New Wagon-R,Maruti,2020,159924,Petrol,Manual,8297,373000.0,6,Mumbai
Hyundai Creta,Hyundai,2018,76177,Petrol,Manual,11863,672000.0,8,Mumbai
Maruti Ertiga,Maruti,2013,94885,Diesel,Manual,38827,437000.0,13,Mumbai
Skoda Superb,Skoda,2016,89376,Petrol,Auto,16305,733000.0,10,Mumbai
Renault Kwid,Renault,2023,5072,Petrol,Auto,8473,480000.0,3,Mumbai
Maruti Ertiga,Maruti,2015,61813,Petrol,Manual,13167,500000.0,11,Mumbai
Audi A4,Audi,2011,65388,Petrol,Auto,13167,411000.00000000006,15,Mumbai
Tata ALTROZ,Tata,2023,35885,Petrol,Manual,13989,817000.0,3,Mumbai
Honda City,Honda,2013,85357,Petrol,Manual,11768,250000.0,13,Mumbai
MG ASTOR,MG,2023,9145,Petrol,Auto,19434,1135000.0,3,Mumbai
KIA SONET,KIA,2021,63706,Petrol,Manual,13363,757000.0,5,Mumbai
Renault Kiger,Renault,2021,12686,Petrol,Auto,10274,582000.0,5,Mumbai
Maruti Ciaz,Maruti,2016,102352,Diesel,Manual,11850,450000.0,10,Mumbai
Maruti New Wagon-R,Maruti,2022,77249,Petrol,Manual,9074,513999.99999999994,4,Mumbai
Maruti Celerio,Maruti,2022,20765,Petrol,Manual,8385,475000.0,4,Mumbai
Hyundai Creta,Hyundai,2017,95137,Diesel,Auto,17551,789000.0,9,Mumbai
Maruti New Wagon-R,Maruti,2021,52447,Petrol,Manual,8173,463000.0,5,Mumbai
Maruti Ertiga,Maruti,2023,61685,Petrol,Manual,14434,843000.0,3,Mumbai
Maruti Ertiga,Maruti,2018,210751,Petrol,Manual,13792,620000.0,8,Mumbai
Maruti Ertiga,Maruti,2012,128831,Diesel,Manual,13792,370000.0,14,Mumbai
Mahindra XUV300,Mahindra,2021,32638,Petrol,Auto,14109,824000.0,5,Mumbai
MG HECTOR,MG,2019,70859,Petrol,Auto,14845,867000.0,7,Mumbai
Volkswagen Vento,Volkswagen,2016,112383,Diesel,Auto,12087,459000.0,10,Mumbai
Maruti Ertiga,Maruti,2020,72519,Petrol,Manual,14571,851000.0,6,Mumbai
Maruti XL6,Maruti,2021,26528,Petrol,Manual,15462,902999.9999999999,5,Mumbai
Mahindra XUV300,Mahindra,2020,62851,Diesel,Manual,13575,769000.0,6,Mumbai
Hyundai Creta,Hyundai,2016,42700,Petrol,Manual,14815,666000.0,10,Mumbai
Hyundai Creta,Hyundai,2016,67641,Petrol,Auto,14459,650000.0,10,Mumbai
Ford Ecosport,Ford,2017,25679,Petrol,Manual,8719,446000.0,9,Mumbai
Hyundai VENUE,Hyundai,2020,76092,Petrol,Manual,11933,676000.0,6,Mumbai
Hyundai Creta,Hyundai,2016,117327,Petrol,Manual,12234,550000.0,10,Mumbai
Renault Kiger,Renault,2021,39914,Petrol,Manual,9656,547000.0,5,Mumbai
Skoda Superb,Skoda,2016,92305,Diesel,Auto,23209,898000.0,10,Mumbai
MG ASTOR,MG,2023,45614,Petrol,Auto,16694,975000.0,3,Mumbai
KIA SYROS,KIA,2025,4587,Diesel,Auto,30358,1773000.0,1,Mumbai
Hyundai Creta,Hyundai,2018,77067,Petrol,Manual,11615,658000.0,8,Mumbai
Audi Q7,Audi,2011,94075,Diesel,Auto,11615,598000.0,15,Mumbai
Chevrolet Cruze,Chevrolet,2016,141929,Diesel,Auto,13509,513000.0,10,Mumbai
Mahindra Thar,Mahindra,2022,34577,Diesel,Auto,21146,1235000.0,4,Mumbai
Hyundai Elite i20,Hyundai,2017,75897,Petrol,Manual,7331,375000.0,9,Mumbai
Audi A4,Audi,2011,135566,Diesel,Auto,7331,451000.0,15,Mumbai
Maruti New Wagon-R,Maruti,2021,30341,Petrol,Auto,9462,536000.0,5,Mumbai
Volkswagen Passat,Volkswagen,2012,113170,Diesel,Manual,9462,350000.0,14,Mumbai
Toyota Innova,Toyota,2015,199689,Diesel,Manual,17604,530000.0,11,Mumbai
KIA SONET,KIA,2021,33679,Diesel,Auto,16095,940000.0,5,Mumbai
KIA SONET,KIA,2024,12049,Petrol,Manual,14280,834000.0,2,Mumbai
Hyundai VENUE,Hyundai,2024,18746,Petrol,Auto,18287,1068000.0,2,Mumbai
Hyundai VENUE,Hyundai,2021,15800,Petrol,Manual,13593,770000.0,5,Mumbai
Toyota Fortuner,Toyota,2017,88091,Diesel,Auto,49507,2277000.0,9,Mumbai
Hyundai Creta,Hyundai,2016,77494,Petrol,Auto,15371,691000.0,10,Mumbai
Ford Ecosport,Ford,2019,73937,Petrol,Auto,10768,610000.0,7,Mumbai
Ford Ecosport,Ford,2018,37219,Petrol,Auto,10415,590000.0,8,Mumbai
Maruti Ertiga,Maruti,2017,114374,Petrol,Manual,13124,590000.0,9,Mumbai
Hyundai Creta,Hyundai,2016,76039,Diesel,Auto,19039,723000.0,10,Mumbai
KIA SELTOS,KIA,2023,23303,Petrol,Auto,22156,1294000.0,3,Mumbai
Honda Mobilio,Honda,2015,53172,Petrol,Manual,9875,375000.0,11,Mumbai
Jaguar XF,Jaguar,2013,105971,Diesel,Auto,70705,800000.0,13,Mumbai
Tata ALTROZ,Tata,2024,13810,Petrol,Auto,14948,873000.0,2,Mumbai
Maruti Dzire,Maruti,2023,15656,Petrol,Manual,12886,730000.0,3,Mumbai
Hyundai Creta,Hyundai,2018,74329,Petrol,Auto,13946,790000.0,8,Mumbai
Honda City,Honda,2022,26024,Petrol,Auto,17807,1040000.0,4,Mumbai
Maruti BREZZA,Maruti,2023,55938,Petrol,Manual,14087,798000.0,3,Mumbai
Maruti Ciaz,Maruti,2022,60238,Petrol,Auto,12745,722000.0,4,Mumbai
Mahindra XUV700,Mahindra,2023,22068,Petrol,Auto,31248,1825000.0,3,Mumbai
Tata NEXON EV,Tata,2023,17762,Electric,Auto,18287,1068000.0,3,Mumbai
Mahindra Thar Roxx,Mahindra,2025,16057,Diesel,Auto,31351,1830999.9999999998,1,Mumbai
Toyota Innova,Toyota,2011,134624,Diesel,Manual,31351,350000.0,15,Mumbai
Maruti Ertiga,Maruti,2016,113121,Petrol,Manual,12123,545000.0,10,Mumbai
KIA SELTOS,KIA,2024,11036,Diesel,Manual,26540,1550000.0,2,Mumbai
MG ASTOR,MG,2024,15307,Petrol,Auto,23030,1345000.0,2,Mumbai
Mahindra TUV300,Mahindra,2018,63000,Diesel,Manual,12023,615000.0,8,Mumbai
Toyota Fortuner,Toyota,2012,187101,Diesel,Manual,12023,806000.0,14,Mumbai
Honda City,Honda,2021,11502,Petrol,Manual,16951,990000.0,5,Mumbai
Volvo XC 60,Volvo,2013,118547,Diesel,Auto,79543,900000.0,13,Mumbai
Maruti Ertiga,Maruti,2020,114114,Petrol,Manual,17959,826000.0,6,Mumbai
Jeep Compass,Jeep,2021,66891,Petrol,Manual,17122,1000000.0,5,Mumbai
Ford Ecosport,Ford,2015,75722,Diesel,Manual,12754,384000.0,11,Mumbai
Mahindra XUV500,Mahindra,2013,63522,Diesel,Manual,29320,330000.0,13,Mumbai
Hyundai VENUE,Hyundai,2023,20831,Diesel,Manual,18783,1097000.0,3,Mumbai
Maruti New Wagon-R,Maruti,2020,51934,Petrol,Manual,7185,407000.0,6,Mumbai
Mahindra XUV300,Mahindra,2021,22935,Petrol,Manual,11139,631000.0,5,Mumbai
Tata NEXON,Tata,2023,47846,Petrol,Auto,16711,976000.0,3,Mumbai
Mercedes Benz Ml Class,Mercedes,2014,57273,Diesel,Auto,58586,1257000.0,12,Mumbai
Mercedes Benz C Class,Mercedes,2013,62778,Petrol,Auto,28244,600000.0,13,Mumbai
Toyota YARIS,Toyota,2021,43028,Petrol,Auto,13989,817000.0,5,Mumbai
Chevrolet Captiva,Chevrolet,2010,101476,Diesel,Auto,13989,300000.0,16,Mumbai
Maruti Ertiga,Maruti,2021,68000,Petrol,Manual,15581,910000.0,5,Mumbai
Honda City,Honda,2021,46365,Petrol,Auto,15855,926000.0,5,Mumbai
Tata TIGOR,Tata,2025,9891,Petrol,Auto,14554,850000.0,1,Mumbai
MG HECTOR,MG,2019,86634,Petrol,Auto,14554,850000.0,7,Mumbai
Volkswagen Passat,Volkswagen,2011,91312,Diesel,Auto,14554,562000.0,15,Mumbai
Hyundai Creta,Hyundai,2019,98915,Petrol,Manual,13045,739000.0,7,Mumbai
Maruti FRONX,Maruti,2024,3218,Petrol,Auto,18167,1061000.0,2,Mumbai
KIA SONET,KIA,2024,9743,Petrol,Manual,15753,919999.9999999999,2,Mumbai
Maruti New Wagon-R,Maruti,2020,53328,Petrol,Manual,7291,413000.0,6,Mumbai
Toyota Innova,Toyota,2015,215000,Diesel,Manual,21589,650000.0,11,Mumbai
MG ZS EV,MG,2021,107249,Electric,Auto,18198,836999.9999999999,5,Mumbai
Hyundai Creta,Hyundai,2016,101967,Diesel,Auto,17038,647000.0,10,Mumbai
Toyota Innova,Toyota,2012,202982,Diesel,Manual,17038,429000.0,14,Mumbai
MG HECTOR,MG,2019,142118,Diesel,Manual,22047,1014000.0,7,Mumbai
BMW 3 Series,BMW,2013,34657,Diesel,Auto,59084,665000.0,13,Mumbai
Mahindra XUV700,Mahindra,2023,9752,Petrol,Auto,33577,1961000.0,3,Mumbai
Mitsubishi Outlander,Mitsubishi,2012,119930,Petrol,Auto,33763,380000.0,14,Mumbai
Mahindra XUV300,Mahindra,2021,74877,Petrol,Auto,13698,800000.0,5,Mumbai
BMW X1,BMW,2025,6428,Petrol,Auto,74226,4335000.0,1,Mumbai
Skoda KUSHAQ,Skoda,2021,44601,Petrol,Manual,15410,900000.0,5,Mumbai
Tata NEXON,Tata,2022,17500,Petrol,Auto,14948,873000.0,4,Mumbai
Maruti Ertiga,Maruti,2018,86560,Petrol,Manual,11863,672000.0,8,Mumbai
Toyota Corolla Altis,Toyota,2014,128624,Petrol,Manual,11891,358000.0,12,Mumbai
Audi Q3,Audi,2013,109741,Diesel,Auto,57752,650000.0,13,Mumbai
KIA SONET,KIA,2022,20109,Petrol,Manual,13801,806000.0,4,Mumbai
Maruti S Cross,Maruti,2020,4724,Petrol,Auto,13749,802999.9999999999,6,Mumbai
Tata Safari,Tata,2021,91304,Diesel,Auto,23458,1370000.0,5,Mumbai
Jaguar XF,Jaguar,2013,49000,Diesel,Auto,79543,900000.0,13,Mumbai
Hyundai Creta,Hyundai,2016,118219,Diesel,Manual,18697,710000.0,10,Mumbai
Hyundai GRAND I10 NIOS,Hyundai,2024,3863,Petrol,Auto,12057,683000.0,2,Mumbai
Ford Ecosport,Ford,2017,100982,Diesel,Manual,11211,504000.0,9,Mumbai
Hyundai Creta,Hyundai,2017,60411,Petrol,Auto,13509,691000.0,9,Mumbai
Maruti Ertiga,Maruti,2016,78611,Petrol,Manual,12234,550000.0,10,Mumbai
Skoda Octavia,Skoda,2016,92574,Petrol,Auto,12768,574000.0,10,Mumbai
Ford Ecosport,Ford,2021,66300,Diesel,Manual,13698,800000.0,5,Mumbai
Hyundai VENUE,Hyundai,2020,27141,Petrol,Auto,13749,802999.9999999999,6,Mumbai
Jeep Compass,Jeep,2019,46765,Petrol,Manual,13151,745000.0,7,Mumbai
Tata Safari,Tata,2024,7861,Diesel,Auto,36779,2148000.0,2,Mumbai
Maruti FRONX,Maruti,2024,3241,Petrol,Auto,18526,1082000.0,2,Mumbai
Mahindra Bolero Neo Plus,Mahindra,2024,14892,Diesel,Manual,18116,1058000.0,2,Mumbai
BMW X1,BMW,2014,94549,Diesel,Auto,34646,736000.0,12,Mumbai
MG HECTOR,MG,2021,24324,Petrol,Auto,20547,1200000.0,5,Mumbai
Audi Q5,Audi,2011,87317,Diesel,Auto,20547,500000.0,15,Mumbai
KIA SELTOS,KIA,2020,89484,Diesel,Auto,19759,1154000.0,6,Mumbai
Audi A6,Audi,2011,67972,Diesel,Auto,19759,752000.0,15,Mumbai
Hyundai Creta,Hyundai,2018,124682,Petrol,Auto,14681,660000.0,8,Mumbai
Maruti Ertiga,Maruti,2021,119966,Petrol,Manual,17807,819000.0,5,Mumbai
Hyundai Creta,Hyundai,2016,176590,Petrol,Manual,13369,601000.0,10,Mumbai
KIA SONET,KIA,2023,19730,Petrol,Manual,16266,950000.0,3,Mumbai
Ssangyong Rexton,Ssangyong,2015,114051,Diesel,Auto,11791,355000.0,11,Mumbai
Mahindra XUV700,Mahindra,2024,24491,Diesel,Auto,36813,2150000.0,2,Mumbai
MG HECTOR PLUS,MG,2022,30400,Diesel,Manual,24828,1450000.0,4,Mumbai
Honda City,Honda,2016,54685,Petrol,Auto,10789,484999.99999999994,10,Mumbai
Hyundai AURA,Hyundai,2024,12977,Petrol,Manual,14143,826000.0,2,Mumbai
KIA SELTOS,KIA,2021,29712,Petrol,Auto,19691,1150000.0,5,Mumbai
Toyota Camry,Toyota,2014,124622,Petrol,Auto,23815,717000.0,12,Mumbai
MG HECTOR,MG,2019,23885,Petrol,Auto,17157,1002000.0,7,Mumbai
BMW 5 Series,BMW,2012,125571,Diesel,Auto,17157,830000.0000000001,14,Mumbai
MG HECTOR PLUS,MG,2020,59000,Petrol,Auto,17979,1050000.0,6,Mumbai
MG HECTOR,MG,2021,67562,Petrol,Auto,18869,1102000.0,5,Mumbai
Skoda Octavia,Skoda,2019,62704,Petrol,Auto,18304,1069000.0,7,Mumbai
Maruti Ertiga,Maruti,2021,79720,Petrol,Manual,15479,903999.9999999999,5,Mumbai
Mahindra SCORPIO-N,Mahindra,2022,13668,Petrol,Auto,28594,1670000.0,4,Mumbai
Maruti Alto K10,Maruti,2024,6519,Petrol,Auto,7926,449000.0,2,Mumbai
Skoda Kodiaq,Skoda,2019,78902,Diesel,Auto,33611,1963000.0,7,Mumbai
Audi Q5,Audi,2012,82943,Diesel,Auto,33611,657000.0,14,Mumbai
Maruti New Wagon-R,Maruti,2024,5714,Petrol,Auto,11527,653000.0,2,Mumbai
Toyota Fortuner,Toyota,2010,160862,Diesel,Manual,11527,688000.0,16,Mumbai
Honda WR-V,Honda,2018,124081,Diesel,Manual,13569,610000.0,8,Mumbai
Hyundai Creta,Hyundai,2018,112000,Diesel,Auto,19807,911000.0,8,Mumbai
KIA SELTOS,KIA,2019,68044,Petrol,Auto,16729,977000.0,7,Mumbai
KIA SONET,KIA,2023,19161,Petrol,Auto,17619,1028999.9999999999,3,Mumbai
MG HECTOR,MG,2021,36675,Petrol,Auto,18407,1075000.0,5,Mumbai
Audi Q3,Audi,2014,117177,Diesel,Auto,39617,850000.0,12,Mumbai
Audi Q3,Audi,2013,183873,Diesel,Auto,58374,657000.0,13,Mumbai
MG HECTOR PLUS,MG,2020,27596,Petrol,Auto,20735,1211000.0,6,Mumbai
BMW X3,BMW,2013,129000,Diesel,Auto,66637,750000.0,13,Mumbai
Mahindra XUV300,Mahindra,2023,30340,Petrol,Auto,14948,873000.0,3,Mumbai
Volkswagen TAIGUN,Volkswagen,2023,27440,Petrol,Manual,17568,1026000.0,3,Mumbai
MG HECTOR,MG,2019,79920,Diesel,Manual,17979,1050000.0,7,Mumbai
Tata Tiago,Tata,2023,18400,Petrol,Manual,11474,650000.0,3,Mumbai
Toyota Innova Crysta,Toyota,2021,12251,Diesel,Manual,33971,1984000.0,5,Mumbai
Jeep Compass,Jeep,2022,23376,Diesel,Auto,35957,2100000.0,4,Mumbai
MG HECTOR,MG,2020,57947,Petrol,Auto,15855,926000.0,6,Mumbai
Mahindra XUV500,Mahindra,2013,188045,Diesel,Manual,30386,342000.0,13,Mumbai
Audi Q5,Audi,2012,91530,Diesel,Auto,30386,625000.0,14,Mumbai
MG HECTOR,MG,2020,76716,Petrol,Auto,16951,990000.0,6,Mumbai
Audi Q5,Audi,2013,115728,Diesel,Auto,63527,715000.0,13,Mumbai
Toyota Innova,Toyota,2011,154296,Diesel,Manual,63527,405000.0,15,Mumbai
Tata MAGIC,Tata,2020,44174,Diesel,Manual,7061,400000.0,6,Mumbai
Maruti Wagon R,Maruti,2010,77134,Petrol,Manual,7061,690000.0,16,Mumbai
Tata Harrier,Tata,2021,97097,Diesel,Auto,20307,1186000.0,5,Mumbai
MG HECTOR,MG,2021,80187,Petrol,Auto,19297,1127000.0,5,Mumbai
Maruti Eeco,Maruti,2021,125878,Petrol,Manual,11278,507000.0,5,Mumbai
Maruti New Wagon-R,Maruti,2024,67755,Petrol,Manual,9797,555000.0,2,Mumbai
Audi Q5,Audi,2013,75836,Diesel,Auto,65748,740000.0,13,Mumbai
Mercedes Benz S Class,Mercedes,2010,110320,Petrol,Auto,65748,1250000.0,16,Mumbai
MG HECTOR,MG,2023,19890,Diesel,Manual,30101,1757999.9999999998,3,Mumbai
Maruti Eeco,Maruti,2022,22608,Petrol,Manual,10150,575000.0,4,Mumbai
Tata ALTROZ,Tata,2023,28800,Petrol,Auto,13469,763000.0,3,Mumbai
Tata TIGOR EV,Tata,2022,97352,Electric,Auto,9532,540000.0,4,Mumbai
Hyundai Santa Fe,Hyundai,2011,135140,Diesel,Manual,9532,400000.0,15,Mumbai
Skoda Kodiaq,Skoda,2018,88760,Diesel,Auto,30226,1588000.0,8,Mumbai
Hyundai Creta,Hyundai,2025,3928,Petrol,Auto,33235,1941000.0,1,Mumbai
Toyota Innova,Toyota,2012,163844,Diesel,Manual,33235,484000.0,14,Mumbai
Mercedes Benz E Class,Mercedes,2011,117185,Diesel,Auto,33235,499000.0,15,Mumbai
Tata NEXON EV,Tata,2022,40534,Electric,Auto,13698,800000.0,4,Mumbai
Hyundai EXTER,Hyundai,2025,2440,Petrol,Manual,16763,978999.9999999999,1,Mumbai
Maruti S PRESSO,Maruti,2025,1534,Petrol,Auto,9709,550000.0,1,Mumbai
MG HECTOR,MG,2024,7261,Petrol,Auto,34587,2020000.0,2,Mumbai
Maruti Ertiga,Maruti,2021,101267,Petrol,Manual,19459,894999.9999999999,5,Mumbai
Toyota Innova,Toyota,2014,112081,Diesel,Manual,35823,761000.0,12,Mumbai
Maruti S Cross,Maruti,2015,177469,Diesel,Manual,14747,444000.00000000006,11,Mumbai
BMW 7 Series,BMW,2011,108874,Diesel,Auto,14747,1072000.0,15,Mumbai
MG HECTOR,MG,2021,45078,Petrol,Auto,17961,1049000.0,5,Mumbai
Tata NEXON EV,Tata,2021,72313,Electric,Auto,11969,678000.0,5,Mumbai
KIA SELTOS,KIA,2025,3934,Petrol,Auto,31540,1842000.0000000002,1,Mumbai
MG HECTOR,MG,2022,22065,Petrol,Auto,23184,1354000.0,4,Mumbai
Tata TIGOR EV,Tata,2022,37831,Electric,Auto,11421,647000.0,4,Mumbai
Nissan MAGNITE,Nissan,2023,54270,Petrol,Auto,12816,726000.0,3,Mumbai
Mahindra XUV300,Mahindra,2022,27732,Petrol,Auto,15170,886000.0,4,Mumbai
Tata NEXON EV,Tata,2022,49800,Electric,Auto,15068,880000.0000000001,4,Mumbai
Mahindra XUV700,Mahindra,2024,23925,Diesel,Auto,34844,2035000.0000000002,2,Mumbai
Toyota Innova,Toyota,2012,194517,Diesel,Manual,34844,516000.0,14,Mumbai
Tata NEXON EV,Tata,2021,100242,Electric,Auto,14459,650000.0,5,Mumbai
MG HECTOR,MG,2020,38814,Petrol,Auto,18013,1052000.0,6,Mumbai
Toyota Innova,Toyota,2014,123181,Diesel,Manual,49777,1068000.0,12,Mumbai
Toyota Corolla Altis,Toyota,2019,108421,Petrol,Manual,17573,790000.0,7,Mumbai
Maruti Ertiga,Maruti,2022,18964,Petrol,Manual,16694,975000.0,4,Mumbai
KIA SELTOS,KIA,2020,51878,Diesel,Manual,16626,971000.0000000001,6,Mumbai
Maruti IGNIS,Maruti,2017,88305,Petrol,Auto,5435,278000.0,9,Mumbai
Maruti Ertiga,Maruti,2015,13043,Petrol,Manual,12851,488000.0,11,Mumbai
Mahindra XUV500,Mahindra,2012,114573,Diesel,Manual,12851,280000.0,14,Mumbai
Maruti Wagon R 1.0,Maruti,2012,86505,Petrol,Manual,15637,176000.0,14,Mumbai
Volkswagen Polo,Volkswagen,2014,66554,Petrol,Auto,10463,315000.0,12,Mumbai
Tata Indica Vista,Tata,2011,107823,Diesel,Manual,10463,105000.0,15,Mumbai
Fiat Linea,Fiat,2011,76177,Petrol,Manual,10463,77000.0,15,Mumbai
Maruti BREZZA,Maruti,2024,6746,Petrol,Manual,14194,828999.9999999999,2,Mumbai
Hyundai i10,Hyundai,2013,50250,Petrol,Manual,5696,121000.0,13,Mumbai
Volkswagen Polo,Volkswagen,2018,21661,Petrol,Manual,6355,360000.0,8,Mumbai
Maruti Ertiga,Maruti,2013,96667,Diesel,Manual,36250,408000.0,13,Mumbai
Mahindra XUV500,Mahindra,2016,105120,Diesel,Auto,12956,492000.0,10,Mumbai
Hyundai New Elantra,Hyundai,2021,43817,Petrol,Auto,21523,1257000.0,5,Mumbai
Hyundai Tucson,Hyundai,2018,43481,Petrol,Auto,15410,900000.0,8,Mumbai
Hyundai Xcent,Hyundai,2014,87572,Petrol,Manual,7673,231000.0,12,Mumbai
Tata Tiago,Tata,2019,89127,Petrol,Auto,6426,364000.0,7,Mumbai
Honda Brio,Honda,2012,91844,Petrol,Manual,13150,148000.0,14,Mumbai
Porsche Cayenne,Porsche,2014,107553,Diesel,Auto,106546,2286000.0,12,Mumbai
Honda City,Honda,2012,155595,Petrol,Manual,22923,258000.0,14,Mumbai
Honda City,Honda,2021,29556,Petrol,Manual,13999,793000.0,5,Mumbai
Nissan Terrano,Nissan,2014,141228,Diesel,Manual,10121,215000.0,12,Mumbai
Maruti Wagon R 1.0,Maruti,2015,84634,Petrol,Manual,5872,223000.0,11,Mumbai
Tata NEXON,Tata,2018,144498,Petrol,Auto,10677,480000.0,8,Mumbai
Mahindra MARAZZO,Mahindra,2018,98872,Diesel,Manual,10323,528000.0,8,Mumbai
Hyundai i20,Hyundai,2012,800001,Petrol,Auto,13327,150000.0,14,Mumbai
Toyota Corolla Altis,Toyota,2011,114899,Petrol,Manual,13327,145000.0,15,Mumbai
Volkswagen Polo,Volkswagen,2011,28183,Petrol,Manual,13327,153000.0,15,Mumbai
Maruti Ertiga,Maruti,2015,42130,Petrol,Manual,14499,551000.0,11,Mumbai
Honda Jazz,Honda,2017,25431,Petrol,Auto,8205,420000.0,9,Mumbai
Maruti Ertiga,Maruti,2022,15361,Petrol,Manual,16523,965000.0,4,Mumbai
Mahindra XUV700,Mahindra,2021,57080,Petrol,Auto,28337,1655000.0,5,Mumbai
Tata TIAGO NRG,Tata,2021,17859,Petrol,Auto,8699,493000.0,5,Mumbai
Honda City,Honda,2014,63249,Petrol,Manual,8769,264000.0,12,Mumbai
Honda WR-V,Honda,2018,22342,Petrol,Manual,8883,503000.0,8,Mumbai
Mahindra TUV300,Mahindra,2016,73742,Diesel,Manual,9875,375000.0,10,Mumbai
Volkswagen Ameo,Volkswagen,2017,38332,Petrol,Manual,6002,307000.0,9,Mumbai
Ford New Figo,Ford,2018,51350,Diesel,Manual,6281,321000.0,8,Mumbai
Nissan MAGNITE,Nissan,2025,9264,Petrol,Manual,11933,676000.0,1,Mumbai
Jeep Compass,Jeep,2018,40683,Petrol,Manual,10680,605000.0,8,Mumbai
KIA SONET,KIA,2021,54549,Petrol,Manual,11833,670000.0,5,Mumbai
Tata TIGOR,Tata,2019,85687,Petrol,Auto,6456,366000.0,7,Mumbai
Hyundai Verna,Hyundai,2018,69617,Petrol,Auto,10486,594000.0,8,Mumbai
Maruti Dzire,Maruti,2018,44042,Petrol,Auto,7238,409999.99999999994,8,Mumbai
Maruti Dzire,Maruti,2020,27687,Petrol,Manual,7873,446000.0,6,Mumbai
KIA SONET,KIA,2021,72779,Petrol,Manual,10486,594000.0,5,Mumbai
Volkswagen Polo,Volkswagen,2012,100825,Petrol,Manual,14417,162000.0,14,Mumbai
Maruti Swift Dzire,Maruti,2015,35909,Petrol,Manual,8058,306000.0,11,Mumbai
Honda City,Honda,2018,69608,Petrol,Manual,8667,491000.0,8,Mumbai
Hyundai Elite i20,Hyundai,2015,51757,Petrol,Manual,7400,281000.0,11,Mumbai
Renault Kiger,Renault,2021,57005,Petrol,Manual,7626,432000.0,5,Mumbai
Skoda Rapid,Skoda,2020,64140,Petrol,Manual,7822,443000.0,6,Mumbai
Tata NEXON,Tata,2019,49119,Petrol,Manual,8730,495000.0,7,Mumbai
Honda City,Honda,2015,40069,Petrol,Manual,9296,353000.0,11,Mumbai
Maruti New Wagon-R,Maruti,2019,4694,Petrol,Manual,6902,391000.0,7,Mumbai
Hyundai i10,Hyundai,2012,70918,Petrol,Manual,10573,119000.0,14,Mumbai
Hyundai i20,Hyundai,2012,78000,Petrol,Manual,16979,191000.0,14,Mumbai
Ford New Figo,Ford,2016,52830,Petrol,Manual,5005,225000.0,10,Mumbai
Maruti Baleno,Maruti,2019,79687,Petrol,Auto,8615,488000.0,7,Mumbai
Maruti Dzire,Maruti,2017,106513,CNG,Auto,11931,453000.0,9,Mumbai
Maruti Celerio,Maruti,2017,43644,Petrol,Auto,5709,292000.0,9,Mumbai
Maruti Ciaz,Maruti,2018,44997,Petrol,Manual,9303,527000.0,8,Mumbai
Maruti Dzire,Maruti,2017,74653,Diesel,Manual,11147,501000.0,9,Mumbai
Honda City,Honda,2019,39259,Petrol,Manual,10397,589000.0,7,Mumbai
Tata Zest,Tata,2014,36411,Petrol,Manual,6674,200999.99999999997,12,Mumbai
Hyundai i20,Hyundai,2012,89094,Petrol,Manual,18001,202999.99999999997,14,Mumbai
Renault Kiger,Renault,2021,63106,Petrol,Manual,8909,505000.0,5,Mumbai
Mahindra XUV300,Mahindra,2021,46170,Petrol,Auto,12286,696000.0,5,Mumbai
Maruti Wagon R 1.0,Maruti,2013,44814,CNG,Manual,12286,202999.99999999997,13,Mumbai
Tata Tiago,Tata,2022,21156,Petrol,Manual,7644,433000.0,4,Mumbai
Hyundai NEW SANTRO,Hyundai,2019,8005,Petrol,Manual,5410,306000.0,7,Mumbai
Honda Brio,Honda,2014,13264,Petrol,Manual,7606,229000.0,12,Mumbai
Hyundai EXTER,Hyundai,2025,6674,Petrol,Auto,13993,817000.0,1,Mumbai
Honda City,Honda,2014,70543,Petrol,Auto,12980,391000.0,12,Mumbai
Nissan MAGNITE,Nissan,2022,18165,Petrol,Auto,12277,696000.0,4,Mumbai
Honda City,Honda,2017,60476,Petrol,Auto,9697,496000.0,9,Mumbai
Hyundai NEW SANTRO,Hyundai,2018,63687,CNG,Manual,6696,301000.0,8,Mumbai
MG HECTOR,MG,2021,12596,Petrol,Auto,20584,1202000.0,5,Mumbai
MG HECTOR,MG,2024,9214,Petrol,Auto,27310,1595000.0,2,Mumbai
