Car Name,Company,Year of Manufacture,Distance Driven,Fuel Type,Gear Type,EMI,Price,Car Age,City
Mahindra KUV 100 NXT,Mahindra,2017,54683,Petrol,Manual,5939,304000.0,9,New Delhi
MG HECTOR,MG,2019,52206,Petrol,Auto,17379,1015000.0,7,New Delhi
Toyota Fortuner,Toyota,2020,48819,Diesel,Auto,71075,2750000.0,6,New Delhi
KIA SELTOS,KIA,2020,16459,Petrol,Manual,16266,950000.0,6,New Delhi
MG HECTOR,MG,2023,15809,Petrol,Auto,25512,1490000.0,3,New Delhi
Maruti Swift,Maruti,2019,47053,Petrol,Manual,6620,375000.0,7,New Delhi
Hyundai Verna,Hyundai,2018,52177,Petrol,Manual,9568,542000.0,8,New Delhi
Volkswagen VIRTUS,Volkswagen,2022,47712,Petrol,Manual,12198,691000.0,4,New Delhi
Mahindra XUV700,Mahindra,2022,41024,Petrol,Manual,23115,1350000.0,4,New Delhi
Hyundai Creta,Hyundai,2020,88094,Diesel,Manual,19487,740000.0,6,New Delhi
Mahindra Thar,Mahindra,2022,30690,Petrol,Manual,20119,1175000.0,4,New Delhi
Tata NEXON EV,Tata,2024,29329,Electric,Auto,25256,1475000.0,2,New Delhi
Mahindra XUV700,Mahindra,2024,20913,Diesel,Auto,39382,2300000.0,2,New Delhi
Mahindra SCORPIO-N,Mahindra,2024,5142,Petrol,Auto,35101,2050000.0,2,New Delhi
Hyundai EXTER,Hyundai,2024,10309,Petrol,Auto,14982,875000.0,2,New Delhi
KIA SONET,KIA,2024,14386,Petrol,Auto,18407,1075000.0,2,New Delhi
Jeep Compass,Jeep,2019,50367,Petrol,Auto,15410,900000.0,7,New Delhi
Hyundai Tucson,Hyundai,2024,14376,Petrol,Auto,43662,2550000.0,2,New Delhi
KIA CARNIVAL,KIA,2025,10558,Diesel,Auto,107015,6250000.0,1,New Delhi
MG HECTOR PLUS,MG,2024,3244,Petrol,Auto,30392,1775000.0,2,New Delhi
Maruti New Wagon-R,Maruti,2019,74374,Petrol,Manual,5719,324000.0,7,New Delhi
Hyundai NEW SANTRO,Hyundai,2022,91678,CNG,Manual,6743,382000.0,4,New Delhi
Renault Kiger,Renault,2022,57927,Petrol,Manual,6532,370000.0,4,New Delhi
Maruti Baleno,Maruti,2023,47454,Petrol,Manual,8473,480000.0,3,New Delhi
Volkswagen Polo,Volkswagen,2021,58213,Petrol,Manual,7997,453000.0,5,New Delhi
Renault Kwid,Renault,2017,75770,Petrol,Manual,3128,160000.0,9,New Delhi
Maruti Swift,Maruti,2016,48436,Petrol,Manual,5806,261000.0,10,New Delhi
Renault Kwid,Renault,2019,63301,Petrol,Manual,3495,198000.0,7,New Delhi
Mahindra Scorpio,Mahindra,2019,35267,Diesel,Manual,28745,877999.9999999999,7,New Delhi
Tata PUNCH,Tata,2023,46004,Petrol,Manual,8543,484000.0,3,New Delhi
Maruti Alto 800,Maruti,2017,29630,Petrol,Manual,3548,181000.0,9,New Delhi
Maruti Wagon R 1.0,Maruti,2013,98532,Petrol,Manual,6072,129000.0,13,New Delhi
Tata Safari,Tata,2021,43449,Diesel,Auto,28265,1300000.0,5,New Delhi
Hyundai Elite i20,Hyundai,2020,28357,Petrol,Manual,7520,426000.0,6,New Delhi
Maruti Swift,Maruti,2018,64451,Petrol,Manual,6373,361000.0,8,New Delhi
Hyundai Verna,Hyundai,2019,51996,Petrol,Auto,12304,697000.0,7,New Delhi
Ford Ecosport,Ford,2016,50410,Petrol,Manual,6028,271000.0,10,New Delhi
Honda Amaze,Honda,2022,44853,Petrol,Manual,7767,440000.00000000006,4,New Delhi
Mahindra XUV300,Mahindra,2020,76769,Petrol,Manual,7714,437000.0,6,New Delhi
Tata Harrier,Tata,2020,84776,Diesel,Manual,21374,827000.0,6,New Delhi
Tata ALTROZ,Tata,2022,45910,Petrol,Manual,6863,389000.0,4,New Delhi
Renault Kiger,Renault,2022,83215,Petrol,Manual,6532,370000.0,4,New Delhi
Hyundai Verna,Hyundai,2018,24996,Petrol,Manual,8932,505999.99999999994,8,New Delhi
Maruti Celerio,Maruti,2014,92764,Petrol,Manual,4650,140000.0,12,New Delhi
Hyundai Elite i20,Hyundai,2017,74204,Petrol,Manual,6354,325000.0,9,New Delhi
Tata NEXON,Tata,2018,72470,Petrol,Manual,5946,337000.0,8,New Delhi
Toyota Fortuner,Toyota,2018,158439,Diesel,Manual,78721,1689000.0,8,New Delhi
Maruti Alto K10,Maruti,2018,67276,Petrol,Manual,3601,204000.0,8,New Delhi
Volkswagen Polo,Volkswagen,2020,33751,Petrol,Manual,6814,386000.0,6,New Delhi
Honda City,Honda,2020,89920,Petrol,Auto,9727,551000.0,6,New Delhi
Honda City,Honda,2018,46469,Petrol,Manual,7344,416000.0,8,New Delhi
Hyundai VENUE,Hyundai,2021,34800,Petrol,Manual,9903,561000.0,5,New Delhi
KIA SELTOS,KIA,2023,43943,Diesel,Manual,14451,844000.0,3,New Delhi
Datsun Redi Go,Datsun,2020,25838,Petrol,Manual,3403,193000.0,6,New Delhi
Maruti Swift Dzire,Maruti,2014,40494,Petrol,Manual,6477,195000.0,12,New Delhi
Maruti Swift,Maruti,2014,61207,Petrol,Manual,6477,195000.0,12,New Delhi
Honda City,Honda,2016,64786,Petrol,Manual,8698,391000.0,10,New Delhi
Tata Safari,Tata,2021,71206,Diesel,Auto,25695,1182000.0,5,New Delhi
Mahindra XUV 3XO,Mahindra,2024,14838,Diesel,Auto,15085,881000.0,2,New Delhi
Ford Ecosport,Ford,2018,26424,Diesel,Manual,23772,505000.0,8,New Delhi
Maruti Alto 800,Maruti,2013,17608,Petrol,Manual,6072,129000.0,13,New Delhi
Volkswagen Polo,Volkswagen,2016,62351,Petrol,Manual,6228,280000.0,10,New Delhi
Toyota Glanza,Toyota,2024,13172,Petrol,Manual,9334,529000.0,2,New Delhi
Tata NEXON,Tata,2022,27608,Petrol,Manual,10103,572000.0,4,New Delhi
Hyundai Creta,Hyundai,2020,28568,Petrol,Auto,16546,966000.0,6,New Delhi
Maruti Swift,Maruti,2021,30386,Petrol,Manual,9356,530000.0,5,New Delhi
Honda Civic,Honda,2019,70935,Petrol,Auto,16181,944999.9999999999,7,New Delhi
Tata NEXON,Tata,2022,24704,Petrol,Manual,10314,584000.0,4,New Delhi
Hyundai VENUE,Hyundai,2022,78722,Petrol,Manual,10367,587000.0,4,New Delhi
Maruti Ertiga,Maruti,2024,18586,CNG,Manual,15753,919999.9999999999,2,New Delhi
Tata Safari,Tata,2021,64038,Diesel,Manual,24786,1140000.0,5,New Delhi
Audi A6,Audi,2021,31259,Petrol,Auto,58216,3400000.0,5,New Delhi
Hyundai NEW I20,Hyundai,2022,19259,Petrol,Manual,9555,541000.0,4,New Delhi
Tata Tiago,Tata,2023,30462,Petrol,Manual,6708,380000.0,3,New Delhi
Skoda Kodiaq,Skoda,2023,60781,Petrol,Auto,44518,2600000.0,3,New Delhi
Mahindra SCORPIO-N,Mahindra,2023,43965,Diesel,Auto,31677,1850000.0,3,New Delhi
Maruti JIMNY,Maruti,2025,2589,Petrol,Auto,20804,1215000.0,1,New Delhi
Skoda KUSHAQ,Skoda,2025,20617,Petrol,Manual,13451,762000.0,1,New Delhi
Maruti Swift Dzire,Maruti,2021,57071,CNG,Manual,7750,438999.99999999994,5,New Delhi
BMW 3 Series,BMW,2019,69884,Diesel,Auto,76936,2350000.0,7,New Delhi
Nissan MAGNITE,Nissan,2023,60570,Petrol,Manual,6814,386000.0,3,New Delhi
Tata Safari,Tata,2022,66510,Diesel,Manual,19218,1010000.0,4,New Delhi
Renault TRIBER,Renault,2021,52312,Petrol,Manual,6660,377000.0,5,New Delhi
Hyundai i10,Hyundai,2012,100643,Petrol,Manual,9123,103000.0,14,New Delhi
Volkswagen Vento,Volkswagen,2016,83034,Petrol,Auto,8186,368000.0,10,New Delhi
KIA SELTOS,KIA,2021,49033,Petrol,Manual,14759,861999.9999999999,5,New Delhi
Honda Amaze,Honda,2014,91353,Petrol,Manual,5348,161000.0,12,New Delhi
Maruti Alto 800,Maruti,2019,45382,CNG,Manual,4790,245000.00000000003,7,New Delhi
Ford Ecosport,Ford,2017,83374,Petrol,Manual,7194,368000.0,9,New Delhi
Hyundai Verna,Hyundai,2024,31194,Petrol,Manual,17367,1014000.0,2,New Delhi
Hyundai VENUE,Hyundai,2021,53312,Petrol,Manual,9427,534000.0,5,New Delhi
Hyundai Elite i20,Hyundai,2019,36435,Petrol,Manual,7326,415000.00000000006,7,New Delhi
Datsun Go,Datsun,2020,70667,Petrol,Manual,4078,231000.0,6,New Delhi
Mahindra SCORPIO-N,Mahindra,2023,79841,Diesel,Manual,29091,1698999.9999999998,3,New Delhi
Maruti Eeco,Maruti,2023,125308,Petrol,Manual,7964,358000.0,3,New Delhi
Maruti Swift,Maruti,2016,57222,Petrol,Manual,6028,271000.0,10,New Delhi
Toyota URBAN CRUISER,Toyota,2021,79736,CNG,Manual,9674,548000.0,5,New Delhi
Maruti Alto K10,Maruti,2017,66405,Petrol,Manual,3793,194000.0,9,New Delhi
Hyundai Verna,Hyundai,2021,37722,Petrol,Manual,13769,780000.0,5,New Delhi
MG HECTOR,MG,2020,66365,Petrol,Auto,13628,772000.0,6,New Delhi
Hyundai Creta,Hyundai,2023,37322,Petrol,Manual,17102,999000.0,3,New Delhi
Honda WR-V,Honda,2021,68250,Diesel,Manual,11278,507000.0,5,New Delhi
KIA SELTOS,KIA,2019,76363,Petrol,Manual,16640,972000.0000000001,7,New Delhi
Nissan MAGNITE,Nissan,2023,47686,Petrol,Manual,8385,475000.0,3,New Delhi
Hyundai Creta,Hyundai,2017,72611,Petrol,Manual,8307,425000.0,9,New Delhi
Ford Ecosport,Ford,2019,28638,Petrol,Manual,8826,500000.0,7,New Delhi
Maruti Swift,Maruti,2019,36634,Petrol,Auto,8597,487000.0,7,New Delhi
Renault Kwid,Renault,2016,41281,Petrol,Manual,3470,156000.0,10,New Delhi
KIA SONET,KIA,2022,40431,CNG,Manual,11209,635000.0,4,New Delhi
Toyota Corolla Altis,Toyota,2018,48588,Petrol,Auto,14636,855000.0000000001,8,New Delhi
Honda City,Honda,2018,48398,Petrol,Manual,8103,459000.0,8,New Delhi
Mahindra XUV700,Mahindra,2023,37993,Petrol,Manual,17465,1019999.9999999999,3,New Delhi
Mahindra Thar,Mahindra,2022,72242,Diesel,Manual,18787,986999.9999999999,4,New Delhi
MG HECTOR,MG,2021,73136,Diesel,Manual,19236,885000.0,5,New Delhi
Renault TRIBER,Renault,2022,101614,Petrol,Manual,7381,332000.0,4,New Delhi
Maruti Alto K10,Maruti,2025,6308,Petrol,Manual,6214,352000.0,1,New Delhi
Tata PUNCH,Tata,2023,2591,Petrol,Manual,9495,538000.0,3,New Delhi
Maruti Baleno,Maruti,2018,52863,Petrol,Manual,6249,354000.0,8,New Delhi
KIA SELTOS,KIA,2022,84971,Diesel,Manual,15557,796000.0,4,New Delhi
Hyundai Grand i10,Hyundai,2017,83901,Petrol,Manual,5435,278000.0,9,New Delhi
KIA SELTOS,KIA,2020,69741,Petrol,Manual,11580,656000.0,6,New Delhi
Tata ALTROZ,Tata,2022,58361,Petrol,Manual,7979,451999.99999999994,4,New Delhi
Tata ALTROZ,Tata,2025,28096,CNG,Manual,12110,686000.0,1,New Delhi
Renault Kiger,Renault,2021,38927,Petrol,Manual,6567,372000.0,5,New Delhi
Honda Amaze,Honda,2019,70348,Petrol,Manual,6281,356000.0,7,New Delhi
Hyundai Grand i10,Hyundai,2018,94763,Petrol,Manual,4890,277000.0,8,New Delhi
Tata NEXON,Tata,2021,86573,Petrol,Auto,9103,516000.0,5,New Delhi
Tata ALTROZ,Tata,2022,33014,Petrol,Manual,8339,472000.0,4,New Delhi
Maruti Ertiga,Maruti,2021,89102,Petrol,Manual,12271,695000.0,5,New Delhi
Honda City,Honda,2021,49297,Petrol,Manual,11601,657000.0,5,New Delhi
Maruti Alto K10,Maruti,2019,74835,Petrol,Manual,4396,249000.00000000003,7,New Delhi
Renault Duster,Renault,2021,38842,Petrol,Manual,10018,567000.0,5,New Delhi
Maruti Ciaz,Maruti,2019,90128,Petrol,Auto,10496,595000.0,7,New Delhi
Tata TIGOR,Tata,2021,37084,Petrol,Manual,6617,375000.0,5,New Delhi
Hyundai Verna,Hyundai,2018,25871,Petrol,Manual,10680,605000.0,8,New Delhi
Tata ALTROZ,Tata,2021,73822,Diesel,Manual,15122,680000.0,5,New Delhi
Maruti Celerio X,Maruti,2019,30013,Petrol,Manual,5238,297000.0,7,New Delhi
Maruti Dzire,Maruti,2019,54316,Petrol,Auto,7414,420000.0,7,New Delhi
Tata Tiago,Tata,2020,41031,Petrol,Manual,5993,340000.0,6,New Delhi
Honda BR-V,Honda,2018,56546,Petrol,Manual,7979,451999.99999999994,8,New Delhi
Renault Kiger,Renault,2023,23310,Petrol,Manual,7891,447000.0,3,New Delhi
Mahindra Kuv100,Mahindra,2018,68537,Diesel,Manual,13039,277000.0,8,New Delhi
Tata ALTROZ,Tata,2021,42989,Petrol,Manual,6796,385000.0,5,New Delhi
Renault Duster,Renault,2019,75991,Diesel,Manual,13286,400000.0,7,New Delhi
Ford Ecosport,Ford,2020,64042,Diesel,Manual,13852,526000.0,6,New Delhi
Tata TIGOR,Tata,2023,60776,CNG,Manual,7714,437000.0,3,New Delhi
Ford Ecosport,Ford,2016,60315,Petrol,Auto,7519,338000.0,10,New Delhi
Tata ALTROZ,Tata,2020,43628,Petrol,Manual,7987,451999.99999999994,6,New Delhi
Ford Ecosport,Ford,2019,33076,Petrol,Manual,9338,529000.0,7,New Delhi
Maruti Ritz,Maruti,2014,72014,Petrol,Manual,4689,141000.0,12,New Delhi
Honda City,Honda,2018,33608,Petrol,Manual,8509,482000.0,8,New Delhi
Hyundai Creta,Hyundai,2018,60320,Petrol,Auto,10800,612000.0,8,New Delhi
Honda City,Honda,2020,78966,Petrol,Manual,13769,780000.0,6,New Delhi
Maruti Baleno,Maruti,2017,54849,Petrol,Manual,6771,346000.0,9,New Delhi
Hyundai GRAND I10 NIOS,Hyundai,2021,43900,Petrol,Manual,7326,415000.00000000006,5,New Delhi
KIA CARENS,KIA,2022,63035,Petrol,Auto,21202,1238000.0,4,New Delhi
Hyundai Elite i20,Hyundai,2020,48878,Petrol,Manual,7158,405000.0,6,New Delhi
Hyundai Verna,Hyundai,2014,27848,Petrol,Auto,10874,327000.0,12,New Delhi
Maruti Wagon R 1.0,Maruti,2017,99250,CNG,Manual,5872,223000.0,9,New Delhi
Hyundai i10,Hyundai,2016,39867,Petrol,Manual,4785,215000.0,10,New Delhi
Renault Kiger,Renault,2022,33351,Petrol,Manual,8579,486000.00000000006,4,New Delhi
Maruti Vitara Brezza,Maruti,2021,82149,Petrol,Manual,10449,592000.0,5,New Delhi
Maruti Ertiga,Maruti,2017,78498,CNG,Manual,12825,487000.0,9,New Delhi
Maruti Swift,Maruti,2019,55895,Petrol,Auto,7803,442000.0,7,New Delhi
Honda City,Honda,2017,28344,Petrol,Auto,9404,480999.99999999994,9,New Delhi
Toyota Etios,Toyota,2015,64189,CNG,Manual,12201,259000.0,11,New Delhi
Datsun Go,Datsun,2019,31633,Petrol,Manual,4819,273000.0,7,New Delhi
Tata NEXON,Tata,2022,41875,CNG,Auto,13593,770000.0,4,New Delhi
Hyundai Elite i20,Hyundai,2017,49965,Petrol,Manual,6535,334000.0,9,New Delhi
Maruti Wagon R 1.0,Maruti,2018,57443,Petrol,Manual,4078,231000.0,8,New Delhi
Toyota Urban Cruiser Taisor,Toyota,2024,1840,Petrol,Manual,16523,965000.0,2,New Delhi
Maruti Swift Dzire,Maruti,2015,49923,Petrol,Manual,6131,233000.0,11,New Delhi
Maruti Baleno,Maruti,2018,72925,Petrol,Manual,6104,346000.0,8,New Delhi
Skoda SLAVIA,Skoda,2022,41251,Petrol,Manual,17623,1028999.9999999999,4,New Delhi
KIA SELTOS,KIA,2020,95398,Petrol,Manual,11351,643000.0,6,New Delhi
Mahindra XUV300,Mahindra,2021,118148,Petrol,Manual,11345,509999.99999999994,5,New Delhi
Hyundai Eon,Hyundai,2016,53770,Petrol,Manual,3559,160000.0,10,New Delhi
Mahindra XUV700,Mahindra,2023,52319,Diesel,Manual,23646,1381000.0,3,New Delhi
Ford Ecosport,Ford,2019,16215,Petrol,Manual,9290,526000.0,7,New Delhi
KIA CARENS,KIA,2022,34307,Petrol,Manual,14533,849000.0,4,New Delhi
Hyundai Elite i20,Hyundai,2015,54437,Petrol,Manual,7821,297000.0,11,New Delhi
Tata Tiago,Tata,2022,34641,Petrol,Manual,6447,365000.0,4,New Delhi
Honda Amaze,Honda,2023,26288,CNG,Manual,11504,652000.0,3,New Delhi
Hyundai NEW I20,Hyundai,2023,9132,Petrol,Auto,13446,762000.0,3,New Delhi
Maruti Ertiga,Maruti,2022,45483,Petrol,Manual,14897,869999.9999999999,4,New Delhi
Hyundai Elite i20,Hyundai,2017,90588,Petrol,Manual,6921,354000.0,9,New Delhi
Nissan MAGNITE,Nissan,2021,76368,Petrol,Auto,8332,472000.0,5,New Delhi
Tata TIGOR,Tata,2022,70473,CNG,Manual,9468,536000.0,4,New Delhi
Toyota Glanza,Toyota,2021,39544,Petrol,Manual,8453,479000.0,5,New Delhi
Jeep Compass,Jeep,2019,71588,Petrol,Auto,13291,753000.0,7,New Delhi
Hyundai Creta,Hyundai,2018,55657,Petrol,Auto,11122,630000.0,8,New Delhi
Hyundai Creta,Hyundai,2019,69387,Diesel,Manual,17633,531000.0,7,New Delhi
MG HECTOR,MG,2021,55082,Petrol,Auto,15804,923000.0,5,New Delhi
Hyundai Grand i10,Hyundai,2018,48090,CNG,Auto,8030,361000.0,8,New Delhi
Ford Ecosport,Ford,2017,73655,Petrol,Manual,7507,384000.0,9,New Delhi
Honda WR-V,Honda,2018,26503,Petrol,Manual,7185,407000.0,8,New Delhi
Mahindra XUV300,Mahindra,2023,28371,Petrol,Manual,13373,758000.0,3,New Delhi
Mahindra Thar,Mahindra,2021,29980,Petrol,Auto,17722,1035000.0,5,New Delhi
Hyundai Elite i20,Hyundai,2014,28532,Petrol,Manual,8304,250000.0,12,New Delhi
Tata Tiago,Tata,2018,59679,Petrol,Manual,4766,270000.0,8,New Delhi
Tata PUNCH,Tata,2023,69618,Petrol,Manual,7919,449000.0,3,New Delhi
Maruti Swift,Maruti,2015,105004,Petrol,Manual,6215,236000.0,11,New Delhi
MG HECTOR,MG,2020,80149,Petrol,Manual,15201,888000.0000000001,6,New Delhi
Maruti Celerio,Maruti,2022,38808,Petrol,Manual,6867,389000.0,4,New Delhi
Tata NEXON,Tata,2023,5562,Petrol,Manual,14873,869000.0,3,New Delhi
MG HECTOR,MG,2020,21627,Petrol,Auto,15144,884000.0,6,New Delhi
Tata Tiago,Tata,2022,83247,Petrol,Manual,6020,341000.0,4,New Delhi
Tata Tiago,Tata,2020,37874,Petrol,Manual,6954,394000.0,6,New Delhi
Hyundai ALCAZAR,Hyundai,2022,73803,Diesel,Auto,22213,1167000.0,4,New Delhi
Maruti Alto 800,Maruti,2019,53252,Petrol,Manual,3672,208000.0,7,New Delhi
Ford Figo Aspire,Ford,2017,58060,Petrol,Manual,5670,290000.0,9,New Delhi
Nissan MAGNITE,Nissan,2022,37048,Petrol,Manual,6920,392000.0,4,New Delhi
Renault Kwid,Renault,2022,54988,Petrol,Manual,5013,284000.0,4,New Delhi
Renault Kwid,Renault,2018,62058,Petrol,Manual,4267,242000.0,8,New Delhi
Honda Amaze,Honda,2019,42525,CNG,Manual,8465,433000.0,7,New Delhi
Mahindra XUV700,Mahindra,2023,76365,Diesel,Auto,27071,1581000.0,3,New Delhi
Hyundai VENUE,Hyundai,2023,5981,Petrol,Manual,11848,671000.0,3,New Delhi
KIA SELTOS,KIA,2019,74030,Diesel,Auto,27913,852999.9999999999,7,New Delhi
Honda Amaze,Honda,2017,98131,Petrol,Manual,5767,295000.0,9,New Delhi
Renault Kwid,Renault,2024,19926,Petrol,Manual,7823,443000.0,2,New Delhi
Volkswagen Ameo,Volkswagen,2017,87143,Petrol,Manual,6460,330000.0,9,New Delhi
Tata NEXON,Tata,2019,59707,CNG,Manual,9070,463999.99999999994,7,New Delhi
Maruti Baleno,Maruti,2022,11179,Petrol,Manual,11112,629000.0,4,New Delhi
Hyundai Creta,Hyundai,2020,58280,Petrol,Auto,16985,992000.0,6,New Delhi
Tata NEXON,Tata,2019,40741,Petrol,Manual,7880,446000.0,7,New Delhi
Honda Amaze,Honda,2020,57465,Petrol,Manual,7783,441000.0,6,New Delhi
Maruti Swift,Maruti,2017,54181,Petrol,Manual,6021,308000.0,9,New Delhi
Jeep Compass,Jeep,2022,65823,Diesel,Auto,30416,1598000.0,4,New Delhi
Maruti Swift,Maruti,2016,72548,Petrol,Manual,5828,262000.0,10,New Delhi
Tata Harrier,Tata,2022,75732,Diesel,Auto,22251,1169000.0,4,New Delhi
Tata NEXON,Tata,2022,70442,Diesel,Manual,14878,761000.0,4,New Delhi
Hyundai Elite i20,Hyundai,2018,90375,Petrol,Manual,6673,378000.0,8,New Delhi
Hyundai Grand i10,Hyundai,2018,36128,Petrol,Manual,5830,330000.0,8,New Delhi
Mahindra XUV700,Mahindra,2023,23750,Petrol,Manual,21496,1255000.0,3,New Delhi
Hyundai Grand i10,Hyundai,2016,78628,Petrol,Manual,6030,271000.0,10,New Delhi
Hyundai i20 Active,Hyundai,2017,46270,Petrol,Manual,7231,370000.0,9,New Delhi
Maruti Ciaz,Maruti,2014,91723,Petrol,Manual,9471,285000.0,12,New Delhi
Nissan MAGNITE,Nissan,2022,33922,Petrol,Auto,9774,554000.0,4,New Delhi
Nissan Micra Active,Nissan,2014,39225,Petrol,Manual,5480,165000.0,12,New Delhi
Tata TIGOR,Tata,2021,34824,Petrol,Manual,6514,369000.0,5,New Delhi
Ford Ecosport,Ford,2018,42025,Petrol,Auto,7502,425000.0,8,New Delhi
KIA SONET,KIA,2021,45633,Petrol,Auto,12586,713000.0,5,New Delhi
Honda Amaze,Honda,2018,70902,Petrol,Manual,6143,348000.0,8,New Delhi
Maruti Alto K10,Maruti,2023,13918,Petrol,Manual,5953,337000.0,3,New Delhi
Renault Kwid,Renault,2016,51234,Petrol,Manual,3648,164000.0,10,New Delhi
Hyundai NEW I20,Hyundai,2021,37096,Petrol,Auto,9903,561000.0,5,New Delhi
Renault Kwid,Renault,2018,45635,Petrol,Manual,3548,200999.99999999997,8,New Delhi
Maruti XL6,Maruti,2021,111572,Petrol,Manual,17084,768000.0,5,New Delhi
Ford New Figo,Ford,2021,21674,Petrol,Manual,7149,405000.0,5,New Delhi
Maruti Wagon R 1.0,Maruti,2014,89518,CNG,Manual,15444,174000.0,12,New Delhi
Tata NEXON,Tata,2023,39337,Petrol,Manual,10224,579000.0,3,New Delhi
Renault Kwid,Renault,2020,94786,Petrol,Manual,3937,223000.0,6,New Delhi
Ford Ecosport,Ford,2018,93259,Petrol,Auto,7677,434999.99999999994,8,New Delhi
MG HECTOR,MG,2020,88474,Petrol,Auto,14419,842000.0,6,New Delhi
Hyundai Elite i20,Hyundai,2019,40333,Petrol,Manual,7326,415000.00000000006,7,New Delhi
Hyundai Elite i20,Hyundai,2015,85226,Petrol,Manual,7663,291000.0,11,New Delhi
Hyundai Creta,Hyundai,2022,79869,Petrol,Manual,17803,1040000.0,4,New Delhi
Maruti Baleno,Maruti,2017,66155,Petrol,Manual,6197,317000.0,9,New Delhi
Skoda KUSHAQ,Skoda,2022,47063,Petrol,Manual,12803,725000.0,4,New Delhi
Hyundai EXTER,Hyundai,2023,31536,Petrol,Auto,11508,652000.0,3,New Delhi
Honda Amaze,Honda,2021,18004,Petrol,Manual,8244,467000.0,5,New Delhi
Tata Tiago,Tata,2023,31687,Petrol,Manual,7767,440000.00000000006,3,New Delhi
Hyundai Elite i20,Hyundai,2015,43082,CNG,Manual,16240,345000.0,11,New Delhi
Datsun Go,Datsun,2014,36599,Petrol,Manual,4384,132000.0,12,New Delhi
Renault Kwid,Renault,2021,21089,Petrol,Manual,4996,283000.0,5,New Delhi
Maruti Wagon R 1.0,Maruti,2017,97744,Petrol,Manual,4047,206999.99999999997,9,New Delhi
Hyundai Creta,Hyundai,2023,22040,Petrol,Auto,21574,1260000.0,3,New Delhi
Maruti Celerio X,Maruti,2018,14228,Petrol,Auto,6203,351000.0,8,New Delhi
Maruti Swift Dzire,Maruti,2015,35987,Petrol,Manual,6847,260000.0,11,New Delhi
Tata Tiago,Tata,2020,77018,Petrol,Manual,5667,321000.0,6,New Delhi
Renault Kwid,Renault,2019,27315,Petrol,Manual,4031,227999.99999999997,7,New Delhi
Ford Ecosport,Ford,2018,38205,Petrol,Manual,7344,416000.0,8,New Delhi
Honda Amaze,Honda,2019,59641,Petrol,Manual,10443,592000.0,7,New Delhi
Hyundai Grand i10,Hyundai,2018,27261,Petrol,Manual,5225,296000.0,8,New Delhi
Maruti Wagon R 1.0,Maruti,2014,54178,Petrol,Manual,4883,147000.0,12,New Delhi
Hyundai Grand i10,Hyundai,2016,26981,Petrol,Manual,5589,250999.99999999997,10,New Delhi
Hyundai Creta,Hyundai,2021,98937,Diesel,Manual,19682,905000.0000000001,5,New Delhi
Maruti Baleno,Maruti,2016,95828,Petrol,Manual,7608,342000.0,10,New Delhi
Honda Amaze,Honda,2016,88903,Petrol,Manual,6416,288000.0,10,New Delhi
Nissan Terrano,Nissan,2014,92036,Petrol,Manual,8868,267000.0,12,New Delhi
Honda Amaze,Honda,2020,45447,Petrol,Manual,7915,448000.00000000006,6,New Delhi
MG GLOSTER,MG,2023,36456,Diesel,Auto,45751,2672000.0,3,New Delhi
Tata Tiago,Tata,2019,72230,Petrol,Manual,5949,337000.0,7,New Delhi
Maruti Grand Vitara,Maruti,2022,33032,Petrol,Auto,18525,1082000.0,4,New Delhi
Hyundai Elite i20,Hyundai,2019,80799,Petrol,Manual,6655,377000.0,7,New Delhi
MG HECTOR,MG,2023,45336,Petrol,Auto,21506,1256000.0,3,New Delhi
Tata NEXON,Tata,2024,20886,Diesel,Manual,18835,1100000.0,2,New Delhi
Datsun Redi Go,Datsun,2017,57959,Petrol,Manual,3220,165000.0,9,New Delhi
Maruti Alto K10,Maruti,2024,18473,Petrol,Manual,6620,375000.0,2,New Delhi
Honda City,Honda,2016,70341,Petrol,Manual,8358,376000.0,10,New Delhi
Maruti Alto K10,Maruti,2016,79244,Petrol,Manual,3670,165000.0,10,New Delhi
Tata ALTROZ,Tata,2024,13191,Petrol,Manual,16073,939000.0,2,New Delhi
Toyota Glanza,Toyota,2020,72926,Petrol,Manual,8459,479000.0,6,New Delhi
Maruti Baleno,Maruti,2019,38633,Petrol,Manual,8332,472000.0,7,New Delhi
Nissan MAGNITE,Nissan,2022,26952,Petrol,Manual,7326,415000.00000000006,4,New Delhi
Maruti Baleno,Maruti,2018,63606,Petrol,Manual,6143,348000.0,8,New Delhi
Toyota URBAN CRUISER,Toyota,2021,66071,Petrol,Manual,10623,602000.0,5,New Delhi
Tata Harrier,Tata,2021,70674,Diesel,Auto,21568,992000.0,5,New Delhi
MG HECTOR,MG,2019,83300,Petrol,Auto,15068,880000.0000000001,7,New Delhi
MG HECTOR,MG,2019,32506,Petrol,Auto,14750,861000.0,7,New Delhi
Renault Kwid,Renault,2017,31490,Petrol,Manual,4014,204999.99999999997,9,New Delhi
KIA SELTOS,KIA,2019,66097,Petrol,Auto,14745,861000.0,7,New Delhi
Honda City,Honda,2014,70800,Petrol,Manual,12667,381000.0,12,New Delhi
Renault Kiger,Renault,2021,41147,Petrol,Auto,7661,434000.0,5,New Delhi
Hyundai Elite i20,Hyundai,2015,64232,Petrol,Manual,7946,302000.0,11,New Delhi
Hyundai i20,Hyundai,2012,51452,Diesel,Manual,7946,200000.0,14,New Delhi
Honda City,Honda,2019,64055,CNG,Manual,12809,655000.0,7,New Delhi
Hyundai Creta,Hyundai,2018,60896,Petrol,Manual,10184,577000.0,8,New Delhi
Tata NEXON,Tata,2023,23315,Diesel,Auto,15496,905000.0000000001,3,New Delhi
Toyota Corolla Altis,Toyota,2015,81290,Petrol,Auto,13114,498000.00000000006,11,New Delhi
Maruti Celerio,Maruti,2019,23808,Petrol,Manual,5554,315000.0,7,New Delhi
Renault Kwid,Renault,2023,43629,Petrol,Manual,5261,298000.0,3,New Delhi
Ford Ecosport,Ford,2018,77151,Diesel,Manual,19583,416000.0,8,New Delhi
MG ASTOR,MG,2022,44245,Petrol,Manual,12601,714000.0,4,New Delhi
Honda City,Honda,2016,39506,Petrol,Manual,8659,389000.0,10,New Delhi
Ford Ecosport,Ford,2021,39048,Diesel,Manual,13213,594000.0,5,New Delhi
Hyundai GRAND I10 NIOS,Hyundai,2023,49100,CNG,Manual,9232,523000.00000000006,3,New Delhi
Toyota Etios Liva,Toyota,2014,69429,Petrol,Manual,5835,176000.0,12,New Delhi
Ford Ecosport,Ford,2019,22880,Petrol,Manual,8796,498000.00000000006,7,New Delhi
KIA SELTOS,KIA,2021,41097,Petrol,Auto,14879,869000.0,5,New Delhi
Mahindra XUV300,Mahindra,2022,19006,Petrol,Auto,11928,676000.0,4,New Delhi
Tata ALTROZ,Tata,2021,37476,Petrol,Manual,8685,492000.0,5,New Delhi
KIA SONET,KIA,2023,19063,Petrol,Auto,14366,839000.0,3,New Delhi
Maruti Alto,Maruti,2020,6421,Petrol,Manual,4424,250999.99999999997,6,New Delhi
Maruti Swift Dzire,Maruti,2014,73257,Petrol,Manual,6909,208000.0,12,New Delhi
Maruti Alto K10,Maruti,2015,159790,Petrol,Manual,4055,154000.0,11,New Delhi
Maruti Baleno,Maruti,2017,69926,Petrol,Auto,6637,340000.0,9,New Delhi
Hyundai Xcent,Hyundai,2016,84195,Petrol,Manual,5750,258000.0,10,New Delhi
Hyundai VENUE N LINE,Hyundai,2024,75358,Petrol,Auto,14092,823000.0,2,New Delhi
Maruti Wagon R 1.0,Maruti,2015,48072,Petrol,Manual,6110,231999.99999999997,11,New Delhi
Hyundai Grand i10,Hyundai,2021,29791,Petrol,Manual,7525,426000.0,5,New Delhi
Maruti Ciaz,Maruti,2019,85255,Petrol,Auto,9247,524000.0,7,New Delhi
Hyundai Creta,Hyundai,2016,78009,Petrol,Auto,11028,496000.0,10,New Delhi
Maruti Ciaz,Maruti,2018,98565,Petrol,Manual,7474,423000.00000000006,8,New Delhi
Nissan MAGNITE,Nissan,2021,43428,Petrol,Manual,6938,393000.0,5,New Delhi
Toyota Urban Cruiser Taisor,Toyota,2024,18391,Petrol,Manual,14092,823000.0,2,New Delhi
Hyundai AURA,Hyundai,2020,76765,Petrol,Manual,7967,451000.0,6,New Delhi
Hyundai Grand i10,Hyundai,2015,59847,CNG,Manual,12419,264000.0,11,New Delhi
Hyundai GRAND I10 NIOS,Hyundai,2023,14226,CNG,Manual,11262,638000.0,3,New Delhi
Tata NEXON,Tata,2023,24657,Petrol,Auto,16831,983000.0,3,New Delhi
Hyundai Grand i10,Hyundai,2018,51511,CNG,Manual,7608,342000.0,8,New Delhi
Ford Ecosport,Ford,2019,82116,Petrol,Manual,8050,455999.99999999994,7,New Delhi
Maruti Swift,Maruti,2017,59181,CNG,Manual,9665,367000.0,9,New Delhi
MG HECTOR,MG,2020,82542,Petrol,Auto,14417,842000.0,6,New Delhi
Renault Kwid,Renault,2018,43049,Petrol,Manual,3887,220000.00000000003,8,New Delhi
Honda City,Honda,2015,55331,Petrol,Manual,8111,308000.0,11,New Delhi
Mahindra XUV700,Mahindra,2022,33015,Petrol,Manual,21917,1280000.0,4,New Delhi
KIA SELTOS,KIA,2022,38780,Petrol,Manual,16845,984000.0,4,New Delhi
Mahindra Thar,Mahindra,2022,27661,Petrol,Manual,17771,1038000.0000000001,4,New Delhi
Honda Amaze,Honda,2017,52149,CNG,Manual,8032,305000.0,9,New Delhi
Honda WR-V,Honda,2018,50054,Petrol,Manual,8200,465000.00000000006,8,New Delhi
Hyundai Elite i20,Hyundai,2017,77475,Petrol,Manual,6764,346000.0,9,New Delhi
Maruti Baleno,Maruti,2016,32115,Petrol,Manual,7496,337000.0,10,New Delhi
Toyota Corolla Altis,Toyota,2015,97407,Petrol,Manual,11640,442000.0,11,New Delhi
Renault Duster,Renault,2020,29103,Petrol,Manual,9179,520000.0,6,New Delhi
MG HECTOR,MG,2019,65518,Petrol,Auto,15259,891000.0,7,New Delhi
Maruti Ertiga,Maruti,2019,30528,Petrol,Manual,12022,681000.0,7,New Delhi
Hyundai EXTER,Hyundai,2023,70650,CNG,Manual,11768,667000.0,3,New Delhi
Tata TIGOR,Tata,2022,70690,CNG,Manual,9040,512000.0,4,New Delhi
Honda City,Honda,2015,137152,Petrol,Auto,9033,343000.0,11,New Delhi
Mahindra XUV300,Mahindra,2023,38391,Petrol,Manual,11555,655000.0,3,New Delhi
Skoda SLAVIA,Skoda,2022,58144,Petrol,Manual,16266,950000.0,4,New Delhi
Tata NEXON,Tata,2021,90829,Petrol,Manual,9886,560000.0,5,New Delhi
Tata TIGOR,Tata,2018,63593,Petrol,Manual,5649,320000.0,8,New Delhi
Tata Safari,Tata,2021,60703,Diesel,Auto,25097,1154000.0,5,New Delhi
Volkswagen Vento,Volkswagen,2016,94776,Petrol,Manual,7763,349000.0,10,New Delhi
Maruti Baleno,Maruti,2019,43855,Petrol,Manual,8611,488000.0,7,New Delhi
Tata NEXON,Tata,2023,28958,Petrol,Auto,11611,658000.0,3,New Delhi
Hyundai Creta,Hyundai,2018,74475,Petrol,Auto,12110,686000.0,8,New Delhi
Maruti Alto 800,Maruti,2014,63081,Petrol,Manual,4484,135000.0,12,New Delhi
Maruti S PRESSO,Maruti,2022,91275,Petrol,Manual,5271,299000.0,4,New Delhi
Tata Tiago,Tata,2019,68757,Petrol,Manual,5649,320000.0,7,New Delhi
Maruti Baleno,Maruti,2018,71461,Petrol,Manual,6196,351000.0,8,New Delhi
Volkswagen Polo,Volkswagen,2015,44879,Petrol,Manual,7331,278000.0,11,New Delhi
Hyundai VENUE,Hyundai,2022,43017,Petrol,Manual,10380,588000.0,4,New Delhi
KIA SELTOS,KIA,2020,39045,Petrol,Manual,12922,732000.0,6,New Delhi
Honda City,Honda,2014,71402,Petrol,Manual,9765,294000.0,12,New Delhi
Hyundai Creta,Hyundai,2017,59366,Petrol,Auto,10680,546000.0,9,New Delhi
Hyundai Elite i20,Hyundai,2016,55791,Petrol,Manual,6939,312000.0,10,New Delhi
Hyundai VENUE,Hyundai,2021,9795,Petrol,Manual,11827,670000.0,5,New Delhi
Hyundai Creta,Hyundai,2018,63746,Petrol,Auto,10733,608000.0,8,New Delhi
Maruti Ertiga,Maruti,2015,54714,Petrol,Manual,11853,450000.0,11,New Delhi
Maruti Swift Dzire,Maruti,2014,46549,Petrol,Manual,7307,220000.00000000003,12,New Delhi
Honda City,Honda,2019,70565,Petrol,Manual,9093,515000.00000000006,7,New Delhi
Hyundai NEW SANTRO,Hyundai,2020,76904,Petrol,Auto,6231,353000.0,6,New Delhi
Maruti Ciaz,Maruti,2018,91969,Petrol,Manual,7803,442000.0,8,New Delhi
Tata ALTROZ,Tata,2023,33580,CNG,Manual,12167,689000.0,3,New Delhi
Hyundai VENUE,Hyundai,2020,56321,Petrol,Manual,10860,615000.0,6,New Delhi
Renault Kwid,Renault,2017,86916,Petrol,Manual,3832,196000.0,9,New Delhi
Hyundai Creta,Hyundai,2019,88207,Petrol,Manual,10345,586000.0,7,New Delhi
Hyundai Elite i20,Hyundai,2016,27722,Petrol,Manual,8481,381000.0,10,New Delhi
Maruti Dzire,Maruti,2019,70875,Petrol,Manual,7626,432000.0,7,New Delhi
Honda Brio,Honda,2015,71352,Petrol,Manual,4977,189000.0,11,New Delhi
KIA SELTOS,KIA,2020,75763,Petrol,Auto,15907,928999.9999999999,6,New Delhi
Maruti Swift Dzire,Maruti,2017,81419,Petrol,Manual,5918,303000.0,9,New Delhi
Toyota YARIS,Toyota,2018,46605,Petrol,Auto,10625,602000.0,8,New Delhi
Maruti Alto 800,Maruti,2015,55706,Petrol,Manual,4477,170000.0,11,New Delhi
Renault Kwid,Renault,2018,47253,Petrol,Manual,3744,212000.0,8,New Delhi
Tata NEXON,Tata,2021,56481,Petrol,Auto,11693,662000.0,5,New Delhi
Hyundai VENUE,Hyundai,2021,44609,Petrol,Manual,11334,642000.0,5,New Delhi
MG ASTOR,MG,2023,27978,Petrol,Manual,19040,1112000.0,3,New Delhi
Maruti Swift Dzire,Maruti,2015,70934,Petrol,Manual,7431,282000.0,11,New Delhi
Maruti Grand Vitara,Maruti,2024,25818,Petrol,Manual,17445,1019000.0,2,New Delhi
Maruti Vitara Brezza,Maruti,2022,32698,Petrol,Manual,12535,710000.0,4,New Delhi
Tata PUNCH,Tata,2023,71387,Petrol,Manual,9430,534000.0,3,New Delhi
Tata Tiago,Tata,2021,39004,Petrol,Auto,7271,412000.0,5,New Delhi
Renault Kwid,Renault,2018,62125,Petrol,Auto,4307,244000.0,8,New Delhi
Maruti Alto K10,Maruti,2016,47570,Petrol,Manual,4048,182000.0,10,New Delhi
Maruti Alto 800,Maruti,2014,57463,Petrol,Manual,4955,149000.0,12,New Delhi
Renault Kiger,Renault,2023,21298,Petrol,Manual,8809,499000.0,3,New Delhi
Renault Kwid,Renault,2018,25035,Petrol,Auto,4572,259000.0,8,New Delhi
Honda City,Honda,2016,55445,Petrol,Auto,10488,471000.0,10,New Delhi
Hyundai i20,Hyundai,2012,67286,Petrol,Manual,17070,192000.0,14,New Delhi
MG HECTOR PLUS,MG,2022,57165,Petrol,Auto,18736,1094000.0,4,New Delhi
KIA SELTOS,KIA,2019,82762,Petrol,Auto,14105,799000.0,7,New Delhi
Honda Amaze,Honda,2017,74414,Petrol,Manual,6127,313000.0,9,New Delhi
Tata NEXON,Tata,2018,70917,CNG,Manual,9914,446000.0,8,New Delhi
KIA SONET,KIA,2023,70770,Petrol,Manual,13085,741000.0,3,New Delhi
Honda City,Honda,2019,99677,Petrol,Auto,9624,545000.0,7,New Delhi
Maruti Ciaz,Maruti,2016,95574,Petrol,Manual,8056,362000.0,10,New Delhi
MG HECTOR,MG,2021,80076,Diesel,Manual,27269,1254000.0,5,New Delhi
Honda City,Honda,2014,75162,Petrol,Manual,9824,296000.0,12,New Delhi
KIA SELTOS,KIA,2021,64647,Petrol,Auto,15393,899000.0,5,New Delhi
Tata NEXON,Tata,2019,60922,Petrol,Manual,7502,425000.0,7,New Delhi
Maruti Wagon R 1.0,Maruti,2018,58511,Petrol,Manual,4837,274000.0,8,New Delhi
Hyundai Grand i10,Hyundai,2016,51434,CNG,Manual,9533,287000.0,10,New Delhi
Hyundai Elite i20,Hyundai,2015,49578,Petrol,Manual,7505,285000.0,11,New Delhi
Nissan MAGNITE,Nissan,2023,16395,Petrol,Auto,12196,691000.0,3,New Delhi
KIA SONET,KIA,2020,59144,Petrol,Manual,10732,608000.0,6,New Delhi
Honda Amaze,Honda,2016,36232,Petrol,Manual,5745,258000.0,10,New Delhi
Maruti Alto 800,Maruti,2016,52137,Petrol,Manual,4275,192000.0,10,New Delhi
Honda Amaze,Honda,2015,73654,CNG,Manual,11109,236000.0,11,New Delhi
Mahindra Thar,Mahindra,2023,21341,Petrol,Auto,20925,1222000.0,3,New Delhi
Tata Harrier,Tata,2020,92436,Diesel,Manual,21297,824000.0,6,New Delhi
Hyundai Elite i20,Hyundai,2016,93390,Petrol,Manual,7452,335000.0,10,New Delhi
Maruti New Wagon-R,Maruti,2022,6077,Petrol,Manual,6270,355000.0,4,New Delhi
Tata TIGOR,Tata,2017,56510,Petrol,Manual,5830,298000.0,9,New Delhi
Maruti Baleno,Maruti,2018,58016,Petrol,Manual,6549,371000.0,8,New Delhi
KIA SONET,KIA,2020,40443,Petrol,Auto,11386,645000.0,6,New Delhi
Hyundai Creta,Hyundai,2018,149778,Petrol,Manual,11574,520000.0,8,New Delhi
KIA SONET,KIA,2021,30923,Petrol,Manual,11227,636000.0,5,New Delhi
Renault TRIBER,Renault,2023,48055,Petrol,Manual,7820,443000.0,3,New Delhi
Renault Kwid,Renault,2017,49444,Petrol,Auto,4653,238000.0,9,New Delhi
MG HECTOR,MG,2023,37229,Petrol,Auto,25153,1469000.0,3,New Delhi
MG HECTOR,MG,2019,55723,Petrol,Auto,14725,860000.0,7,New Delhi
Hyundai Grand i10,Hyundai,2018,62916,Petrol,Manual,5296,300000.0,8,New Delhi
Hyundai Verna,Hyundai,2017,54792,Petrol,Auto,12769,653000.0,9,New Delhi
Honda Amaze,Honda,2019,71278,Petrol,Manual,6620,375000.0,7,New Delhi
Honda Brio,Honda,2014,60371,Petrol,Manual,6377,192000.0,12,New Delhi
KIA SONET,KIA,2021,72631,Petrol,Manual,11056,626000.0,5,New Delhi
Hyundai GRAND I10 NIOS,Hyundai,2023,35566,Petrol,Manual,8915,505000.0,3,New Delhi
Maruti Ertiga,Maruti,2014,58974,Petrol,Manual,11592,349000.0,12,New Delhi
Hyundai Grand i10,Hyundai,2016,35189,Petrol,Manual,6228,280000.0,10,New Delhi
Maruti Dzire,Maruti,2024,22482,Petrol,Manual,11979,679000.0,2,New Delhi
Honda Amaze,Honda,2017,74140,CNG,Manual,7926,301000.0,9,New Delhi
Maruti Ciaz,Maruti,2018,69630,Petrol,Manual,7555,428000.0,8,New Delhi
Jeep Compass,Jeep,2019,64924,Petrol,Auto,14310,836000.0,7,New Delhi
Hyundai i10,Hyundai,2014,48213,Petrol,Manual,4822,145000.0,12,New Delhi
Maruti Wagon R 1.0,Maruti,2018,35511,Petrol,Manual,5349,303000.0,8,New Delhi
Maruti Ciaz,Maruti,2018,60510,Petrol,Auto,9532,540000.0,8,New Delhi
Tata ALTROZ,Tata,2022,54561,Petrol,Manual,9505,538000.0,4,New Delhi
KIA SONET,KIA,2020,29298,Petrol,Auto,12996,736000.0,6,New Delhi
Maruti Ciaz,Maruti,2018,82276,Petrol,Manual,8385,475000.0,8,New Delhi
Honda City,Honda,2016,91696,Petrol,Auto,8609,387000.0,10,New Delhi
Maruti Wagon R 1.0,Maruti,2018,73846,CNG,Manual,6317,284000.0,8,New Delhi
Maruti Wagon R 1.0,Maruti,2016,69991,Petrol,Manual,5606,252000.0,10,New Delhi
Honda City,Honda,2018,74770,Petrol,Auto,10062,570000.0,8,New Delhi
KIA SELTOS,KIA,2022,35386,Petrol,Manual,18304,1069000.0,4,New Delhi
Tata Tiago,Tata,2016,77558,Diesel,Manual,18304,252000.0,10,New Delhi
Honda City,Honda,2015,78070,Petrol,Auto,9533,362000.0,11,New Delhi
Maruti New Wagon-R,Maruti,2022,60435,Petrol,Manual,6461,366000.0,4,New Delhi
Maruti Wagon R 1.0,Maruti,2018,56700,Petrol,Manual,4554,258000.0,8,New Delhi
Hyundai Grand i10,Hyundai,2013,75236,Petrol,Manual,6779,144000.0,13,New Delhi
Maruti Ciaz,Maruti,2016,80669,Petrol,Auto,8731,393000.0,10,New Delhi
Honda Amaze,Honda,2015,67359,Petrol,Manual,5872,223000.0,11,New Delhi
Maruti Ertiga,Maruti,2022,33086,Petrol,Auto,15935,931000.0,4,New Delhi
Tata ALTROZ,Tata,2023,33744,Petrol,Manual,9620,545000.0,3,New Delhi
Maruti Ertiga,Maruti,2014,83739,CNG,Manual,32696,368000.0,12,New Delhi
Maruti Baleno,Maruti,2019,29346,Petrol,Manual,7538,426999.99999999994,7,New Delhi
Hyundai Creta,Hyundai,2019,49264,Petrol,Auto,13668,774000.0,7,New Delhi
Maruti Ciaz,Maruti,2020,88508,Petrol,Manual,10086,571000.0,6,New Delhi
Hyundai i10,Hyundai,2015,55435,Petrol,Manual,5082,193000.0,11,New Delhi
Honda Jazz,Honda,2017,63606,Petrol,Auto,6745,345000.0,9,New Delhi
Honda Amaze,Honda,2023,36870,Petrol,Auto,12706,720000.0,3,New Delhi
Tata TIGOR,Tata,2017,54681,Petrol,Manual,6158,315000.0,9,New Delhi
Maruti Vitara Brezza,Maruti,2021,52709,Petrol,Manual,10980,622000.0,5,New Delhi
KIA SELTOS,KIA,2021,66115,Petrol,Manual,12928,732000.0,5,New Delhi
Maruti Celerio,Maruti,2017,20300,Petrol,Manual,5376,275000.0,9,New Delhi
Hyundai i10,Hyundai,2015,64473,Petrol,Manual,5867,223000.0,11,New Delhi
Maruti Alto 800,Maruti,2014,50625,Petrol,Manual,4716,142000.0,12,New Delhi
Honda City,Honda,2019,68365,Petrol,Auto,12622,715000.0,7,New Delhi
Maruti Swift,Maruti,2015,32329,Petrol,Manual,7189,273000.0,11,New Delhi
Hyundai Elite i20,Hyundai,2020,99016,Petrol,Manual,8103,459000.0,6,New Delhi
Maruti Ciaz,Maruti,2020,60613,Petrol,Manual,9949,564000.0,6,New Delhi
Mahindra XUV700,Mahindra,2021,60237,Petrol,Auto,22653,1323000.0,5,New Delhi
Hyundai Creta,Hyundai,2023,18891,Petrol,Manual,19143,1118000.0,3,New Delhi
Maruti Ciaz,Maruti,2020,47925,Petrol,Manual,10945,620000.0,6,New Delhi
Hyundai VENUE,Hyundai,2021,28805,Petrol,Manual,11386,645000.0,5,New Delhi
Maruti Wagon R 1.0,Maruti,2017,63218,Petrol,Manual,4438,227000.0,9,New Delhi
KIA SELTOS,KIA,2023,39139,Petrol,Manual,17807,1040000.0,3,New Delhi
Hyundai Elite i20,Hyundai,2018,42928,Petrol,Manual,7175,405999.99999999994,8,New Delhi
Honda City,Honda,2016,65297,Petrol,Auto,10403,468000.0,10,New Delhi
Honda City,Honda,2015,81695,Petrol,Auto,9457,359000.0,11,New Delhi
Maruti Wagon R 1.0,Maruti,2014,62307,Petrol,Manual,5899,178000.0,12,New Delhi
Honda City,Honda,2015,52631,Petrol,Manual,10112,384000.0,11,New Delhi
KIA SELTOS,KIA,2020,90801,Petrol,Auto,14366,839000.0,6,New Delhi
Hyundai VENUE,Hyundai,2019,77534,Petrol,Auto,10715,607000.0,7,New Delhi
Tata TIGOR,Tata,2023,25490,CNG,Manual,9727,551000.0,3,New Delhi
Hyundai Grand i10,Hyundai,2016,52592,Petrol,Manual,6251,281000.0,10,New Delhi
Hyundai Verna,Hyundai,2019,75966,Petrol,Manual,10661,604000.0,7,New Delhi
Ford Ecosport,Ford,2014,74404,Petrol,Manual,9029,272000.0,12,New Delhi
Hyundai Grand i10,Hyundai,2016,84495,Petrol,Manual,5339,240000.0,10,New Delhi
Honda City,Honda,2014,64542,Petrol,Manual,10224,308000.0,12,New Delhi
KIA SONET,KIA,2021,39789,Petrol,Manual,12326,698000.0,5,New Delhi
Honda Brio,Honda,2015,54080,Petrol,Auto,7005,266000.0,11,New Delhi
Tata NEXON,Tata,2021,47581,Petrol,Manual,10186,577000.0,5,New Delhi
Hyundai VENUE,Hyundai,2020,50605,Petrol,Auto,12562,712000.0,6,New Delhi
Hyundai Xcent,Hyundai,2014,71613,Petrol,Manual,6584,198000.0,12,New Delhi
Hyundai Creta,Hyundai,2019,85070,Petrol,Auto,12675,718000.0,7,New Delhi
Maruti Baleno,Maruti,2018,51393,Petrol,Manual,7008,397000.0,8,New Delhi
Maruti Ciaz,Maruti,2017,35410,Petrol,Manual,9521,487000.0,9,New Delhi
Honda Jazz,Honda,2015,63334,Petrol,Manual,6826,259000.0,11,New Delhi
Maruti Ciaz,Maruti,2019,25647,Petrol,Manual,9914,562000.0,7,New Delhi
Honda City,Honda,2015,27516,Petrol,Manual,9875,375000.0,11,New Delhi
Maruti Wagon R 1.0,Maruti,2014,19205,Petrol,Manual,6211,187000.0,12,New Delhi
Hyundai i10,Hyundai,2014,35672,Petrol,Manual,5613,169000.0,12,New Delhi
Honda WR-V,Honda,2018,70726,Petrol,Manual,7591,430000.0,8,New Delhi
Maruti Swift,Maruti,2014,43849,Petrol,Manual,8204,247000.00000000003,12,New Delhi
KIA SELTOS,KIA,2020,73424,Petrol,Manual,12074,684000.0,6,New Delhi
Honda City,Honda,2014,80285,Petrol,Auto,9343,281000.0,12,New Delhi
Maruti Ciaz,Maruti,2015,83773,Petrol,Manual,7874,299000.0,11,New Delhi
Hyundai AURA,Hyundai,2023,22764,Petrol,Auto,11595,657000.0,3,New Delhi
Tata Tiago,Tata,2021,72428,Petrol,Manual,5649,320000.0,5,New Delhi
Hyundai Verna,Hyundai,2017,74214,Petrol,Manual,10596,542000.0,9,New Delhi
Maruti Wagon R 1.0,Maruti,2015,54011,Petrol,Manual,5590,212000.0,11,New Delhi
Ford Ecosport,Ford,2016,49785,Petrol,Manual,7252,326000.0,10,New Delhi
MG HECTOR,MG,2022,81106,Petrol,Manual,17297,1010000.0,4,New Delhi
Maruti S PRESSO,Maruti,2021,22711,Petrol,Auto,6020,341000.0,5,New Delhi
MG ASTOR,MG,2022,17169,Petrol,Manual,15564,909000.0,4,New Delhi
Hyundai Grand i10,Hyundai,2014,65529,Petrol,Manual,6922,208000.0,12,New Delhi
Maruti Baleno,Maruti,2018,63358,Petrol,Manual,7440,421000.0,8,New Delhi
Honda Amaze,Honda,2015,68267,Petrol,Manual,5815,221000.0,11,New Delhi
Hyundai Grand i10,Hyundai,2016,34604,Petrol,Manual,5962,268000.0,10,New Delhi
Hyundai Xcent,Hyundai,2014,80611,Petrol,Manual,7573,227999.99999999997,12,New Delhi
Maruti Alto 800,Maruti,2019,64167,Petrol,Manual,4237,240000.0,7,New Delhi
Maruti S Cross,Maruti,2020,33344,Petrol,Manual,10489,594000.0,6,New Delhi
KIA SELTOS,KIA,2021,88190,Diesel,Manual,17489,803999.9999999999,5,New Delhi
Maruti Alto K10,Maruti,2015,27754,Petrol,Manual,5030,191000.0,11,New Delhi
Renault Kwid,Renault,2017,29313,Petrol,Manual,4018,206000.0,9,New Delhi
Maruti Wagon R 1.0,Maruti,2016,42705,Petrol,Manual,5494,247000.00000000003,10,New Delhi
Maruti Wagon R 1.0,Maruti,2015,89234,CNG,Manual,10276,218000.00000000003,11,New Delhi
MG HECTOR,MG,2023,68526,Petrol,Auto,22602,1320000.0,3,New Delhi
Toyota Glanza,Toyota,2019,38264,Petrol,Manual,7954,451000.0,7,New Delhi
Hyundai Grand i10,Hyundai,2014,37475,Petrol,Auto,8436,254000.0,12,New Delhi
Maruti Wagon R 1.0,Maruti,2014,87492,Petrol,Manual,6145,185000.0,12,New Delhi
Honda City,Honda,2016,73688,Petrol,Auto,10943,492000.0,10,New Delhi
MG ASTOR,MG,2022,67966,Petrol,Manual,14828,866000.0,4,New Delhi
Honda Amaze,Honda,2015,39498,Petrol,Manual,6412,244000.0,11,New Delhi
Maruti Celerio,Maruti,2016,38024,Petrol,Manual,5383,242000.0,10,New Delhi
Maruti Vitara Brezza,Maruti,2021,72614,Petrol,Manual,11916,675000.0,5,New Delhi
Honda Amaze,Honda,2016,75014,Petrol,Manual,6302,283000.0,10,New Delhi
MG HECTOR,MG,2020,72067,Petrol,Auto,16707,976000.0,6,New Delhi
Hyundai Grand i10,Hyundai,2018,42839,Petrol,Manual,5967,338000.0,8,New Delhi
Ford Ecosport,Ford,2016,55779,Petrol,Manual,8752,393000.0,10,New Delhi
Honda City,Honda,2016,73025,Petrol,Manual,8679,390000.0,10,New Delhi
Maruti Swift,Maruti,2016,83889,Petrol,Manual,6682,300000.0,10,New Delhi
Honda City,Honda,2016,72808,Petrol,Auto,10455,470000.0,10,New Delhi
Honda City,Honda,2014,49020,Petrol,Manual,10928,329000.0,12,New Delhi
Honda Amaze,Honda,2014,62701,Petrol,Manual,7297,220000.00000000003,12,New Delhi
Honda Jazz,Honda,2015,59611,Petrol,Auto,7813,297000.0,11,New Delhi
Hyundai Xcent,Hyundai,2014,68104,Petrol,Manual,8403,252999.99999999997,12,New Delhi
Maruti Alto K10,Maruti,2016,27800,Petrol,Manual,4723,212000.0,10,New Delhi
Honda City,Honda,2016,67735,Petrol,Auto,9120,409999.99999999994,10,New Delhi
MG HECTOR,MG,2022,41170,Petrol,Auto,19109,1116000.0,4,New Delhi
Hyundai Grand i10,Hyundai,2014,72710,CNG,Manual,22252,250000.0,12,New Delhi
Hyundai i10,Hyundai,2015,75430,Petrol,Manual,5335,202999.99999999997,11,New Delhi
Honda City,Honda,2015,83292,Petrol,Manual,9567,363000.0,11,New Delhi
Tata NEXON,Tata,2022,25118,Petrol,Manual,12728,721000.0,4,New Delhi
Skoda SLAVIA,Skoda,2022,78412,Petrol,Manual,16951,990000.0,4,New Delhi
Honda Amaze,Honda,2018,62085,Petrol,Manual,6483,367000.0,8,New Delhi
MG HECTOR,MG,2020,72238,Diesel,Manual,24398,944000.0,6,New Delhi
Renault Kwid,Renault,2016,80098,Petrol,Manual,4293,193000.0,10,New Delhi
Hyundai GRAND I10 NIOS,Hyundai,2021,42914,Petrol,Manual,7066,400000.0,5,New Delhi
Honda City,Honda,2014,102780,CNG,Manual,27116,305000.0,12,New Delhi
Ford Ecosport,Ford,2016,71072,Petrol,Auto,9099,409000.0,10,New Delhi
Hyundai i10,Hyundai,2015,37919,Petrol,Manual,5285,200999.99999999997,11,New Delhi
Maruti Swift Dzire,Maruti,2015,104627,CNG,Manual,13039,277000.0,11,New Delhi
KIA SELTOS,KIA,2020,70739,Petrol,Manual,12625,715000.0,6,New Delhi
Maruti Celerio,Maruti,2015,40792,Petrol,Auto,6820,259000.0,11,New Delhi
Honda City,Honda,2020,57142,Petrol,Manual,11492,651000.0,6,New Delhi
Honda Jazz,Honda,2016,94262,Petrol,Manual,5739,258000.0,10,New Delhi
Maruti Swift,Maruti,2016,23163,Petrol,Manual,7266,327000.0,10,New Delhi
Nissan Micra Active,Nissan,2018,50586,Petrol,Manual,4766,270000.0,8,New Delhi
Renault Kwid,Renault,2017,41654,Petrol,Manual,4340,222000.00000000003,9,New Delhi
Honda Jazz,Honda,2016,141338,Petrol,Manual,5749,258000.0,10,New Delhi
Tata NEXON,Tata,2023,21216,Petrol,Manual,16609,969999.9999999999,3,New Delhi
Maruti Ciaz,Maruti,2022,67478,Petrol,Auto,12322,698000.0,4,New Delhi
Hyundai Grand i10,Hyundai,2017,62175,Petrol,Manual,5627,288000.0,9,New Delhi
Honda City,Honda,2016,91157,Petrol,Manual,8453,380000.0,10,New Delhi
Maruti Swift Dzire,Maruti,2015,72784,CNG,Manual,14461,307000.0,11,New Delhi
Maruti Alto K10,Maruti,2016,24328,Petrol,Manual,5116,229999.99999999997,10,New Delhi
Maruti Swift,Maruti,2015,28712,Petrol,Manual,8410,319000.0,11,New Delhi
Maruti Baleno,Maruti,2016,94575,Petrol,Manual,8037,361000.0,10,New Delhi
Hyundai Grand i10,Hyundai,2015,73514,Petrol,Manual,6399,243000.00000000003,11,New Delhi
Hyundai Grand i10,Hyundai,2015,38574,Petrol,Manual,7079,269000.0,11,New Delhi
Honda City,Honda,2015,49079,Petrol,Auto,12535,476000.0,11,New Delhi
Honda City,Honda,2014,53327,Petrol,Manual,10655,321000.0,12,New Delhi
Maruti Swift,Maruti,2016,43067,Petrol,Manual,7114,320000.0,10,New Delhi
Maruti Celerio,Maruti,2016,66324,Petrol,Manual,5294,238000.0,10,New Delhi
Hyundai Grand i10,Hyundai,2014,72675,Petrol,Manual,8104,244000.0,12,New Delhi
Maruti Celerio,Maruti,2015,46926,Petrol,Auto,7215,274000.0,11,New Delhi
Hyundai Elite i20,Hyundai,2014,41304,Petrol,Manual,9333,281000.0,12,New Delhi
Maruti Swift,Maruti,2015,39861,Petrol,Manual,7505,285000.0,11,New Delhi
Hyundai Grand i10,Hyundai,2015,51234,Petrol,Manual,7084,269000.0,11,New Delhi
Hyundai Grand i10,Hyundai,2015,61896,Petrol,Manual,6899,262000.0,11,New Delhi
Maruti Alto K10,Maruti,2015,38989,Petrol,Manual,5538,210000.0,11,New Delhi
Maruti Alto K10,Maruti,2015,72630,Petrol,Manual,6121,231999.99999999997,11,New Delhi
Maruti Ertiga,Maruti,2016,25159,Petrol,Manual,11703,526000.0,10,New Delhi
Maruti Celerio,Maruti,2016,86564,Petrol,Auto,5583,250999.99999999997,10,New Delhi
Maruti Wagon R 1.0,Maruti,2014,65448,Petrol,Manual,6619,199000.0,12,New Delhi
Hyundai Grand i10,Hyundai,2015,56717,Petrol,Manual,6215,236000.0,11,New Delhi
Maruti Alto K10,Maruti,2016,45176,Petrol,Manual,4516,202999.99999999997,10,New Delhi
Maruti Alto K10,Maruti,2016,64491,Petrol,Manual,4471,200999.99999999997,10,New Delhi
Hyundai i10,Hyundai,2016,58512,Petrol,Manual,4966,223000.0,10,New Delhi
Maruti Swift Dzire,Maruti,2015,58758,Petrol,Manual,8027,305000.0,11,New Delhi
Maruti Wagon R 1.0,Maruti,2015,39871,Petrol,Manual,6161,234000.0,11,New Delhi
Honda City,Honda,2014,52843,Petrol,Manual,11508,346000.0,12,New Delhi
Hyundai Grand i10,Hyundai,2016,85455,Petrol,Manual,6006,270000.0,10,New Delhi
Maruti Alto K10,Maruti,2015,65172,Petrol,Manual,5486,208000.0,11,New Delhi
Honda BR-V,Honda,2016,53594,Petrol,Manual,10526,473000.00000000006,10,New Delhi
Ford Ecosport,Ford,2017,149754,Diesel,Manual,37640,424000.0,9,New Delhi
Maruti Baleno,Maruti,2020,98253,Petrol,Manual,7441,422000.0,6,New Delhi
Hyundai Creta,Hyundai,2020,80142,Petrol,Auto,15309,894000.0,6,New Delhi
Honda Amaze,Honda,2021,39068,CNG,Manual,10429,591000.0,5,New Delhi
Maruti Swift,Maruti,2018,59704,Petrol,Auto,7059,400000.0,8,New Delhi
KIA SELTOS,KIA,2019,36269,Petrol,Manual,13336,755000.0,7,New Delhi
Honda City,Honda,2016,91937,Petrol,Manual,8712,392000.0,10,New Delhi
Maruti Vitara Brezza,Maruti,2022,38058,Petrol,Manual,10495,595000.0,4,New Delhi
Toyota Innova Crysta,Toyota,2018,92199,Petrol,Manual,16720,976000.0,8,New Delhi
Hyundai i10,Hyundai,2014,42523,Petrol,Manual,6649,200000.0,12,New Delhi
Hyundai Elite i20,Hyundai,2017,79297,Petrol,Manual,7459,382000.0,9,New Delhi
Maruti Baleno,Maruti,2017,76921,Petrol,Manual,7163,366000.0,9,New Delhi
Volkswagen Polo,Volkswagen,2019,39462,Petrol,Auto,9977,565000.0,7,New Delhi
Tata PUNCH,Tata,2023,43088,Petrol,Manual,6967,395000.0,3,New Delhi
Tata Zest,Tata,2016,107374,Petrol,Manual,4382,197000.0,10,New Delhi
Tata PUNCH,Tata,2022,41245,Petrol,Manual,8209,465000.00000000006,4,New Delhi
Datsun Redi Go,Datsun,2018,62691,Petrol,Manual,2560,145000.0,8,New Delhi
Maruti Alto 800,Maruti,2013,97500,Petrol,Manual,6072,129000.0,13,New Delhi
Maruti Celerio,Maruti,2015,167165,Petrol,Manual,5688,216000.0,11,New Delhi
Honda Accord,Honda,2011,100251,Petrol,Manual,5688,220000.00000000003,15,New Delhi
Hyundai Eon,Hyundai,2016,19633,Petrol,Manual,4182,188000.0,10,New Delhi
Maruti Wagon R 1.0,Maruti,2017,69013,Petrol,Manual,5024,256999.99999999997,9,New Delhi
Mahindra TUV300,Mahindra,2016,90604,Diesel,Manual,5024,372000.0,10,New Delhi
Hyundai Grand i10,Hyundai,2014,74708,Petrol,Manual,5646,170000.0,12,New Delhi
Renault Duster,Renault,2014,86921,Petrol,Manual,7241,218000.00000000003,12,New Delhi
Hyundai Eon,Hyundai,2017,39991,Petrol,Manual,4164,213000.0,9,New Delhi
Maruti Swift,Maruti,2015,69316,Petrol,Manual,7584,288000.0,11,New Delhi
Maruti Swift,Maruti,2013,194099,Petrol,Manual,9132,194000.0,13,New Delhi
Maruti Swift,Maruti,2017,335367,Diesel,Manual,22301,250999.99999999997,9,New Delhi
Volkswagen Polo,Volkswagen,2021,111516,Petrol,Manual,11634,523000.00000000006,5,New Delhi
Jeep Compass,Jeep,2017,134446,Petrol,Auto,17503,805000.0000000001,9,New Delhi
Maruti Swift,Maruti,2019,25000,Petrol,Manual,6143,348000.0,7,New Delhi
Renault Kwid,Renault,2021,17871,Petrol,Manual,4413,250000.0,5,New Delhi
Maruti Wagon R 1.0,Maruti,2018,102711,Petrol,Manual,7229,325000.0,8,New Delhi
Maruti Swift Dzire,Maruti,2016,131698,Petrol,Manual,6384,287000.0,10,New Delhi
Honda Amaze,Honda,2015,106151,Petrol,Manual,6504,247000.00000000003,11,New Delhi
Hyundai i10,Hyundai,2015,22972,Petrol,Manual,5293,200999.99999999997,11,New Delhi
Tata NEXON,Tata,2019,71055,Petrol,Manual,7432,421000.0,7,New Delhi
Hyundai i10,Hyundai,2013,20220,Petrol,Manual,13228,281000.0,13,New Delhi
Maruti Dzire,Maruti,2022,72778,Petrol,Manual,9780,554000.0,4,New Delhi
Honda Amaze,Honda,2015,136833,Petrol,Manual,6926,263000.0,11,New Delhi
Hyundai Grand i10,Hyundai,2013,86945,Petrol,Manual,10733,227999.99999999997,13,New Delhi
Renault Kwid,Renault,2015,43412,Petrol,Manual,3055,115999.99999999999,11,New Delhi
Mahindra Kuv100,Mahindra,2017,58000,Petrol,Manual,4223,216000.0,9,New Delhi
Maruti Vitara Brezza,Maruti,2021,108495,Petrol,Manual,11767,529000.0,5,New Delhi
Hyundai Verna,Hyundai,2017,104893,Diesel,Auto,33763,380000.0,9,New Delhi
Renault Kiger,Renault,2021,13890,Petrol,Manual,5578,316000.0,5,New Delhi
Maruti New Wagon-R,Maruti,2022,34430,Petrol,Manual,8562,484999.99999999994,4,New Delhi
Tata TIGOR,Tata,2017,68864,Petrol,Manual,4536,231999.99999999997,9,New Delhi
Volkswagen Polo,Volkswagen,2018,74450,Petrol,Manual,6690,379000.0,8,New Delhi
Maruti Baleno,Maruti,2016,59391,Petrol,Manual,7118,320000.0,10,New Delhi
Honda City,Honda,2014,84809,Petrol,Manual,10629,320000.0,12,New Delhi
Nissan MAGNITE,Nissan,2022,53722,Petrol,Manual,7732,438000.0,4,New Delhi
Maruti Baleno,Maruti,2023,70799,Petrol,Manual,7714,437000.0,3,New Delhi
Tata Tiago,Tata,2018,69743,Petrol,Auto,5649,320000.0,8,New Delhi
Maruti Baleno,Maruti,2023,52990,Petrol,Manual,10821,613000.0,3,New Delhi
Maruti Baleno,Maruti,2023,15983,Petrol,Manual,12092,685000.0,3,New Delhi
Maruti Baleno,Maruti,2017,45589,Petrol,Manual,6698,343000.0,9,New Delhi
Honda Amaze,Honda,2018,72961,Petrol,Manual,5702,323000.0,8,New Delhi
Tata NEXON,Tata,2024,14456,Petrol,Auto,14075,822000.0000000001,2,New Delhi
Hyundai Elite i20,Hyundai,2018,79190,Petrol,Manual,6743,382000.0,8,New Delhi
Maruti Baleno,Maruti,2023,39312,Petrol,Manual,8279,469000.00000000006,3,New Delhi
Maruti Celerio,Maruti,2018,97108,Petrol,Manual,5172,293000.0,8,New Delhi
Maruti Swift,Maruti,2020,27368,Petrol,Manual,6592,373000.0,6,New Delhi
Hyundai Elite i20,Hyundai,2016,76501,Petrol,Manual,5806,261000.0,10,New Delhi
Maruti Swift,Maruti,2021,59774,Petrol,Manual,5967,338000.0,5,New Delhi
Hyundai Verna,Hyundai,2021,51547,Diesel,Manual,14726,662000.0,5,New Delhi
Hyundai GRAND I10 NIOS,Hyundai,2023,26523,Petrol,Manual,10239,580000.0,3,New Delhi
Renault Kwid,Renault,2016,89225,Petrol,Manual,2336,105000.0,10,New Delhi
Maruti Swift,Maruti,2018,75533,Petrol,Manual,6390,362000.0,8,New Delhi
Renault Kiger,Renault,2022,42458,Petrol,Manual,6532,370000.0,4,New Delhi
Maruti Baleno,Maruti,2019,37340,Petrol,Manual,7291,413000.0,7,New Delhi
Honda City,Honda,2015,110862,Petrol,Manual,10771,409000.0,11,New Delhi
Tata Zest,Tata,2015,42176,Petrol,Manual,4345,165000.0,11,New Delhi
Honda Jazz,Honda,2015,48367,Petrol,Auto,8954,340000.0,11,New Delhi
Hyundai ALCAZAR,Hyundai,2022,89036,Petrol,Auto,21454,1253000.0,4,New Delhi
Honda City,Honda,2015,104941,Petrol,Manual,10534,400000.0,11,New Delhi
Maruti Eeco,Maruti,2017,140185,Petrol,Manual,5494,247000.00000000003,9,New Delhi
Maruti Wagon R 1.0,Maruti,2011,19512,Petrol,Manual,5494,90000.0,15,New Delhi
Tata NEXON,Tata,2022,30593,Petrol,Manual,13381,758000.0,4,New Delhi
Toyota Etios,Toyota,2011,107663,Petrol,Manual,13381,110000.00000000001,15,New Delhi
Maruti New Wagon-R,Maruti,2020,122462,Petrol,Manual,8987,404000.0,6,New Delhi
Volkswagen Polo,Volkswagen,2015,57308,Petrol,Manual,7637,290000.0,11,New Delhi
Ford Ecosport,Ford,2016,113085,Diesel,Manual,7637,294000.0,10,New Delhi
Honda City,Honda,2011,146072,Petrol,Manual,7637,108000.0,15,New Delhi
Renault Duster,Renault,2016,52791,Diesel,Manual,7637,227000.0,10,New Delhi
Maruti Swift,Maruti,2018,63738,Petrol,Manual,5596,317000.0,8,New Delhi
Tata Tiago,Tata,2019,44126,Petrol,Manual,4572,259000.0,7,New Delhi
Tata NEXON,Tata,2022,96425,Petrol,Manual,13240,750000.0,4,New Delhi
Maruti Swift Dzire,Maruti,2011,189272,Petrol,Manual,13240,100000.0,15,New Delhi
Hyundai Santro Xing,Hyundai,2011,113678,Petrol,Manual,13240,66000.0,15,New Delhi
Hyundai VENUE,Hyundai,2022,88114,Petrol,Manual,10380,588000.0,4,New Delhi
Maruti XL6,Maruti,2023,15206,Petrol,Auto,22088,1290000.0,3,New Delhi
Renault Kwid,Renault,2016,79385,Petrol,Manual,3047,137000.0,10,New Delhi
Hyundai Santro Xing,Hyundai,2014,138510,Petrol,Manual,3886,117000.0,12,New Delhi
Tata NEXON,Tata,2022,28275,Petrol,Auto,14982,875000.0,4,New Delhi
Hyundai Grand i10,Hyundai,2019,98211,Petrol,Manual,6037,342000.0,7,New Delhi
Maruti Celerio,Maruti,2020,86805,Petrol,Manual,5967,338000.0,6,New Delhi
Hyundai Verna,Hyundai,2021,22236,Petrol,Manual,14434,843000.0,5,New Delhi
Honda Amaze,Honda,2014,95056,Petrol,Manual,8436,254000.0,12,New Delhi
Hyundai Santro Xing,Hyundai,2011,154575,Petrol,Manual,8436,84000.0,15,New Delhi
Mahindra Kuv100,Mahindra,2016,52724,Diesel,Manual,8436,106000.0,10,New Delhi
Mahindra Kuv100,Mahindra,2016,68317,Petrol,Manual,3515,158000.0,10,New Delhi
Toyota Corolla Altis,Toyota,2016,69210,Petrol,Auto,8609,387000.0,10,New Delhi
Honda Jazz,Honda,2017,69198,Petrol,Manual,4868,249000.00000000003,9,New Delhi
Maruti Swift Dzire,Maruti,2018,131488,Petrol,Manual,5339,240000.0,8,New Delhi
Tata ALTROZ,Tata,2021,55454,Petrol,Manual,6249,354000.0,5,New Delhi
Tata TIGOR,Tata,2021,40242,Petrol,Manual,6620,375000.0,5,New Delhi
Tata NEXON,Tata,2023,13207,Petrol,Auto,17705,1034000.0,3,New Delhi
Tata Nano,Tata,2012,37180,Petrol,Manual,2754,31000.0,14,New Delhi
Hyundai EXTER,Hyundai,2023,37328,Petrol,Manual,11280,639000.0,3,New Delhi
Maruti Eeco,Maruti,2019,198821,Petrol,Manual,4894,220000.00000000003,7,New Delhi
Hyundai Creta,Hyundai,2020,72903,Diesel,Manual,23261,900000.0,6,New Delhi
Tata NEXON,Tata,2023,33613,Petrol,Auto,18698,1092000.0,3,New Delhi
Mahindra Thar,Mahindra,2023,31288,Petrol,Auto,18749,1095000.0,3,New Delhi
Hyundai Creta,Hyundai,2018,57354,Petrol,Manual,12304,697000.0,8,New Delhi
Honda Brio,Honda,2013,113472,Petrol,Manual,7249,154000.0,13,New Delhi
Mahindra XUV700,Mahindra,2022,65052,Diesel,Manual,20290,1066000.0,4,New Delhi
Honda Amaze,Honda,2019,108000,Diesel,Manual,11525,347000.0,7,New Delhi
Maruti Wagon R 1.0,Maruti,2018,103532,Petrol,Manual,4605,206999.99999999997,8,New Delhi
Hyundai NEW SANTRO,Hyundai,2020,139977,Petrol,Manual,6874,309000.0,6,New Delhi
Maruti Swift,Maruti,2018,108654,Petrol,Manual,7519,338000.0,8,New Delhi
Hyundai i10,Hyundai,2012,66888,Petrol,Manual,11639,131000.0,14,New Delhi
Maruti Baleno,Maruti,2016,104731,Petrol,Auto,6139,276000.0,10,New Delhi
Maruti Swift,Maruti,2022,80670,Petrol,Manual,7891,447000.0,4,New Delhi
Maruti Alto 800,Maruti,2018,51893,Petrol,Manual,2913,165000.0,8,New Delhi
Maruti Swift,Maruti,2018,50225,Petrol,Manual,6125,347000.0,8,New Delhi
Maruti Swift Dzire,Maruti,2016,107567,Petrol,Manual,6228,280000.0,10,New Delhi
Maruti Swift Dzire,Maruti,2013,127348,Petrol,Manual,10592,225000.0,13,New Delhi
Hyundai Eon,Hyundai,2012,90387,Petrol,Manual,9685,109000.00000000001,14,New Delhi
Maruti Alto 800,Maruti,2014,50659,Petrol,Manual,5879,177000.0,12,New Delhi
Hyundai i10,Hyundai,2013,196471,Petrol,Manual,6826,145000.0,13,New Delhi
Hyundai i10,Hyundai,2012,110893,Petrol,Manual,14561,164000.0,14,New Delhi
Jeep Compass,Jeep,2017,100710,Petrol,Auto,17618,792000.0,9,New Delhi
Maruti Wagon R 1.0,Maruti,2013,129323,Petrol,Manual,8520,181000.0,13,New Delhi
Tata Tigor Buzz,Tata,2018,123509,Petrol,Manual,4560,204999.99999999997,8,New Delhi
Volkswagen Polo,Volkswagen,2014,68819,Petrol,Manual,6402,193000.0,12,New Delhi
Maruti Vitara Brezza,Maruti,2021,60214,Petrol,Manual,8844,501000.0,5,New Delhi
Honda Civic,Honda,2019,117940,Petrol,Auto,19177,882000.0,7,New Delhi
Maruti Wagon R 1.0,Maruti,2013,112462,Petrol,Manual,10403,221000.0,13,New Delhi
Maruti Wagon R 1.0,Maruti,2013,51500,Petrol,Manual,8897,189000.0,13,New Delhi
Maruti Celerio,Maruti,2015,69411,Petrol,Manual,5793,220000.00000000003,11,New Delhi
Maruti Swift Dzire,Maruti,2014,103123,Petrol,Manual,7872,237000.0,12,New Delhi
Honda Accord,Honda,2011,74106,Petrol,Manual,7872,176000.0,15,New Delhi
Maruti Alto 800,Maruti,2013,123066,Petrol,Manual,8050,171000.0,13,New Delhi
Hyundai Verna,Hyundai,2012,24551,Petrol,Manual,19014,214000.0,14,New Delhi
Hyundai VENUE,Hyundai,2019,59073,Petrol,Manual,11986,679000.0,7,New Delhi
Maruti Alto K10,Maruti,2012,39835,Petrol,Manual,10928,123000.0,14,New Delhi
Maruti New Wagon-R,Maruti,2022,35768,Petrol,Manual,6461,366000.0,4,New Delhi
Maruti Alto 800,Maruti,2014,67258,Petrol,Manual,4550,137000.0,12,New Delhi
Tata Zest,Tata,2016,118625,Diesel,Manual,4550,159000.0,10,New Delhi
Volkswagen Polo,Volkswagen,2015,179459,Petrol,Manual,6636,252000.0,11,New Delhi
KIA SONET,KIA,2020,108917,Petrol,Manual,11122,500000.0,6,New Delhi
Maruti Swift,Maruti,2015,167038,Petrol,Manual,6583,250000.0,11,New Delhi
Maruti S PRESSO,Maruti,2021,68608,Petrol,Manual,4766,270000.0,5,New Delhi
Maruti Wagon R 1.0,Maruti,2015,93801,Petrol,Manual,5899,224000.00000000003,11,New Delhi
Maruti New Wagon-R,Maruti,2020,80333,Petrol,Manual,5596,317000.0,6,New Delhi
Maruti Ciaz,Maruti,2016,105201,Diesel,Manual,5596,240000.0,10,New Delhi
Maruti Alto 800,Maruti,2012,73530,Petrol,Manual,6575,74000.0,14,New Delhi
Datsun Go,Datsun,2016,53197,Petrol,Manual,2336,105000.0,10,New Delhi
Maruti Swift Dzire,Maruti,2014,91856,Petrol,Manual,9964,300000.0,12,New Delhi
Tata TIGOR,Tata,2017,44904,Petrol,Manual,5376,275000.0,9,New Delhi
Honda Amaze,Honda,2014,75327,Petrol,Manual,7805,235000.0,12,New Delhi
Maruti Baleno,Maruti,2020,56560,Petrol,Manual,6549,371000.0,6,New Delhi
Honda Amaze,Honda,2014,87714,Petrol,Manual,7307,220000.00000000003,12,New Delhi
Honda Accord,Honda,2013,89026,Petrol,Auto,11486,244000.0,13,New Delhi
Renault Kwid,Renault,2016,92357,Petrol,Manual,3003,135000.0,10,New Delhi
Hyundai i10,Hyundai,2012,191272,Petrol,Manual,10484,118000.0,14,New Delhi
Maruti FRONX,Maruti,2023,55753,Petrol,Manual,13766,803999.9999999999,3,New Delhi
Tata TIGOR,Tata,2017,52226,Petrol,Manual,4829,247000.00000000003,9,New Delhi
Maruti Swift,Maruti,2015,48972,Petrol,Manual,7136,271000.0,11,New Delhi
Honda Amaze,Honda,2019,64090,Petrol,Manual,7061,400000.0,7,New Delhi
Maruti Celerio,Maruti,2015,40344,Petrol,Manual,5793,220000.00000000003,11,New Delhi
Maruti Swift Dzire,Maruti,2014,136852,Petrol,Manual,8304,250000.0,12,New Delhi
Hyundai Eon,Hyundai,2012,120375,Petrol,Manual,7463,84000.0,14,New Delhi
Maruti Swift Dzire,Maruti,2014,94756,Petrol,Manual,8237,248000.0,12,New Delhi
Maruti Alto 800,Maruti,2017,30878,Petrol,Manual,5212,267000.0,9,New Delhi
Honda Amaze,Honda,2015,145477,Petrol,Auto,6109,231999.99999999997,11,New Delhi
Nissan MAGNITE,Nissan,2022,42000,Petrol,Manual,7944,450000.0,4,New Delhi
Hyundai Eon,Hyundai,2015,65478,Petrol,Manual,4845,184000.0,11,New Delhi
Maruti Wagon R 1.0,Maruti,2014,96799,Petrol,Manual,7008,211000.0,12,New Delhi
Audi A4,Audi,2010,67536,Petrol,Auto,7008,244000.0,16,New Delhi
Honda City,Honda,2012,72752,Petrol,Manual,12439,140000.0,14,New Delhi
Maruti Alto 800,Maruti,2014,69560,Petrol,Manual,4650,140000.0,12,New Delhi
Hyundai Grand i10,Hyundai,2013,97840,Petrol,Manual,7579,161000.0,13,New Delhi
Maruti Swift,Maruti,2014,81265,Petrol,Manual,6344,191000.0,12,New Delhi
Hyundai Grand i10,Hyundai,2014,75999,Petrol,Manual,7374,222000.00000000003,12,New Delhi
Maruti Swift Dzire,Maruti,2017,160051,Petrol,Manual,5428,244000.0,9,New Delhi
Maruti Baleno,Maruti,2019,75852,Petrol,Manual,6973,395000.0,7,New Delhi
Maruti Celerio,Maruti,2015,83687,Petrol,Manual,5003,190000.0,11,New Delhi
Tata Tiago,Tata,2017,93774,Petrol,Manual,4575,234000.0,9,New Delhi
Maruti Swift,Maruti,2019,82128,Petrol,Manual,6496,368000.0,7,New Delhi
Skoda KUSHAQ,Skoda,2021,50689,Petrol,Manual,11827,670000.0,5,New Delhi
Hyundai i20,Hyundai,2013,102079,Petrol,Manual,9838,209000.0,13,New Delhi
Honda Amaze,Honda,2018,110035,Petrol,Manual,6896,310000.0,8,New Delhi
Maruti Wagon R 1.0,Maruti,2013,189857,Petrol,Manual,5884,125000.0,13,New Delhi
Maruti Alto K10,Maruti,2012,59180,Petrol,Manual,8618,97000.0,14,New Delhi
Hyundai Grand i10,Hyundai,2015,68350,Petrol,Manual,5082,193000.0,11,New Delhi
Hyundai Grand i10,Hyundai,2014,157003,Petrol,Manual,9533,287000.0,12,New Delhi
Hyundai i10,Hyundai,2012,73657,Petrol,Manual,8441,95000.0,14,New Delhi
Honda Amaze,Honda,2014,66423,Petrol,Manual,8802,265000.0,12,New Delhi
Maruti Ciaz,Maruti,2015,222492,Petrol,Manual,7321,278000.0,11,New Delhi
Maruti Swift,Maruti,2017,109369,Petrol,Manual,8097,364000.0,9,New Delhi
Datsun Go Plus,Datsun,2016,32144,Petrol,Manual,3403,153000.0,10,New Delhi
Renault Kwid,Renault,2018,84680,Petrol,Auto,3972,225000.0,8,New Delhi
Maruti Wagon R 1.0,Maruti,2016,66899,Petrol,Manual,6540,294000.0,10,New Delhi
Maruti Celerio,Maruti,2018,93785,Petrol,Manual,4131,234000.0,8,New Delhi
Hyundai Verna,Hyundai,2012,137640,Petrol,Manual,17237,194000.0,14,New Delhi
Maruti Wagon R 1.0,Maruti,2014,228770,Petrol,Manual,7075,213000.0,12,New Delhi
Honda Amaze,Honda,2015,86399,Petrol,Manual,6689,254000.0,11,New Delhi
Hyundai i10,Hyundai,2012,120304,Petrol,Manual,7108,80000.0,14,New Delhi
Honda Amaze,Honda,2014,93522,Petrol,Manual,9034,272000.0,12,New Delhi
Maruti Wagon R 1.0,Maruti,2015,120795,Petrol,Manual,5056,192000.0,11,New Delhi
Maruti Swift,Maruti,2016,181492,Petrol,Manual,7163,322000.0,10,New Delhi
Hyundai i10,Hyundai,2014,66668,Petrol,Manual,4883,147000.0,12,New Delhi
Maruti Vitara Brezza,Maruti,2016,134189,Diesel,Manual,4883,465000.00000000006,10,New Delhi
Maruti Vitara Brezza,Maruti,2016,89719,Diesel,Manual,4883,367000.0,10,New Delhi
Honda Amaze,Honda,2014,75378,Petrol,Manual,7307,220000.00000000003,12,New Delhi
KIA CARENS,KIA,2024,2741,Petrol,Manual,18253,1066000.0,2,New Delhi
Hyundai Santro Xing,Hyundai,2011,56838,Petrol,Manual,18253,111000.00000000001,15,New Delhi
Maruti Wagon R 1.0,Maruti,2016,70835,Petrol,Manual,4449,200000.0,10,New Delhi
Datsun Redi Go,Datsun,2017,61110,Petrol,Manual,3636,186000.0,9,New Delhi
Maruti Alto 800,Maruti,2017,29754,Petrol,Manual,3793,194000.0,9,New Delhi
Hyundai Eon,Hyundai,2013,52992,Petrol,Manual,3954,84000.0,13,New Delhi
Maruti Alto K10,Maruti,2014,56908,Petrol,Auto,5813,175000.0,12,New Delhi
Nissan MAGNITE,Nissan,2021,43415,Petrol,Manual,6532,370000.0,5,New Delhi
Maruti Celerio,Maruti,2016,134627,Petrol,Manual,4516,202999.99999999997,10,New Delhi
Maruti Eeco,Maruti,2015,68326,Petrol,Manual,3454,131000.0,11,New Delhi
Ford Figo Aspire,Ford,2017,78322,Petrol,Manual,4938,222000.00000000003,9,New Delhi
Hyundai VENUE,Hyundai,2019,52518,Diesel,Manual,18434,555000.0,7,New Delhi
Tata Indica EV2,Tata,2015,135977,Petrol,Manual,2212,84000.0,11,New Delhi
Hyundai i10,Hyundai,2011,62505,Petrol,Manual,2212,141000.0,15,New Delhi
Maruti Alto K10,Maruti,2018,72417,Petrol,Manual,3760,213000.0,8,New Delhi
Maruti Alto 800,Maruti,2014,89998,Petrol,Manual,3720,112000.00000000001,12,New Delhi
Hyundai Grand i10,Hyundai,2014,56077,Petrol,Manual,7540,227000.0,12,New Delhi
Honda Brio,Honda,2013,94001,Petrol,Manual,6873,146000.0,13,New Delhi
Tata Tiago,Tata,2019,118640,Petrol,Manual,5784,260000.0,7,New Delhi
Maruti Ertiga,Maruti,2024,47720,Petrol,Manual,16078,939000.0,2,New Delhi
Renault Kwid,Renault,2020,18558,Petrol,Manual,4925,279000.0,6,New Delhi
Maruti Alto 800,Maruti,2014,65830,Petrol,Manual,4285,129000.0,12,New Delhi
Maruti Ritz,Maruti,2010,12345,Petrol,Manual,4285,65000.0,16,New Delhi
Maruti Wagon R 1.0,Maruti,2014,102858,Petrol,Manual,7971,240000.0,12,New Delhi
Maruti Wagon R 1.0,Maruti,2013,142190,Petrol,Manual,6261,133000.0,13,New Delhi
Maruti Wagon R 1.0,Maruti,2016,122910,Petrol,Manual,5672,254999.99999999997,10,New Delhi
Volkswagen Polo,Volkswagen,2013,141416,Petrol,Manual,8332,177000.0,13,New Delhi
Hyundai i10,Hyundai,2012,12359,Petrol,Manual,14305,161000.0,14,New Delhi
Tata ALTROZ,Tata,2021,104665,Petrol,Manual,6918,311000.0,5,New Delhi
Renault Kwid,Renault,2019,52664,Petrol,Manual,4095,231999.99999999997,7,New Delhi
Maruti Swift,Maruti,2016,206505,Petrol,Manual,5361,241000.0,10,New Delhi
Maruti Alto 800,Maruti,2018,56548,Petrol,Manual,3566,202000.0,8,New Delhi
Maruti Alto 800,Maruti,2017,90115,Petrol,Manual,4066,208000.0,9,New Delhi
Maruti Swift Dzire,Maruti,2014,38327,Petrol,Manual,9068,273000.0,12,New Delhi
Maruti Vitara Brezza,Maruti,2017,80943,Diesel,Manual,48689,548000.0,9,New Delhi
KIA SELTOS,KIA,2022,39000,Diesel,Manual,15227,800000.0,4,New Delhi
Hyundai Grand i10,Hyundai,2014,59588,Petrol,Manual,5514,166000.0,12,New Delhi
Hyundai Grand i10,Hyundai,2015,74302,Petrol,Manual,6452,245000.00000000003,11,New Delhi
Maruti Wagon R 1.0,Maruti,2014,119093,Petrol,Manual,6975,210000.0,12,New Delhi
Ford Figo Aspire,Ford,2017,73543,Diesel,Manual,25766,290000.0,9,New Delhi
Honda Amaze,Honda,2015,72441,Petrol,Manual,6320,240000.0,11,New Delhi
Maruti New Wagon-R,Maruti,2020,65521,Petrol,Manual,5472,310000.0,6,New Delhi
Maruti Celerio,Maruti,2017,126833,Petrol,Manual,5695,256000.0,9,New Delhi
Tata NEXON,Tata,2025,8148,Petrol,Manual,13938,814000.0,1,New Delhi
Hyundai Grand i10,Hyundai,2015,94009,Petrol,Manual,6583,250000.0,11,New Delhi
Toyota Etios,Toyota,2013,154246,Petrol,Manual,10450,222000.00000000003,13,New Delhi
Hyundai Eon,Hyundai,2014,81688,Petrol,Manual,4251,128000.0,12,New Delhi
Hyundai Verna,Hyundai,2013,146903,Petrol,Manual,9650,204999.99999999997,13,New Delhi
Datsun Redi Go,Datsun,2017,131423,Petrol,Manual,2870,129000.0,9,New Delhi
Hyundai Grand i10,Hyundai,2014,81664,Petrol,Manual,8104,244000.0,12,New Delhi
Mahindra Kuv100,Mahindra,2016,99692,Diesel,Manual,8104,145000.0,10,New Delhi
Maruti Wagon R 1.0,Maruti,2016,103604,Petrol,Auto,6117,275000.0,10,New Delhi
Maruti Swift Dzire,Maruti,2016,132884,Petrol,Manual,6184,278000.0,10,New Delhi
Honda Amaze,Honda,2014,90073,Petrol,Manual,8104,244000.0,12,New Delhi
Maruti Wagon R 1.0,Maruti,2011,66071,Petrol,Manual,8104,177000.0,15,New Delhi
Ford Ecosport,Ford,2015,137690,Diesel,Manual,7075,213000.0,11,New Delhi
Maruti Vitara Brezza,Maruti,2016,106725,Diesel,Manual,7075,501000.0,10,New Delhi
Maruti Celerio,Maruti,2016,45632,Diesel,Manual,7075,145000.0,10,New Delhi
Maruti Swift,Maruti,2013,101186,Petrol,Manual,10403,221000.0,13,New Delhi
Hyundai VENUE,Hyundai,2025,720,Diesel,Manual,17807,1040000.0,1,New Delhi
Maruti Wagon R 1.0,Maruti,2012,69683,Petrol,Manual,8885,100000.0,14,New Delhi
Volkswagen Polo,Volkswagen,2012,212998,Petrol,Manual,10395,117000.0,14,New Delhi
Honda Amaze,Honda,2015,75723,Petrol,Manual,9217,350000.0,11,New Delhi
Hyundai Grand i10,Hyundai,2014,88318,Petrol,Manual,5613,169000.0,12,New Delhi
Maruti Swift,Maruti,2024,38031,Petrol,Manual,10009,567000.0,2,New Delhi
Hyundai Grand i10,Hyundai,2015,62300,Petrol,Manual,7558,287000.0,11,New Delhi
Maruti Wagon R 1.0,Maruti,2015,53200,Petrol,Manual,4082,155000.0,11,New Delhi
Hyundai i20,Hyundai,2013,71076,Petrol,Manual,11392,242000.0,13,New Delhi
Maruti Swift Dzire,Maruti,2015,153124,Diesel,Manual,11392,300000.0,11,New Delhi
Renault Kwid,Renault,2017,66249,Petrol,Manual,2835,145000.0,9,New Delhi
Nissan Micra,Nissan,2015,13098,Petrol,Manual,3502,133000.0,11,New Delhi
Maruti Vitara Brezza,Maruti,2016,178502,Diesel,Manual,3502,426000.0,10,New Delhi
Hyundai i10,Hyundai,2015,53774,Petrol,Manual,4292,163000.0,11,New Delhi
Maruti Alto 800,Maruti,2014,70840,Petrol,Manual,4716,142000.0,12,New Delhi
Tata NEXON,Tata,2018,138930,Diesel,Manual,20195,429000.0,8,New Delhi
Hyundai i10,Hyundai,2011,68387,Petrol,Manual,20195,121000.0,15,New Delhi
Hyundai i20,Hyundai,2013,118000,Petrol,Manual,9226,196000.0,13,New Delhi
Ford Ecosport,Ford,2013,150000,Petrol,Manual,9509,202000.0,13,New Delhi
Hyundai Elite i20,Hyundai,2018,63647,Diesel,Manual,20006,425000.0,8,New Delhi
Hyundai Eon,Hyundai,2015,85381,Petrol,Manual,3476,132000.0,11,New Delhi
Hyundai Grand i10,Hyundai,2015,117835,Petrol,Manual,6162,234000.0,11,New Delhi
Renault Pulse,Renault,2016,160409,Petrol,Manual,3003,135000.0,10,New Delhi
Honda Amaze,Honda,2015,85000,Petrol,Manual,5267,200000.0,11,New Delhi
Nissan Sunny,Nissan,2012,69439,Petrol,Manual,7730,87000.0,14,New Delhi
Hyundai i10,Hyundai,2012,105570,Petrol,Manual,8618,97000.0,14,New Delhi
Maruti Vitara Brezza,Maruti,2016,131904,Diesel,Manual,8618,469000.00000000006,10,New Delhi
KIA SELTOS,KIA,2021,76862,Petrol,Manual,14126,825000.0,5,New Delhi
Tata NEXON,Tata,2020,60683,Petrol,Auto,8120,459999.99999999994,6,New Delhi
Hyundai Grand i10,Hyundai,2014,46091,Petrol,Manual,7772,234000.0,12,New Delhi
Honda Amaze,Honda,2013,169207,Petrol,Auto,8144,173000.0,13,New Delhi
Maruti Wagon R 1.0,Maruti,2018,78199,Petrol,Manual,4590,260000.0,8,New Delhi
Hyundai Elite i20,Hyundai,2017,43576,Petrol,Manual,6784,347000.0,9,New Delhi
Hyundai i10,Hyundai,2013,85030,Petrol,Manual,6402,136000.0,13,New Delhi
Hyundai NEW SANTRO,Hyundai,2018,62788,Petrol,Manual,4643,263000.0,8,New Delhi
Maruti Wagon R 1.0,Maruti,2015,57548,Petrol,Manual,4766,181000.0,11,New Delhi
Maruti Vitara Brezza,Maruti,2017,137952,Diesel,Manual,41137,463000.0,9,New Delhi
Maruti Alto 800,Maruti,2013,120686,Petrol,Manual,7296,155000.0,13,New Delhi
Tata TIGOR,Tata,2021,41149,Petrol,Manual,6885,390000.0,5,New Delhi
Maruti Wagon R 1.0,Maruti,2016,53962,Petrol,Manual,6117,275000.0,10,New Delhi
Maruti Wagon R 1.0,Maruti,2016,232351,Petrol,Manual,3559,160000.0,10,New Delhi
Hyundai Grand i10,Hyundai,2014,136922,Petrol,Manual,5281,159000.0,12,New Delhi
Hyundai Xcent,Hyundai,2014,198026,Petrol,Manual,5414,163000.0,12,New Delhi
Hyundai i20,Hyundai,2013,91353,Petrol,Manual,7061,150000.0,13,New Delhi
Maruti Swift Dzire,Maruti,2016,183000,Petrol,Manual,5850,263000.0,10,New Delhi
Maruti Celerio,Maruti,2019,77672,Petrol,Manual,5631,319000.0,7,New Delhi
Chevrolet Beat,Chevrolet,2015,54254,Petrol,Manual,3608,137000.0,11,New Delhi
Nissan MAGNITE,Nissan,2021,20801,Petrol,Auto,8826,500000.0,5,New Delhi
Maruti Swift,Maruti,2012,140131,Petrol,Manual,20080,225999.99999999997,14,New Delhi
Maruti Wagon R 1.0,Maruti,2017,104143,Petrol,Manual,3960,178000.0,9,New Delhi
Tata Zest,Tata,2014,136654,Petrol,Manual,4916,148000.0,12,New Delhi
Tata Safari,Tata,2021,78551,Diesel,Auto,27293,1594000.0,5,New Delhi
Honda Brio,Honda,2012,82494,Petrol,Manual,8352,94000.0,14,New Delhi
Honda City,Honda,2010,112253,Petrol,Auto,8352,80000.0,16,New Delhi
Hyundai i10,Hyundai,2012,41307,Petrol,Manual,11106,125000.0,14,New Delhi
Volkswagen Polo,Volkswagen,2011,93343,Petrol,Manual,11106,97000.0,15,New Delhi
Honda Amaze,Honda,2013,68665,Petrol,Manual,9368,199000.0,13,New Delhi
Tata Tiago,Tata,2018,93764,Petrol,Manual,5066,287000.0,8,New Delhi
Maruti Wagon R 1.0,Maruti,2017,81024,Petrol,Manual,4966,254000.0,9,New Delhi
Hyundai Grand i10,Hyundai,2014,71523,Petrol,Manual,13286,400000.0,12,New Delhi
Honda Amaze,Honda,2014,154363,Petrol,Manual,7407,223000.0,12,New Delhi
Maruti Wagon R 1.0,Maruti,2012,145041,Petrol,Manual,6219,70000.0,14,New Delhi
Volkswagen Polo,Volkswagen,2020,111505,Petrol,Manual,11122,500000.0,6,New Delhi
Toyota Corolla Altis,Toyota,2014,185972,Petrol,Manual,9134,275000.0,12,New Delhi
Maruti Alto 800,Maruti,2016,7758,Petrol,Manual,4983,224000.00000000003,10,New Delhi
Toyota Etios Liva,Toyota,2014,45523,Petrol,Manual,6842,206000.0,12,New Delhi
Volkswagen Polo,Volkswagen,2013,94133,Petrol,Manual,8850,188000.0,13,New Delhi
Hyundai Verna,Hyundai,2014,87047,Petrol,Manual,9134,275000.0,12,New Delhi
Volkswagen Vento,Volkswagen,2013,148543,Petrol,Manual,8379,178000.0,13,New Delhi
Chevrolet Beat,Chevrolet,2015,59237,Diesel,Manual,4285,129000.0,11,New Delhi
Hyundai i10,Hyundai,2014,82795,Petrol,Manual,4916,148000.0,12,New Delhi
Tata ALTROZ,Tata,2020,78753,Petrol,Manual,7026,398000.0,6,New Delhi
Maruti Vitara Brezza,Maruti,2021,62514,Petrol,Manual,9179,520000.0,5,New Delhi
Mahindra Scorpio,Mahindra,2019,120778,Diesel,Manual,27402,836999.9999999999,7,New Delhi
Hyundai New Elantra,Hyundai,2019,46772,Petrol,Manual,14280,834000.0,7,New Delhi
Hyundai Creta,Hyundai,2017,51903,Petrol,Manual,13294,680000.0,9,New Delhi
Honda City,Honda,2014,175647,Diesel,Manual,11674,248000.0,12,New Delhi
Jeep Compass,Jeep,2017,59245,Diesel,Manual,64860,730000.0,9,New Delhi
Honda Amaze,Honda,2016,75823,Petrol,Manual,4827,217000.0,10,New Delhi
Maruti Vitara Brezza,Maruti,2017,57094,Diesel,Manual,48245,543000.0,9,New Delhi
Mahindra Kuv100,Mahindra,2016,111075,Diesel,Manual,48245,135000.0,10,New Delhi
Hyundai Verna,Hyundai,2012,79962,Petrol,Manual,12350,139000.0,14,New Delhi
Skoda Superb,Skoda,2011,47719,Petrol,Manual,12350,218000.00000000003,15,New Delhi
Toyota Etios,Toyota,2012,150000,Petrol,Manual,9773,110000.00000000001,14,New Delhi
Honda WR-V,Honda,2017,83832,Diesel,Manual,27543,310000.0,9,New Delhi
BMW 3 Series,BMW,2011,57260,Petrol,Auto,27543,237000.0,15,New Delhi
Honda City,Honda,2011,48778,Petrol,Manual,27543,135000.0,15,New Delhi
Hyundai Elite i20,Hyundai,2019,86733,Petrol,Manual,6620,375000.0,7,New Delhi
Ford Ecosport,Ford,2017,42576,Petrol,Auto,6393,327000.0,9,New Delhi
Tata Tiago,Tata,2018,132885,Diesel,Manual,9038,192000.0,8,New Delhi
Maruti Swift Dzire,Maruti,2014,226000,Petrol,Manual,7573,227999.99999999997,12,New Delhi
Tata NEXON,Tata,2017,108803,Diesel,Manual,24959,281000.0,9,New Delhi
Maruti Swift Dzire,Maruti,2014,66091,Petrol,Manual,7971,240000.0,12,New Delhi
Maruti Wagon R 1.0,Maruti,2013,90564,Petrol,Manual,6779,144000.0,13,New Delhi
Maruti Swift,Maruti,2017,71103,Petrol,Manual,6706,343000.0,9,New Delhi
Honda Amaze,Honda,2016,91437,Petrol,Manual,6340,285000.0,10,New Delhi
Honda Amaze,Honda,2014,117186,Petrol,Manual,6012,181000.0,12,New Delhi
Hyundai Grand i10,Hyundai,2017,137862,Petrol,Manual,6384,287000.0,9,New Delhi
Maruti Ciaz,Maruti,2016,142608,Diesel,Manual,6384,249000.00000000003,10,New Delhi
Tata ALTROZ,Tata,2020,106115,Diesel,Manual,11324,430000.0,6,New Delhi
Renault Duster,Renault,2016,69045,Diesel,Manual,11324,276000.0,10,New Delhi
Chevrolet Sail,Chevrolet,2013,78354,Petrol,Manual,4425,94000.0,13,New Delhi
Maruti New Wagon-R,Maruti,2019,134567,Petrol,Manual,6651,299000.0,7,New Delhi
Hyundai Grand i10,Hyundai,2015,179162,Diesel,Manual,4982,150000.0,11,New Delhi
Maruti Swift Dzire,Maruti,2016,185848,Diesel,Manual,4982,336000.0,10,New Delhi
Nissan Terrano,Nissan,2014,133055,Petrol,Manual,6444,194000.0,12,New Delhi
Maruti Alto,Maruti,2021,40294,Petrol,Manual,4572,259000.0,5,New Delhi
Hyundai Xcent,Hyundai,2015,92147,Petrol,Manual,7637,290000.0,11,New Delhi
Maruti Swift,Maruti,2012,78353,Petrol,Manual,16348,184000.0,14,New Delhi
Maruti Celerio,Maruti,2019,195856,Petrol,Manual,6451,290000.0,7,New Delhi
Hyundai Grand i10,Hyundai,2017,104073,Diesel,Manual,19991,225000.0,9,New Delhi
Maruti Alto 800,Maruti,2016,82101,Petrol,Manual,3047,137000.0,10,New Delhi
Skoda Rapid,Skoda,2011,71080,Petrol,Manual,3047,125000.0,15,New Delhi
Maruti Wagon R 1.0,Maruti,2016,34000,Petrol,Manual,5405,243000.00000000003,10,New Delhi
Maruti Wagon R 1.0,Maruti,2016,71016,Petrol,Manual,5561,250000.0,10,New Delhi
Toyota Etios Liva,Toyota,2016,83452,Diesel,Manual,5561,277000.0,10,New Delhi
Toyota Etios,Toyota,2016,85577,Petrol,Manual,4738,213000.0,10,New Delhi
Ford Ecosport,Ford,2017,86058,Petrol,Manual,7761,397000.0,9,New Delhi
Maruti Swift,Maruti,2015,93240,Petrol,Manual,7242,275000.0,11,New Delhi
Maruti Wagon R 1.0,Maruti,2017,144750,Petrol,Manual,4449,200000.0,9,New Delhi
Honda Amaze,Honda,2014,104248,Petrol,Manual,5314,160000.0,12,New Delhi
Hyundai Grand i10,Hyundai,2016,104579,Diesel,Manual,5314,179000.0,10,New Delhi
Maruti Swift Dzire,Maruti,2016,90884,Petrol,Manual,6762,304000.0,10,New Delhi
Maruti Wagon R 1.0,Maruti,2018,117424,Petrol,Manual,5650,254000.0,8,New Delhi
Maruti Swift,Maruti,2016,95425,Petrol,Manual,7252,326000.0,10,New Delhi
Toyota URBAN CRUISER HYRYDER,Toyota,2023,75128,Petrol,Auto,16266,950000.0,3,New Delhi
Hyundai i10,Hyundai,2012,55659,Petrol,Manual,10662,120000.0,14,New Delhi
Maruti Alto 800,Maruti,2018,65912,Petrol,Manual,4749,269000.0,8,New Delhi
Hyundai NEW I20,Hyundai,2022,33131,Petrol,Manual,10786,611000.0,4,New Delhi
Honda Civic,Honda,2011,157794,Petrol,Manual,10786,110000.00000000001,15,New Delhi
Hyundai i10,Hyundai,2010,105637,Petrol,Manual,10786,55000.00000000001,16,New Delhi
Maruti Alto K10,Maruti,2014,103060,Petrol,Manual,5049,152000.0,12,New Delhi
Hyundai i10,Hyundai,2012,58795,Petrol,Manual,13505,152000.0,14,New Delhi
Mahindra XUV500,Mahindra,2018,109541,Diesel,Manual,30598,650000.0,8,New Delhi
Tata TIGOR,Tata,2023,51374,Petrol,Manual,10874,616000.0,3,New Delhi
Hyundai Grand i10,Hyundai,2014,37113,Petrol,Manual,7706,231999.99999999997,12,New Delhi
Maruti Dzire,Maruti,2019,89704,Petrol,Manual,6618,375000.0,7,New Delhi
Renault Kwid,Renault,2021,51584,Petrol,Auto,5525,313000.0,5,New Delhi
Maruti Swift,Maruti,2012,140706,Petrol,Manual,21057,237000.0,14,New Delhi
Maruti Wagon R 1.0,Maruti,2012,51577,Petrol,Manual,11106,125000.0,14,New Delhi
Hyundai i10,Hyundai,2011,69895,Petrol,Manual,11106,123000.0,15,New Delhi
Maruti Wagon R 1.0,Maruti,2017,98577,Petrol,Manual,3910,200000.0,9,New Delhi
MG ASTOR,MG,2022,44611,Petrol,Manual,13240,750000.0,4,New Delhi
Nissan Terrano,Nissan,2014,100003,Petrol,Manual,7241,218000.00000000003,12,New Delhi
Hyundai i10,Hyundai,2013,101377,Petrol,Manual,5884,125000.0,13,New Delhi
Maruti Alto K10,Maruti,2012,42262,Petrol,Manual,12577,142000.0,14,New Delhi
Volkswagen Vento,Volkswagen,2013,170093,Diesel,Manual,12972,146000.0,13,New Delhi
Ford Figo Aspire,Ford,2017,245582,Diesel,Manual,15993,180000.0,9,New Delhi
Renault Kwid,Renault,2016,56168,Petrol,Manual,5094,229000.0,10,New Delhi
Maruti Ritz,Maruti,2014,96766,Petrol,Manual,5447,164000.0,12,New Delhi
Volkswagen Polo,Volkswagen,2016,81050,Petrol,Manual,6006,270000.0,10,New Delhi
Maruti Wagon R 1.0,Maruti,2014,108774,Petrol,Manual,6410,193000.0,12,New Delhi
Mahindra KUV 100 NXT,Mahindra,2017,60225,Petrol,Manual,4868,249000.00000000003,9,New Delhi
Hyundai i10,Hyundai,2015,111660,Petrol,Manual,3924,149000.0,11,New Delhi
Maruti Wagon R 1.0,Maruti,2012,264959,Petrol,Manual,9773,110000.00000000001,14,New Delhi
Maruti Celerio,Maruti,2014,94603,Petrol,Manual,5082,153000.0,12,New Delhi
Tata Tiago,Tata,2017,41166,Petrol,Auto,5865,300000.0,9,New Delhi
Mahindra Kuv100,Mahindra,2016,54372,Diesel,Manual,5865,180000.0,10,New Delhi
Maruti Swift Dzire,Maruti,2012,214412,Petrol,Manual,16437,185000.0,14,New Delhi
Maruti Swift Dzire,Maruti,2011,89385,Petrol,Manual,16437,120000.0,15,New Delhi
Renault TRIBER,Renault,2020,69932,Petrol,Manual,7591,430000.0,6,New Delhi
Hyundai New Elantra,Hyundai,2013,172661,Petrol,Manual,10027,213000.0,13,New Delhi
Hyundai Grand i10,Hyundai,2015,47272,Petrol,Manual,5504,209000.0,11,New Delhi
Maruti Swift,Maruti,2021,37755,Petrol,Manual,8385,475000.0,5,New Delhi
Hyundai i10,Hyundai,2013,47058,Petrol,Manual,7155,152000.0,13,New Delhi
Tata NEXON,Tata,2018,152908,Diesel,Manual,23443,498000.00000000006,8,New Delhi
Hyundai GRAND I10 NIOS,Hyundai,2023,35313,Petrol,Manual,8826,500000.0,3,New Delhi
Honda Brio,Honda,2015,53875,Petrol,Manual,5530,210000.0,11,New Delhi
Maruti Wagon R 1.0,Maruti,2018,116676,Petrol,Manual,5005,225000.0,8,New Delhi
Maruti Ertiga,Maruti,2017,134927,Petrol,Manual,8453,380000.0,9,New Delhi
Maruti Swift,Maruti,2016,99849,Petrol,Manual,7096,319000.0,10,New Delhi
Maruti Swift,Maruti,2012,44811,Petrol,Manual,13772,155000.0,14,New Delhi
Maruti Vitara Brezza,Maruti,2017,75075,Diesel,Manual,33763,380000.0,9,New Delhi
Honda City,Honda,2011,94915,Petrol,Manual,33763,172000.0,15,New Delhi
Ford FREESTYLE,Ford,2019,37666,Petrol,Manual,7026,398000.0,7,New Delhi
Hyundai Accent,Hyundai,2012,83986,Petrol,Manual,6664,75000.0,14,New Delhi
Maruti Wagon R 1.0,Maruti,2018,74312,Petrol,Manual,5649,320000.0,8,New Delhi
Maruti Wagon R 1.0,Maruti,2015,100040,Petrol,Manual,5109,194000.0,11,New Delhi
Skoda Octavia,Skoda,2015,106298,Petrol,Auto,10033,381000.0,11,New Delhi
Toyota Etios,Toyota,2011,106947,Petrol,Manual,10033,94000.0,15,New Delhi
ISUZU MU-X,ISUZU,2018,172000,Diesel,Auto,34458,732000.0,8,New Delhi
Maruti Wagon R 1.0,Maruti,2011,109440,Petrol,Manual,34458,97000.0,15,New Delhi
Maruti Swift Dzire,Maruti,2015,90805,Petrol,Manual,9191,349000.0,11,New Delhi
Hyundai Grand i10,Hyundai,2015,33878,Petrol,Manual,7373,280000.0,11,New Delhi
Nissan Terrano,Nissan,2015,73710,Petrol,Manual,5609,213000.0,11,New Delhi
Jeep Compass,Jeep,2017,107202,Petrol,Auto,17351,780000.0,9,New Delhi
Maruti Baleno,Maruti,2018,36141,Petrol,Auto,7326,415000.00000000006,8,New Delhi
Toyota Etios,Toyota,2011,83695,Petrol,Manual,7326,112000.00000000001,15,New Delhi
Hyundai i10,Hyundai,2011,79217,Petrol,Manual,7326,111000.00000000001,15,New Delhi
Maruti Swift Dzire,Maruti,2011,134629,Petrol,Manual,7326,110000.00000000001,15,New Delhi
Maruti Alto 800,Maruti,2019,84290,Petrol,Manual,3389,192000.0,7,New Delhi
Hyundai i10,Hyundai,2014,111104,Petrol,Manual,4318,130000.0,12,New Delhi
Toyota Etios,Toyota,2011,200000,Petrol,Manual,4318,145000.0,15,New Delhi
Maruti Baleno,Maruti,2016,59530,Petrol,Manual,6050,272000.0,10,New Delhi
Jeep Compass,Jeep,2017,74231,Petrol,Auto,13235,677000.0,9,New Delhi
Maruti Ritz,Maruti,2013,92786,Petrol,Manual,7720,164000.0,13,New Delhi
Maruti Swift Dzire,Maruti,2016,110056,Diesel,Manual,7720,252000.0,10,New Delhi
Maruti Wagon R 1.0,Maruti,2016,69724,Petrol,Manual,4894,220000.00000000003,10,New Delhi
Honda Amaze,Honda,2016,84921,Diesel,Manual,4894,243000.00000000003,10,New Delhi
Maruti Alto K10,Maruti,2019,28754,Petrol,Manual,4855,275000.0,7,New Delhi
Maruti Alto 800,Maruti,2018,160417,Petrol,Manual,4449,200000.0,8,New Delhi
Honda City,Honda,2018,66290,Petrol,Manual,8756,496000.0,8,New Delhi
Tata ALTROZ,Tata,2020,72220,Petrol,Manual,6161,349000.0,6,New Delhi
Honda Brio,Honda,2012,84597,Petrol,Manual,9951,112000.00000000001,14,New Delhi
Maruti Wagon R 1.0,Maruti,2012,113833,Petrol,Manual,11817,133000.0,14,New Delhi
Maruti Wagon R 1.0,Maruti,2015,118244,Petrol,Manual,4161,158000.0,11,New Delhi
Maruti IGNIS,Maruti,2017,80731,Petrol,Auto,5670,290000.0,9,New Delhi
Maruti Ertiga,Maruti,2017,64251,Diesel,Manual,50733,571000.0,9,New Delhi
Maruti Ciaz,Maruti,2022,46235,Petrol,Manual,10057,570000.0,4,New Delhi
Hyundai AURA,Hyundai,2020,37692,Petrol,Manual,8685,492000.0,6,New Delhi
Honda City,Honda,2017,125550,Diesel,Manual,36961,416000.0,9,New Delhi
Hyundai i10,Hyundai,2014,65181,Petrol,Manual,6244,188000.0,12,New Delhi
Maruti Swift,Maruti,2020,89602,Petrol,Manual,6955,394000.0,6,New Delhi
Maruti Swift Dzire,Maruti,2011,134370,Petrol,Manual,6955,104000.0,15,New Delhi
Renault TRIBER,Renault,2020,47684,Petrol,Auto,7061,400000.0,6,New Delhi
Maruti Wagon R 1.0,Maruti,2015,73835,Petrol,Manual,5425,206000.0,11,New Delhi
Hyundai i20,Hyundai,2011,96421,Petrol,Manual,5425,135000.0,15,New Delhi
Maruti Ciaz,Maruti,2018,80448,Petrol,Manual,6408,363000.0,8,New Delhi
Tata Tiago,Tata,2018,94492,Petrol,Manual,5737,325000.0,8,New Delhi
Maruti Alto 800,Maruti,2016,28817,Petrol,Manual,4805,216000.0,10,New Delhi
Maruti Alto,Maruti,2019,18337,Petrol,Manual,4237,240000.0,7,New Delhi
Maruti Swift,Maruti,2018,49530,Petrol,Manual,7149,405000.0,8,New Delhi
Tata Harrier,Tata,2019,126452,Diesel,Manual,21888,659000.0,7,New Delhi
Hyundai i10,Hyundai,2015,87628,Petrol,Manual,5267,200000.0,11,New Delhi
Honda City,Honda,2015,81296,Petrol,Manual,10455,397000.0,11,New Delhi
Tata TIGOR EV,Tata,2021,180215,Electric,Auto,6673,300000.0,5,New Delhi
Tata Curvv,Tata,2025,6670,Petrol,Manual,16609,969999.9999999999,1,New Delhi
Maruti Celerio,Maruti,2016,130185,Petrol,Manual,5061,227000.0,10,New Delhi
Mahindra Kuv100,Mahindra,2016,84296,Petrol,Manual,3670,165000.0,10,New Delhi
Ford Ecosport,Ford,2016,194617,Diesel,Manual,9243,351000.0,10,New Delhi
Maruti Baleno,Maruti,2019,59230,Petrol,Manual,7061,400000.0,7,New Delhi
Maruti Alto,Maruti,2019,107757,Petrol,Manual,5227,235000.0,7,New Delhi
Honda WR-V,Honda,2019,63656,Petrol,Manual,7061,400000.0,7,New Delhi
Maruti Wagon R 1.0,Maruti,2011,104322,Petrol,Manual,7061,125000.0,15,New Delhi
Maruti Swift Dzire,Maruti,2015,64734,Petrol,Manual,8269,314000.0,11,New Delhi
Hyundai Grand i10,Hyundai,2014,43410,Petrol,Manual,6477,195000.0,12,New Delhi
Honda Amaze,Honda,2016,54620,Petrol,Manual,5583,250999.99999999997,10,New Delhi
Maruti Ertiga,Maruti,2016,132604,Petrol,Manual,9921,446000.0,10,New Delhi
Hyundai Grand i10,Hyundai,2017,82308,Petrol,Manual,5024,256999.99999999997,9,New Delhi
Maruti Celerio,Maruti,2015,84183,Petrol,Manual,5820,221000.0,11,New Delhi
Maruti Ertiga,Maruti,2012,175292,Petrol,Manual,23545,265000.0,14,New Delhi
Tata TIGOR,Tata,2018,74094,Petrol,Auto,5525,313000.0,8,New Delhi
Fiat Punto EVO,Fiat,2017,59744,Petrol,Manual,4927,252000.0,9,New Delhi
Hyundai Santro Xing,Hyundai,2012,105957,Petrol,Manual,7463,84000.0,14,New Delhi
Volkswagen Polo,Volkswagen,2011,250000,Petrol,Manual,7463,84000.0,15,New Delhi
Ford Ecosport,Ford,2017,175058,Diesel,Manual,30653,345000.0,9,New Delhi
Maruti Swift,Maruti,2017,125099,Petrol,Manual,7207,324000.0,9,New Delhi
Volkswagen Polo,Volkswagen,2013,118885,Petrol,Manual,7767,165000.0,13,New Delhi
Hyundai i10,Hyundai,2015,151019,Petrol,Manual,4082,155000.0,11,New Delhi
Maruti Vitara Brezza,Maruti,2016,187818,Diesel,Manual,4082,378000.0,10,New Delhi
Maruti Wagon R 1.0,Maruti,2013,107978,Petrol,Manual,6449,137000.0,13,New Delhi
Maruti Wagon R 1.0,Maruti,2015,61490,Petrol,Manual,5767,219000.0,11,New Delhi
Hyundai Creta,Hyundai,2016,223270,Diesel,Manual,5767,575000.0,10,New Delhi
Maruti Celerio,Maruti,2016,144761,Petrol,Auto,3532,159000.0,10,New Delhi
Maruti Baleno,Maruti,2018,31097,Petrol,Manual,7750,438999.99999999994,8,New Delhi
Maruti Wagon R 1.0,Maruti,2014,145224,Petrol,Manual,5680,171000.0,12,New Delhi
Tata PUNCH,Tata,2023,45673,Petrol,Manual,10627,602000.0,3,New Delhi
Maruti Alto,Maruti,2012,62051,Petrol,Manual,11461,129000.0,14,New Delhi
Maruti Alto K10,Maruti,2013,136806,Petrol,Manual,5279,112000.00000000001,13,New Delhi
Hyundai Verna,Hyundai,2024,7818,Petrol,Auto,23235,1357000.0,2,New Delhi
Maruti Celerio,Maruti,2015,112482,Petrol,Auto,4898,186000.0,11,New Delhi
Honda City,Honda,2017,58860,Petrol,Manual,9365,479000.0,9,New Delhi
Mahindra Kuv100,Mahindra,2017,151309,Diesel,Manual,14394,162000.0,9,New Delhi
Maruti Ertiga,Maruti,2021,31312,Petrol,Manual,13869,810000.0,5,New Delhi
Maruti Wagon R 1.0,Maruti,2014,114982,Petrol,Manual,6178,186000.0,12,New Delhi
Maruti Dzire,Maruti,2017,123685,Petrol,Manual,8787,395000.0,9,New Delhi
Maruti Ertiga,Maruti,2024,28137,Petrol,Manual,15958,932000.0,2,New Delhi
Hyundai Grand i10,Hyundai,2014,130388,Petrol,Auto,7473,225000.0,12,New Delhi
Hyundai i10,Hyundai,2012,85408,Petrol,Auto,10306,115999.99999999999,14,New Delhi
Maruti Vitara Brezza,Maruti,2016,113680,Diesel,Manual,10306,450000.0,10,New Delhi
Mahindra Scorpio,Mahindra,2019,245781,Diesel,Manual,27337,835000.0,7,New Delhi
Toyota Etios,Toyota,2011,133350,Petrol,Manual,27337,90000.0,15,New Delhi
Ford Figo,Ford,2014,110351,Petrol,Manual,4617,139000.0,12,New Delhi
Honda BR-V,Honda,2018,40500,Petrol,Manual,10239,580000.0,8,New Delhi
Honda City,Honda,2017,84822,Petrol,Auto,9384,480000.0,9,New Delhi
Hyundai Santro Xing,Hyundai,2013,24691,Petrol,Manual,6167,131000.0,13,New Delhi
Tata TIGOR,Tata,2018,90272,Petrol,Manual,4996,283000.0,8,New Delhi
Mahindra Scorpio,Mahindra,2019,65918,Diesel,Manual,30577,934000.0,7,New Delhi
Maruti Ertiga,Maruti,2019,87913,Petrol,Manual,10592,600000.0,7,New Delhi
Maruti Wagon R 1.0,Maruti,2015,150394,Petrol,Manual,4793,182000.0,11,New Delhi
Hyundai Santro Xing,Hyundai,2011,121551,Petrol,Manual,4793,75000.0,15,New Delhi
Honda WR-V,Honda,2022,37355,Petrol,Manual,10786,611000.0,4,New Delhi
Renault Kwid,Renault,2016,97103,Petrol,Manual,3581,161000.0,10,New Delhi
Maruti Swift Dzire,Maruti,2011,128566,Petrol,Manual,3581,87000.0,15,New Delhi
Toyota Camry,Toyota,2014,120888,Petrol,Auto,18268,550000.0,12,New Delhi
Ford Figo Aspire,Ford,2017,97662,Diesel,Manual,25500,287000.0,9,New Delhi
Hyundai VENUE,Hyundai,2020,107000,Petrol,Manual,11100,499000.0,6,New Delhi
Toyota URBAN CRUISER,Toyota,2022,65665,Petrol,Auto,10433,591000.0,4,New Delhi
Honda Amaze,Honda,2015,92500,Petrol,Manual,5793,220000.00000000003,11,New Delhi
Maruti Ertiga,Maruti,2019,75000,Petrol,Manual,13293,753000.0,7,New Delhi
Renault Kwid,Renault,2020,22000,Petrol,Manual,4890,277000.0,6,New Delhi
Hyundai i20,Hyundai,2011,51492,Petrol,Manual,4890,128000.0,15,New Delhi
Maruti Ciaz,Maruti,2016,180762,Diesel,Manual,4890,289000.0,10,New Delhi
Maruti Swift,Maruti,2012,89140,Petrol,Manual,13594,153000.0,14,New Delhi
Tata PUNCH,Tata,2022,51967,Petrol,Manual,9338,529000.0,4,New Delhi
Tata Tiago,Tata,2017,40101,Petrol,Manual,6217,318000.0,9,New Delhi
Maruti Baleno,Maruti,2018,76341,Petrol,Manual,7061,400000.0,8,New Delhi
Chevrolet Beat,Chevrolet,2012,32097,Petrol,Manual,6397,72000.0,14,New Delhi
Honda Amaze,Honda,2014,204502,Diesel,Manual,7249,154000.0,12,New Delhi
Hyundai Santro Xing,Hyundai,2012,105646,Petrol,Manual,6841,77000.0,14,New Delhi
Hyundai i10,Hyundai,2011,96770,Petrol,Manual,6841,118000.0,15,New Delhi
Honda Amaze,Honda,2016,65676,Petrol,Manual,7897,355000.0,10,New Delhi
Skoda Rapid,Skoda,2012,28711,Petrol,Manual,15637,176000.0,14,New Delhi
Maruti Baleno,Maruti,2016,113092,Petrol,Manual,6896,310000.0,10,New Delhi
Hyundai Xcent,Hyundai,2015,100951,Petrol,Manual,4529,172000.0,11,New Delhi
Maruti Ritz,Maruti,2012,106868,Petrol,Manual,11284,127000.0,14,New Delhi
Hyundai Grand i10,Hyundai,2016,88464,Petrol,Manual,5205,234000.0,10,New Delhi
Tata Tiago,Tata,2016,72622,Diesel,Manual,5205,198000.0,10,New Delhi
Hyundai Grand i10,Hyundai,2014,50169,Petrol,Manual,10130,305000.0,12,New Delhi
Maruti Swift,Maruti,2011,79453,Petrol,Manual,10130,125000.0,15,New Delhi
Hyundai i20,Hyundai,2013,87484,Petrol,Manual,9415,200000.0,13,New Delhi
Nissan Micra,Nissan,2015,72506,Petrol,Manual,4055,154000.0,11,New Delhi
Maruti Alto K10,Maruti,2016,147911,Petrol,Auto,5161,231999.99999999997,10,New Delhi
Maruti Alto K10,Maruti,2011,69037,Petrol,Manual,5161,81000.0,15,New Delhi
Maruti Swift Dzire,Maruti,2011,157390,Petrol,Manual,5161,104000.0,15,New Delhi
Hyundai Santro Xing,Hyundai,2011,117518,Petrol,Manual,5161,74000.0,15,New Delhi
Maruti Zen Estilo,Maruti,2011,18363,Petrol,Manual,5161,69000.0,15,New Delhi
Tata Tiago,Tata,2019,38164,Petrol,Manual,5049,286000.0,7,New Delhi
Hyundai Elite i20,Hyundai,2019,539225,Petrol,Manual,8342,375000.0,7,New Delhi
Tata PUNCH,Tata,2024,26635,Petrol,Manual,11298,640000.0,2,New Delhi
Tata PUNCH,Tata,2023,18911,Petrol,Manual,9285,526000.0,3,New Delhi
Maruti Celerio,Maruti,2018,90234,Petrol,Manual,4448,252000.0,8,New Delhi
Maruti Alto K10,Maruti,2011,88807,Petrol,Manual,4448,97000.0,15,New Delhi
Maruti New Wagon-R,Maruti,2019,122207,Petrol,Manual,6874,309000.0,7,New Delhi
Maruti Vitara Brezza,Maruti,2018,125216,Diesel,Manual,24337,517000.0,8,New Delhi
Hyundai i10,Hyundai,2011,58818,Petrol,Manual,24337,130000.0,15,New Delhi
Maruti Baleno,Maruti,2019,59725,Petrol,Manual,10256,581000.0,7,New Delhi
Maruti Baleno,Maruti,2016,80778,Petrol,Manual,6362,286000.0,10,New Delhi
Maruti Celerio,Maruti,2018,50862,Petrol,Auto,4378,248000.0,8,New Delhi
Maruti Ciaz,Maruti,2016,150024,Diesel,Manual,4378,285000.0,10,New Delhi
Hyundai i10,Hyundai,2011,61364,Petrol,Manual,4378,114999.99999999999,15,New Delhi
Maruti Alto K10,Maruti,2011,68192,Petrol,Manual,4378,111000.00000000001,15,New Delhi
Maruti Baleno,Maruti,2020,33657,Petrol,Manual,9144,518000.0,6,New Delhi
Toyota Glanza,Toyota,2023,16603,Petrol,Manual,9444,535000.0,3,New Delhi
Tata NEXON,Tata,2018,95223,Diesel,Auto,25278,537000.0,8,New Delhi
Maruti Celerio,Maruti,2017,31000,Petrol,Manual,4888,250000.0,9,New Delhi
Honda City,Honda,2015,72821,Petrol,Auto,12245,465000.00000000006,11,New Delhi
Hyundai Grand i10,Hyundai,2015,49030,Petrol,Manual,7189,273000.0,11,New Delhi
Ford Ecosport,Ford,2016,86925,Petrol,Auto,10277,462000.0,10,New Delhi
Maruti New Wagon-R,Maruti,2019,76619,Petrol,Manual,6567,372000.0,7,New Delhi
Maruti Baleno,Maruti,2021,45486,Petrol,Manual,8314,471000.0,5,New Delhi
Ford FREESTYLE,Ford,2021,65531,Petrol,Manual,7891,447000.0,5,New Delhi
Maruti Alto,Maruti,2010,168951,Petrol,Manual,7891,56000.00000000001,16,New Delhi
Hyundai Elite i20,Hyundai,2015,110610,Petrol,Manual,7373,280000.0,11,New Delhi
Honda Amaze,Honda,2017,51870,Petrol,Manual,7496,383000.0,9,New Delhi
Maruti Vitara Brezza,Maruti,2019,93614,Diesel,Manual,20394,614000.0,7,New Delhi
Maruti Wagon R 1.0,Maruti,2016,29668,Petrol,Manual,5895,265000.0,10,New Delhi
Renault Duster,Renault,2016,80241,Diesel,Manual,5895,293000.0,10,New Delhi
Hyundai Santro Xing,Hyundai,2011,137591,Petrol,Manual,5895,73000.0,15,New Delhi
Toyota Etios,Toyota,2011,145544,Petrol,Manual,5895,143000.0,15,New Delhi
Honda City,Honda,2016,83800,Petrol,Manual,10077,453000.0,10,New Delhi
Maruti New Wagon-R,Maruti,2019,39772,Petrol,Manual,6178,350000.0,7,New Delhi
Maruti Baleno,Maruti,2020,10778,Petrol,Manual,8667,491000.0,6,New Delhi
Honda WR-V,Honda,2021,7970,Petrol,Manual,11333,642000.0,5,New Delhi
Mahindra XUV300,Mahindra,2019,44034,Diesel,Manual,19929,600000.0,7,New Delhi
Hyundai Grand i10,Hyundai,2017,66500,Petrol,Manual,5670,290000.0,9,New Delhi
Maruti Baleno,Maruti,2017,71129,Diesel,Manual,29320,330000.0,9,New Delhi
Maruti Ciaz,Maruti,2015,69552,Petrol,Manual,9059,344000.0,11,New Delhi
Maruti Wagon R 1.0,Maruti,2012,94953,Petrol,Manual,8618,97000.0,14,New Delhi
Hyundai Creta,Hyundai,2017,92576,Petrol,Auto,15406,788000.0,9,New Delhi
Hyundai Grand i10,Hyundai,2017,134443,Petrol,Manual,6340,285000.0,9,New Delhi
Mahindra MARAZZO,Mahindra,2019,42676,Diesel,Manual,19663,592000.0,7,New Delhi
Tata TIGOR,Tata,2018,107944,Petrol,Manual,6607,297000.0,8,New Delhi
Honda City,Honda,2011,148071,Petrol,Manual,6607,130000.0,15,New Delhi
Maruti Wagon R 1.0,Maruti,2011,58170,Petrol,Manual,6607,75000.0,15,New Delhi
MG HECTOR,MG,2021,37751,Petrol,Auto,14177,827999.9999999999,5,New Delhi
Skoda Fabia,Skoda,2011,141405,Petrol,Manual,14177,87000.0,15,New Delhi
Maruti Celerio,Maruti,2016,143237,Petrol,Manual,5450,245000.00000000003,10,New Delhi
Hyundai Creta,Hyundai,2017,84986,Petrol,Auto,13568,694000.0,9,New Delhi
Maruti Wagon R 1.0,Maruti,2018,60333,Petrol,Auto,4943,280000.0,8,New Delhi
MG HECTOR,MG,2019,38263,Petrol,Auto,16592,969000.0,7,New Delhi
Ford Ecosport,Ford,2016,95107,Diesel,Manual,16592,266000.0,10,New Delhi
Maruti Baleno,Maruti,2022,50000,Petrol,Manual,8297,470000.0,4,New Delhi
Hyundai Elite i20,Hyundai,2016,143722,Diesel,Manual,8297,280000.0,10,New Delhi
Maruti Wagon R 1.0,Maruti,2017,74139,Petrol,Manual,4712,241000.0,9,New Delhi
Maruti Swift,Maruti,2016,90224,Petrol,Manual,5895,265000.0,10,New Delhi
Maruti Baleno,Maruti,2017,52905,Petrol,Manual,8621,441000.0,9,New Delhi
Renault Kwid,Renault,2019,43851,Petrol,Manual,4007,227000.0,7,New Delhi
Tata ALTROZ,Tata,2021,75524,Diesel,Manual,8103,459000.0,5,New Delhi
Volkswagen Polo,Volkswagen,2011,96523,Petrol,Manual,8103,95000.0,15,New Delhi
Maruti Vitara Brezza,Maruti,2016,101430,Diesel,Manual,8103,451000.0,10,New Delhi
Tata Harrier,Tata,2020,139421,Diesel,Manual,29645,1147000.0,6,New Delhi
Hyundai Santro Xing,Hyundai,2012,106731,Petrol,Manual,9685,109000.00000000001,14,New Delhi
KIA CARENS,KIA,2023,73660,Petrol,Manual,14058,821000.0000000001,3,New Delhi
Maruti Swift,Maruti,2020,48033,Petrol,Manual,7449,422000.0,6,New Delhi
Maruti Swift,Maruti,2017,55194,Diesel,Manual,28609,322000.0,9,New Delhi
Tata Tiago,Tata,2016,47211,Petrol,Manual,5339,240000.0,10,New Delhi
Hyundai Grand i10,Hyundai,2014,11495,Petrol,Manual,7706,231999.99999999997,12,New Delhi
Volkswagen Polo,Volkswagen,2015,78067,Petrol,Manual,7505,285000.0,11,New Delhi
Maruti Wagon R 1.0,Maruti,2012,109623,Petrol,Manual,11106,125000.0,14,New Delhi
Maruti Wagon R 1.0,Maruti,2011,66298,Petrol,Manual,11106,74000.0,15,New Delhi
Skoda Rapid,Skoda,2012,110251,Petrol,Auto,16881,190000.0,14,New Delhi
Hyundai Grand i10,Hyundai,2014,183267,Petrol,Manual,6204,187000.0,12,New Delhi
Maruti Swift,Maruti,2017,57096,Petrol,Manual,5865,300000.0,9,New Delhi
Honda Jazz,Honda,2019,21989,Petrol,Auto,7838,444000.00000000006,7,New Delhi
Renault Kwid,Renault,2018,80148,Petrol,Auto,3884,220000.00000000003,8,New Delhi
Maruti Wagon R 1.0,Maruti,2014,103493,Petrol,Manual,5646,170000.0,12,New Delhi
Maruti Wagon R 1.0,Maruti,2016,89390,Petrol,Manual,4849,218000.00000000003,10,New Delhi
Maruti Swift,Maruti,2015,104357,Petrol,Manual,7031,267000.0,11,New Delhi
Maruti Vitara Brezza,Maruti,2017,111781,Diesel,Manual,35540,400000.0,9,New Delhi
Renault Kwid,Renault,2019,12284,Petrol,Manual,5296,300000.0,7,New Delhi
Honda City,Honda,2014,113246,Petrol,Manual,11459,345000.0,12,New Delhi
Maruti Wagon R 1.0,Maruti,2011,100531,Petrol,Manual,11459,99000.0,15,New Delhi
Hyundai Verna,Hyundai,2019,99736,Petrol,Auto,12357,700000.0,7,New Delhi
Mahindra SCORPIO-N,Mahindra,2023,81604,Diesel,Manual,19725,1152000.0,3,New Delhi
Maruti Baleno,Maruti,2016,95044,Petrol,Manual,6540,294000.0,10,New Delhi
Maruti Ertiga,Maruti,2014,35507,Petrol,Manual,16840,507000.0,12,New Delhi
Maruti Swift,Maruti,2019,124472,Petrol,Manual,7897,355000.0,7,New Delhi
Renault TRIBER,Renault,2020,135026,Petrol,Manual,7786,350000.0,6,New Delhi
Hyundai Verna,Hyundai,2014,41885,Petrol,Manual,13618,409999.99999999994,12,New Delhi
Hyundai Creta,Hyundai,2017,115342,Diesel,Manual,52598,592000.0,9,New Delhi
Chevrolet Cruze,Chevrolet,2017,107285,Diesel,Auto,37583,423000.00000000006,9,New Delhi
Honda Amaze,Honda,2017,137452,Petrol,Manual,6651,299000.0,9,New Delhi
Maruti Wagon R 1.0,Maruti,2016,195390,Petrol,Manual,4671,210000.0,10,New Delhi
Hyundai Grand i10,Hyundai,2014,131107,Petrol,Manual,5480,165000.0,12,New Delhi
Hyundai Creta,Hyundai,2017,64211,Petrol,Manual,11730,600000.0,9,New Delhi
Maruti Ertiga,Maruti,2017,162513,Diesel,Manual,43714,492000.0,9,New Delhi
Maruti Swift,Maruti,2015,47375,Petrol,Manual,7874,299000.0,11,New Delhi
Hyundai i10,Hyundai,2011,42565,Petrol,Manual,7874,82000.0,15,New Delhi
Tata TIAGO NRG,Tata,2023,15563,Petrol,Manual,8826,500000.0,3,New Delhi
Maruti Alto 800,Maruti,2015,138426,Petrol,Manual,4240,161000.0,11,New Delhi
Hyundai Eon,Hyundai,2017,28633,Petrol,Manual,4301,220000.00000000003,9,New Delhi
Hyundai Creta,Hyundai,2017,125822,Diesel,Auto,56152,632000.0,9,New Delhi
Hyundai i20,Hyundai,2012,85700,Petrol,Manual,15282,172000.0,14,New Delhi
Honda City,Honda,2011,80441,Petrol,Manual,15282,160000.0,15,New Delhi
Honda Jazz,Honda,2018,62139,Diesel,Manual,14781,314000.0,8,New Delhi
Chevrolet Sail,Chevrolet,2013,6526,Petrol,Manual,6873,146000.0,13,New Delhi
Hyundai VENUE,Hyundai,2021,57986,Petrol,Manual,9532,540000.0,5,New Delhi
Hyundai Creta,Hyundai,2016,133074,Diesel,Manual,9532,457000.0,10,New Delhi
Tata NEXON,Tata,2024,11084,Petrol,Auto,14554,850000.0,2,New Delhi
Nissan MAGNITE,Nissan,2024,14440,Petrol,Auto,11121,630000.0,2,New Delhi
Honda City,Honda,2014,65928,Petrol,Manual,12123,365000.0,12,New Delhi
Hyundai Eon,Hyundai,2013,90323,Petrol,Manual,5084,108000.0,13,New Delhi
Hyundai New Elantra,Hyundai,2012,48540,Petrol,Manual,29853,336000.0,14,New Delhi
Hyundai i20,Hyundai,2010,145682,Petrol,Manual,29853,184000.0,16,New Delhi
Maruti Vitara Brezza,Maruti,2016,65491,Diesel,Manual,29853,409999.99999999994,10,New Delhi
Hyundai i10,Hyundai,2011,63962,Petrol,Manual,29853,85000.0,15,New Delhi
Mahindra XUV500,Mahindra,2018,93519,Diesel,Auto,43159,926000.0,8,New Delhi
Hyundai i20,Hyundai,2011,132736,Petrol,Manual,43159,114999.99999999999,15,New Delhi
Hyundai NEW I20,Hyundai,2022,56587,Petrol,Auto,10239,580000.0,4,New Delhi
Maruti Baleno,Maruti,2018,128319,Petrol,Auto,8520,383000.0,8,New Delhi
Honda City,Honda,2011,98793,Petrol,Manual,8520,158000.0,15,New Delhi
Ford Ecosport,Ford,2016,119180,Diesel,Manual,8520,306000.0,10,New Delhi
Maruti Alto K10,Maruti,2016,81207,Petrol,Auto,4649,209000.0,10,New Delhi
Hyundai GRAND I10 NIOS,Hyundai,2022,51182,Petrol,Manual,7061,400000.0,4,New Delhi
Maruti Alto K10,Maruti,2011,1510,Petrol,Manual,7061,100000.0,15,New Delhi
Hyundai NEW SANTRO,Hyundai,2020,119256,Petrol,Manual,6050,272000.0,6,New Delhi
Hyundai i10,Hyundai,2013,116873,Petrol,Manual,6881,146000.0,13,New Delhi
Maruti Wagon R 1.0,Maruti,2011,42624,Petrol,Manual,6881,135000.0,15,New Delhi
Hyundai Creta,Hyundai,2017,111298,Diesel,Manual,47534,535000.0,9,New Delhi
Honda WR-V,Honda,2017,112300,Petrol,Manual,6985,314000.0,9,New Delhi
Maruti Wagon R 1.0,Maruti,2012,90008,Petrol,Manual,11995,135000.0,14,New Delhi
Maruti Ertiga,Maruti,2017,86497,Petrol,Manual,10029,513000.0,9,New Delhi
Honda City,Honda,2014,201315,Petrol,Manual,9300,280000.0,12,New Delhi
Hyundai i20,Hyundai,2011,96356,Petrol,Manual,9300,85000.0,15,New Delhi
Hyundai i20,Hyundai,2013,56150,Petrol,Manual,8426,179000.0,13,New Delhi
Renault Lodgy,Renault,2016,94165,Diesel,Manual,8426,200000.0,10,New Delhi
Maruti Wagon R 1.0,Maruti,2012,160733,Petrol,Manual,10573,119000.0,14,New Delhi
Tata Tiago,Tata,2022,68016,Petrol,Manual,7750,438999.99999999994,4,New Delhi
Toyota Etios,Toyota,2011,51180,Petrol,Manual,7750,120000.0,15,New Delhi
Hyundai Grand i10,Hyundai,2016,64617,Petrol,Manual,6740,303000.0,10,New Delhi
Hyundai Elite i20,Hyundai,2019,54429,Petrol,Manual,7997,453000.0,7,New Delhi
Maruti Dzire,Maruti,2018,116752,Petrol,Auto,10255,461000.00000000006,8,New Delhi
Hyundai Creta,Hyundai,2025,4180,Petrol,Manual,18595,1086000.0,1,New Delhi
Toyota Etios,Toyota,2011,91127,Petrol,Manual,18595,106000.0,15,New Delhi
Honda City,Honda,2012,86852,Petrol,Auto,15726,177000.0,14,New Delhi
Maruti Swift,Maruti,2015,51590,Petrol,Manual,8301,315000.0,11,New Delhi
Honda City,Honda,2015,147795,Petrol,Auto,11166,424000.0,11,New Delhi
Maruti Celerio,Maruti,2018,122986,Petrol,Manual,7140,321000.0,8,New Delhi
Maruti Celerio,Maruti,2019,30088,Petrol,Manual,5596,317000.0,7,New Delhi
Maruti Wagon R 1.0,Maruti,2014,94287,Petrol,Manual,4982,150000.0,12,New Delhi
Ford Ecosport,Ford,2016,89743,Diesel,Manual,7768,295000.0,10,New Delhi
Maruti Celerio,Maruti,2016,43881,Petrol,Auto,8008,360000.0,10,New Delhi
Maruti Ertiga,Maruti,2017,103402,Diesel,Manual,47534,535000.0,9,New Delhi
Honda Jazz,Honda,2016,133212,Diesel,Manual,47534,254999.99999999997,10,New Delhi
Maruti Swift Dzire,Maruti,2011,46577,Petrol,Manual,47534,134000.0,15,New Delhi
Maruti Baleno,Maruti,2016,42204,Petrol,Manual,7786,350000.0,10,New Delhi
Tata NEXON,Tata,2018,83137,Petrol,Manual,7096,401999.99999999994,8,New Delhi
Toyota Etios,Toyota,2011,26593,Petrol,Manual,7096,160000.0,15,New Delhi
Maruti Vitara Brezza,Maruti,2019,79181,Diesel,Manual,18766,565000.0,7,New Delhi
Tata NEXON,Tata,2019,205365,Diesel,Manual,14116,425000.0,7,New Delhi
KIA CARENS,KIA,2023,44690,Petrol,Manual,14897,869999.9999999999,3,New Delhi
Maruti Baleno,Maruti,2021,53433,Petrol,Manual,7414,420000.0,5,New Delhi
Hyundai Accent,Hyundai,2012,112332,Petrol,Manual,8352,94000.0,14,New Delhi
Maruti Ertiga,Maruti,2013,82331,Petrol,Manual,15958,339000.0,13,New Delhi
Maruti Ciaz,Maruti,2015,75691,Petrol,Manual,8163,310000.0,11,New Delhi
Maruti Swift,Maruti,2011,83993,Petrol,Manual,8163,98000.0,15,New Delhi
Maruti Eeco,Maruti,2016,241952,Petrol,Manual,4026,181000.0,10,New Delhi
Honda City,Honda,2016,150550,Petrol,Manual,8342,375000.0,10,New Delhi
Hyundai Grand i10,Hyundai,2015,80054,Petrol,Manual,7558,287000.0,11,New Delhi
Maruti SX4,Maruti,2011,127222,Petrol,Manual,7558,82000.0,15,New Delhi
Honda Brio,Honda,2015,83546,Petrol,Manual,6136,233000.0,11,New Delhi
Maruti Eeco,Maruti,2017,119600,Petrol,Manual,5383,242000.0,9,New Delhi
Maruti Eeco,Maruti,2019,86998,Petrol,Manual,5119,290000.0,7,New Delhi
Maruti Celerio,Maruti,2016,160956,Petrol,Manual,5339,240000.0,10,New Delhi
Maruti Wagon R 1.0,Maruti,2018,52085,Petrol,Manual,5472,310000.0,8,New Delhi
Honda Amaze,Honda,2018,82428,Petrol,Auto,8085,458000.0,8,New Delhi
Maruti Vitara Brezza,Maruti,2018,91899,Diesel,Manual,25937,551000.0,8,New Delhi
Maruti Swift,Maruti,2025,9935,Petrol,Auto,11457,649000.0,1,New Delhi
Maruti Alto K10,Maruti,2011,74184,Petrol,Manual,11457,75000.0,15,New Delhi
Honda City,Honda,2012,86255,Petrol,Manual,15637,176000.0,14,New Delhi
Maruti Baleno,Maruti,2018,85244,Petrol,Manual,10945,620000.0,8,New Delhi
Tata Tiago,Tata,2017,44123,Petrol,Manual,6197,317000.0,9,New Delhi
Ford Ecosport,Ford,2014,162027,Petrol,Auto,8802,265000.0,12,New Delhi
Hyundai Santro Xing,Hyundai,2012,159834,Petrol,Manual,10751,121000.0,14,New Delhi
Hyundai Santro Xing,Hyundai,2012,7035,Petrol,Manual,7463,84000.0,14,New Delhi
Datsun Redi Go,Datsun,2019,108179,Petrol,Manual,3826,172000.0,7,New Delhi
Honda Amaze,Honda,2016,60934,Petrol,Manual,7285,327000.0,10,New Delhi
Maruti Dzire,Maruti,2022,82754,Petrol,Manual,9656,547000.0,4,New Delhi
Hyundai Santro Xing,Hyundai,2013,67818,Petrol,Manual,5461,115999.99999999999,13,New Delhi
Maruti Vitara Brezza,Maruti,2018,170720,Diesel,Manual,18547,394000.0,8,New Delhi
Maruti Wagon R 1.0,Maruti,2011,92353,Petrol,Manual,18547,82000.0,15,New Delhi
Honda Amaze,Honda,2016,54104,Petrol,Manual,6006,270000.0,10,New Delhi
Hyundai i10,Hyundai,2013,71934,Petrol,Manual,6355,135000.0,13,New Delhi
Honda City,Honda,2011,106973,Petrol,Manual,6355,114999.99999999999,15,New Delhi
Maruti Dzire,Maruti,2017,114761,Diesel,Manual,8230,370000.0,9,New Delhi
Tata Tiago,Tata,2020,35169,Petrol,Manual,6532,370000.0,6,New Delhi
Honda City,Honda,2015,145255,Petrol,Auto,9259,352000.0,11,New Delhi
Maruti Wagon R 1.0,Maruti,2017,22507,Petrol,Auto,6452,330000.0,9,New Delhi
Toyota Etios,Toyota,2011,65045,Petrol,Manual,6452,100000.0,15,New Delhi
Toyota Etios,Toyota,2016,93640,Petrol,Manual,5761,259000.0,10,New Delhi
Maruti Swift Dzire,Maruti,2015,97977,Petrol,Manual,9164,348000.0,11,New Delhi
Maruti Wagon R 1.0,Maruti,2011,127388,Petrol,Manual,9164,93000.0,15,New Delhi
Maruti Celerio,Maruti,2021,64304,Petrol,Manual,6037,342000.0,5,New Delhi
Hyundai Santro Xing,Hyundai,2011,95495,Petrol,Manual,6037,84000.0,15,New Delhi
Honda Amaze,Honda,2016,91709,Petrol,Manual,5784,260000.0,10,New Delhi
Ford Figo,Ford,2011,75357,Petrol,Manual,5784,89000.0,15,New Delhi
Tata Tiago,Tata,2018,135075,Diesel,Manual,12098,256999.99999999997,8,New Delhi
Hyundai VENUE,Hyundai,2021,52990,Petrol,Manual,9938,563000.0,5,New Delhi
Maruti Swift Dzire,Maruti,2011,87889,Petrol,Manual,9938,90000.0,15,New Delhi
Maruti Baleno,Maruti,2016,113167,Petrol,Manual,6740,303000.0,10,New Delhi
Honda City,Honda,2011,125774,Petrol,Auto,6740,129000.0,15,New Delhi
Maruti Wagon R 1.0,Maruti,2012,188079,Petrol,Manual,11017,124000.0,14,New Delhi
Hyundai Creta,Hyundai,2017,178371,Petrol,Manual,10455,470000.0,9,New Delhi
Honda City,Honda,2011,82107,Petrol,Manual,10455,145000.0,15,New Delhi
Hyundai Grand i10,Hyundai,2018,16282,Petrol,Manual,7326,415000.00000000006,8,New Delhi
Hyundai i20,Hyundai,2013,113740,Petrol,Manual,7908,168000.0,13,New Delhi
Hyundai Creta,Hyundai,2016,145392,Diesel,Manual,7908,617000.0,10,New Delhi
Mahindra Scorpio,Mahindra,2019,96692,Diesel,Manual,27926,852999.9999999999,7,New Delhi
Maruti Swift Dzire,Maruti,2011,105466,Petrol,Manual,27926,120000.0,15,New Delhi
Maruti Vitara Brezza,Maruti,2017,101904,Diesel,Manual,37316,420000.0,9,New Delhi
Tata ALTROZ,Tata,2021,105051,Diesel,Manual,9699,436000.00000000006,5,New Delhi
Skoda SLAVIA,Skoda,2023,42028,Petrol,Auto,19400,1133000.0,3,New Delhi
Hyundai Grand i10,Hyundai,2017,164004,Diesel,Manual,22301,250999.99999999997,9,New Delhi
Volkswagen Polo,Volkswagen,2011,126679,Petrol,Manual,22301,111000.00000000001,15,New Delhi
Renault Kwid,Renault,2021,54036,Petrol,Manual,4837,274000.0,5,New Delhi
Toyota Etios Liva,Toyota,2017,26481,Petrol,Manual,6725,344000.0,9,New Delhi
Hyundai i10,Hyundai,2011,73870,Petrol,Manual,6725,81000.0,15,New Delhi
Maruti Wagon R 1.0,Maruti,2012,326909,Petrol,Manual,8174,92000.0,14,New Delhi
Tata Harrier,Tata,2022,74338,Diesel,Auto,26648,1400000.0,4,New Delhi
Maruti Celerio,Maruti,2015,44216,Petrol,Manual,7610,289000.0,11,New Delhi
Honda Amaze,Honda,2015,54543,Petrol,Manual,7979,303000.0,11,New Delhi
Honda City,Honda,2014,48000,Petrol,Manual,9466,285000.0,12,New Delhi
Hyundai i10,Hyundai,2014,83000,Petrol,Manual,5248,158000.0,12,New Delhi
Toyota Etios,Toyota,2014,24198,Petrol,Manual,7979,240000.0,12,New Delhi
KIA SELTOS,KIA,2024,23113,Petrol,Auto,21523,1257000.0,2,New Delhi
Honda Brio,Honda,2012,93708,Petrol,Manual,10484,118000.0,14,New Delhi
Maruti Celerio,Maruti,2019,118685,Petrol,Manual,6651,299000.0,7,New Delhi
Hyundai i20,Hyundai,2011,106982,Petrol,Manual,6651,93000.0,15,New Delhi
Hyundai Elite i20,Hyundai,2017,72503,Petrol,Manual,7155,366000.0,9,New Delhi
Nissan Micra,Nissan,2013,113479,Petrol,Manual,4849,103000.0,13,New Delhi
Ford Ecosport,Ford,2017,81315,Diesel,Manual,37850,426000.0,9,New Delhi
Maruti Alto,Maruti,2011,40412,Petrol,Manual,37850,64000.0,15,New Delhi
Honda City,Honda,2016,109573,Petrol,Auto,10455,470000.0,10,New Delhi
Maruti Dzire,Maruti,2017,77120,Diesel,Auto,36353,409000.0,9,New Delhi
Hyundai Santro Xing,Hyundai,2013,91105,Petrol,Manual,6449,137000.0,13,New Delhi
Maruti New Wagon-R,Maruti,2022,57276,Petrol,Manual,7661,434000.0,4,New Delhi
Tata NEXON,Tata,2021,62282,Petrol,Manual,12074,684000.0,5,New Delhi
Hyundai Santro Xing,Hyundai,2011,117506,Petrol,Manual,12074,77000.0,15,New Delhi
Maruti Swift Dzire,Maruti,2011,105033,Petrol,Manual,12074,99000.0,15,New Delhi
Maruti Alto K10,Maruti,2011,32342,Petrol,Manual,12074,127000.0,15,New Delhi
Maruti Wagon R 1.0,Maruti,2014,165787,Petrol,Manual,4982,150000.0,12,New Delhi
Maruti IGNIS,Maruti,2018,167786,Petrol,Manual,7274,327000.0,8,New Delhi
Nissan Micra,Nissan,2012,151045,Petrol,Manual,7463,84000.0,14,New Delhi
Tata Tiago,Tata,2021,38306,Petrol,Manual,5737,325000.0,5,New Delhi
Honda Brio,Honda,2013,70061,Petrol,Manual,7014,149000.0,13,New Delhi
Mahindra XUV500,Mahindra,2019,253720,Diesel,Manual,18500,557000.0,7,New Delhi
Hyundai Creta,Hyundai,2016,105680,Petrol,Auto,12234,550000.0,10,New Delhi
Hyundai VENUE,Hyundai,2021,59347,Petrol,Manual,10027,568000.0,5,New Delhi
Maruti Alto,Maruti,2020,17073,Petrol,Manual,5261,298000.0,6,New Delhi
Hyundai i10,Hyundai,2011,81847,Petrol,Manual,5261,110000.00000000001,15,New Delhi
Maruti Ertiga,Maruti,2012,174378,Petrol,Manual,23367,263000.0,14,New Delhi
Maruti Vitara Brezza,Maruti,2019,90785,Diesel,Manual,17205,518000.0,7,New Delhi
Honda City,Honda,2011,93830,Petrol,Manual,17205,165000.0,15,New Delhi
Mahindra XUV500,Mahindra,2017,203798,Diesel,Manual,34384,387000.0,9,New Delhi
Hyundai Creta,Hyundai,2017,65338,Petrol,Manual,9032,462000.0,9,New Delhi
Nissan Sunny,Nissan,2011,112067,Petrol,Manual,9032,97000.0,15,New Delhi
Hyundai Creta,Hyundai,2018,166362,Petrol,Auto,14014,630000.0,8,New Delhi
Hyundai i10,Hyundai,2010,119931,Petrol,Manual,14014,68000.0,16,New Delhi
KIA SELTOS,KIA,2023,20523,Petrol,Manual,16711,976000.0,3,New Delhi
Volkswagen Cross Polo,Volkswagen,2016,52328,Petrol,Manual,7786,350000.0,10,New Delhi
Hyundai Accent,Hyundai,2011,205882,Petrol,Manual,7786,82000.0,15,New Delhi
Mahindra Scorpio,Mahindra,2019,37603,Diesel,Manual,40923,1250000.0,7,New Delhi
Maruti Baleno,Maruti,2016,91998,Petrol,Manual,7986,359000.0,10,New Delhi
Toyota Corolla Altis,Toyota,2011,63975,Petrol,Manual,7986,180000.0,15,New Delhi
Hyundai i10,Hyundai,2013,119275,Petrol,Manual,6496,138000.0,13,New Delhi
Honda WR-V,Honda,2019,20692,Petrol,Manual,8957,507000.0,7,New Delhi
Hyundai i20 Active,Hyundai,2016,108482,Petrol,Manual,6251,281000.0,10,New Delhi
Renault Kwid,Renault,2019,51392,Petrol,Manual,4802,272000.0,7,New Delhi
Ford Figo Aspire,Ford,2015,104671,Diesel,Manual,4802,180000.0,11,New Delhi
Mahindra Scorpio,Mahindra,2019,52728,Diesel,Manual,36013,1100000.0,7,New Delhi
Honda City,Honda,2014,64613,Petrol,Manual,9533,287000.0,12,New Delhi
Hyundai Santro Xing,Hyundai,2013,113345,Petrol,Manual,4472,95000.0,13,New Delhi
Renault TRIBER,Renault,2023,83484,Petrol,Manual,7538,426999.99999999994,3,New Delhi
Honda Amaze,Honda,2016,144558,Petrol,Manual,5383,242000.0,10,New Delhi
Tata Tiago,Tata,2016,86003,Petrol,Manual,6184,278000.0,10,New Delhi
Ford Figo Aspire,Ford,2018,115026,Diesel,Manual,12710,270000.0,8,New Delhi
Maruti Ciaz,Maruti,2020,82698,Petrol,Manual,10539,597000.0,6,New Delhi
Tata NEXON,Tata,2019,46342,Petrol,Manual,7944,450000.0,7,New Delhi
Mahindra MARAZZO,Mahindra,2019,158015,Diesel,Manual,13286,400000.0,7,New Delhi
Honda Amaze,Honda,2018,49331,Petrol,Auto,6708,380000.0,8,New Delhi
Maruti XL6,Maruti,2021,59003,Petrol,Manual,12922,732000.0,5,New Delhi
Honda City,Honda,2011,231062,Petrol,Manual,12922,120000.0,15,New Delhi
Honda City,Honda,2011,85658,Petrol,Manual,12922,155000.0,15,New Delhi
Maruti Baleno,Maruti,2018,80696,Petrol,Manual,6938,393000.0,8,New Delhi
Maruti Vitara Brezza,Maruti,2021,104861,Petrol,Manual,11701,526000.0,5,New Delhi
Maruti Alto K10,Maruti,2011,106405,Petrol,Manual,11701,91000.0,15,New Delhi
Maruti Baleno,Maruti,2022,13275,Petrol,Manual,9179,520000.0,4,New Delhi
Maruti Alto,Maruti,2021,28538,Petrol,Manual,5508,312000.0,5,New Delhi
Maruti Baleno,Maruti,2023,18800,Petrol,Manual,9780,554000.0,3,New Delhi
Honda City,Honda,2012,77206,Petrol,Manual,15104,170000.0,14,New Delhi
Maruti Alto K10,Maruti,2011,84159,Petrol,Manual,15104,88000.0,15,New Delhi
Maruti Wagon R 1.0,Maruti,2012,90061,Petrol,Manual,9596,108000.0,14,New Delhi
Hyundai Elite i20,Hyundai,2015,104313,Petrol,Manual,7163,272000.0,11,New Delhi
Maruti Baleno,Maruti,2018,52058,Petrol,Manual,6090,345000.0,8,New Delhi
Hyundai Elite i20,Hyundai,2019,66408,Petrol,Manual,9374,531000.0,7,New Delhi
Hyundai Grand i10,Hyundai,2014,79621,Petrol,Manual,6909,208000.0,12,New Delhi
Maruti New Wagon-R,Maruti,2021,106849,Petrol,Manual,8230,370000.0,5,New Delhi
Hyundai Santro Xing,Hyundai,2013,88420,Petrol,Manual,5178,110000.00000000001,13,New Delhi
Hyundai Elite i20,Hyundai,2019,54913,Petrol,Manual,7911,448000.00000000006,7,New Delhi
Mahindra XUV500,Mahindra,2016,160951,Diesel,Manual,7911,576000.0,10,New Delhi
Honda City,Honda,2017,103574,Diesel,Manual,37494,422000.0,9,New Delhi
Mahindra XUV500,Mahindra,2017,161558,Diesel,Manual,48778,549000.0,9,New Delhi
Maruti Baleno,Maruti,2022,31906,Petrol,Manual,8809,499000.0,4,New Delhi
Maruti Swift,Maruti,2011,41394,Petrol,Manual,8809,85000.0,15,New Delhi
Maruti Ritz,Maruti,2011,46319,Petrol,Manual,8809,80000.0,15,New Delhi
Mahindra XUV500,Mahindra,2018,48322,Diesel,Manual,38451,825000.0,8,New Delhi
Maruti IGNIS,Maruti,2018,15326,Petrol,Manual,6320,358000.0,8,New Delhi
Hyundai VENUE,Hyundai,2020,46582,Petrol,Manual,9691,549000.0,6,New Delhi
Maruti New Wagon-R,Maruti,2021,68018,Petrol,Manual,6708,380000.0,5,New Delhi
Maruti New Wagon-R,Maruti,2022,62839,Petrol,Manual,7206,408000.0,4,New Delhi
Maruti Wagon R 1.0,Maruti,2012,84368,Petrol,Manual,12528,141000.0,14,New Delhi
Maruti Swift,Maruti,2022,64312,Petrol,Manual,8332,472000.0,4,New Delhi
Volkswagen VIRTUS,Volkswagen,2023,14814,Petrol,Auto,21745,1270000.0,3,New Delhi
Honda Amaze,Honda,2017,104221,Diesel,Manual,24167,272000.0,9,New Delhi
Tata Tiago,Tata,2019,91932,Diesel,Manual,8304,250000.0,7,New Delhi
Maruti Swift Dzire,Maruti,2015,106272,Petrol,Manual,6926,263000.0,11,New Delhi
Maruti Baleno,Maruti,2018,51810,Petrol,Manual,6532,370000.0,8,New Delhi
Honda Jazz,Honda,2016,117701,Petrol,Manual,6673,300000.0,10,New Delhi
Hyundai Verna,Hyundai,2019,96923,Petrol,Auto,11474,650000.0,7,New Delhi
Hyundai Elite i20,Hyundai,2016,115336,Petrol,Manual,7652,344000.0,10,New Delhi
Maruti Wagon R 1.0,Maruti,2011,128349,Petrol,Manual,7652,90000.0,15,New Delhi
Hyundai Creta,Hyundai,2016,156297,Diesel,Manual,7652,550000.0,10,New Delhi
Maruti New Wagon-R,Maruti,2020,43377,Petrol,Manual,6673,378000.0,6,New Delhi
Mahindra XUV700,Mahindra,2022,65009,Diesel,Auto,37459,1968000.0,4,New Delhi
Toyota Fortuner,Toyota,2017,184043,Diesel,Manual,44246,2035000.0000000002,9,New Delhi
Tata PUNCH,Tata,2022,80483,Petrol,Manual,8279,469000.00000000006,4,New Delhi
Maruti Wagon R 1.0,Maruti,2011,90119,Petrol,Manual,8279,91000.0,15,New Delhi
Hyundai Elite i20,Hyundai,2015,83412,Petrol,Manual,7900,300000.0,11,New Delhi
Toyota Innova Crysta,Toyota,2017,160348,Diesel,Manual,95010,1075000.0,9,New Delhi
Ford Figo Aspire,Ford,2017,53217,Diesel,Manual,29942,337000.0,9,New Delhi
Volkswagen VIRTUS,Volkswagen,2024,17278,Petrol,Auto,24965,1458000.0,2,New Delhi
Maruti Wagon R 1.0,Maruti,2010,72616,Petrol,Manual,24965,72000.0,16,New Delhi
Hyundai Santro Xing,Hyundai,2013,60291,Petrol,Manual,8379,178000.0,13,New Delhi
Maruti Eeco,Maruti,2018,55532,Petrol,Manual,5190,294000.0,8,New Delhi
Maruti Wagon R 1.0,Maruti,2014,103477,Petrol,Manual,5979,180000.0,12,New Delhi
Tata NEXON,Tata,2018,154555,Diesel,Auto,19263,409000.0,8,New Delhi
Hyundai Elite i20,Hyundai,2018,100384,Petrol,Manual,8030,361000.0,8,New Delhi
Maruti Swift,Maruti,2017,31092,Petrol,Manual,5767,295000.0,9,New Delhi
Maruti Alto K10,Maruti,2018,46913,Petrol,Auto,5472,310000.0,8,New Delhi
Ford Ecosport,Ford,2014,63848,Petrol,Auto,7905,238000.0,12,New Delhi
Maruti Celerio,Maruti,2018,60545,Petrol,Manual,5631,319000.0,8,New Delhi
Maruti Wagon R 1.0,Maruti,2014,114118,Petrol,Manual,4982,150000.0,12,New Delhi
Maruti Dzire,Maruti,2018,181005,Petrol,Auto,10766,484000.0,8,New Delhi
Maruti Wagon R 1.0,Maruti,2014,183440,Petrol,Manual,5447,164000.0,12,New Delhi
Honda City,Honda,2019,82531,Diesel,Manual,19098,575000.0,7,New Delhi
Maruti Ciaz,Maruti,2017,56641,Petrol,Manual,9091,465000.00000000006,9,New Delhi
Maruti Vitara Brezza,Maruti,2020,33971,Petrol,Manual,11810,669000.0,6,New Delhi
Toyota Etios,Toyota,2011,75871,Petrol,Manual,11810,110000.00000000001,15,New Delhi
Ford Figo,Ford,2011,114108,Petrol,Manual,11810,69000.0,15,New Delhi
Mahindra XUV500,Mahindra,2018,121348,Diesel,Manual,37985,815000.0,8,New Delhi
Hyundai Verna,Hyundai,2011,297332,Petrol,Manual,37985,174000.0,15,New Delhi
Maruti Dzire,Maruti,2019,45587,Petrol,Manual,8791,498000.00000000006,7,New Delhi
Maruti Ciaz,Maruti,2019,42718,Petrol,Auto,9938,563000.0,7,New Delhi
Maruti Swift Dzire,Maruti,2017,70988,Diesel,Manual,39449,444000.00000000006,9,New Delhi
Honda City,Honda,2012,191878,Petrol,Manual,13949,157000.0,14,New Delhi
Hyundai Santro Xing,Hyundai,2014,116735,Petrol,Manual,4916,148000.0,12,New Delhi
Honda Amaze,Honda,2018,78401,Petrol,Manual,6973,395000.0,8,New Delhi
Ford Ecosport,Ford,2015,62996,Petrol,Manual,7900,300000.0,11,New Delhi
Ford Ecosport,Ford,2017,78392,Petrol,Manual,7273,372000.0,9,New Delhi
Tata ALTROZ,Tata,2020,65375,Diesel,Manual,12983,493000.0,6,New Delhi
Maruti Dzire,Maruti,2017,81084,Petrol,Auto,6843,350000.0,9,New Delhi
Maruti Vitara Brezza,Maruti,2018,192758,Diesel,Manual,23725,504000.0,8,New Delhi
Maruti Wagon R 1.0,Maruti,2011,30497,Petrol,Manual,23725,86000.0,15,New Delhi
Tata Tiago,Tata,2021,45682,Petrol,Manual,6196,351000.0,5,New Delhi
Chevrolet Beat,Chevrolet,2013,105684,Petrol,Manual,3954,84000.0,13,New Delhi
Hyundai Santro Xing,Hyundai,2012,92511,Petrol,Manual,7463,84000.0,14,New Delhi
Renault Kwid,Renault,2022,20364,Petrol,Manual,5737,325000.0,4,New Delhi
Nissan MAGNITE,Nissan,2021,15888,Petrol,Manual,7767,440000.00000000006,5,New Delhi
Maruti Baleno,Maruti,2019,94491,Petrol,Manual,7644,433000.0,7,New Delhi
Hyundai Grand i10,Hyundai,2017,46970,Petrol,Manual,5670,290000.0,9,New Delhi
Hyundai Santro Xing,Hyundai,2011,44975,Petrol,Manual,5670,87000.0,15,New Delhi
Maruti Swift Dzire,Maruti,2011,157199,Petrol,Manual,5670,80000.0,15,New Delhi
Mahindra XUV500,Mahindra,2018,148556,Diesel,Manual,26691,567000.0,8,New Delhi
Hyundai Verna,Hyundai,2011,130367,Petrol,Manual,26691,140000.0,15,New Delhi
Maruti Alto,Maruti,2011,59649,Petrol,Manual,26691,70000.0,15,New Delhi
Maruti Celerio,Maruti,2014,196106,Petrol,Manual,5879,177000.0,12,New Delhi
Maruti Eeco,Maruti,2012,139299,Petrol,Manual,10306,115999.99999999999,14,New Delhi
Maruti Alto,Maruti,2012,37728,Petrol,Manual,8263,93000.0,14,New Delhi
Maruti Vitara Brezza,Maruti,2019,144380,Diesel,Manual,16541,498000.00000000006,7,New Delhi
Maruti A Star,Maruti,2011,71813,Petrol,Manual,16541,80000.0,15,New Delhi
MG ASTOR,MG,2023,16086,Petrol,Auto,19691,1150000.0,3,New Delhi
Maruti Swift Dzire,Maruti,2021,107089,Petrol,Manual,8831,397000.0,5,New Delhi
Tata NEXON,Tata,2019,65073,Diesel,Manual,14282,430000.0,7,New Delhi
Ford FREESTYLE,Ford,2019,65297,Diesel,Manual,15378,463000.0,7,New Delhi
Hyundai Creta,Hyundai,2017,131280,Diesel,Manual,61928,697000.0,9,New Delhi
Ford Ecosport,Ford,2016,126250,Petrol,Auto,8164,367000.0,10,New Delhi
Hyundai Verna,Hyundai,2018,80951,Diesel,Manual,28432,604000.0,8,New Delhi
Maruti Alto K10,Maruti,2010,99999,Petrol,Manual,28432,72000.0,16,New Delhi
Maruti Baleno,Maruti,2016,67974,Petrol,Manual,7852,353000.0,10,New Delhi
Maruti Swift Dzire,Maruti,2011,113281,Petrol,Manual,7852,88000.0,15,New Delhi
Maruti Dzire,Maruti,2019,95523,Petrol,Manual,6708,380000.0,7,New Delhi
Maruti Ciaz,Maruti,2015,103874,Petrol,Manual,9322,354000.0,11,New Delhi
Tata Harrier,Tata,2020,43000,Diesel,Auto,22841,1334000.0,6,New Delhi
Hyundai Santro Xing,Hyundai,2013,98917,Petrol,Manual,4425,94000.0,13,New Delhi
Maruti Vitara Brezza,Maruti,2021,56679,Petrol,Manual,9532,540000.0,5,New Delhi
Maruti Swift,Maruti,2011,102392,Petrol,Manual,9532,110000.00000000001,15,New Delhi
Hyundai Xcent,Hyundai,2017,136611,Diesel,Manual,24167,272000.0,9,New Delhi
Hyundai i20,Hyundai,2011,91898,Petrol,Manual,24167,80000.0,15,New Delhi
Tata Tiago,Tata,2022,29741,Petrol,Manual,7026,398000.0,4,New Delhi
Honda Jazz,Honda,2016,90329,Petrol,Auto,6673,300000.0,10,New Delhi
Hyundai Creta,Hyundai,2017,83261,Petrol,Manual,9716,497000.0,9,New Delhi
Maruti Swift Dzire,Maruti,2011,108824,Petrol,Manual,9716,139000.0,15,New Delhi
Honda City,Honda,2016,132913,Petrol,Manual,9743,438000.0,10,New Delhi
Renault Duster,Renault,2013,108972,Petrol,Manual,9415,200000.0,13,New Delhi
Volkswagen Polo,Volkswagen,2011,105480,Petrol,Manual,9415,115999.99999999999,15,New Delhi
Hyundai Santro Xing,Hyundai,2013,45305,Petrol,Manual,7155,152000.0,13,New Delhi
Maruti Baleno,Maruti,2024,60195,Petrol,Manual,11563,655000.0,2,New Delhi
Hyundai Elite i20,Hyundai,2017,92498,Petrol,Manual,7194,368000.0,9,New Delhi
Hyundai Creta,Hyundai,2017,66746,Petrol,Manual,11100,499000.0,9,New Delhi
Mahindra Thar,Mahindra,2023,43541,Diesel,Manual,19331,1129000.0,3,New Delhi
Maruti Vitara Brezza,Maruti,2016,153962,Diesel,Manual,12166,462000.0,10,New Delhi
Hyundai Santro Xing,Hyundai,2010,194630,Petrol,Manual,12166,63000.0,16,New Delhi
Renault TRIBER,Renault,2022,28760,Petrol,Manual,7700,436000.00000000006,4,New Delhi
Hyundai Santro Xing,Hyundai,2012,125112,Petrol,Manual,8085,91000.0,14,New Delhi
Mahindra XUV700,Mahindra,2023,85037,Diesel,Auto,33697,1968000.0,3,New Delhi
Maruti Celerio,Maruti,2018,85564,Petrol,Manual,6055,343000.0,8,New Delhi
Maruti Swift Dzire,Maruti,2017,88118,Diesel,Manual,25766,290000.0,9,New Delhi
Maruti Ertiga,Maruti,2012,76523,Petrol,Manual,24433,275000.0,14,New Delhi
Tata TIGOR,Tata,2018,54971,Petrol,Auto,6620,375000.0,8,New Delhi
Maruti New Wagon-R,Maruti,2021,66309,Petrol,Manual,6973,395000.0,5,New Delhi
Maruti Dzire,Maruti,2017,73940,Diesel,Manual,33940,382000.0,9,New Delhi
Maruti FRONX,Maruti,2023,24683,Petrol,Manual,11157,632000.0,3,New Delhi
Maruti Alto,Maruti,2022,60394,Petrol,Manual,5366,304000.0,4,New Delhi
Mahindra Thar,Mahindra,2023,22381,Diesel,Manual,22088,1290000.0,3,New Delhi
Maruti Ertiga,Maruti,2019,41781,Petrol,Manual,13766,803999.9999999999,7,New Delhi
Maruti Ertiga,Maruti,2020,110427,Petrol,Manual,17195,773000.0,6,New Delhi
Maruti Swift,Maruti,2023,8484,Petrol,Manual,10592,600000.0,3,New Delhi
Ford Ecosport,Ford,2017,51219,Diesel,Manual,8942,401999.99999999994,9,New Delhi
Tata PUNCH,Tata,2024,4190,Petrol,Auto,14468,844999.9999999999,2,New Delhi
Hyundai Santro Xing,Hyundai,2012,99913,Petrol,Manual,7019,79000.0,14,New Delhi
Maruti Swift Dzire,Maruti,2011,52845,Petrol,Manual,7019,90000.0,15,New Delhi
Toyota Innova Crysta,Toyota,2018,70031,Diesel,Manual,47400,1017000.0,8,New Delhi
Tata NEXON,Tata,2021,66553,Petrol,Manual,9585,543000.0,5,New Delhi
Mahindra XUV500,Mahindra,2016,90287,Diesel,Manual,9585,391000.0,10,New Delhi
Maruti Baleno,Maruti,2018,40974,Petrol,Manual,6849,388000.0,8,New Delhi
Honda Jazz,Honda,2011,46579,Petrol,Manual,6849,202000.0,15,New Delhi
Maruti Wagon R 1.0,Maruti,2017,64500,Petrol,Manual,4731,242000.0,9,New Delhi
Nissan MAGNITE,Nissan,2022,36844,Petrol,Manual,8032,455000.0,4,New Delhi
Toyota Etios,Toyota,2011,94092,Petrol,Manual,8032,85000.0,15,New Delhi
Maruti Vitara Brezza,Maruti,2019,58622,Diesel,Auto,16375,493000.0,7,New Delhi
Maruti Wagon R 1.0,Maruti,2010,118175,Petrol,Manual,16375,68000.0,16,New Delhi
Maruti New Wagon-R,Maruti,2022,41940,Petrol,Manual,7502,425000.0,4,New Delhi
Hyundai Elite i20,Hyundai,2019,76614,Petrol,Manual,7838,444000.00000000006,7,New Delhi
Maruti Ciaz,Maruti,2016,68000,Petrol,Manual,7341,330000.0,10,New Delhi
Hyundai AURA,Hyundai,2023,50817,Petrol,Manual,10539,597000.0,3,New Delhi
Honda City,Honda,2012,98899,Petrol,Manual,13772,155000.0,14,New Delhi
Honda City,Honda,2014,26622,Petrol,Manual,9931,299000.0,12,New Delhi
Tata NEXON,Tata,2023,37578,Petrol,Manual,11068,627000.0,3,New Delhi
Tata NEXON,Tata,2021,53432,Petrol,Manual,11121,630000.0,5,New Delhi
Toyota Innova Crysta,Toyota,2021,41094,Diesel,Manual,33701,1550000.0,5,New Delhi
Hyundai i10,Hyundai,2011,85818,Petrol,Manual,33701,72000.0,15,New Delhi
Maruti Ertiga,Maruti,2020,51893,Petrol,Manual,12357,700000.0,6,New Delhi
Maruti Alto,Maruti,2012,76323,Petrol,Manual,9151,103000.0,14,New Delhi
Honda WR-V,Honda,2018,77451,Petrol,Manual,9285,526000.0,8,New Delhi
Maruti IGNIS,Maruti,2018,72359,Petrol,Auto,6267,355000.0,8,New Delhi
Mahindra Thar,Mahindra,2022,57675,Petrol,Auto,22567,1318000.0,4,New Delhi
Ford Ecosport,Ford,2016,55770,Petrol,Manual,7341,330000.0,10,New Delhi
Honda WR-V,Honda,2017,73881,Diesel,Manual,34296,386000.0,9,New Delhi
Honda Amaze,Honda,2019,15014,Petrol,Manual,8526,483000.0,7,New Delhi
Maruti Ciaz,Maruti,2016,64288,Petrol,Manual,9654,434000.0,10,New Delhi
Tata PUNCH,Tata,2024,35818,Petrol,Manual,8879,503000.0,2,New Delhi
Hyundai i20,Hyundai,2011,98201,Petrol,Manual,8879,89000.0,15,New Delhi
Honda Civic,Honda,2012,113785,Petrol,Manual,13772,155000.0,14,New Delhi
Maruti Ciaz,Maruti,2017,146242,Diesel,Manual,39449,444000.00000000006,9,New Delhi
Hyundai Elite i20,Hyundai,2019,46292,Petrol,Auto,8544,484000.0,7,New Delhi
Tata NEXON,Tata,2021,49970,Petrol,Manual,12233,693000.0,5,New Delhi
Maruti Wagon R 1.0,Maruti,2011,96204,Petrol,Manual,12233,86000.0,15,New Delhi
Maruti Baleno,Maruti,2018,69193,Petrol,Manual,7026,398000.0,8,New Delhi
Maruti Zen Estilo,Maruti,2010,193092,Petrol,Manual,7026,55000.00000000001,16,New Delhi
Ford Ecosport,Ford,2015,93299,Petrol,Manual,8348,317000.0,11,New Delhi
Maruti Wagon R 1.0,Maruti,2017,37315,Petrol,Auto,5982,306000.0,9,New Delhi
Maruti Baleno,Maruti,2023,49050,Petrol,Manual,11510,652000.0,3,New Delhi
Maruti Alto K10,Maruti,2016,14493,Petrol,Manual,5895,265000.0,10,New Delhi
Hyundai Elite i20,Hyundai,2016,97243,Petrol,Manual,7496,337000.0,10,New Delhi
Mahindra XUV500,Mahindra,2018,81483,Diesel,Auto,37286,800000.0,8,New Delhi
Maruti Ciaz,Maruti,2016,103870,Petrol,Manual,8275,372000.0,10,New Delhi
Maruti Baleno,Maruti,2019,94958,Petrol,Manual,7485,424000.0,7,New Delhi
Maruti Baleno,Maruti,2018,122664,Petrol,Manual,7051,317000.0,8,New Delhi
Honda Amaze,Honda,2020,48971,Petrol,Manual,7414,420000.0,6,New Delhi
Honda City,Honda,2016,116598,Petrol,Manual,8497,382000.0,10,New Delhi
Hyundai Creta,Hyundai,2017,144693,Petrol,Manual,10900,490000.00000000006,9,New Delhi
Tata Harrier,Tata,2020,98660,Diesel,Manual,22272,861999.9999999999,6,New Delhi
Honda Amaze,Honda,2018,116473,Petrol,Manual,8742,393000.0,8,New Delhi
Tata TIGOR,Tata,2022,107606,Petrol,Manual,8787,395000.0,4,New Delhi
Maruti Swift,Maruti,2017,62465,Diesel,Manual,32252,363000.0,9,New Delhi
Maruti FRONX,Maruti,2024,61112,Petrol,Manual,13681,775000.0,2,New Delhi
Ford Ecosport,Ford,2017,125714,Diesel,Manual,26388,297000.0,9,New Delhi
Nissan MAGNITE,Nissan,2021,89607,Petrol,Manual,7273,412000.0,5,New Delhi
Hyundai Verna,Hyundai,2024,21779,Petrol,Auto,20050,1171000.0,2,New Delhi
Hyundai Grand i10,Hyundai,2019,91750,Petrol,Manual,7961,451000.0,7,New Delhi
Maruti SX4,Maruti,2013,88564,Petrol,Manual,8473,180000.0,13,New Delhi
Mahindra XUV500,Mahindra,2019,48280,Diesel,Manual,25309,762000.0,7,New Delhi
Hyundai Santro Xing,Hyundai,2011,195680,Petrol,Manual,25309,63000.0,15,New Delhi
Maruti Wagon R 1.0,Maruti,2011,103737,Petrol,Manual,25309,112000.00000000001,15,New Delhi
Tata Tiago,Tata,2017,98966,Petrol,Manual,5376,275000.0,9,New Delhi
Renault Duster,Renault,2013,81874,Petrol,Manual,7532,160000.0,13,New Delhi
Hyundai i10,Hyundai,2011,121154,Petrol,Manual,7532,77000.0,15,New Delhi
Honda Brio,Honda,2016,55531,Petrol,Manual,5717,256999.99999999997,10,New Delhi
Maruti Wagon R 1.0,Maruti,2011,13995,Petrol,Manual,5717,86000.0,15,New Delhi
Maruti Swift,Maruti,2020,53947,Petrol,Manual,8809,499000.0,6,New Delhi
Ford Figo,Ford,2011,110228,Petrol,Manual,8809,94000.0,15,New Delhi
Skoda Rapid,Skoda,2017,74025,Petrol,Manual,8974,459000.0,9,New Delhi
Tata NEXON,Tata,2022,16238,Petrol,Auto,12710,720000.0,4,New Delhi
Maruti S Cross,Maruti,2017,66664,Diesel,Manual,34651,390000.0,9,New Delhi
Honda Jazz,Honda,2017,57888,Petrol,Auto,8172,418000.0,9,New Delhi
Tata Curvv,Tata,2024,10922,Petrol,Manual,16968,991000.0,2,New Delhi
Maruti Ciaz,Maruti,2016,64171,Petrol,Manual,7763,349000.0,10,New Delhi
Maruti Celerio,Maruti,2019,180173,Petrol,Manual,7051,317000.0,7,New Delhi
Maruti Alto,Maruti,2011,254112,Petrol,Manual,7051,68000.0,15,New Delhi
Maruti Baleno,Maruti,2015,172802,Petrol,Manual,7558,287000.0,11,New Delhi
Mahindra XUV300,Mahindra,2021,80260,Diesel,Auto,13347,600000.0,5,New Delhi
Tata NEXON,Tata,2024,45000,Petrol,Auto,16609,969999.9999999999,2,New Delhi
Tata PUNCH,Tata,2024,11865,Petrol,Manual,12057,683000.0,2,New Delhi
Toyota Etios Liva,Toyota,2011,102917,Petrol,Manual,12057,110000.00000000001,15,New Delhi
Maruti Vitara Brezza,Maruti,2017,143125,Diesel,Manual,36783,413999.99999999994,9,New Delhi
Honda Jazz,Honda,2015,80746,Petrol,Manual,6873,261000.0,11,New Delhi
Renault TRIBER,Renault,2022,94999,Petrol,Manual,6708,380000.0,4,New Delhi
Hyundai Creta,Hyundai,2017,165119,Diesel,Manual,40337,454000.0,9,New Delhi
Hyundai GRAND I10 NIOS,Hyundai,2022,55497,Petrol,Manual,9074,513999.99999999994,4,New Delhi
Ford Ecosport,Ford,2017,151619,Diesel,Manual,33141,373000.0,9,New Delhi
Tata PUNCH,Tata,2024,15689,Petrol,Manual,8950,507000.0,2,New Delhi
Toyota Corolla Altis,Toyota,2011,121637,Petrol,Manual,8950,147000.0,15,New Delhi
Maruti Wagon R 1.0,Maruti,2015,97221,Petrol,Manual,4477,170000.0,11,New Delhi
Maruti Celerio,Maruti,2017,44869,Petrol,Auto,5259,269000.0,9,New Delhi
Maruti Wagon R 1.0,Maruti,2011,91656,Petrol,Manual,5259,94000.0,15,New Delhi
Toyota Etios Liva,Toyota,2018,196280,Diesel,Manual,17182,365000.0,8,New Delhi
Maruti New Wagon-R,Maruti,2022,97204,Petrol,Manual,7520,426000.0,4,New Delhi
Mahindra SCORPIO-N,Mahindra,2023,82782,Diesel,Manual,24725,1444000.0,3,New Delhi
Maruti Alto,Maruti,2010,181156,Petrol,Manual,24725,52000.0,16,New Delhi
Maruti New Wagon-R,Maruti,2019,102500,Petrol,Manual,7229,325000.0,7,New Delhi
Hyundai NEW I20,Hyundai,2022,25224,Petrol,Manual,11192,634000.0,4,New Delhi
Mahindra XUV500,Mahindra,2019,114877,Diesel,Auto,36798,1124000.0,7,New Delhi
Tata Harrier,Tata,2022,59400,Diesel,Auto,26115,1372000.0,4,New Delhi
Tata Harrier,Tata,2022,43528,Diesel,Manual,22993,1208000.0,4,New Delhi
Tata NEXON,Tata,2022,37745,Petrol,Manual,12357,700000.0,4,New Delhi
Hyundai Elite i20,Hyundai,2015,44606,Petrol,Manual,8848,336000.0,11,New Delhi
Hyundai Santro Xing,Hyundai,2010,148447,Petrol,Manual,8848,60000.0,16,New Delhi
Honda Amaze,Honda,2017,54110,Petrol,Manual,6364,325000.0,9,New Delhi
Maruti New Wagon-R,Maruti,2022,85070,Petrol,Manual,7873,446000.0,4,New Delhi
Mahindra TUV300,Mahindra,2018,99935,Diesel,Manual,17605,374000.0,8,New Delhi
Honda Brio,Honda,2013,155389,Petrol,Auto,7391,157000.0,13,New Delhi
Tata NEXON,Tata,2024,32526,Petrol,Manual,16266,950000.0,2,New Delhi
Hyundai AURA,Hyundai,2023,47504,Petrol,Manual,11051,626000.0,3,New Delhi
Tata TIGOR,Tata,2022,81022,Petrol,Manual,8120,459999.99999999994,4,New Delhi
Maruti New Wagon-R,Maruti,2021,153997,Petrol,Manual,9521,428000.0,5,New Delhi
Tata ALTROZ,Tata,2021,39860,Petrol,Manual,7944,450000.0,5,New Delhi
Maruti New Wagon-R,Maruti,2023,43449,Petrol,Manual,7750,438999.99999999994,3,New Delhi
Honda City,Honda,2014,47372,Petrol,Manual,10296,310000.0,12,New Delhi
Hyundai Creta,Hyundai,2018,116586,Diesel,Manual,30598,650000.0,8,New Delhi
Toyota Etios,Toyota,2014,66337,Petrol,Manual,9798,295000.0,12,New Delhi
Hyundai AURA,Hyundai,2021,125910,Petrol,Manual,11500,517000.0,5,New Delhi
Hyundai AURA,Hyundai,2022,37679,Petrol,Manual,10592,600000.0,4,New Delhi
Maruti S PRESSO,Maruti,2024,6728,Petrol,Manual,6496,368000.0,2,New Delhi
Mahindra XUV300,Mahindra,2019,59488,Petrol,Manual,8738,495000.0,7,New Delhi
Hyundai Elite i20,Hyundai,2018,100918,Petrol,Manual,9320,419000.00000000006,8,New Delhi
Hyundai Elite i20,Hyundai,2018,53804,Petrol,Manual,7255,411000.00000000006,8,New Delhi
Nissan Sunny,Nissan,2014,102326,Petrol,Manual,7706,231999.99999999997,12,New Delhi
Hyundai NEW SANTRO,Hyundai,2019,24713,Petrol,Auto,5825,330000.0,7,New Delhi
Hyundai Creta,Hyundai,2016,98490,Petrol,Manual,10010,450000.0,10,New Delhi
Maruti New Wagon-R,Maruti,2022,110245,Petrol,Manual,10121,455000.0,4,New Delhi
Honda Amaze,Honda,2018,69793,Petrol,Manual,7414,420000.0,8,New Delhi
Ford Ecosport,Ford,2018,100090,Petrol,Manual,10010,450000.0,8,New Delhi
Mahindra Scorpio,Mahindra,2021,75923,Diesel,Manual,24808,1141000.0,5,New Delhi
Maruti New Wagon-R,Maruti,2019,38647,Petrol,Manual,6284,356000.0,7,New Delhi
Hyundai NEW I20,Hyundai,2022,48561,Petrol,Auto,11351,643000.0,4,New Delhi
Maruti New Wagon-R,Maruti,2022,21103,Petrol,Manual,7873,446000.0,4,New Delhi
Honda Jazz,Honda,2015,61812,Petrol,Manual,8084,307000.0,11,New Delhi
Hyundai GRAND I10 NIOS,Hyundai,2022,30522,Petrol,Manual,9268,525000.0,4,New Delhi
Maruti Ertiga,Maruti,2017,236715,Petrol,Manual,10677,480000.0,9,New Delhi
Honda City,Honda,2016,80664,Petrol,Manual,9187,413000.0,10,New Delhi
Hyundai Elite i20,Hyundai,2019,72628,Petrol,Manual,7855,445000.0,7,New Delhi
Tata PUNCH,Tata,2022,20125,Petrol,Manual,8491,480999.99999999994,4,New Delhi
Maruti Swift,Maruti,2013,3732,Petrol,Manual,14357,305000.0,13,New Delhi
Hyundai NEW SANTRO,Hyundai,2021,63232,Petrol,Manual,6426,364000.0,5,New Delhi
Hyundai NEW I20,Hyundai,2022,98831,Diesel,Manual,12512,640000.0,4,New Delhi
Tata NEXON,Tata,2023,24596,Petrol,Manual,16848,984000.0,3,New Delhi
Maruti Baleno,Maruti,2018,93048,Petrol,Auto,7043,399000.0,8,New Delhi
Maruti Swift,Maruti,2016,93161,Diesel,Manual,7043,323000.0,10,New Delhi
Hyundai Santro Xing,Hyundai,2012,110140,Petrol,Manual,8618,97000.0,14,New Delhi
Maruti Swift,Maruti,2019,157114,Petrol,Manual,9743,438000.0,7,New Delhi
Maruti Baleno,Maruti,2021,38377,Petrol,Manual,9303,527000.0,5,New Delhi
Honda Amaze,Honda,2017,99793,Diesel,Manual,26210,295000.0,9,New Delhi
Honda City,Honda,2015,113515,Petrol,Manual,8769,333000.0,11,New Delhi
Nissan Micra,Nissan,2011,102570,Petrol,Manual,8769,85000.0,15,New Delhi
Renault Kwid,Renault,2022,30967,Petrol,Manual,5102,289000.0,4,New Delhi
Ford FREESTYLE,Ford,2018,122223,Petrol,Manual,7919,356000.0,8,New Delhi
Maruti Swift Dzire,Maruti,2015,38526,Petrol,Manual,9217,350000.0,11,New Delhi
Maruti Alto K10,Maruti,2025,2630,Petrol,Manual,7485,424000.0,1,New Delhi
Maruti Baleno,Maruti,2015,84899,Petrol,Manual,8532,324000.0,11,New Delhi
KIA SONET,KIA,2021,33994,Petrol,Manual,11298,640000.0,5,New Delhi
Tata Tiago,Tata,2020,61177,Petrol,Manual,6390,362000.0,6,New Delhi
Hyundai i10,Hyundai,2011,96442,Petrol,Manual,6390,66000.0,15,New Delhi
Maruti New Wagon-R,Maruti,2020,105079,Petrol,Manual,7786,350000.0,6,New Delhi
Maruti Baleno,Maruti,2018,58664,Petrol,Manual,7096,401999.99999999994,8,New Delhi
Tata NEXON,Tata,2019,63016,Petrol,Auto,9144,518000.0,7,New Delhi
Tata PUNCH,Tata,2023,42729,Petrol,Manual,9179,520000.0,3,New Delhi
Maruti IGNIS,Maruti,2020,83204,Petrol,Manual,6231,353000.0,6,New Delhi
Tata PUNCH,Tata,2025,64,Petrol,Manual,12110,686000.0,1,New Delhi
Maruti Ciaz,Maruti,2016,69928,Petrol,Manual,8475,381000.0,10,New Delhi
Tata NEXON,Tata,2024,51177,Petrol,Auto,17516,1023000.0,2,New Delhi
Skoda KUSHAQ,Skoda,2021,39091,Petrol,Manual,16900,986999.9999999999,5,New Delhi
Skoda SLAVIA,Skoda,2022,37331,Petrol,Manual,14087,798000.0,4,New Delhi
Ford Ecosport,Ford,2018,205903,Diesel,Manual,16099,342000.0,8,New Delhi
Tata Harrier,Tata,2020,83101,Diesel,Manual,28999,1122000.0,6,New Delhi
Maruti Dzire,Maruti,2021,31367,Petrol,Manual,8544,484000.0,5,New Delhi
Toyota Corolla Altis,Toyota,2015,145264,Petrol,Auto,14484,550000.0,11,New Delhi
Tata NEXON,Tata,2022,35502,Petrol,Manual,11563,655000.0,4,New Delhi
Tata Tiago,Tata,2019,62603,Petrol,Manual,4819,273000.0,7,New Delhi
Maruti Vitara Brezza,Maruti,2017,95358,Diesel,Manual,33940,382000.0,9,New Delhi
Hyundai i10,Hyundai,2011,102206,Petrol,Manual,33940,96000.0,15,New Delhi
Maruti Baleno,Maruti,2023,1831,Petrol,Auto,13557,768000.0,3,New Delhi
Hyundai Creta,Hyundai,2017,169950,Diesel,Manual,46557,524000.0,9,New Delhi
Mahindra XUV500,Mahindra,2018,132172,Diesel,Auto,32951,700000.0,8,New Delhi
Hyundai GRAND I10 NIOS,Hyundai,2022,13868,Diesel,Auto,12219,625000.0,4,New Delhi
Tata NEXON,Tata,2019,69254,Diesel,Manual,15611,470000.0,7,New Delhi
Honda Amaze,Honda,2021,112546,Petrol,Manual,9765,438999.99999999994,5,New Delhi
Honda City,Honda,2014,112609,Petrol,Manual,11160,336000.0,12,New Delhi
Maruti Ertiga,Maruti,2016,85549,Diesel,Manual,11160,632000.0,10,New Delhi
Toyota Innova Crysta,Toyota,2017,90204,Diesel,Manual,87675,992000.0,9,New Delhi
Maruti Baleno,Maruti,2016,116781,Petrol,Manual,7407,333000.0,10,New Delhi
Tata NEXON,Tata,2019,95745,Diesel,Auto,14946,450000.0,7,New Delhi
MG HECTOR PLUS,MG,2023,18100,Petrol,Auto,25769,1505000.0,3,New Delhi
Hyundai i10,Hyundai,2011,98574,Petrol,Manual,25769,95000.0,15,New Delhi
Maruti Swift Dzire,Maruti,2017,72844,Diesel,Manual,26655,300000.0,9,New Delhi
Renault Duster,Renault,2019,83831,Diesel,Manual,15876,478000.0,7,New Delhi
Toyota Etios Liva,Toyota,2012,182437,Petrol,Manual,11728,132000.0,14,New Delhi
Tata NEXON,Tata,2022,70766,Petrol,Manual,13081,741000.0,4,New Delhi
Ford Ecosport,Ford,2015,35960,Petrol,Auto,10402,395000.0,11,New Delhi
Maruti Dzire,Maruti,2017,125953,Diesel,Auto,34384,387000.0,9,New Delhi
Tata Tiago,Tata,2022,101444,Petrol,Manual,10744,483000.0,4,New Delhi
Volkswagen Vento,Volkswagen,2021,45224,Petrol,Auto,16044,936999.9999999999,5,New Delhi
Honda City,Honda,2014,28881,Petrol,Manual,10296,310000.0,12,New Delhi
Hyundai Creta,Hyundai,2018,138130,Petrol,Manual,13347,600000.0,8,New Delhi
Maruti Ciaz,Maruti,2018,46000,Petrol,Manual,8279,469000.00000000006,8,New Delhi
Tata NEXON,Tata,2023,73747,Diesel,Auto,17979,1050000.0,3,New Delhi
Maruti Vitara Brezza,Maruti,2020,67542,Petrol,Auto,11933,676000.0,6,New Delhi
Ford Figo Aspire,Ford,2019,92538,Petrol,Manual,5755,326000.0,7,New Delhi
Maruti Alto,Maruti,2012,120838,Petrol,Manual,8618,97000.0,14,New Delhi
Hyundai NEW SANTRO,Hyundai,2020,11779,Petrol,Manual,6743,382000.0,6,New Delhi
Hyundai Elite i20,Hyundai,2017,59634,Petrol,Manual,8094,413999.99999999994,9,New Delhi
Honda City,Honda,2017,68150,Petrol,Manual,8563,438000.0,9,New Delhi
Honda Amaze,Honda,2023,65463,Petrol,Manual,9585,543000.0,3,New Delhi
Honda Jazz,Honda,2012,109131,Petrol,Manual,10129,113999.99999999999,14,New Delhi
Tata NEXON,Tata,2019,88694,Diesel,Auto,13950,420000.0,7,New Delhi
Hyundai Creta,Hyundai,2018,74257,Diesel,Manual,35305,750000.0,8,New Delhi
Hyundai ALCAZAR,Hyundai,2022,102745,Diesel,Auto,29613,1362000.0,4,New Delhi
Honda City,Honda,2017,184696,Petrol,Manual,10766,484000.0,9,New Delhi
Hyundai AURA,Hyundai,2021,75139,Petrol,Manual,10768,610000.0,5,New Delhi
Tata NEXON,Tata,2020,79650,Petrol,Auto,9956,564000.0,6,New Delhi
Maruti Ciaz,Maruti,2017,150807,Petrol,Auto,9387,422000.0,9,New Delhi
Tata NEXON,Tata,2021,69374,Petrol,Auto,11298,640000.0,5,New Delhi
Tata NEXON,Tata,2022,27476,Petrol,Manual,12357,700000.0,4,New Delhi
Hyundai i10,Hyundai,2011,101651,Petrol,Manual,12357,93000.0,15,New Delhi
Nissan MAGNITE,Nissan,2023,27721,Petrol,Manual,8438,478000.0,3,New Delhi
Tata NEXON,Tata,2021,81154,Diesel,Auto,13925,626000.0,5,New Delhi
Hyundai Creta,Hyundai,2019,125722,Diesel,Auto,23250,700000.0,7,New Delhi
Tata Tiago,Tata,2022,76672,Petrol,Manual,6690,379000.0,4,New Delhi
Mahindra XUV500,Mahindra,2019,160000,Diesel,Manual,21589,650000.0,7,New Delhi
Honda City,Honda,2017,29600,Petrol,Manual,9775,500000.0,9,New Delhi
Maruti S Cross,Maruti,2017,189259,Diesel,Manual,39093,440000.00000000006,9,New Delhi
Maruti Eeco,Maruti,2011,257888,Petrol,Manual,39093,85000.0,15,New Delhi
Tata Hexa,Tata,2018,78562,Diesel,Manual,32650,694000.0,8,New Delhi
Maruti XL6,Maruti,2022,51994,Petrol,Manual,16061,938000.0000000001,4,New Delhi
Tata NEXON,Tata,2022,64243,Petrol,Manual,13363,757000.0,4,New Delhi
Maruti Eeco,Maruti,2023,116234,Petrol,Manual,12791,575000.0,3,New Delhi
Maruti Vitara Brezza,Maruti,2022,41377,Petrol,Manual,10680,605000.0,4,New Delhi
Maruti Swift Dzire,Maruti,2011,105392,Petrol,Manual,10680,86000.0,15,New Delhi
Mahindra XUV500,Mahindra,2016,149169,Diesel,Auto,10680,463000.0,10,New Delhi
Maruti Baleno,Maruti,2018,149601,Petrol,Manual,8052,362000.0,8,New Delhi
Honda Mobilio,Honda,2014,40794,Petrol,Manual,10828,326000.0,12,New Delhi
Maruti New Wagon-R,Maruti,2022,79496,Petrol,Manual,7202,408000.0,4,New Delhi
Honda City,Honda,2015,85283,Petrol,Manual,9349,355000.0,11,New Delhi
Maruti IGNIS,Maruti,2021,60599,Petrol,Manual,6426,364000.0,5,New Delhi
Honda City,Honda,2013,61941,Petrol,Manual,12663,269000.0,13,New Delhi
Maruti Baleno,Maruti,2019,70051,Petrol,Auto,7626,432000.0,7,New Delhi
Maruti Swift,Maruti,2022,24813,Petrol,Manual,8968,508000.0,4,New Delhi
Mahindra XUV500,Mahindra,2016,58240,Diesel,Auto,8968,650000.0,10,New Delhi
Maruti Swift Dzire,Maruti,2020,67170,Petrol,Manual,6973,395000.0,6,New Delhi
Honda Jazz,Honda,2017,62370,Petrol,Manual,6823,349000.0,9,New Delhi
Toyota Etios Liva,Toyota,2011,53520,Petrol,Manual,6823,132000.0,15,New Delhi
Hyundai VENUE,Hyundai,2022,29214,Petrol,Manual,11474,650000.0,4,New Delhi
Maruti Baleno,Maruti,2018,111275,Petrol,Manual,8631,388000.0,8,New Delhi
Tata PUNCH,Tata,2025,128,Petrol,Manual,12586,713000.0,1,New Delhi
Hyundai ALCAZAR,Hyundai,2022,97127,Diesel,Auto,25506,1340000.0,4,New Delhi
Hyundai Grand i10,Hyundai,2018,58887,Petrol,Manual,5455,309000.0,8,New Delhi
Honda City,Honda,2016,57392,Petrol,Manual,9454,425000.0,10,New Delhi
Ford FREESTYLE,Ford,2020,108233,Petrol,Manual,8787,395000.0,6,New Delhi
Honda Jazz,Honda,2015,33088,Petrol,Auto,10323,392000.0,11,New Delhi
Mahindra XUV500,Mahindra,2018,92426,Diesel,Manual,32292,686000.0,8,New Delhi
Maruti Dzire,Maruti,2018,167909,Petrol,Manual,9587,430999.99999999994,8,New Delhi
KIA SONET,KIA,2020,34799,Petrol,Manual,10998,623000.0,6,New Delhi
Maruti Vitara Brezza,Maruti,2019,68541,Diesel,Manual,18600,560000.0,7,New Delhi
Honda Amaze,Honda,2016,84383,Petrol,Manual,6896,310000.0,10,New Delhi
Maruti Baleno,Maruti,2018,138395,Diesel,Manual,18971,403000.0,8,New Delhi
Maruti S PRESSO,Maruti,2020,31663,Petrol,Manual,5967,338000.0,6,New Delhi
Mahindra Thar,Mahindra,2021,49096,Petrol,Auto,20770,1213000.0,5,New Delhi
Mahindra Thar,Mahindra,2021,74337,Petrol,Auto,20770,1213000.0,5,New Delhi
Tata NEXON,Tata,2023,26558,Petrol,Manual,11704,663000.0,3,New Delhi
Hyundai Creta,Hyundai,2019,70591,Petrol,Auto,13681,775000.0,7,New Delhi
Hyundai Santro Xing,Hyundai,2012,100915,Petrol,Manual,9151,103000.0,14,New Delhi
Maruti Ciaz,Maruti,2018,89940,Petrol,Manual,7432,421000.0,8,New Delhi
Ford Ecosport,Ford,2017,116717,Diesel,Manual,29142,328000.0,9,New Delhi
Hyundai EXTER,Hyundai,2023,42781,Petrol,Manual,11651,660000.0,3,New Delhi
Hyundai Creta,Hyundai,2016,57861,Petrol,Manual,14125,635000.0,10,New Delhi
Tata NEXON,Tata,2022,60817,Petrol,Manual,11527,653000.0,4,New Delhi
Maruti Swift,Maruti,2011,52081,Petrol,Manual,11527,125000.0,15,New Delhi
Honda City,Honda,2021,47706,Petrol,Manual,13434,761000.0,5,New Delhi
Maruti Celerio,Maruti,2019,102832,Petrol,Manual,7496,337000.0,7,New Delhi
Hyundai Elite i20,Hyundai,2016,83583,Petrol,Manual,7140,321000.0,10,New Delhi
Nissan MAGNITE,Nissan,2021,80365,Petrol,Manual,8826,500000.0,5,New Delhi
Maruti Ertiga,Maruti,2017,125365,Petrol,Manual,11100,499000.0,9,New Delhi
Tata PUNCH,Tata,2024,10378,Petrol,Manual,9338,529000.0,2,New Delhi
Hyundai NEW I20,Hyundai,2022,37413,Petrol,Auto,10892,617000.0,4,New Delhi
Maruti Wagon R 1.0,Maruti,2012,104239,Petrol,Manual,11995,135000.0,14,New Delhi
Maruti Ertiga,Maruti,2021,133838,Petrol,Manual,17394,800000.0,5,New Delhi
Mahindra Thar,Mahindra,2023,8554,Petrol,Auto,26540,1550000.0,3,New Delhi
Honda Jazz,Honda,2016,35003,Petrol,Manual,7407,333000.0,10,New Delhi
Nissan MAGNITE,Nissan,2023,21149,Petrol,Manual,8526,483000.0,3,New Delhi
MG HECTOR,MG,2019,136269,Diesel,Manual,24413,735000.0,7,New Delhi
Mahindra Thar,Mahindra,2017,49254,Diesel,Manual,38649,434999.99999999994,9,New Delhi
Hyundai Creta,Hyundai,2018,77298,Diesel,Manual,11730,600000.0,8,New Delhi
Maruti Baleno,Maruti,2016,103486,Petrol,Manual,7341,330000.0,10,New Delhi
Maruti Vitara Brezza,Maruti,2019,120652,Diesel,Manual,15611,470000.0,7,New Delhi
Ford Ecosport,Ford,2017,82556,Diesel,Manual,31719,357000.0,9,New Delhi
MG HECTOR,MG,2020,36688,Petrol,Auto,15153,885000.0,6,New Delhi
KIA SELTOS,KIA,2019,52396,Petrol,Manual,16327,734000.0,7,New Delhi
Honda BR-V,Honda,2016,224545,Diesel,Manual,16327,409999.99999999994,10,New Delhi
Maruti Ciaz,Maruti,2017,80833,Petrol,Manual,9697,496000.0,9,New Delhi
Mahindra XUV500,Mahindra,2016,142139,Diesel,Manual,9697,462000.0,10,New Delhi
Maruti Vitara Brezza,Maruti,2018,144716,Diesel,Auto,18453,392000.0,8,New Delhi
Maruti Ciaz,Maruti,2017,107130,Diesel,Manual,10299,463000.0,9,New Delhi
Honda City,Honda,2019,37813,Petrol,Auto,11933,676000.0,7,New Delhi
Maruti Swift,Maruti,2021,85782,Petrol,Manual,8385,475000.0,5,New Delhi
Nissan Terrano,Nissan,2016,121391,Diesel,Manual,8385,290000.0,10,New Delhi
Tata Tiago,Tata,2020,86093,Petrol,Manual,5737,325000.0,6,New Delhi
KIA CARENS,KIA,2022,91645,Diesel,Manual,23355,1227000.0,4,New Delhi
Tata NEXON,Tata,2023,29721,Diesel,Manual,14034,795000.0,3,New Delhi
Ford Ecosport,Ford,2018,58857,Petrol,Manual,7803,442000.0,8,New Delhi
Maruti Baleno,Maruti,2016,86223,Petrol,Manual,7207,324000.0,10,New Delhi
Maruti Vitara Brezza,Maruti,2019,65770,Diesel,Manual,17936,540000.0,7,New Delhi
Hyundai VENUE,Hyundai,2019,98637,Diesel,Manual,19298,581000.0,7,New Delhi
Tata Tiago,Tata,2019,74000,Petrol,Manual,6814,386000.0,7,New Delhi
Mahindra SCORPIO-N,Mahindra,2023,113670,Diesel,Auto,46551,2141000.0,3,New Delhi
Maruti Baleno,Maruti,2020,34518,Petrol,Manual,7944,450000.0,6,New Delhi
Ford Ecosport,Ford,2015,78380,Petrol,Auto,8084,307000.0,11,New Delhi
Toyota RUMION,Toyota,2024,9376,Petrol,Manual,20256,1183000.0,2,New Delhi
Hyundai AURA,Hyundai,2023,12648,Petrol,Manual,11986,679000.0,3,New Delhi
Honda WR-V,Honda,2018,132266,Diesel,Manual,20053,426000.0,8,New Delhi
Maruti Ertiga,Maruti,2016,76329,Diesel,Manual,20053,415000.00000000006,10,New Delhi
Tata NEXON,Tata,2023,17984,Petrol,Manual,14708,859000.0,3,New Delhi
Tata NEXON,Tata,2018,70968,Diesel,Auto,21183,450000.0,8,New Delhi
Renault Duster,Renault,2016,131966,Diesel,Auto,21183,325000.0,10,New Delhi
Maruti Ciaz,Maruti,2017,130281,Diesel,Manual,32696,368000.0,9,New Delhi
KIA SONET,KIA,2021,89913,Petrol,Manual,10592,600000.0,5,New Delhi
Hyundai Grand i10,Hyundai,2017,78116,Petrol,Manual,6041,309000.0,9,New Delhi
Mahindra XUV500,Mahindra,2017,92076,Diesel,Manual,40426,455000.0,9,New Delhi
Hyundai Creta,Hyundai,2021,80320,Diesel,Manual,20112,925000.0,5,New Delhi
Maruti Alto K10,Maruti,2012,85463,Petrol,Manual,94392,1068000.0,14,New Delhi
Hyundai Creta,Hyundai,2017,160413,Diesel,Auto,42914,483000.0,9,New Delhi
Hyundai Creta,Hyundai,2018,169727,Diesel,Manual,36906,784000.0,8,New Delhi
Maruti Ciaz,Maruti,2018,75371,Petrol,Manual,7485,424000.0,8,New Delhi
Maruti S Cross,Maruti,2016,123644,Diesel,Manual,7485,305000.0,10,New Delhi
Mahindra XUV700,Mahindra,2023,17982,Petrol,Auto,33303,1945000.0,3,New Delhi
Tata NEXON,Tata,2022,101190,Petrol,Manual,15260,686000.0,4,New Delhi
Maruti IGNIS,Maruti,2018,50946,Petrol,Auto,6938,393000.0,8,New Delhi
Mahindra XUV500,Mahindra,2016,92527,Diesel,Manual,6938,576000.0,10,New Delhi
Ford Ecosport,Ford,2017,131481,Diesel,Manual,36961,416000.0,9,New Delhi
Maruti Baleno,Maruti,2020,61410,Petrol,Manual,7344,416000.0,6,New Delhi
Hyundai Eon,Hyundai,2013,78350,Petrol,Manual,5884,125000.0,13,New Delhi
Hyundai Grand i10,Hyundai,2019,51386,Petrol,Auto,6620,375000.0,7,New Delhi
Honda Amaze,Honda,2019,48906,Petrol,Manual,7626,432000.0,7,New Delhi
Hyundai Verna,Hyundai,2016,113274,Diesel,Manual,7626,409999.99999999994,10,New Delhi
Hyundai Elite i20,Hyundai,2017,86223,Petrol,Manual,6940,355000.0,9,New Delhi
Tata Hexa,Tata,2018,163191,Diesel,Manual,24478,520000.0,8,New Delhi
Maruti S Cross,Maruti,2016,81804,Diesel,Manual,24478,389000.0,10,New Delhi
Maruti Swift Dzire,Maruti,2017,112810,Diesel,Manual,37761,425000.0,9,New Delhi
Tata ALTROZ,Tata,2021,25540,Petrol,Manual,8173,463000.0,5,New Delhi
Maruti Celerio,Maruti,2018,206748,Petrol,Manual,6718,302000.0,8,New Delhi
Nissan MAGNITE,Nissan,2022,51593,Petrol,Manual,7149,405000.0,4,New Delhi
Maruti Ciaz,Maruti,2017,178072,Diesel,Manual,35984,405000.0,9,New Delhi
Tata Hexa,Tata,2018,119265,Diesel,Manual,27679,588000.0,8,New Delhi
Maruti New Wagon-R,Maruti,2023,66094,Petrol,Manual,8085,458000.0,3,New Delhi
Mahindra XUV700,Mahindra,2024,5622,Petrol,Auto,37378,2183000.0,2,New Delhi
Tata NEXON,Tata,2022,178188,Diesel,Auto,16874,759000.0,4,New Delhi
Maruti Dzire,Maruti,2019,84386,Petrol,Manual,7855,445000.0,7,New Delhi
Maruti Swift,Maruti,2016,77632,Petrol,Manual,7274,327000.0,10,New Delhi
Honda City,Honda,2015,64707,Petrol,Manual,8822,335000.0,11,New Delhi
Hyundai Creta,Hyundai,2017,66795,Petrol,Manual,9865,505000.0,9,New Delhi
Maruti Dzire,Maruti,2018,98365,Diesel,Auto,20006,425000.0,8,New Delhi
Renault Duster,Renault,2017,92704,Diesel,Auto,35540,400000.0,9,New Delhi
Honda Amaze,Honda,2022,49521,Petrol,Manual,8950,507000.0,4,New Delhi
Tata Harrier,Tata,2019,99992,Diesel,Manual,25808,777000.0,7,New Delhi
Maruti New Wagon-R,Maruti,2020,86626,Petrol,Manual,7202,408000.0,6,New Delhi
Maruti Swift Dzire,Maruti,2017,89380,Petrol,Manual,6979,357000.0,9,New Delhi
Maruti Ciaz,Maruti,2018,63279,Petrol,Auto,10486,594000.0,8,New Delhi
Hyundai Creta,Hyundai,2019,51864,Petrol,Auto,15633,913000.0000000001,7,New Delhi
Tata Tiago,Tata,2021,42328,Petrol,Manual,8226,466000.0,5,New Delhi
Maruti S PRESSO,Maruti,2021,47422,Petrol,Manual,6178,350000.0,5,New Delhi
Hyundai Creta,Hyundai,2018,129038,Diesel,Auto,28903,614000.0,8,New Delhi
Maruti Swift,Maruti,2021,40847,Petrol,Manual,7997,453000.0,5,New Delhi
Maruti Celerio,Maruti,2020,62484,Petrol,Manual,6796,385000.0,6,New Delhi
Hyundai Creta,Hyundai,2020,23576,Petrol,Manual,14708,859000.0,6,New Delhi
Maruti Baleno,Maruti,2018,27391,Petrol,Auto,7644,433000.0,8,New Delhi
Hyundai NEW I20,Hyundai,2023,28476,Petrol,Manual,11386,645000.0,3,New Delhi
MG HECTOR,MG,2019,50441,Diesel,Manual,25243,760000.0,7,New Delhi
Honda Jazz,Honda,2017,55957,Petrol,Auto,6940,355000.0,9,New Delhi
Maruti Wagon R 1.0,Maruti,2018,85186,Petrol,Manual,5119,290000.0,8,New Delhi
Mahindra XUV500,Mahindra,2019,44097,Diesel,Manual,30905,944000.0,7,New Delhi
Mahindra XUV700,Mahindra,2022,32994,Petrol,Auto,29947,1748999.9999999998,4,New Delhi
Hyundai Grand i10,Hyundai,2018,77376,Petrol,Manual,5490,311000.0,8,New Delhi
Hyundai VENUE,Hyundai,2021,43265,Petrol,Manual,13946,790000.0,5,New Delhi
Hyundai Elite i20,Hyundai,2016,215973,Petrol,Manual,7007,315000.0,10,New Delhi
Hyundai Creta,Hyundai,2017,125225,Diesel,Auto,57752,650000.0,9,New Delhi
Maruti S PRESSO,Maruti,2021,57402,Petrol,Manual,5402,306000.0,5,New Delhi
Maruti Vitara Brezza,Maruti,2020,76371,Diesel,Manual,14694,558000.0,6,New Delhi
Tata NEXON,Tata,2022,28200,Petrol,Auto,13698,800000.0,4,New Delhi
Tata Curvv,Tata,2025,5760,Petrol,Manual,16266,950000.0,1,New Delhi
Maruti Baleno,Maruti,2018,126827,Diesel,Manual,17935,381000.0,8,New Delhi
Maruti Ciaz,Maruti,2022,132077,Petrol,Manual,12234,550000.0,4,New Delhi
Tata Harrier,Tata,2019,59646,Diesel,Manual,24977,752000.0,7,New Delhi
Maruti S Cross,Maruti,2018,102347,Diesel,Manual,24949,530000.0,8,New Delhi
Hyundai Creta,Hyundai,2022,39525,Petrol,Manual,17910,1046000.0000000001,4,New Delhi
Mahindra XUV700,Mahindra,2022,19420,Petrol,Manual,22910,1338000.0,4,New Delhi
MG ASTOR,MG,2022,39327,Petrol,Auto,18715,1093000.0,4,New Delhi
Tata NEXON,Tata,2022,24551,Petrol,Manual,11916,675000.0,4,New Delhi
Maruti New Wagon-R,Maruti,2021,97458,Petrol,Manual,7238,409999.99999999994,5,New Delhi
Honda WR-V,Honda,2018,91040,Diesel,Manual,19724,419000.00000000006,8,New Delhi
Maruti S PRESSO,Maruti,2022,29415,Petrol,Manual,7043,399000.0,4,New Delhi
KIA SELTOS,KIA,2019,167351,Diesel,Manual,27173,830000.0000000001,7,New Delhi
Mahindra XUV500,Mahindra,2019,34950,Diesel,Manual,24911,750000.0,7,New Delhi
Toyota Innova Crysta,Toyota,2017,114243,Diesel,Auto,105970,1199000.0,9,New Delhi
Mahindra Thar,Mahindra,2022,20272,Petrol,Manual,18715,1093000.0,4,New Delhi
Hyundai VENUE,Hyundai,2022,51452,Petrol,Manual,11209,635000.0,4,New Delhi
Mahindra XUV300,Mahindra,2019,130466,Diesel,Manual,18035,543000.0,7,New Delhi
Maruti S Cross,Maruti,2016,112553,Diesel,Manual,18035,513000.0,10,New Delhi
Mahindra XUV700,Mahindra,2022,56128,Petrol,Manual,23184,1354000.0,4,New Delhi
Mahindra TUV300,Mahindra,2018,108052,Diesel,Manual,16570,352000.0,8,New Delhi
Honda Amaze,Honda,2018,128859,Diesel,Auto,19394,412000.0,8,New Delhi
Tata TIGOR,Tata,2022,116726,Petrol,Manual,10566,475000.0,4,New Delhi
Maruti Swift,Maruti,2023,23875,Petrol,Manual,10415,590000.0,3,New Delhi
KIA SONET,KIA,2021,42408,Diesel,Manual,15527,698000.0,5,New Delhi
Renault Kiger,Renault,2023,15187,Petrol,Manual,9409,533000.0,3,New Delhi
Honda City,Honda,2016,83034,Petrol,Manual,9120,409999.99999999994,10,New Delhi
Honda City,Honda,2023,12757,Petrol,Manual,16592,969000.0,3,New Delhi
Ford Ecosport,Ford,2019,66322,Diesel,Manual,20228,609000.0,7,New Delhi
Hyundai Creta,Hyundai,2017,113381,Diesel,Manual,12902,580000.0,9,New Delhi
Hyundai GRAND I10 NIOS,Hyundai,2023,50348,Petrol,Manual,9656,547000.0,3,New Delhi
Maruti Baleno,Maruti,2018,100960,Petrol,Manual,8164,367000.0,8,New Delhi
MG HECTOR,MG,2021,57355,Petrol,Auto,16609,969999.9999999999,5,New Delhi
Honda WR-V,Honda,2017,189032,Petrol,Manual,8853,398000.0,9,New Delhi
Hyundai Creta,Hyundai,2020,47105,Petrol,Auto,20547,1200000.0,6,New Delhi
Maruti Alto K10,Maruti,2018,101135,Petrol,Manual,4694,211000.0,8,New Delhi
Renault TRIBER,Renault,2022,28210,Petrol,Manual,8067,457000.0,4,New Delhi
Maruti Vitara Brezza,Maruti,2019,86517,Diesel,Manual,18700,563000.0,7,New Delhi
Hyundai Grand i10,Hyundai,2017,87772,Diesel,Manual,26477,298000.0,9,New Delhi
Hyundai Creta,Hyundai,2019,66898,Petrol,Manual,10592,600000.0,7,New Delhi
Hyundai VENUE,Hyundai,2019,45166,Petrol,Auto,11792,668000.0,7,New Delhi
Tata NEXON,Tata,2023,30278,Petrol,Manual,16318,952999.9999999999,3,New Delhi
Hyundai i20 Active,Hyundai,2015,87508,Petrol,Manual,9533,362000.0,11,New Delhi
Maruti Baleno,Maruti,2020,55603,Petrol,Manual,8491,480999.99999999994,6,New Delhi
Tata NEXON,Tata,2023,24641,Petrol,Auto,14034,795000.0,3,New Delhi
Hyundai Creta,Hyundai,2020,148000,Diesel,Auto,26337,1019000.0,6,New Delhi
Maruti Dzire,Maruti,2019,59682,Petrol,Manual,8067,457000.0,7,New Delhi
Hyundai Grand i10,Hyundai,2019,172289,Petrol,Manual,7563,340000.0,7,New Delhi
Hyundai Creta,Hyundai,2016,137001,Diesel,Auto,7563,488000.0,10,New Delhi
Hyundai Elite i20,Hyundai,2017,113334,Petrol,Manual,7808,351000.0,9,New Delhi
Mahindra MARAZZO,Mahindra,2019,54922,Diesel,Manual,21589,650000.0,7,New Delhi
Maruti Baleno,Maruti,2022,51387,Petrol,Manual,8900,504000.0,4,New Delhi
Mahindra XUV500,Mahindra,2016,77655,Diesel,Manual,8900,556000.0,10,New Delhi
Mahindra XUV500,Mahindra,2018,95104,Diesel,Auto,32951,700000.0,8,New Delhi
Hyundai Verna,Hyundai,2018,58763,Petrol,Auto,12304,697000.0,8,New Delhi
Maruti Eeco,Maruti,2018,163227,Petrol,Manual,6117,275000.0,8,New Delhi
Hyundai Grand i10,Hyundai,2018,24338,Petrol,Auto,6567,372000.0,8,New Delhi
Maruti Ciaz,Maruti,2025,5150,Petrol,Manual,14725,860000.0,1,New Delhi
Mahindra BOLERO NEO,Mahindra,2022,15989,Diesel,Manual,15542,795000.0,4,New Delhi
Hyundai Creta,Hyundai,2016,163072,Diesel,Auto,15542,441000.0,10,New Delhi
Maruti Ciaz,Maruti,2017,155152,Diesel,Manual,30742,346000.0,9,New Delhi
Hyundai NEW SANTRO,Hyundai,2019,39874,Petrol,Auto,6584,373000.0,7,New Delhi
Tata ALTROZ,Tata,2024,48256,Petrol,Manual,11192,634000.0,2,New Delhi
Skoda KUSHAQ,Skoda,2022,60933,Petrol,Manual,18116,1058000.0,4,New Delhi
Hyundai Creta,Hyundai,2021,123977,Diesel,Manual,24460,1125000.0,5,New Delhi
Hyundai NEW SANTRO,Hyundai,2022,56294,Petrol,Manual,7291,413000.0,4,New Delhi
Hyundai Tucson,Hyundai,2017,168404,Diesel,Auto,53309,600000.0,9,New Delhi
Maruti Dzire,Maruti,2018,91912,Petrol,Manual,7855,445000.0,8,New Delhi
Renault Duster,Renault,2017,102889,Diesel,Manual,33407,376000.0,9,New Delhi
Maruti FRONX,Maruti,2024,34731,Petrol,Auto,12745,722000.0,2,New Delhi
Hyundai Elite i20,Hyundai,2020,70019,Petrol,Manual,8791,498000.00000000006,6,New Delhi
Jeep Compass,Jeep,2017,78251,Petrol,Auto,15230,779000.0,9,New Delhi
Jeep Compass,Jeep,2018,85212,Diesel,Manual,45349,973000.0,8,New Delhi
Tata Hexa,Tata,2017,98902,Diesel,Auto,44691,503000.0,9,New Delhi
Tata Tiago,Tata,2019,38643,Petrol,Manual,6938,393000.0,7,New Delhi
Hyundai Creta,Hyundai,2017,85003,Diesel,Manual,46734,526000.0,9,New Delhi
KIA CARENS,KIA,2022,51155,Petrol,Manual,17465,1019999.9999999999,4,New Delhi
Toyota Innova Crysta,Toyota,2017,140099,Diesel,Auto,97220,1100000.0,9,New Delhi
Maruti Vitara Brezza,Maruti,2020,79022,Petrol,Manual,10715,607000.0,6,New Delhi
Hyundai Creta,Hyundai,2022,61239,Petrol,Auto,20119,1175000.0,4,New Delhi
Mahindra XUV500,Mahindra,2017,43420,Diesel,Manual,48956,551000.0,9,New Delhi
Maruti New Wagon-R,Maruti,2021,17648,Petrol,Manual,7838,444000.00000000006,5,New Delhi
Maruti Ertiga,Maruti,2021,43800,Petrol,Manual,17516,1023000.0,5,New Delhi
Hyundai VENUE,Hyundai,2019,47689,Petrol,Manual,10998,623000.0,7,New Delhi
Tata Hexa,Tata,2018,82707,Diesel,Manual,38685,830000.0000000001,8,New Delhi
Tata Safari,Tata,2022,46976,Diesel,Auto,29674,1559000.0,4,New Delhi
MG ASTOR,MG,2022,40643,Petrol,Manual,16318,952999.9999999999,4,New Delhi
Maruti Celerio,Maruti,2018,77567,Petrol,Manual,6196,351000.0,8,New Delhi
KIA SELTOS,KIA,2021,110031,Diesel,Auto,26091,1200000.0,5,New Delhi
Maruti Swift,Maruti,2020,77600,Petrol,Auto,8156,462000.0,6,New Delhi
Maruti Vitara Brezza,Maruti,2018,44495,Diesel,Manual,21183,450000.0,8,New Delhi
Maruti Grand Vitara,Maruti,2024,22674,Hybrid,Auto,26968,1575000.0,2,New Delhi
Renault Duster,Renault,2017,81362,Diesel,Manual,35184,396000.0,9,New Delhi
Mahindra Thar,Mahindra,2021,11712,Petrol,Auto,18116,1058000.0,5,New Delhi
Tata NEXON,Tata,2023,39834,Petrol,Manual,14914,871000.0000000001,3,New Delhi
Honda Jazz,Honda,2017,126894,Petrol,Auto,8742,393000.0,9,New Delhi
Maruti Vitara Brezza,Maruti,2020,102072,Diesel,Auto,15800,600000.0,6,New Delhi
Hyundai Creta,Hyundai,2016,94491,Petrol,Manual,11011,495000.0,10,New Delhi
Tata NEXON,Tata,2023,28220,Petrol,Manual,13381,758000.0,3,New Delhi
KIA SELTOS,KIA,2020,103653,Diesel,Auto,19750,750000.0,6,New Delhi
Hyundai AURA,Hyundai,2024,33009,Petrol,Manual,12410,703000.0,2,New Delhi
Hyundai Creta,Hyundai,2021,34339,Diesel,Manual,22264,1024000.0,5,New Delhi
Maruti Grand Vitara,Maruti,2024,10712,Petrol,Manual,19331,1129000.0,2,New Delhi
Hyundai VENUE,Hyundai,2020,93777,Diesel,Manual,18197,691000.0,6,New Delhi
Toyota Innova Crysta,Toyota,2017,163509,Diesel,Auto,115603,1308000.0,9,New Delhi
Nissan Kicks,Nissan,2019,57316,Diesel,Manual,28221,861999.9999999999,7,New Delhi
Maruti New Wagon-R,Maruti,2020,79790,Petrol,Manual,5931,336000.0,6,New Delhi
Hyundai Creta,Hyundai,2016,105239,Diesel,Auto,5931,860000.0,10,New Delhi
Maruti XL6,Maruti,2025,25585,Petrol,Manual,19451,1136000.0,1,New Delhi
Honda WR-V,Honda,2017,49403,Petrol,Manual,9482,484999.99999999994,9,New Delhi
Maruti Swift,Maruti,2019,50829,Petrol,Manual,8138,461000.00000000006,7,New Delhi
Honda City,Honda,2018,106822,Petrol,Manual,10255,461000.00000000006,8,New Delhi
Maruti Baleno,Maruti,2019,43600,Petrol,Manual,8209,465000.00000000006,7,New Delhi
Hyundai i20 Active,Hyundai,2016,124886,Diesel,Manual,8209,352000.0,10,New Delhi
Tata Harrier,Tata,2019,69278,Diesel,Manual,27828,850000.0,7,New Delhi
Honda WR-V,Honda,2017,151961,Petrol,Manual,8141,366000.0,9,New Delhi
Toyota Etios,Toyota,2016,103592,Petrol,Manual,6607,297000.0,10,New Delhi
KIA CARENS,KIA,2023,57192,Diesel,Auto,23971,1400000.0,3,New Delhi
Honda City,Honda,2014,106438,Petrol,Manual,10828,326000.0,12,New Delhi
KIA SELTOS,KIA,2019,100641,Petrol,Manual,19612,902000.0,7,New Delhi
Hyundai NEW I20,Hyundai,2022,56943,Petrol,Auto,12463,706000.0,4,New Delhi
Mahindra XUV700,Mahindra,2022,109300,Diesel,Manual,25504,1173000.0,4,New Delhi
Toyota Corolla Altis,Toyota,2015,108367,Petrol,Auto,10665,405000.0,11,New Delhi
Tata Safari,Tata,2021,35274,Diesel,Auto,35984,1655000.0,5,New Delhi
Ford Ecosport,Ford,2018,125911,Diesel,Manual,22548,479000.0,8,New Delhi
Maruti Ciaz,Maruti,2018,75214,Petrol,Manual,8615,488000.0,8,New Delhi
Toyota Innova Crysta,Toyota,2016,257507,Diesel,Manual,8615,750000.0,10,New Delhi
Toyota Corolla Altis,Toyota,2017,115425,Petrol,Manual,13080,588000.0,9,New Delhi
Hyundai Creta,Hyundai,2019,104096,Petrol,Manual,12234,550000.0,7,New Delhi
Tata Tiago,Tata,2019,55000,Petrol,Manual,5649,320000.0,7,New Delhi
Skoda KUSHAQ,Skoda,2023,38355,Petrol,Auto,19502,1139000.0,3,New Delhi
Toyota Innova Crysta,Toyota,2017,103814,Diesel,Auto,115073,1302000.0,9,New Delhi
Toyota Innova Crysta,Toyota,2022,23300,Petrol,Auto,31420,1835000.0000000002,4,New Delhi
Maruti New Wagon-R,Maruti,2020,107829,Petrol,Manual,7830,352000.0,6,New Delhi
Maruti Ciaz,Maruti,2019,430000,Petrol,Manual,10766,484000.0,7,New Delhi
Mahindra XUV300,Mahindra,2021,70691,Petrol,Manual,10503,595000.0,5,New Delhi
Hyundai VENUE,Hyundai,2020,21289,Petrol,Manual,13886,811000.0,6,New Delhi
Hyundai NEW SANTRO,Hyundai,2020,82203,Petrol,Manual,6320,358000.0,6,New Delhi
Mahindra Thar,Mahindra,2022,42642,Petrol,Manual,17465,1019999.9999999999,4,New Delhi
Maruti IGNIS,Maruti,2022,40848,Petrol,Manual,7803,442000.0,4,New Delhi
Mercedes Benz C Class,Mercedes,2011,68784,Petrol,Auto,7803,400000.0,15,New Delhi
Tata Safari,Tata,2022,96760,Diesel,Manual,28475,1496000.0,4,New Delhi
Volkswagen Vento,Volkswagen,2019,55073,Petrol,Auto,11513,652000.0,7,New Delhi
Ford Ecosport,Ford,2018,99420,Petrol,Auto,8103,459000.0,8,New Delhi
Mahindra Thar Roxx,Mahindra,2025,23220,Diesel,Auto,33817,1975000.0,1,New Delhi
Maruti S Cross,Maruti,2018,152223,Diesel,Manual,18217,387000.0,8,New Delhi
Maruti Ertiga,Maruti,2021,85756,Petrol,Manual,15068,880000.0000000001,5,New Delhi
KIA SELTOS,KIA,2020,76372,Diesel,Manual,23907,925000.0,6,New Delhi
Maruti Celerio,Maruti,2020,104804,Petrol,Manual,8831,397000.0,6,New Delhi
Maruti Swift,Maruti,2022,25424,Petrol,Manual,12551,711000.0,4,New Delhi
ISUZU D-MAX S-CAB,ISUZU,2019,110802,Diesel,Manual,20925,630000.0,7,New Delhi
Ford Ecosport,Ford,2018,150922,Diesel,Manual,20901,444000.00000000006,8,New Delhi
Honda CRV,Honda,2012,164470,Petrol,Auto,23012,259000.0,14,New Delhi
Maruti Ciaz,Maruti,2019,48507,Petrol,Manual,9621,545000.0,7,New Delhi
MG COMET,MG,2024,19780,Electric,Auto,10980,622000.0,2,New Delhi
Jeep Compass,Jeep,2019,90765,Diesel,Manual,24413,735000.0,7,New Delhi
Maruti New Wagon-R,Maruti,2025,11630,Petrol,Manual,9338,529000.0,1,New Delhi
KIA SONET,KIA,2020,29604,Petrol,Manual,12798,725000.0,6,New Delhi
Maruti XL6,Maruti,2023,30006,Petrol,Manual,19348,1130000.0,3,New Delhi
Renault Kiger,Renault,2021,30316,Petrol,Manual,10150,575000.0,5,New Delhi
Hyundai Creta,Hyundai,2016,60360,Petrol,Manual,12457,560000.0,10,New Delhi
KIA SELTOS,KIA,2021,105063,Diesel,Manual,19155,881000.0,5,New Delhi
Maruti Celerio X,Maruti,2018,80927,Petrol,Auto,7167,405999.99999999994,8,New Delhi
KIA SELTOS,KIA,2020,147955,Diesel,Auto,27700,1274000.0,6,New Delhi
Honda City,Honda,2020,21832,Petrol,Auto,16095,940000.0,6,New Delhi
Maruti Ertiga,Maruti,2020,140170,Petrol,Manual,17394,800000.0,6,New Delhi
Hyundai i20 Active,Hyundai,2016,117031,Diesel,Manual,17394,400000.0,10,New Delhi
Hyundai Creta,Hyundai,2016,65224,Petrol,Manual,10855,488000.0,10,New Delhi
Maruti New Wagon-R,Maruti,2020,69086,Petrol,Manual,6885,390000.0,6,New Delhi
Audi Q3,Audi,2015,71000,Diesel,Auto,31102,950000.0,11,New Delhi
MG HECTOR,MG,2021,96193,Petrol,Manual,16403,958000.0,5,New Delhi
Tata Hexa,Tata,2018,88105,Diesel,Auto,28244,600000.0,8,New Delhi
Maruti IGNIS,Maruti,2021,33891,Petrol,Manual,8279,469000.00000000006,5,New Delhi
Tata NEXON,Tata,2023,83654,Diesel,Manual,14554,850000.0,3,New Delhi
KIA SELTOS,KIA,2019,68083,Petrol,Manual,16609,969999.9999999999,7,New Delhi
Renault Captur,Renault,2017,144976,Diesel,Manual,32430,365000.0,9,New Delhi
Toyota URBAN CRUISER,Toyota,2022,79305,Petrol,Manual,11757,666000.0,4,New Delhi
Renault Kiger,Renault,2022,30312,Petrol,Auto,9215,522000.0,4,New Delhi
MG HECTOR,MG,2019,65612,Diesel,Manual,26273,791000.0,7,New Delhi
Mahindra BOLERO NEO,Mahindra,2023,49213,Diesel,Manual,13903,811999.9999999999,3,New Delhi
Tata Safari,Tata,2021,84909,Diesel,Auto,30439,1400000.0,5,New Delhi
Hyundai Creta,Hyundai,2020,46058,Diesel,Manual,23003,890000.0,6,New Delhi
Mahindra XUV700,Mahindra,2022,32193,Diesel,Manual,26648,1400000.0,4,New Delhi
Maruti Ertiga,Maruti,2021,125639,Petrol,Manual,20068,923000.0,5,New Delhi
Maruti Grand Vitara,Maruti,2023,18965,Petrol,Manual,16266,950000.0,3,New Delhi
Hyundai Creta,Hyundai,2016,40757,Petrol,Auto,13347,600000.0,10,New Delhi
Maruti Vitara Brezza,Maruti,2018,125858,Diesel,Manual,23396,497000.0,8,New Delhi
Skoda KUSHAQ,Skoda,2022,73280,Petrol,Manual,16609,969999.9999999999,4,New Delhi
Tata Hexa,Tata,2018,89988,Diesel,Auto,32245,685000.0,8,New Delhi
Honda City,Honda,2015,110974,Petrol,Auto,11376,432000.0,11,New Delhi
Mahindra XUV300,Mahindra,2019,95569,Diesel,Auto,24944,751000.0,7,New Delhi
Mahindra XUV500,Mahindra,2016,256638,Diesel,Manual,24944,418000.0,10,New Delhi
MG HECTOR PLUS,MG,2023,24268,Petrol,Auto,30529,1782999.9999999998,3,New Delhi
Hyundai GRAND I10 NIOS,Hyundai,2020,111047,Petrol,Manual,9921,446000.0,6,New Delhi
Renault Duster,Renault,2018,88317,Petrol,Auto,7750,438999.99999999994,8,New Delhi
Honda City,Honda,2019,113897,Petrol,Manual,12056,542000.0,7,New Delhi
Hyundai Creta,Hyundai,2016,127698,Diesel,Manual,12056,469000.00000000006,10,New Delhi
Honda City,Honda,2015,99148,Petrol,Auto,10639,404000.0,11,New Delhi
KIA SONET,KIA,2020,30540,Diesel,Manual,20676,800000.0,6,New Delhi
Hyundai Creta,Hyundai,2022,39481,Petrol,Manual,14982,875000.0,4,New Delhi
KIA SONET,KIA,2021,67872,Petrol,Manual,14016,794000.0,5,New Delhi
KIA SONET,KIA,2020,51393,Petrol,Manual,12869,729000.0,6,New Delhi
Maruti New Wagon-R,Maruti,2022,81352,Petrol,Manual,7502,425000.0,4,New Delhi
KIA SELTOS,KIA,2019,90612,Diesel,Auto,39385,1203000.0,7,New Delhi
Mahindra Thar,Mahindra,2023,8805,Petrol,Auto,20067,1172000.0,3,New Delhi
Hyundai Creta,Hyundai,2019,119532,Petrol,Manual,15571,700000.0,7,New Delhi
Hyundai Creta,Hyundai,2017,145878,Petrol,Manual,10010,450000.0,9,New Delhi
Hyundai NEW SANTRO,Hyundai,2019,69715,Petrol,Manual,5561,315000.0,7,New Delhi
Honda City,Honda,2019,69596,Petrol,Auto,11298,640000.0,7,New Delhi
Ford Ecosport,Ford,2019,182064,Diesel,Manual,11411,513000.0,7,New Delhi
Maruti Vitara Brezza,Maruti,2019,124463,Diesel,Auto,13881,624000.0,7,New Delhi
KIA SELTOS,KIA,2019,110745,Petrol,Auto,20655,950000.0,7,New Delhi
Maruti Ertiga,Maruti,2016,109894,Petrol,Manual,11189,503000.0,10,New Delhi
Mahindra XUV 3XO,Mahindra,2024,22280,Petrol,Manual,17157,1002000.0,2,New Delhi
Tata PUNCH,Tata,2024,8643,Petrol,Manual,12269,695000.0,2,New Delhi
Maruti Dzire,Maruti,2019,78880,Petrol,Manual,8473,480000.0,7,New Delhi
Honda Amaze,Honda,2021,48996,Petrol,Manual,11474,650000.0,5,New Delhi
Mahindra Thar,Mahindra,2022,58049,Diesel,Auto,26572,1396000.0,4,New Delhi
Maruti Baleno,Maruti,2019,86951,Petrol,Manual,7944,450000.0,7,New Delhi
Hyundai GRAND I10 NIOS,Hyundai,2022,26309,Petrol,Manual,8773,497000.0,4,New Delhi
Mahindra SCORPIO-N,Mahindra,2023,72914,Diesel,Auto,28303,1653000.0,3,New Delhi
Maruti Baleno,Maruti,2020,40813,Petrol,Manual,9250,524000.0,6,New Delhi
Mahindra Thar,Mahindra,2021,44978,Petrol,Auto,18835,1100000.0,5,New Delhi
Tata NEXON,Tata,2019,17342,Petrol,Auto,10256,581000.0,7,New Delhi
Mahindra SCORPIO CLASSIC,Mahindra,2022,55565,Diesel,Manual,20462,1075000.0,4,New Delhi
KIA SONET,KIA,2023,16821,Petrol,Manual,17773,1038000.0000000001,3,New Delhi
Audi A4,Audi,2015,45664,Diesel,Auto,17773,899000.0,11,New Delhi
Tata Hexa,Tata,2018,85212,Diesel,Auto,33610,714000.0,8,New Delhi
KIA CARENS,KIA,2025,8636,Petrol,Manual,18937,1106000.0,1,New Delhi
Ford Endeavour,Ford,2016,130000,Diesel,Auto,18937,1186000.0,10,New Delhi
Hyundai Creta,Hyundai,2023,20920,Petrol,Manual,18937,1106000.0,3,New Delhi
Maruti New Wagon-R,Maruti,2024,5458,Petrol,Manual,8968,508000.0,2,New Delhi
Honda City,Honda,2011,132531,Petrol,Manual,8968,400000.0,15,New Delhi
Mahindra Thar,Mahindra,2023,19344,Petrol,Auto,23372,1365000.0,3,New Delhi
Nissan MAGNITE,Nissan,2023,24273,Petrol,Auto,14554,850000.0,3,New Delhi
Hyundai Creta,Hyundai,2018,167734,Diesel,Auto,20721,952999.9999999999,8,New Delhi
Honda City,Honda,2019,73007,Petrol,Auto,11439,648000.0,7,New Delhi
Maruti Vitara Brezza,Maruti,2019,39544,Diesel,Auto,23084,695000.0,7,New Delhi
Maruti Vitara Brezza,Maruti,2018,166601,Diesel,Manual,21324,453000.0,8,New Delhi
Hyundai Creta,Hyundai,2021,42031,Petrol,Auto,18698,1092000.0,5,New Delhi
Mahindra Thar,Mahindra,2019,41337,Diesel,Manual,23150,697000.0,7,New Delhi
Maruti Baleno,Maruti,2017,89279,Petrol,Manual,6862,351000.0,9,New Delhi
Maruti Dzire,Maruti,2019,22184,Petrol,Manual,8138,461000.00000000006,7,New Delhi
Hyundai Elite i20,Hyundai,2016,60430,Petrol,Manual,8520,383000.0,10,New Delhi
Maruti Eeco,Maruti,2024,12313,Petrol,Manual,10945,620000.0,2,New Delhi
Tata PUNCH,Tata,2024,51897,Petrol,Manual,10980,622000.0,2,New Delhi
Maruti IGNIS,Maruti,2023,21584,Petrol,Manual,9938,563000.0,3,New Delhi
KIA SONET,KIA,2022,45737,Petrol,Manual,13593,770000.0,4,New Delhi
Maruti Ciaz,Maruti,2020,99800,Petrol,Auto,11298,640000.0,6,New Delhi
Mahindra XUV700,Mahindra,2022,46479,Diesel,Auto,33538,1762000.0,4,New Delhi
Hyundai Creta,Hyundai,2023,34002,Petrol,Manual,16540,966000.0,3,New Delhi
Hyundai Creta,Hyundai,2018,231459,Diesel,Manual,27585,586000.0,8,New Delhi
KIA SELTOS,KIA,2020,67781,Petrol,Auto,18013,1052000.0,6,New Delhi
Mahindra XUV700,Mahindra,2024,12858,Diesel,Auto,41094,2400000.0,2,New Delhi
Maruti Vitara Brezza,Maruti,2019,85595,Diesel,Auto,18733,564000.0,7,New Delhi
KIA CARENS,KIA,2022,52108,Petrol,Auto,20067,1172000.0,4,New Delhi
KIA SELTOS,KIA,2021,52329,Petrol,Auto,20975,1225000.0,5,New Delhi
Maruti Dzire,Maruti,2021,133061,Petrol,Manual,8408,378000.0,5,New Delhi
MG HECTOR,MG,2021,37035,Petrol,Auto,18184,1062000.0,5,New Delhi
Mahindra SCORPIO CLASSIC,Mahindra,2025,44482,Diesel,Manual,26728,1561000.0,1,New Delhi
Maruti S Cross,Maruti,2018,79638,Diesel,Manual,24525,521000.0,8,New Delhi
Hyundai Creta,Hyundai,2016,221930,Diesel,Manual,24525,475000.0,10,New Delhi
Tata Safari,Tata,2021,81169,Diesel,Auto,26243,1207000.0,5,New Delhi
Hyundai Creta,Hyundai,2019,55110,Petrol,Manual,14006,818000.0,7,New Delhi
Volkswagen TAIGUN,Volkswagen,2024,21403,Petrol,Manual,17893,1044999.9999999999,2,New Delhi
Maruti S Cross,Maruti,2018,103452,Diesel,Manual,23443,498000.00000000006,8,New Delhi
Ford Ecosport,Ford,2016,85417,Petrol,Auto,8542,384000.0,10,New Delhi
Maruti Ciaz,Maruti,2014,126942,Petrol,Manual,9998,301000.0,12,New Delhi
Toyota Innova Crysta,Toyota,2017,125271,Diesel,Manual,106058,1200000.0,9,New Delhi
Hyundai Verna,Hyundai,2022,26810,Petrol,Auto,17996,1051000.0,4,New Delhi
Maruti Swift,Maruti,2019,96604,Diesel,Manual,16275,490000.00000000006,7,New Delhi
Hyundai Creta,Hyundai,2018,97617,Diesel,Auto,32951,700000.0,8,New Delhi
Tata Tiago,Tata,2021,45002,Petrol,Manual,7132,404000.0,5,New Delhi
Ford Figo Aspire,Ford,2016,197632,Petrol,Manual,5561,250000.0,10,New Delhi
Ford Ecosport,Ford,2018,86409,Diesel,Manual,20336,432000.0,8,New Delhi
Hyundai Creta,Hyundai,2018,98458,Diesel,Manual,30598,650000.0,8,New Delhi
Hyundai VENUE,Hyundai,2021,72475,Petrol,Auto,13328,755000.0,5,New Delhi
Mahindra Thar,Mahindra,2022,101935,Diesel,Manual,25417,1169000.0,4,New Delhi
Hyundai Elite i20,Hyundai,2017,55866,Petrol,Manual,7957,407000.0,9,New Delhi
Toyota Corolla Altis,Toyota,2016,88162,Petrol,Auto,12613,567000.0,10,New Delhi
Mahindra Thar,Mahindra,2023,28232,Petrol,Manual,21437,1252000.0,3,New Delhi
Honda City,Honda,2018,82375,Petrol,Manual,10768,610000.0,8,New Delhi
Maruti FRONX,Maruti,2024,34384,Petrol,Manual,13857,785000.0,2,New Delhi
Tata Hexa,Tata,2018,76035,Diesel,Auto,40828,876000.0,8,New Delhi
KIA SELTOS,KIA,2023,65709,Petrol,Manual,14965,874000.0,3,New Delhi
Mahindra SCORPIO-N,Mahindra,2023,27532,Petrol,Auto,30735,1795000.0,3,New Delhi
Force Motors Citiline,Force,2024,7733,Diesel,Manual,24382,1424000.0,2,New Delhi
MG ASTOR,MG,2022,71826,Petrol,Auto,16609,969999.9999999999,4,New Delhi
Tata Safari,Tata,2022,43429,Diesel,Auto,29065,1527000.0,4,New Delhi
Mahindra XUV300,Mahindra,2019,79993,Diesel,Manual,19563,589000.0,7,New Delhi
Hyundai Grand i10,Hyundai,2019,71190,Petrol,Manual,6532,370000.0,7,New Delhi
Maruti Grand Vitara,Maruti,2023,35181,Petrol,Manual,16044,936999.9999999999,3,New Delhi
Maruti Ciaz,Maruti,2018,47625,Petrol,Auto,9815,556000.0,8,New Delhi
KIA SELTOS,KIA,2021,125903,Petrol,Manual,22656,1042000.0,5,New Delhi
Maruti New Wagon-R,Maruti,2024,40922,Petrol,Manual,8985,509000.0,2,New Delhi
MG ASTOR,MG,2023,23494,Petrol,Auto,17979,1050000.0,3,New Delhi
Hyundai VENUE,Hyundai,2022,92732,Diesel,Manual,15760,827999.9999999999,4,New Delhi
Mahindra Thar,Mahindra,2017,81071,Diesel,Manual,46024,518000.0,9,New Delhi
Renault Duster,Renault,2019,55798,Diesel,Manual,18334,552000.0,7,New Delhi
KIA SELTOS,KIA,2020,106961,Petrol,Manual,17017,765000.0,6,New Delhi
Toyota Innova Crysta,Toyota,2016,375247,Diesel,Manual,17017,1028999.9999999999,10,New Delhi
KIA SONET,KIA,2020,24913,Petrol,Manual,14105,799000.0,6,New Delhi
Maruti IGNIS,Maruti,2021,68966,Petrol,Manual,6214,352000.0,5,New Delhi
Hyundai VENUE,Hyundai,2020,68470,Petrol,Manual,11986,679000.0,6,New Delhi
Maruti FRONX,Maruti,2024,48943,Petrol,Auto,12816,726000.0,2,New Delhi
MG HECTOR,MG,2020,34235,Petrol,Auto,21078,1231000.0,6,New Delhi
KIA SELTOS,KIA,2019,28999,Diesel,Manual,31953,976000.0,7,New Delhi
KIA SONET,KIA,2023,40554,Petrol,Auto,15513,906000.0,3,New Delhi
Ford Ecosport,Ford,2019,56888,Diesel,Manual,19530,588000.0,7,New Delhi
Hyundai Tucson,Hyundai,2016,67950,Diesel,Auto,19530,720000.0,10,New Delhi
Maruti New Wagon-R,Maruti,2023,60149,Petrol,Manual,8244,467000.0,3,New Delhi
KIA SELTOS,KIA,2019,52557,Diesel,Manual,25907,780000.0,7,New Delhi
KIA SELTOS,KIA,2024,23442,Diesel,Manual,25324,1479000.0,2,New Delhi
Mahindra Scorpio,Mahindra,2017,98577,Diesel,Manual,64415,725000.0,9,New Delhi
Maruti Ciaz,Maruti,2018,48669,Petrol,Manual,11633,659000.0,8,New Delhi
Maruti Celerio,Maruti,2022,89183,Petrol,Manual,7273,412000.0,4,New Delhi
KIA SONET,KIA,2021,56359,Petrol,Manual,10945,620000.0,5,New Delhi
Maruti S Cross,Maruti,2018,62717,Diesel,Manual,25043,532000.0,8,New Delhi
Mahindra XUV300,Mahindra,2021,110463,Petrol,Manual,11345,509999.99999999994,5,New Delhi
Mahindra XUV500,Mahindra,2018,66000,Diesel,Auto,33422,710000.0,8,New Delhi
Hyundai Creta,Hyundai,2019,86506,Petrol,Manual,12110,686000.0,7,New Delhi
BMW X1,BMW,2018,135511,Diesel,Auto,34657,1594000.0,8,New Delhi
Tata Hexa,Tata,2017,59449,Diesel,Auto,44424,500000.0,9,New Delhi
Mahindra BOLERO NEO,Mahindra,2023,15528,Diesel,Manual,16129,942000.0,3,New Delhi
Hyundai Creta,Hyundai,2019,49044,Petrol,Auto,13869,810000.0,7,New Delhi
Hyundai Verna,Hyundai,2023,42163,Petrol,Auto,20838,1217000.0,3,New Delhi
Hyundai Grand i10,Hyundai,2017,36082,Petrol,Auto,8152,417000.0,9,New Delhi
Mahindra XUV300,Mahindra,2020,140396,Diesel,Auto,17407,661000.0,6,New Delhi
KIA SONET,KIA,2023,53386,Diesel,Manual,14554,850000.0,3,New Delhi
KIA SONET,KIA,2021,81608,Petrol,Manual,12092,685000.0,5,New Delhi
KIA SONET,KIA,2021,21193,Petrol,Auto,13903,811999.9999999999,5,New Delhi
KIA SELTOS,KIA,2021,36682,Petrol,Manual,14034,795000.0,5,New Delhi
Hyundai VENUE,Hyundai,2019,92769,Diesel,Manual,22220,669000.0,7,New Delhi
KIA SONET,KIA,2023,16525,Petrol,Auto,19314,1128000.0,3,New Delhi
KIA SELTOS,KIA,2024,33974,Petrol,Manual,22807,1332000.0,2,New Delhi
Tata Harrier,Tata,2019,182986,Diesel,Manual,30742,939000.0,7,New Delhi
Skoda Octavia,Skoda,2013,72538,Petrol,Auto,18641,396000.0,13,New Delhi
KIA SONET,KIA,2022,106454,Diesel,Manual,16528,743000.0,4,New Delhi
Toyota Glanza,Toyota,2024,21079,Petrol,Manual,13398,759000.0,2,New Delhi
Tata NEXON,Tata,2017,121332,Diesel,Manual,38560,434000.0,9,New Delhi
MG HECTOR PLUS,MG,2022,69930,Diesel,Manual,31235,1641000.0,4,New Delhi
Tata Safari,Tata,2021,77577,Diesel,Auto,27113,1247000.0,5,New Delhi
Jeep Compass,Jeep,2021,47479,Petrol,Manual,21831,1275000.0,5,New Delhi
Skoda Rapid,Skoda,2019,118084,Diesel,Manual,24213,729000.0,7,New Delhi
Mahindra Thar,Mahindra,2022,75666,Diesel,Auto,25487,1339000.0,4,New Delhi
Maruti S Cross,Maruti,2018,105099,Diesel,Manual,20006,425000.0,8,New Delhi
Hyundai Verna,Hyundai,2018,73490,Petrol,Manual,12022,681000.0,8,New Delhi
Volkswagen TAIGUN,Volkswagen,2023,60828,Petrol,Auto,17550,1025000.0,3,New Delhi
MG HECTOR PLUS,MG,2021,39437,Petrol,Auto,24057,1405000.0,5,New Delhi
Hyundai Verna,Hyundai,2018,56408,Petrol,Manual,17722,1035000.0,8,New Delhi
KIA SELTOS,KIA,2022,96128,Diesel,Manual,24154,1269000.0,4,New Delhi
KIA SONET,KIA,2021,23194,Petrol,Manual,15102,882000.0,5,New Delhi
KIA SELTOS,KIA,2020,5045,Diesel,Auto,25070,969999.9999999999,6,New Delhi
Mahindra XUV300,Mahindra,2019,65060,Diesel,Manual,17271,520000.0,7,New Delhi
MG HECTOR,MG,2024,32133,Petrol,Auto,28680,1675000.0,2,New Delhi
KIA SELTOS,KIA,2019,117238,Diesel,Manual,28679,876000.0,7,New Delhi
Mahindra Thar,Mahindra,2023,44656,Petrol,Manual,17979,1050000.0,3,New Delhi
MG HECTOR,MG,2020,71010,Petrol,Auto,17122,1000000.0,6,New Delhi
MG HECTOR,MG,2019,43976,Petrol,Manual,14554,850000.0,7,New Delhi
Honda City,Honda,2021,127400,Petrol,Auto,18481,850000.0,5,New Delhi
KIA SELTOS,KIA,2019,100566,Petrol,Manual,15015,675000.0,7,New Delhi
Toyota URBAN CRUISER HYRYDER,Toyota,2024,54664,Petrol,Manual,21403,1250000.0,2,New Delhi
MG COMET,MG,2023,13795,Electric,Auto,11916,675000.0,3,New Delhi
KIA SELTOS,KIA,2022,24100,Petrol,Manual,18235,1065000.0,4,New Delhi
KIA SONET,KIA,2020,37496,Petrol,Manual,13504,765000.0,6,New Delhi
Hyundai Creta,Hyundai,2019,67254,Diesel,Manual,24114,726000.0,7,New Delhi
Maruti Grand Vitara,Maruti,2022,90256,Hybrid,Auto,20461,1195000.0,4,New Delhi
Skoda Octavia,Skoda,2017,131068,Diesel,Auto,86172,975000.0,9,New Delhi
Hyundai EXTER,Hyundai,2025,7466,Petrol,Auto,13869,810000.0,1,New Delhi
KIA SELTOS,KIA,2022,52064,Diesel,Manual,19034,1000000.0,4,New Delhi
Hyundai GRAND I10 NIOS,Hyundai,2024,4044,Petrol,Auto,11880,673000.0,2,New Delhi
Maruti S Cross,Maruti,2018,74362,Diesel,Manual,30739,653000.0,8,New Delhi
Renault Duster,Renault,2017,170101,Petrol,Manual,7585,341000.0,9,New Delhi
Tata Safari,Tata,2024,19109,Diesel,Auto,31968,1867000.0000000002,2,New Delhi
Maruti Swift,Maruti,2021,86724,Petrol,Auto,9215,522000.0,5,New Delhi
MG HECTOR PLUS,MG,2020,100406,Petrol,Auto,27004,1242000.0,6,New Delhi
Hyundai GRAND I10 NIOS,Hyundai,2024,21520,Petrol,Manual,9709,550000.0,2,New Delhi
Maruti Celerio,Maruti,2021,78957,Petrol,Manual,6178,350000.0,5,New Delhi
KIA SELTOS,KIA,2023,120844,Diesel,Manual,20655,950000.0,3,New Delhi
Mahindra XUV700,Mahindra,2022,33641,Petrol,Auto,27961,1632999.9999999998,4,New Delhi
KIA SONET,KIA,2021,114738,Diesel,Manual,19438,894000.0,5,New Delhi
Maruti New Wagon-R,Maruti,2023,43178,Petrol,Manual,7344,416000.0,3,New Delhi
MG HECTOR,MG,2019,101335,Petrol,Auto,24373,1121000.0,7,New Delhi
Renault Duster,Renault,2018,80657,Diesel,Manual,20195,429000.0,8,New Delhi
Jeep Compass,Jeep,2020,54091,Petrol,Auto,13698,800000.0,6,New Delhi
Hyundai VENUE,Hyundai,2020,81371,Petrol,Auto,11121,630000.0,6,New Delhi
Volkswagen TAIGUN,Volkswagen,2023,54144,Petrol,Auto,19691,1150000.0,3,New Delhi
Maruti Ciaz,Maruti,2022,98091,Petrol,Manual,11174,633000.0,4,New Delhi
Hyundai Creta,Hyundai,2021,81232,Diesel,Auto,26091,1200000.0,5,New Delhi
Maruti BREZZA,Maruti,2024,7361,Petrol,Manual,15410,900000.0,2,New Delhi
Mahindra XUV300,Mahindra,2022,67019,Petrol,Manual,12622,715000.0,4,New Delhi
Mahindra XUV300,Mahindra,2019,82890,Diesel,Manual,19596,590000.0,7,New Delhi
Maruti XL6,Maruti,2024,17295,Petrol,Manual,19160,1119000.0,2,New Delhi
Tata Tiago,Tata,2023,12200,Petrol,Manual,10715,607000.0,3,New Delhi
Tata Harrier,Tata,2021,32095,Diesel,Manual,22264,1024000.0,5,New Delhi
Maruti Vitara Brezza,Maruti,2022,66981,Petrol,Manual,12357,700000.0,4,New Delhi
KIA SONET,KIA,2022,82678,Diesel,Manual,17378,913000.0000000001,4,New Delhi
Hyundai Creta,Hyundai,2024,27807,Petrol,Manual,17893,1044999.9999999999,2,New Delhi
MG HECTOR,MG,2019,148288,Diesel,Manual,24911,750000.0,7,New Delhi
Tata Harrier,Tata,2021,53013,Diesel,Manual,28243,1299000.0,5,New Delhi
KIA SONET,KIA,2024,9000,Petrol,Manual,15033,877999.9999999999,2,New Delhi
Maruti Swift Dzire,Maruti,2018,110801,Petrol,Manual,7763,349000.0,8,New Delhi
Tata Safari,Tata,2022,67038,Diesel,Manual,23602,1240000.0,4,New Delhi
Tata Tiago,Tata,2022,169384,Petrol,Manual,10299,463000.0,4,New Delhi
Jeep Compass,Jeep,2018,77357,Diesel,Manual,37047,787000.0,8,New Delhi
Jeep Compass,Jeep,2019,17085,Diesel,Manual,36013,1100000.0,7,New Delhi
Maruti Vitara Brezza,Maruti,2019,83788,Diesel,Auto,21656,652000.0,7,New Delhi
Hyundai Creta,Hyundai,2019,93560,Petrol,Auto,12357,700000.0,7,New Delhi
CITROEN C5 AIRCROSS,CITROEN,2022,42445,Diesel,Auto,28932,1520000.0,4,New Delhi
MG HECTOR,MG,2024,10528,Petrol,Auto,26934,1573000.0,2,New Delhi
Toyota Innova Crysta,Toyota,2018,185571,Diesel,Manual,67442,1447000.0,8,New Delhi
KIA SELTOS,KIA,2020,106504,Diesel,Manual,21478,831000.0,6,New Delhi
Mercedes Benz E Class,Mercedes,2016,55938,Diesel,Auto,33573,1299000.0,10,New Delhi
Hyundai VENUE N LINE,Hyundai,2023,22813,Petrol,Auto,16146,943000.0,3,New Delhi
Hyundai Creta,Hyundai,2020,46959,Petrol,Auto,20889,1220000.0,6,New Delhi
Hyundai EXTER,Hyundai,2023,49325,Petrol,Manual,13134,744000.0,3,New Delhi
Skoda SLAVIA,Skoda,2022,137039,Petrol,Manual,17573,790000.0,4,New Delhi
Mahindra BOLERO NEO,Mahindra,2024,13252,Diesel,Manual,15410,900000.0,2,New Delhi
Mahindra XUV700,Mahindra,2024,16335,Diesel,Manual,32533,1900000.0,2,New Delhi
MG HECTOR,MG,2020,81041,Petrol,Auto,16095,940000.0,6,New Delhi
KIA SELTOS,KIA,2022,21860,Petrol,Manual,18287,1068000.0,4,New Delhi
Maruti IGNIS,Maruti,2021,27372,Petrol,Manual,8562,484999.99999999994,5,New Delhi
Mahindra SCORPIO CLASSIC,Mahindra,2023,49448,Diesel,Manual,23971,1400000.0,3,New Delhi
KIA SONET,KIA,2024,9278,Petrol,Auto,18835,1100000.0,2,New Delhi
Tata NEXON,Tata,2022,91020,Diesel,Manual,13685,700000.0,4,New Delhi
Maruti Dzire,Maruti,2019,59778,Petrol,Manual,8014,454000.0,7,New Delhi
KIA SONET,KIA,2021,105613,Diesel,Auto,17394,800000.0,5,New Delhi
Ford Ecosport,Ford,2017,121766,Diesel,Manual,36161,407000.0,9,New Delhi
Mahindra XUV300,Mahindra,2019,39381,Diesel,Manual,19895,599000.0,7,New Delhi
Hyundai Creta,Hyundai,2022,126681,Diesel,Manual,21742,1000000.0,4,New Delhi
Maruti XL6,Maruti,2024,22666,Petrol,Auto,21985,1284000.0,2,New Delhi
Ford Ecosport,Ford,2019,41237,Petrol,Manual,10768,610000.0,7,New Delhi
Mahindra Scorpio,Mahindra,2017,61737,Diesel,Manual,63882,719000.0,9,New Delhi
Hyundai VENUE,Hyundai,2021,60804,Petrol,Manual,11192,634000.0,5,New Delhi
Mahindra MARAZZO,Mahindra,2018,114596,Diesel,Manual,21136,449000.0,8,New Delhi
KIA SELTOS,KIA,2020,166313,Diesel,Auto,23417,1077000.0,6,New Delhi
Maruti Baleno,Maruti,2019,44619,Petrol,Manual,13946,790000.0,7,New Delhi
KIA SONET,KIA,2024,11500,Petrol,Manual,15410,900000.0,2,New Delhi
Tata Hexa,Tata,2017,60235,Diesel,Manual,51621,581000.0,9,New Delhi
Hyundai VENUE,Hyundai,2019,25549,Petrol,Auto,12692,719000.0,7,New Delhi
Mahindra XUV700,Mahindra,2024,31789,Petrol,Auto,34433,2011000.0,2,New Delhi
KIA SELTOS,KIA,2020,87637,Diesel,Auto,27138,1050000.0,6,New Delhi
Mahindra SCORPIO CLASSIC,Mahindra,2023,79287,Diesel,Manual,23971,1400000.0,3,New Delhi
KIA SONET,KIA,2022,38000,Diesel,Auto,20043,1053000.0,4,New Delhi
KIA SELTOS,KIA,2023,91958,Diesel,Manual,17927,1047000.0000000001,3,New Delhi
KIA SONET,KIA,2022,58609,Petrol,Manual,13681,775000.0,4,New Delhi
MG HECTOR,MG,2024,11601,Petrol,Auto,30135,1760000.0000000002,2,New Delhi
KIA SELTOS,KIA,2021,60652,Diesel,Manual,19568,900000.0,5,New Delhi
Hyundai Creta,Hyundai,2022,176575,Diesel,Manual,23221,1068000.0,4,New Delhi
Mahindra XUV300,Mahindra,2020,64196,Petrol,Manual,10239,580000.0,6,New Delhi
KIA SELTOS,KIA,2023,67527,Petrol,Manual,20444,1194000.0,3,New Delhi
KIA SELTOS,KIA,2020,570301,Petrol,Manual,21025,967000.0,6,New Delhi
Hyundai i20 Active,Hyundai,2018,26461,Petrol,Manual,10468,593000.0,8,New Delhi
KIA SELTOS,KIA,2019,146884,Diesel,Manual,26372,794000.0,7,New Delhi
Tata Safari,Tata,2021,28025,Diesel,Auto,28809,1325000.0,5,New Delhi
KIA SELTOS,KIA,2020,64321,Petrol,Manual,14914,871000.0000000001,6,New Delhi
Jeep Compass,Jeep,2018,95000,Petrol,Auto,14554,850000.0,8,New Delhi
MG HECTOR,MG,2020,200000,Diesel,Manual,23261,900000.0,6,New Delhi
Toyota URBAN CRUISER HYRYDER,Toyota,2023,9209,Petrol,Manual,22259,1300000.0,3,New Delhi
KIA SONET,KIA,2024,21488,Petrol,Manual,16266,950000.0,2,New Delhi
KIA SONET,KIA,2024,9408,Petrol,Auto,21523,1257000.0,2,New Delhi
Mahindra Scorpio,Mahindra,2017,180182,Diesel,Manual,67259,757000.0,9,New Delhi
Hyundai VENUE,Hyundai,2025,2835,Petrol,Manual,15838,925000.0,1,New Delhi
Hyundai VENUE,Hyundai,2019,122938,Petrol,Auto,11122,500000.0,7,New Delhi
MG HECTOR,MG,2020,72409,Diesel,Manual,24993,967000.0,6,New Delhi
Mahindra SCORPIO-N,Mahindra,2024,4370,Petrol,Auto,31985,1868000.0,2,New Delhi
KIA SONET,KIA,2024,36189,Diesel,Auto,20341,1188000.0,2,New Delhi
Mahindra XUV700,Mahindra,2024,6774,Petrol,Manual,23098,1349000.0,2,New Delhi
Tata Safari,Tata,2021,45314,Diesel,Auto,28830,1326000.0,5,New Delhi
Honda City,Honda,2021,62054,Petrol,Manual,13240,750000.0,5,New Delhi
Mahindra XUV300,Mahindra,2019,102432,Diesel,Manual,14780,445000.0,7,New Delhi
Hyundai Creta,Hyundai,2018,65537,Diesel,Manual,35305,750000.0,8,New Delhi
KIA SONET,KIA,2024,21659,Petrol,Manual,15290,893000.0,2,New Delhi
Tata Harrier,Tata,2023,35855,Diesel,Manual,24828,1450000.0,3,New Delhi
Maruti Grand Vitara,Maruti,2023,53452,Petrol,Manual,18355,1072000.0,3,New Delhi
KIA SELTOS,KIA,2020,65461,Petrol,Auto,15410,900000.0,6,New Delhi
Honda WR-V,Honda,2022,35877,Petrol,Manual,13681,775000.0,4,New Delhi
Jeep Compass,Jeep,2021,99213,Petrol,Auto,26540,1550000.0,5,New Delhi
Mahindra XUV300,Mahindra,2023,42771,Diesel,Manual,16266,950000.0,3,New Delhi
Maruti Vitara Brezza,Maruti,2017,60927,Diesel,Manual,36695,413000.0,9,New Delhi
KIA SONET,KIA,2022,70733,Diesel,Auto,16575,968000.0,4,New Delhi
Hyundai i20 Active,Hyundai,2016,68614,Petrol,Manual,7964,358000.0,10,New Delhi
Hyundai VENUE,Hyundai,2023,21290,Petrol,Auto,17448,1019000.0,3,New Delhi
KIA SELTOS,KIA,2020,49453,Diesel,Auto,17585,1027000.0,6,New Delhi
Hyundai Creta,Hyundai,2017,65091,Diesel,Auto,70013,788000.0,9,New Delhi
KIA SELTOS,KIA,2019,166224,Diesel,Manual,29825,911000.0,7,New Delhi
Hyundai Creta,Hyundai,2018,86187,Petrol,Manual,13875,786000.0,8,New Delhi
Maruti Celerio,Maruti,2023,12654,Petrol,Auto,9656,547000.0,3,New Delhi
KIA SELTOS,KIA,2023,84626,Diesel,Manual,18064,1055000.0,3,New Delhi
Tata Safari,Tata,2024,29507,Diesel,Auto,28184,1646000.0,2,New Delhi
Renault Kiger,Renault,2024,5540,Petrol,Manual,12357,700000.0,2,New Delhi
KIA SELTOS,KIA,2019,99103,Petrol,Auto,14263,833000.0,7,New Delhi
Hyundai Creta,Hyundai,2019,65747,Diesel,Auto,26387,806000.0,7,New Delhi
Mahindra Scorpio,Mahindra,2018,184962,Diesel,Manual,48379,1038000.0000000001,8,New Delhi
MG HECTOR,MG,2021,85831,Petrol,Auto,19999,1168000.0,5,New Delhi
Tata Harrier,Tata,2021,132000,Diesel,Auto,25265,1162000.0,5,New Delhi
Hyundai VENUE,Hyundai,2021,53320,Petrol,Manual,11492,651000.0,5,New Delhi
Tata Harrier,Tata,2023,29335,Diesel,Auto,24828,1450000.0,3,New Delhi
Maruti Grand Vitara,Maruti,2023,9032,Petrol,Manual,17893,1044999.9999999999,3,New Delhi
Renault Kiger,Renault,2023,17627,Petrol,Auto,13903,811999.9999999999,3,New Delhi
KIA SELTOS,KIA,2023,44778,Diesel,Manual,18646,1089000.0,3,New Delhi
Hyundai Creta,Hyundai,2023,59391,Petrol,Manual,20393,1191000.0,3,New Delhi
Maruti Grand Vitara,Maruti,2023,56840,Petrol,Manual,18818,1099000.0,3,New Delhi
Maruti Ciaz,Maruti,2014,85679,Petrol,Manual,11127,335000.0,12,New Delhi
Honda Amaze,Honda,2025,13661,Petrol,Auto,17140,1001000.0,1,New Delhi
Maruti Vitara Brezza,Maruti,2020,116826,Diesel,Manual,14837,667000.0,6,New Delhi
Maruti Celerio,Maruti,2022,46428,Petrol,Manual,7873,446000.0,4,New Delhi
Mahindra XUV300,Mahindra,2022,88533,Diesel,Auto,17321,910000.0,4,New Delhi
Hyundai Creta,Hyundai,2022,55100,Diesel,Manual,22841,1200000.0,4,New Delhi
Mahindra Scorpio,Mahindra,2018,96269,Diesel,Manual,44277,950000.0,8,New Delhi
Tata TIAGO EV,Tata,2023,44562,Electric,Auto,11139,631000.0,3,New Delhi
KIA SELTOS,KIA,2023,26451,Diesel,Manual,23441,1369000.0,3,New Delhi
Tata Harrier,Tata,2021,99875,Diesel,Auto,25004,1150000.0,5,New Delhi
KIA SELTOS,KIA,2019,72233,Petrol,Auto,16420,959000.0,7,New Delhi
Mahindra SCORPIO CLASSIC,Mahindra,2024,87773,Diesel,Manual,28954,1691000.0,2,New Delhi
Mahindra Scorpio,Mahindra,2018,64341,Diesel,Manual,41947,900000.0,8,New Delhi
MG HECTOR PLUS,MG,2021,86305,Petrol,Manual,20239,1182000.0,5,New Delhi
Skoda Superb,Skoda,2019,95898,Petrol,Auto,23115,1350000.0,7,New Delhi
Tata Harrier,Tata,2023,54423,Diesel,Auto,27927,1630999.9999999998,3,New Delhi
Tata Tiago,Tata,2019,68600,Petrol,Auto,6761,383000.0,7,New Delhi
Hyundai Creta,Hyundai,2022,76279,Diesel,Manual,24744,1300000.0,4,New Delhi
KIA SELTOS,KIA,2019,144153,Diesel,Auto,26191,800000.0,7,New Delhi
Tata Harrier,Tata,2021,88636,Diesel,Auto,25591,1177000.0,5,New Delhi
Tata Harrier,Tata,2021,156007,Diesel,Manual,25417,1169000.0,5,New Delhi
Jeep Compass,Jeep,2022,47290,Diesel,Auto,34261,1800000.0,4,New Delhi
Maruti New Wagon-R,Maruti,2022,19523,Petrol,Manual,7926,449000.0,4,New Delhi
KIA SELTOS,KIA,2022,51622,Petrol,Manual,23715,1385000.0,4,New Delhi
Mahindra Scorpio,Mahindra,2017,46642,Diesel,Manual,65926,742000.0,9,New Delhi
Mahindra XUV 3XO,Mahindra,2024,15317,Petrol,Manual,14982,875000.0,2,New Delhi
Mahindra XUV300,Mahindra,2021,40166,Diesel,Manual,22656,1042000.0,5,New Delhi
KIA SELTOS,KIA,2020,59403,Petrol,Manual,14554,850000.0,6,New Delhi
MG HECTOR,MG,2020,76049,Petrol,Manual,15051,878999.9999999999,6,New Delhi
Maruti BREZZA,Maruti,2022,28943,Petrol,Manual,15753,919999.9999999999,4,New Delhi
Toyota Innova Crysta,Toyota,2018,118905,Diesel,Manual,51548,1106000.0,8,New Delhi
Tata NEXON EV,Tata,2024,22207,Electric,Auto,23749,1387000.0,2,New Delhi
Mahindra XUV300,Mahindra,2021,85097,Diesel,Auto,17306,778000.0,5,New Delhi
Maruti BREZZA,Maruti,2024,57855,Petrol,Manual,16609,969999.9999999999,2,New Delhi
Honda CRV,Honda,2013,124322,Petrol,Auto,19959,424000.0,13,New Delhi
Tata TIAGO EV,Tata,2024,54968,Electric,Auto,11280,639000.0,2,New Delhi
Toyota Innova Crysta,Toyota,2022,54326,Diesel,Auto,35213,1850000.0,4,New Delhi
MG HECTOR,MG,2023,71316,Diesel,Manual,25684,1500000.0,3,New Delhi
Mahindra SCORPIO-N,Mahindra,2024,31418,Diesel,Manual,30683,1792000.0000000002,2,New Delhi
Honda Amaze,Honda,2024,26321,Petrol,Auto,13363,757000.0,2,New Delhi
Maruti New Wagon-R,Maruti,2023,55000,Petrol,Manual,8473,480000.0,3,New Delhi
Tata Harrier,Tata,2023,72930,Diesel,Manual,27259,1592000.0,3,New Delhi
Jeep Compass,Jeep,2022,24548,Petrol,Auto,32550,1901000.0000000002,4,New Delhi
Tata Harrier,Tata,2021,102695,Diesel,Manual,20655,950000.0,5,New Delhi
Maruti Grand Vitara,Maruti,2023,57244,Petrol,Manual,19691,1150000.0,3,New Delhi
Jeep Compass,Jeep,2021,41889,Petrol,Auto,26540,1550000.0,5,New Delhi
Jeep Compass,Jeep,2022,43354,Petrol,Auto,34245,2000000.0,4,New Delhi
Hyundai Creta,Hyundai,2024,55306,Petrol,Manual,20718,1210000.0,2,New Delhi
Volkswagen TAIGUN,Volkswagen,2025,6612,Petrol,Manual,21300,1244000.0,1,New Delhi
KIA SELTOS,KIA,2019,74821,Diesel,Auto,40334,1232000.0,7,New Delhi
Tata Harrier,Tata,2019,129150,Diesel,Manual,27173,830000.0000000001,7,New Delhi
Tata PUNCH,Tata,2022,44029,Petrol,Manual,9321,528000.0,4,New Delhi
KIA SELTOS,KIA,2019,87590,Diesel,Manual,28712,877000.0,7,New Delhi
Toyota Innova Crysta,Toyota,2016,73280,Petrol,Manual,21982,1011000.0,10,New Delhi
Mahindra Scorpio,Mahindra,2018,95898,Diesel,Manual,38685,830000.0000000001,8,New Delhi
Hyundai Creta,Hyundai,2025,6892,Petrol,Auto,29622,1730000.0,1,New Delhi
Mahindra Scorpio,Mahindra,2016,92400,Diesel,Manual,29622,735000.0,10,New Delhi
Maruti FRONX,Maruti,2025,14460,Petrol,Manual,14760,861999.9999999999,1,New Delhi
Maruti BREZZA,Maruti,2024,14199,Petrol,Auto,22841,1334000.0,2,New Delhi
Tata Curvv,Tata,2024,28432,Petrol,Manual,24828,1450000.0,2,New Delhi
MG HECTOR PLUS,MG,2021,80403,Diesel,Manual,29483,1356000.0,5,New Delhi
Toyota Innova Crysta,Toyota,2018,125762,Diesel,Auto,28809,1325000.0,8,New Delhi
Hyundai Creta,Hyundai,2024,11294,Petrol,Auto,31933,1864999.9999999998,2,New Delhi
Ford Endeavour,Ford,2016,96528,Diesel,Auto,31933,1399000.0,10,New Delhi
Ford Endeavour,Ford,2021,70048,Diesel,Auto,61444,2826000.0,5,New Delhi
Mahindra SCORPIO CLASSIC,Mahindra,2025,15157,Diesel,Manual,35786,2089999.9999999998,1,New Delhi
Hyundai Creta,Hyundai,2023,32320,Petrol,Manual,20547,1200000.0,3,New Delhi
Mahindra Scorpio,Mahindra,2018,52470,Diesel,Manual,44277,950000.0,8,New Delhi
Tata TIGOR EV,Tata,2021,87314,Electric,Auto,13416,760000.0,5,New Delhi
KIA SONET,KIA,2022,37097,Petrol,Auto,16129,942000.0,4,New Delhi
Tata NEXON EV,Tata,2023,31494,Electric,Auto,15410,900000.0,3,New Delhi
Mahindra SCORPIO CLASSIC,Mahindra,2023,40024,Diesel,Manual,26112,1525000.0,3,New Delhi
Tata Safari,Tata,2023,46000,Diesel,Auto,28252,1650000.0,3,New Delhi
Mahindra SCORPIO CLASSIC,Mahindra,2023,78326,Diesel,Manual,26506,1548000.0,3,New Delhi
Mahindra XUV300,Mahindra,2022,23500,Diesel,Manual,17245,906000.0,4,New Delhi
Tata NEXON EV,Tata,2024,26960,Electric,Auto,24554,1434000.0,2,New Delhi
Jeep Compass,Jeep,2022,92855,Petrol,Auto,24828,1450000.0,4,New Delhi
Mahindra SCORPIO CLASSIC,Mahindra,2022,96302,Diesel,Manual,26990,1418000.0,4,New Delhi
KIA Carens Clavis,KIA,2025,9094,Petrol,Auto,35546,2076000.0000000002,1,New Delhi
MG HECTOR,MG,2022,42095,Petrol,Auto,20547,1200000.0,4,New Delhi
KIA SELTOS,KIA,2020,37736,Petrol,Auto,20119,1175000.0,6,New Delhi
CITROEN C5 AIRCROSS,CITROEN,2022,52456,Diesel,Auto,54247,2850000.0,4,New Delhi
MG HECTOR,MG,2022,52465,Petrol,Auto,22619,1321000.0,4,New Delhi
Mahindra Thar,Mahindra,2024,27687,Diesel,Auto,26591,1553000.0,2,New Delhi
MG GLOSTER,MG,2023,29904,Diesel,Auto,51607,3014000.0,3,New Delhi
Toyota Innova Crysta,Toyota,2019,178884,Diesel,Manual,35227,1076000.0,7,New Delhi
KIA SELTOS,KIA,2022,62000,Petrol,Manual,17122,1000000.0,4,New Delhi
Jeep Compass,Jeep,2021,51159,Petrol,Auto,20547,1200000.0,5,New Delhi
Tata NEXON EV,Tata,2022,52855,Electric,Auto,15462,902999.9999999999,4,New Delhi
Toyota Innova Crysta,Toyota,2019,252936,Diesel,Auto,37650,1150000.0,7,New Delhi
Honda CRV,Honda,2013,226113,Petrol,Auto,28950,615000.0,13,New Delhi
Tata NEXON EV,Tata,2022,81638,Electric,Auto,17979,1050000.0,4,New Delhi
Toyota Innova Crysta,Toyota,2019,145165,Diesel,Auto,28570,1314000.0,7,New Delhi
Jeep Compass,Jeep,2022,55368,Petrol,Auto,31163,1820000.0,4,New Delhi
Mahindra SCORPIO-N,Mahindra,2025,16159,Petrol,Auto,38115,2226000.0,1,New Delhi
Tata TIAGO EV,Tata,2023,66225,Electric,Auto,14160,827000.0,3,New Delhi
MG ZS EV,MG,2024,36000,Electric,Auto,29964,1750000.0,2,New Delhi
Tata Hexa,Tata,2019,142776,Diesel,Manual,27009,825000.0,7,New Delhi
Tata TIGOR EV,Tata,2021,48083,Electric,Auto,12463,706000.0,5,New Delhi
Tata Safari,Tata,2024,28657,Diesel,Auto,35957,2100000.0,2,New Delhi
MG GLOSTER,MG,2022,161494,Diesel,Auto,77903,3583000.0,4,New Delhi
Mahindra Thar,Mahindra,2025,38415,Petrol,Auto,22259,1300000.0,1,New Delhi
Tata Safari,Tata,2021,144144,Diesel,Auto,23917,1100000.0,5,New Delhi
Toyota Innova Crysta,Toyota,2019,154990,Diesel,Manual,37158,1135000.0,7,New Delhi
Toyota Innova Crysta,Toyota,2021,91040,Diesel,Auto,40180,1848000.0,5,New Delhi
Hyundai ALCAZAR,Hyundai,2023,29747,Petrol,Manual,24228,1415000.0,3,New Delhi
Maruti S Cross,Maruti,2016,87632,Diesel,Manual,24228,315000.0,10,New Delhi
Hyundai i10,Hyundai,2012,106133,Petrol,Manual,10306,115999.99999999999,14,New Delhi
Hyundai Creta,Hyundai,2025,10556,Petrol,Manual,18852,1101000.0,1,New Delhi
Maruti Celerio,Maruti,2017,182857,Petrol,Manual,5672,254999.99999999997,9,New Delhi
Volvo XC 60,Volvo,2018,257641,Diesel,Auto,97131,2084000.0,8,New Delhi
Maruti New Wagon-R,Maruti,2019,210850,Petrol,Manual,7363,331000.0,7,New Delhi
KIA SELTOS,KIA,2019,66315,Petrol,Manual,13921,813000.0000000001,7,New Delhi
Maruti Alto,Maruti,2012,52891,Petrol,Manual,5509,62000.0,14,New Delhi
Maruti Swift Dzire,Maruti,2017,106394,Petrol,Manual,8876,399000.0,9,New Delhi
Tata Safari,Tata,2022,92914,Diesel,Auto,29503,1550000.0,4,New Delhi
Nissan MAGNITE,Nissan,2021,40493,Petrol,Auto,10486,594000.0,5,New Delhi
Maruti Wagon R 1.0,Maruti,2015,68378,Petrol,Manual,3950,150000.0,11,New Delhi
Maruti Baleno,Maruti,2022,44480,Petrol,Manual,9780,554000.0,4,New Delhi
Hyundai Grand i10,Hyundai,2016,72920,Petrol,Manual,4872,219000.0,10,New Delhi
Maruti Swift,Maruti,2018,112201,Petrol,Manual,6651,299000.0,8,New Delhi
Renault Duster,Renault,2019,47573,Petrol,Auto,11015,624000.0,7,New Delhi
Ford Ecosport,Ford,2018,45952,Diesel,Manual,21513,457000.0,8,New Delhi
Maruti Wagon R 1.0,Maruti,2011,53777,Petrol,Manual,21513,94000.0,15,New Delhi
Volkswagen TAIGUN,Volkswagen,2023,48358,Petrol,Auto,20204,1180000.0,3,New Delhi
Ford Ecosport,Ford,2017,109852,Petrol,Manual,7096,319000.0,9,New Delhi
KIA SELTOS,KIA,2019,110932,Petrol,Auto,22395,1030000.0000000001,7,New Delhi
Mahindra BOLERO NEO,Mahindra,2023,21815,Diesel,Manual,16557,967000.0,3,New Delhi
Honda Amaze,Honda,2022,34536,Petrol,Auto,10768,610000.0,4,New Delhi
Ford Ecosport,Ford,2019,112149,Diesel,Manual,16973,511000.00000000006,7,New Delhi
Maruti Baleno,Maruti,2016,136857,Petrol,Manual,22503,1035000.0,10,New Delhi
Honda Amaze,Honda,2017,83890,Diesel,Manual,29764,335000.0,9,New Delhi
Maruti New Wagon-R,Maruti,2023,32770,Petrol,Manual,8650,490000.00000000006,3,New Delhi
Renault TRIBER,Renault,2022,32392,Petrol,Manual,9074,513999.99999999994,4,New Delhi
MG HECTOR,MG,2019,92582,Diesel,Manual,25442,766000.0,7,New Delhi
Maruti Wagon R 1.0,Maruti,2014,66401,Petrol,Manual,6477,195000.0,12,New Delhi
Ford Ecosport,Ford,2016,57941,Diesel,Manual,6477,304000.0,10,New Delhi
KIA SONET,KIA,2022,74505,Diesel,Auto,16179,850000.0,4,New Delhi
Ford Ecosport,Ford,2016,84602,Diesel,Manual,16179,325000.0,10,New Delhi
Maruti Baleno,Maruti,2017,100115,Petrol,Manual,8141,366000.0,9,New Delhi
Hyundai Accent,Hyundai,2013,162984,Petrol,Manual,4378,93000.0,13,New Delhi
Ford Ecosport,Ford,2016,103250,Diesel,Manual,4378,333000.0,10,New Delhi
Renault Kiger,Renault,2022,41541,Petrol,Manual,7185,407000.0,4,New Delhi
KIA SONET,KIA,2024,5255,Petrol,Auto,20187,1179000.0,2,New Delhi
Maruti Celerio,Maruti,2014,124860,Petrol,Manual,6410,193000.0,12,New Delhi
Hyundai Creta,Hyundai,2017,115423,Diesel,Manual,35451,399000.0,9,New Delhi
Tata Tiago,Tata,2022,87600,CNG,Manual,7043,399000.0,4,New Delhi
Datsun Go,Datsun,2018,100023,Petrol,Manual,3448,155000.0,8,New Delhi
Maruti Swift,Maruti,2020,96007,CNG,Manual,7032,398000.0,6,New Delhi
Maruti Vitara Brezza,Maruti,2021,52923,Petrol,Manual,8643,490000.00000000006,5,New Delhi
Hyundai AURA,Hyundai,2022,63952,CNG,Manual,8464,479000.0,4,New Delhi
Maruti Swift,Maruti,2024,42012,Petrol,Manual,9780,554000.0,2,New Delhi
Tata PUNCH,Tata,2022,58416,Petrol,Manual,9091,515000.00000000006,4,New Delhi
Maruti IGNIS,Maruti,2018,50504,Petrol,Manual,4872,276000.0,8,New Delhi
Maruti Ertiga,Maruti,2020,64279,Petrol,Manual,12164,689000.0,6,New Delhi
Renault TRIBER,Renault,2020,39623,Petrol,Manual,5790,328000.0,6,New Delhi
Toyota Fortuner,Toyota,2023,83352,Diesel,Auto,55477,3240000.0,3,New Delhi
Maruti Baleno,Maruti,2015,53068,Petrol,Manual,6794,258000.0,11,New Delhi
Tata NEXON,Tata,2022,59477,Petrol,Manual,8385,475000.0,4,New Delhi
Renault TRIBER,Renault,2021,73427,Petrol,Manual,5935,336000.0,5,New Delhi
KIA SELTOS,KIA,2020,98426,Petrol,Manual,10203,578000.0,6,New Delhi
Maruti Ertiga,Maruti,2020,92417,Petrol,Manual,11719,664000.0,6,New Delhi
Maruti Alto 800,Maruti,2018,48820,Petrol,Manual,3619,204999.99999999997,8,New Delhi
Nissan Kicks,Nissan,2019,27818,Petrol,Manual,8650,490000.00000000006,7,New Delhi
Hyundai Grand i10,Hyundai,2014,70601,Petrol,Manual,5979,180000.0,12,New Delhi
Tata Tiago,Tata,2018,139772,Petrol,Manual,4738,213000.0,8,New Delhi
Skoda SLAVIA,Skoda,2022,36805,Petrol,Auto,14571,851000.0,4,New Delhi
Maruti S Cross,Maruti,2022,69882,Petrol,Manual,9074,513999.99999999994,4,New Delhi
Hyundai Creta,Hyundai,2022,73388,Petrol,Manual,13416,760000.0,4,New Delhi
Nissan MAGNITE,Nissan,2022,49559,CNG,Manual,8191,463999.99999999994,4,New Delhi
Honda City,Honda,2022,44398,Petrol,Manual,11414,647000.0,4,New Delhi
Honda Amaze,Honda,2015,64050,Petrol,Manual,5030,191000.0,11,New Delhi
Honda Amaze,Honda,2019,73310,Petrol,Manual,6602,374000.0,7,New Delhi
Honda City,Honda,2018,68627,Petrol,Auto,8685,492000.0,8,New Delhi
Hyundai Creta,Hyundai,2019,49323,Petrol,Manual,8950,507000.0,7,New Delhi
Toyota URBAN CRUISER HYRYDER,Toyota,2022,88472,Petrol,Auto,18835,1100000.0,4,New Delhi
Honda City,Honda,2022,87931,CNG,Auto,14588,852000.0,4,New Delhi
KIA SONET,KIA,2020,38236,Petrol,Manual,9938,563000.0,6,New Delhi
Ford Ecosport,Ford,2016,72113,Petrol,Manual,6184,278000.0,10,New Delhi
Hyundai Grand i10,Hyundai,2017,35857,CNG,Manual,7871,299000.0,9,New Delhi
Chevrolet Beat,Chevrolet,2015,24782,Petrol,Manual,3387,129000.0,11,New Delhi
Maruti Ciaz,Maruti,2018,64035,Petrol,Manual,6955,394000.0,8,New Delhi
Hyundai NEW I20,Hyundai,2021,60500,Petrol,Auto,10233,580000.0,5,New Delhi
Nissan MAGNITE,Nissan,2022,66035,Petrol,Manual,7920,449000.0,4,New Delhi
Maruti Baleno,Maruti,2020,85113,Petrol,Manual,6938,393000.0,6,New Delhi
Maruti Swift,Maruti,2020,45281,CNG,Manual,7340,416000.0,6,New Delhi
KIA CARENS,KIA,2024,14649,Petrol,Manual,17294,1010000.0,2,New Delhi
MG ASTOR,MG,2022,39486,Petrol,Manual,11931,676000.0,4,New Delhi
KIA SONET,KIA,2023,56244,Petrol,Manual,11545,654000.0,3,New Delhi
Hyundai Creta,Hyundai,2016,44972,Petrol,Manual,9941,447000.0,10,New Delhi
Maruti Ertiga,Maruti,2015,57442,Petrol,Manual,9954,378000.0,11,New Delhi
KIA SONET,KIA,2021,84963,Petrol,Manual,9254,524000.0,5,New Delhi
Maruti Ciaz,Maruti,2016,55930,Petrol,Manual,7652,344000.0,10,New Delhi
Renault Kwid,Renault,2016,43942,Petrol,Manual,3470,156000.0,10,New Delhi
Hyundai Creta,Hyundai,2019,58509,Petrol,Manual,9183,520000.0,7,New Delhi
MG HECTOR,MG,2019,12823,Diesel,Manual,26518,810000.0,7,New Delhi
Tata PUNCH,Tata,2024,9051,Petrol,Manual,9709,550000.0,2,New Delhi
Maruti IGNIS,Maruti,2017,31725,Petrol,Manual,6354,325000.0,9,New Delhi
Hyundai GRAND I10 NIOS,Hyundai,2019,52695,Petrol,Auto,6540,371000.0,7,New Delhi
Hyundai Creta,Hyundai,2017,98252,Petrol,Auto,10850,555000.0,9,New Delhi
Maruti Celerio,Maruti,2020,74083,CNG,Manual,6603,374000.0,6,New Delhi
Volkswagen TAIGUN,Volkswagen,2024,10143,Petrol,Manual,16335,953999.9999999999,2,New Delhi
Maruti New Wagon-R,Maruti,2022,94895,CNG,Manual,6867,389000.0,4,New Delhi
Tata NEXON,Tata,2023,25308,Petrol,Manual,13886,811000.0,3,New Delhi
Mahindra Scorpio,Mahindra,2018,48995,Diesel,Manual,32622,693000.0,8,New Delhi
Mahindra XUV300,Mahindra,2020,91682,Diesel,Manual,15357,583000.0,6,New Delhi
Honda Amaze,Honda,2017,57346,Petrol,Manual,5611,287000.0,9,New Delhi
Maruti Ciaz,Maruti,2018,56957,Petrol,Manual,7714,437000.0,8,New Delhi
Honda City,Honda,2014,73496,Petrol,Auto,8835,266000.0,12,New Delhi
Honda Amaze,Honda,2021,30347,Petrol,Auto,9956,564000.0,5,New Delhi
Maruti Ciaz,Maruti,2019,85161,Petrol,Auto,8703,493000.0,7,New Delhi
Toyota Glanza,Toyota,2024,21359,Petrol,Manual,10262,581000.0,2,New Delhi
Maruti Alto 800,Maruti,2017,18673,Petrol,Manual,3998,204999.99999999997,9,New Delhi
Hyundai Elite i20,Hyundai,2017,60451,Petrol,Manual,6715,343000.0,9,New Delhi
Hyundai Grand i10,Hyundai,2015,80240,Petrol,Auto,8767,333000.0,11,New Delhi
Ford Ecosport,Ford,2019,58921,Petrol,Manual,7975,451999.99999999994,7,New Delhi
Hyundai Creta,Hyundai,2016,94688,Petrol,Manual,9832,442000.0,10,New Delhi
Toyota Etios,Toyota,2015,65292,Petrol,Manual,5951,225999.99999999997,11,New Delhi
Honda Jazz,Honda,2020,89822,Petrol,Auto,8938,505999.99999999994,6,New Delhi
Toyota Etios,Toyota,2014,26781,Petrol,Manual,7526,227000.0,12,New Delhi
Maruti Baleno,Maruti,2021,59396,Petrol,Manual,7781,441000.0,5,New Delhi
Hyundai Creta,Hyundai,2016,46346,Petrol,Manual,10998,494000.00000000006,10,New Delhi
Maruti Ciaz,Maruti,2018,82158,Petrol,Manual,7661,434000.0,8,New Delhi
Tata NEXON,Tata,2019,55501,Petrol,Manual,7185,407000.0,7,New Delhi
Renault Kwid,Renault,2016,56447,Petrol,Manual,4449,200000.0,10,New Delhi
Hyundai GRAND I10 NIOS,Hyundai,2022,34308,Petrol,Manual,7439,421000.0,4,New Delhi
Tata NEXON,Tata,2021,61553,Petrol,Auto,12110,686000.0,5,New Delhi
Maruti Baleno,Maruti,2020,96044,Petrol,Manual,7573,429000.0,6,New Delhi
Maruti New Wagon-R,Maruti,2022,53797,CNG,Manual,7418,420000.0,4,New Delhi
Renault Kiger,Renault,2021,49934,Petrol,Auto,8219,466000.0,5,New Delhi
Maruti Celerio,Maruti,2015,38037,Petrol,Auto,6320,240000.0,11,New Delhi
KIA SELTOS,KIA,2019,56532,Petrol,Auto,14725,860000.0,7,New Delhi
Honda Amaze,Honda,2017,72773,CNG,Manual,8482,322000.0,9,New Delhi
Maruti Swift,Maruti,2015,69788,Petrol,Manual,6241,237000.0,11,New Delhi
Tata NEXON,Tata,2019,54946,Petrol,Auto,8509,482000.0,7,New Delhi
Maruti Wagon R 1.0,Maruti,2017,70839,CNG,Manual,7637,290000.0,9,New Delhi
Maruti Baleno,Maruti,2020,25691,Petrol,Manual,7578,429000.0,6,New Delhi
Hyundai Grand i10,Hyundai,2015,27338,Petrol,Auto,7479,284000.0,11,New Delhi
Hyundai Grand i10,Hyundai,2015,41078,Petrol,Manual,5925,225000.0,11,New Delhi
Mahindra Kuv100,Mahindra,2017,36967,Petrol,Manual,5455,279000.0,9,New Delhi
