Car Name,Company,Year of Manufacture,Distance Driven,Fuel Type,Gear Type,EMI,Price,Car Age,City
Maruti Vitara Brezza,Maruti,2021,52923,Petrol,Manual,8643,490000.00000000006,5,Noida
Maruti Swift,Maruti,2014,61207,Petrol,Manual,6477,195000.0,12,Noida
Volkswagen Polo,Volkswagen,2020,33751,Petrol,Manual,6814,386000.0,6,Noida
Toyota Fortuner,Toyota,2023,83352,Diesel,Auto,55477,3240000.0,3,Noida
Mahindra SCORPIO-N,Mahindra,2023,79841,Diesel,Manual,29091,1698999.9999999998,3,Noida
Maruti Swift,Maruti,2016,48436,Petrol,Manual,5806,261000.0,10,Noida
Volkswagen Polo,Volkswagen,2019,39462,Petrol,Auto,9977,565000.0,7,Noida
Skoda KUSHAQ,Skoda,2025,20617,Petrol,Manual,12992,736000.0,1,Noida
Ford Ecosport,Ford,2018,26424,Diesel,Manual,23772,505000.0,8,Noida
Tata ALTROZ,Tata,2021,73822,Diesel,Manual,15122,680000.0,5,Noida
Maruti Swift Dzire,Maruti,2021,57071,CNG,Manual,7750,438999.99999999994,5,Noida
Maruti Baleno,Maruti,2015,53068,Petrol,Manual,6794,258000.0,11,Noida
Hyundai Verna,Hyundai,2018,24996,Petrol,Manual,8584,486000.00000000006,8,Noida
Hyundai NEW I20,Hyundai,2022,19259,Petrol,Manual,9356,530000.0,4,Noida
Hyundai VENUE,Hyundai,2021,53312,Petrol,Manual,9427,534000.0,5,Noida
Renault TRIBER,Renault,2021,52312,Petrol,Manual,6660,377000.0,5,Noida
Honda Amaze,Honda,2014,91353,Petrol,Manual,5348,161000.0,12,Noida
Tata NEXON,Tata,2018,72470,Petrol,Manual,5825,330000.0,8,Noida
Toyota Glanza,Toyota,2024,13172,Petrol,Manual,9334,529000.0,2,Noida
KIA SONET,KIA,2020,38236,Petrol,Manual,9938,563000.0,6,Noida
Maruti New Wagon-R,Maruti,2019,74374,Petrol,Manual,5719,324000.0,7,Noida
Hyundai NEW SANTRO,Hyundai,2022,91678,CNG,Manual,6743,382000.0,4,Noida
MG HECTOR,MG,2019,52206,Petrol,Auto,17379,1015000.0,7,Noida
KIA SELTOS,KIA,2020,16459,Petrol,Manual,16266,950000.0,6,Noida
MG HECTOR,MG,2023,15809,Petrol,Auto,25512,1490000.0,3,Noida
Volkswagen VIRTUS,Volkswagen,2022,47712,Petrol,Manual,12198,691000.0,4,Noida
Toyota Fortuner,Toyota,2020,48819,Diesel,Auto,71075,2750000.0,6,Noida
Renault Kwid,Renault,2017,75770,Petrol,Manual,3128,160000.0,9,Noida
Tata PUNCH,Tata,2023,46004,Petrol,Manual,8543,484000.0,3,Noida
Mahindra Thar,Mahindra,2022,30690,Petrol,Manual,20119,1175000.0,4,Noida
Hyundai Tucson,Hyundai,2024,14376,Petrol,Auto,43662,2550000.0,2,Noida
Renault Kwid,Renault,2019,63301,Petrol,Manual,3495,198000.0,7,Noida
Tata Safari,Tata,2021,43449,Diesel,Auto,28265,1300000.0,5,Noida
Skoda Superb,Skoda,2021,33492,Petrol,Auto,44518,2600000.0,5,Noida
Hyundai Creta,Hyundai,2020,88094,Diesel,Manual,18987,721000.0,6,Noida
MG GLOSTER,MG,2022,8603,Diesel,Auto,59006,3100000.0,4,Noida
KIA SELTOS,KIA,2023,43943,Diesel,Manual,14451,844000.0,3,Noida
Hyundai Verna,Hyundai,2018,52177,Petrol,Manual,9568,542000.0,8,Noida
Renault Kiger,Renault,2022,57927,Petrol,Manual,6532,370000.0,4,Noida
Tata Harrier,Tata,2020,84776,Diesel,Manual,20728,802000.0,6,Noida
Mahindra XUV 3XO,Mahindra,2024,14838,Diesel,Auto,14777,863000.0000000001,2,Noida
KIA CARNIVAL,KIA,2025,10558,Diesel,Auto,107015,6250000.0,1,Noida
Tata ALTROZ,Tata,2022,45910,Petrol,Manual,6708,380000.0,4,Noida
Tata Safari,Tata,2021,64038,Diesel,Manual,24786,1140000.0,5,Noida
Mahindra XUV700,Mahindra,2022,41024,Petrol,Manual,23115,1350000.0,4,Noida
Maruti Wagon R 1.0,Maruti,2013,98532,Petrol,Manual,5790,123000.0,13,Noida
BMW 3 Series,BMW,2019,69884,Diesel,Auto,76936,2350000.0,7,Noida
Honda Amaze,Honda,2021,39068,CNG,Manual,10429,591000.0,5,Noida
Jeep Compass,Jeep,2019,50367,Petrol,Auto,15410,900000.0,7,Noida
Mahindra BE 6e,Mahindra,2025,3651,Electric,Auto,41094,2400000.0,1,Noida
Hyundai ALCAZAR,Hyundai,2024,4227,Petrol,Auto,32105,1875000.0,2,Noida
Maruti Baleno,Maruti,2023,47454,Petrol,Manual,8473,480000.0,3,Noida
Maruti Alto 800,Maruti,2017,29630,Petrol,Manual,3548,181000.0,9,Noida
Maruti Swift,Maruti,2019,47053,Petrol,Manual,6620,375000.0,7,Noida
Hyundai Verna,Hyundai,2019,75966,Petrol,Manual,10661,604000.0,7,Noida
Skoda Superb,Skoda,2017,36581,Petrol,Auto,24268,1275000.0,9,Noida
Honda Amaze,Honda,2019,47426,Petrol,Auto,7079,401000.0,7,Noida
Mahindra XUV700,Mahindra,2024,20913,Diesel,Auto,39382,2300000.0,2,Noida
Tata NEXON EV,Tata,2024,29329,Electric,Auto,25256,1475000.0,2,Noida
Hyundai EXTER,Hyundai,2024,10309,Petrol,Auto,14982,875000.0,2,Noida
Hyundai Verna,Hyundai,2019,51996,Petrol,Auto,12304,697000.0,7,Noida
Hyundai VENUE,Hyundai,2021,34800,Petrol,Manual,9903,561000.0,5,Noida
MG HECTOR PLUS,MG,2024,24606,Petrol,Auto,31677,1850000.0,2,Noida
MG HECTOR,MG,2021,47308,Diesel,Manual,21525,990000.0,5,Noida
Mahindra Scorpio,Mahindra,2019,35267,Diesel,Manual,28745,877999.9999999999,7,Noida
Skoda SLAVIA,Skoda,2022,39259,Petrol,Manual,12904,731000.0,4,Noida
Honda Amaze,Honda,2022,44853,Petrol,Manual,7767,440000.00000000006,4,Noida
Nissan MAGNITE,Nissan,2023,60570,Petrol,Manual,6814,386000.0,3,Noida
Hyundai Tucson,Hyundai,2023,19023,Diesel,Auto,45374,2650000.0,3,Noida
Hyundai Tucson,Hyundai,2022,17916,Petrol,Auto,40238,2350000.0,4,Noida
Skoda Kodiaq,Skoda,2023,60781,Petrol,Auto,44518,2600000.0,3,Noida
Volkswagen Polo,Volkswagen,2021,58213,Petrol,Manual,7997,453000.0,5,Noida
Mercedes Benz GLC CLASS,Mercedes,2021,27513,Petrol,Auto,67634,3950000.0,5,Noida
Audi A6,Audi,2021,31259,Petrol,Auto,58216,3400000.0,5,Noida
KIA SONET,KIA,2024,14386,Petrol,Auto,18407,1075000.0,2,Noida
BMW X1,BMW,2018,69892,Diesel,Auto,76903,1650000.0,8,Noida
Mahindra Kuv100,Mahindra,2018,68537,Diesel,Manual,12554,267000.0,8,Noida
Hyundai Verna,Hyundai,2024,31194,Petrol,Manual,17367,1014000.0,2,Noida
Renault Kiger,Renault,2022,83215,Petrol,Manual,6390,362000.0,4,Noida
MG HECTOR,MG,2019,65518,Petrol,Auto,14794,864000.0,7,Noida
Mahindra SCORPIO-N,Mahindra,2023,43965,Diesel,Auto,31677,1850000.0,3,Noida
Honda WR-V,Honda,2021,68250,Diesel,Manual,11278,507000.0,5,Noida
KIA SELTOS,KIA,2022,39349,Diesel,Manual,20238,1063000.0,4,Noida
Maruti Swift,Maruti,2018,59746,Petrol,Auto,7059,400000.0,8,Noida
Toyota Fortuner,Toyota,2018,158439,Diesel,Manual,77276,1657999.9999999998,8,Noida
ISUZU D-Max V Cross,ISUZU,2022,46876,Diesel,Auto,39020,2050000.0,4,Noida
Maruti Swift,Maruti,2018,64451,Petrol,Manual,6373,361000.0,8,Noida
BMW 3 Series,BMW,2017,29226,Diesel,Auto,172344,1950000.0,9,Noida
KIA SELTOS,KIA,2019,76363,Petrol,Manual,16640,972000.0000000001,7,Noida
Ford Ecosport,Ford,2016,72113,Petrol,Manual,6184,278000.0,10,Noida
Honda WR-V,Honda,2018,37015,Petrol,Manual,6584,373000.0,8,Noida
Renault Kiger,Renault,2022,25917,Petrol,Manual,8175,463000.0,4,Noida
Hyundai Eon,Hyundai,2016,53770,Petrol,Manual,3448,155000.0,10,Noida
KIA SELTOS,KIA,2019,36269,Petrol,Manual,13336,755000.0,7,Noida
Audi A3,Audi,2018,24077,Petrol,Auto,27396,1600000.0,8,Noida
Hyundai Verna,Hyundai,2018,78038,Petrol,Manual,9356,530000.0,8,Noida
Tata ALTROZ,Tata,2021,42989,Petrol,Manual,6796,385000.0,5,Noida
Maruti Celerio,Maruti,2014,92764,Petrol,Manual,4650,140000.0,12,Noida
Tata PUNCH,Tata,2023,71387,Petrol,Manual,9147,518000.0,3,Noida
ISUZU D-Max V Cross,ISUZU,2018,114493,Diesel,Manual,58260,1250000.0,8,Noida
Mercedes Benz S Class,Mercedes,2014,54082,Diesel,Auto,58260,2750000.0,12,Noida
Toyota YARIS,Toyota,2018,69389,Petrol,Auto,7961,451000.0,8,Noida
Datsun Redi Go,Datsun,2020,25838,Petrol,Manual,3283,186000.0,6,Noida
Maruti Ertiga,Maruti,2024,18586,CNG,Manual,15753,919999.9999999999,2,Noida
Maruti Alto,Maruti,2020,6421,Petrol,Manual,4424,250999.99999999997,6,Noida
KIA SONET,KIA,2021,72631,Petrol,Manual,10715,607000.0,5,Noida
Renault Duster,Renault,2017,85995,Petrol,Auto,7429,380000.0,9,Noida
Tata Harrier,Tata,2024,19734,Diesel,Auto,37669,2200000.0,2,Noida
Maruti Alto K10,Maruti,2017,66405,Petrol,Manual,3793,194000.0,9,Noida
Toyota Camry,Toyota,2024,5399,Hybrid,Auto,66778,3900000.0,2,Noida
Volkswagen TAIGUN,Volkswagen,2022,62917,Petrol,Manual,11699,663000.0,4,Noida
Hyundai Elite i20,Hyundai,2019,27376,Petrol,Manual,7467,423000.00000000006,7,Noida
Mahindra XUV700,Mahindra,2024,12231,Petrol,Auto,31248,1825000.0,2,Noida
Toyota Camry,Toyota,2023,15756,Hybrid,Auto,59757,3490000.0,3,Noida
Hyundai VENUE,Hyundai,2022,78722,Petrol,Manual,10367,587000.0,4,Noida
Tata NEXON,Tata,2024,20901,CNG,Manual,13773,780000.0,2,Noida
Toyota Innova Crysta,Toyota,2018,92199,Petrol,Manual,16720,976000.0,8,Noida
Hyundai Verna,Hyundai,2014,27848,Petrol,Auto,10874,327000.0,12,Noida
Hyundai Creta,Hyundai,2018,53390,Petrol,Auto,11122,630000.0,8,Noida
Maruti Baleno,Maruti,2017,76921,Petrol,Manual,7163,366000.0,9,Noida
MG HECTOR,MG,2020,87364,Petrol,Manual,14109,824000.0,6,Noida
Honda Civic,Honda,2019,70935,Petrol,Auto,16181,944999.9999999999,7,Noida
Toyota Urban Cruiser Taisor,Toyota,2024,1840,Petrol,Manual,16027,936000.0,2,Noida
Mahindra Thar,Mahindra,2022,72242,Diesel,Manual,18402,967000.0,4,Noida
MG HECTOR,MG,2020,66365,Petrol,Auto,13628,772000.0,6,Noida
Nissan MAGNITE,Nissan,2022,26952,Petrol,Manual,7326,415000.00000000006,4,Noida
KIA SONET,KIA,2021,39789,Petrol,Manual,11951,677000.0,5,Noida
Maruti Alto K10,Maruti,2018,67276,Petrol,Manual,3601,204000.0,8,Noida
Renault Kwid,Renault,2024,19926,Petrol,Manual,7823,443000.0,2,Noida
Mahindra XUV300,Mahindra,2020,76769,Petrol,Manual,7523,426000.0,6,Noida
MG HECTOR,MG,2019,59525,Petrol,Manual,13840,784000.0,7,Noida
Maruti Vitara Brezza,Maruti,2022,38066,Petrol,Manual,10495,595000.0,4,Noida
Volkswagen Polo,Volkswagen,2016,62351,Petrol,Manual,6028,271000.0,10,Noida
Maruti Wagon R 1.0,Maruti,2018,57443,Petrol,Manual,3919,222000.00000000003,8,Noida
MG HECTOR,MG,2020,41633,Petrol,Auto,15904,928999.9999999999,6,Noida
Ford Ecosport,Ford,2017,149754,Diesel,Manual,37640,424000.0,9,Noida
Maruti Baleno,Maruti,2018,91650,Petrol,Auto,7638,433000.0,8,Noida
Honda Brio,Honda,2014,70678,Petrol,Manual,6677,200999.99999999997,12,Noida
Nissan MAGNITE,Nissan,2021,33810,Petrol,Manual,7520,426000.0,5,Noida
Skoda KUSHAQ,Skoda,2022,64116,Petrol,Manual,12904,731000.0,4,Noida
Hyundai VENUE,Hyundai,2021,44609,Petrol,Manual,11126,630000.0,5,Noida
Tata Safari,Tata,2022,37287,Diesel,Auto,26077,1370000.0,4,Noida
Ford Ecosport,Ford,2016,60315,Petrol,Auto,7318,329000.0,10,Noida
Renault TRIBER,Renault,2019,61337,CNG,Manual,6862,351000.0,7,Noida
Maruti Wagon R 1.0,Maruti,2018,65790,CNG,Manual,6473,291000.0,8,Noida
KIA SELTOS,KIA,2020,96978,Petrol,Manual,12633,716000.0,6,Noida
Hyundai VENUE,Hyundai,2021,28805,Petrol,Manual,11039,625000.0,5,Noida
Honda City,Honda,2020,89920,Petrol,Auto,9727,551000.0,6,Noida
KIA SELTOS,KIA,2020,57921,Petrol,Manual,13840,784000.0,6,Noida
Maruti Alto 800,Maruti,2013,17608,Petrol,Manual,5884,125000.0,13,Noida
Maruti Swift,Maruti,2019,69834,CNG,Manual,7856,401999.99999999994,7,Noida
Tata Tiago,Tata,2023,34833,Petrol,Manual,7512,426000.0,3,Noida
Ford Ecosport,Ford,2018,84876,Petrol,Auto,8120,459999.99999999994,8,Noida
Hyundai Elite i20,Hyundai,2017,74204,Petrol,Manual,6354,325000.0,9,Noida
Honda City,Honda,2022,87931,CNG,Auto,14588,852000.0,4,Noida
Maruti Ciaz,Maruti,2018,69630,Petrol,Manual,7238,409999.99999999994,8,Noida
Hyundai Creta,Hyundai,2022,79869,Petrol,Manual,16626,971000.0000000001,4,Noida
Datsun Go,Datsun,2020,70667,Petrol,Manual,4078,231000.0,6,Noida
Maruti Baleno,Maruti,2019,29346,Petrol,Manual,7220,409000.0,7,Noida
Maruti JIMNY,Maruti,2025,2589,Petrol,Auto,20804,1215000.0,1,Noida
KIA SELTOS,KIA,2019,74448,Petrol,Manual,12304,697000.0,7,Noida
Hyundai Grand i10,Hyundai,2018,94763,Petrol,Manual,4789,271000.0,8,Noida
Renault Kiger,Renault,2022,33351,Petrol,Manual,8261,468000.0,4,Noida
Tata NEXON,Tata,2023,5562,Petrol,Manual,14873,869000.0,3,Noida
Hyundai Grand i10,Hyundai,2014,48162,Petrol,Manual,8487,256000.0,12,Noida
Maruti Swift,Maruti,2021,30386,Petrol,Manual,9356,530000.0,5,Noida
Maruti Swift,Maruti,2024,42012,Petrol,Manual,9780,554000.0,2,Noida
Renault Kwid,Renault,2016,41281,Petrol,Manual,3314,149000.0,10,Noida
Maruti Wagon R 1.0,Maruti,2018,35511,Petrol,Manual,5349,303000.0,8,Noida
Hyundai GRAND I10 NIOS,Hyundai,2019,52695,Petrol,Auto,6540,371000.0,7,Noida
Hyundai Elite i20,Hyundai,2015,51764,Petrol,Manual,7005,266000.0,11,Noida
MG HECTOR,MG,2020,72067,Petrol,Auto,16198,946000.0000000001,6,Noida
KIA SELTOS,KIA,2019,66101,Petrol,Auto,14745,861000.0,7,Noida
Toyota Corolla Altis,Toyota,2015,97407,Petrol,Manual,11139,423000.00000000006,11,Noida
Toyota Corolla Altis,Toyota,2018,48588,Petrol,Auto,14192,828999.9999999999,8,Noida
Maruti Swift,Maruti,2019,55895,Petrol,Auto,7502,425000.0,7,Noida
Maruti Swift,Maruti,2020,94422,Petrol,Manual,6932,393000.0,6,Noida
Renault Kwid,Renault,2018,62125,Petrol,Auto,4307,244000.0,8,Noida
Hyundai Elite i20,Hyundai,2019,40333,Petrol,Manual,7326,415000.00000000006,7,Noida
Renault Kiger,Renault,2021,38927,Petrol,Manual,6355,360000.0,5,Noida
Hyundai VENUE,Hyundai,2021,57535,Petrol,Manual,11457,649000.0,5,Noida
Ford Ecosport,Ford,2019,59310,Petrol,Manual,8310,471000.0,7,Noida
Ford Ecosport,Ford,2019,33076,Petrol,Manual,9056,513000.0,7,Noida
Ford Ecosport,Ford,2017,73655,Petrol,Manual,7273,372000.0,9,Noida
Ford Ecosport,Ford,2018,58642,Petrol,Auto,9356,530000.0,8,Noida
Mahindra XUV300,Mahindra,2021,118148,Petrol,Manual,10900,490000.00000000006,5,Noida
Toyota Urban Cruiser Taisor,Toyota,2024,18391,Petrol,Manual,14092,823000.0,2,Noida
Renault Kwid,Renault,2017,49444,Petrol,Auto,4454,227999.99999999997,9,Noida
Honda Amaze,Honda,2015,68267,Petrol,Manual,5635,214000.0,11,Noida
Toyota Innova Crysta,Toyota,2017,61710,Petrol,Auto,18787,986999.9999999999,9,Noida
Maruti Ciaz,Maruti,2018,91969,Petrol,Manual,7520,426000.0,8,Noida
MG GLOSTER,MG,2023,36456,Diesel,Auto,45289,2645000.0,3,Noida
Hyundai Elite i20,Hyundai,2016,55791,Petrol,Manual,6699,301000.0,10,Noida
Tata Tiago,Tata,2023,30462,Petrol,Manual,6708,380000.0,3,Noida
Hyundai Creta,Hyundai,2020,28586,Petrol,Auto,16546,966000.0,6,Noida
Hyundai Grand i10,Hyundai,2016,78628,Petrol,Manual,5272,237000.0,10,Noida
Toyota Glanza,Toyota,2021,39544,Petrol,Manual,8279,469000.00000000006,5,Noida
Tata NEXON,Tata,2022,27608,Petrol,Manual,10103,572000.0,4,Noida
Renault TRIBER,Renault,2022,101614,Petrol,Manual,7185,323000.0,4,Noida
Honda City,Honda,2014,49020,Petrol,Manual,10928,329000.0,12,Noida
Nissan MAGNITE,Nissan,2022,37048,Petrol,Manual,6708,380000.0,4,Noida
KIA SONET,KIA,2021,30923,Petrol,Manual,11227,636000.0,5,Noida
Maruti Alto 800,Maruti,2015,43979,Petrol,Manual,4292,163000.0,11,Noida
Honda City,Honda,2015,27516,Petrol,Manual,9454,359000.0,11,Noida
Maruti Dzire,Maruti,2019,54316,Petrol,Auto,7149,405000.0,7,Noida
Hyundai Elite i20,Hyundai,2015,54437,Petrol,Manual,7531,286000.0,11,Noida
KIA SELTOS,KIA,2021,66115,Petrol,Manual,12928,732000.0,5,Noida
Mahindra KUV 100 NXT,Mahindra,2017,54683,Petrol,Manual,5939,304000.0,9,Noida
Tata NEXON,Tata,2019,59707,CNG,Manual,8758,448000.00000000006,7,Noida
Maruti Swift,Maruti,2017,29091,Petrol,Manual,5613,287000.0,9,Noida
Datsun Go Plus,Datsun,2017,70806,CNG,Manual,5793,220000.00000000003,9,Noida
Maruti Ciaz,Maruti,2018,98565,Petrol,Manual,7220,409000.0,8,Noida
KIA SELTOS,KIA,2020,79439,Petrol,Auto,15513,906000.0,6,Noida
Maruti S Cross,Maruti,2020,33344,Petrol,Manual,10039,569000.0,6,Noida
KIA SELTOS,KIA,2021,64647,Petrol,Auto,14931,872000.0000000001,5,Noida
Hyundai Grand i10,Hyundai,2019,64056,Petrol,Manual,5578,316000.0,7,Noida
Honda City,Honda,2016,55445,Petrol,Auto,10166,457000.0,10,Noida
Toyota Corolla Altis,Toyota,2015,81290,Petrol,Auto,12851,488000.0,11,Noida
Tata NEXON,Tata,2023,23315,Diesel,Auto,14982,875000.0,3,Noida
Honda City,Honda,2016,91982,Petrol,Manual,8712,392000.0,10,Noida
MG ASTOR,MG,2022,44245,Petrol,Manual,12145,688000.0,4,Noida
Maruti Dzire,Maruti,2019,70875,Petrol,Manual,7396,419000.00000000006,7,Noida
Honda Amaze,Honda,2019,55491,Petrol,Auto,7908,448000.00000000006,7,Noida
Honda Amaze,Honda,2018,47377,Petrol,Manual,5455,309000.0,8,Noida
MG HECTOR,MG,2021,55082,Petrol,Auto,15393,899000.0,5,Noida
Volkswagen TAIGUN,Volkswagen,2022,17892,Petrol,Auto,15068,880000.0000000001,4,Noida
Maruti Alto K10,Maruti,2015,65172,Petrol,Manual,5486,208000.0,11,Noida
Tata PUNCH,Tata,2023,69618,Petrol,Manual,7644,433000.0,3,Noida
Ford Ecosport,Ford,2019,22880,Petrol,Manual,8796,498000.00000000006,7,Noida
Maruti Swift,Maruti,2016,33513,Petrol,Manual,6006,270000.0,10,Noida
Hyundai Elite i20,Hyundai,2016,63634,Petrol,Manual,7919,356000.0,10,Noida
Hyundai Creta,Hyundai,2019,49264,Petrol,Auto,13668,774000.0,7,Noida
Honda City,Honda,2015,74109,Petrol,Manual,10255,389000.0,11,Noida
Tata PUNCH,Tata,2025,9488,Petrol,Manual,12838,727000.0,1,Noida
Maruti Ciaz,Maruti,2018,31758,Petrol,Manual,7697,436000.00000000006,8,Noida
Hyundai NEW I20,Hyundai,2023,9132,Petrol,Auto,13446,762000.0,3,Noida
Maruti Wagon R 1.0,Maruti,2014,70245,CNG,Manual,16881,190000.0,12,Noida
Maruti Wagon R 1.0,Maruti,2018,58511,Petrol,Manual,4837,274000.0,8,Noida
Maruti Wagon R 1.0,Maruti,2017,69356,CNG,Manual,7536,286000.0,9,Noida
Hyundai VENUE,Hyundai,2019,46131,Petrol,Manual,8082,458000.0,7,Noida
Maruti Wagon R 1.0,Maruti,2015,54011,Petrol,Manual,5590,212000.0,11,Noida
Maruti Baleno,Maruti,2018,52863,Petrol,Manual,5984,339000.0,8,Noida
Hyundai Grand i10,Hyundai,2015,59847,CNG,Manual,12419,264000.0,11,Noida
Hyundai Grand i10,Hyundai,2016,51434,CNG,Manual,9173,276000.0,10,Noida
Hyundai EXTER,Hyundai,2023,48641,CNG,Manual,10503,595000.0,3,Noida
Jeep Compass,Jeep,2019,71588,Petrol,Auto,13291,753000.0,7,Noida
Maruti Wagon R 1.0,Maruti,2018,37968,Petrol,Manual,4943,280000.0,8,Noida
Hyundai NEW I20 N LINE,Hyundai,2021,65947,Petrol,Manual,10609,601000.0,5,Noida
KIA SELTOS,KIA,2019,82762,Petrol,Auto,13681,775000.0,7,Noida
MG HECTOR,MG,2020,39412,Petrol,Manual,13451,762000.0,6,Noida
Hyundai Creta,Hyundai,2019,88207,Petrol,Manual,10345,586000.0,7,Noida
MG ASTOR,MG,2023,27978,Petrol,Manual,18463,1078000.0,3,Noida
Maruti Swift,Maruti,2016,69519,Diesel,Manual,18463,324000.0,10,Noida
Tata NEXON,Tata,2023,39337,Petrol,Manual,10006,567000.0,3,Noida
Tata TIGOR,Tata,2021,34824,Petrol,Manual,6284,356000.0,5,Noida
Tata Tiago,Tata,2020,34367,Petrol,Manual,6655,377000.0,6,Noida
Maruti Baleno,Maruti,2019,38633,Petrol,Manual,8332,472000.0,7,Noida
Hyundai Elite i20,Hyundai,2017,90588,Petrol,Manual,6921,354000.0,9,Noida
Honda City,Honda,2016,86668,Petrol,Manual,8595,386000.0,10,Noida
Ford Figo Aspire,Ford,2017,58060,Petrol,Manual,5670,290000.0,9,Noida
Honda Amaze,Honda,2015,39498,Petrol,Manual,6183,235000.0,11,Noida
MG HECTOR,MG,2022,81106,Petrol,Manual,16763,978999.9999999999,4,Noida
Honda City,Honda,2016,70341,Petrol,Manual,8097,364000.0,10,Noida
Maruti Ciaz,Maruti,2018,25927,Petrol,Auto,10324,585000.0,8,Noida
MG HECTOR,MG,2019,55723,Petrol,Auto,14280,834000.0,7,Noida
Maruti Baleno,Maruti,2016,32115,Petrol,Manual,7235,325000.0,10,Noida
Mahindra XUV700,Mahindra,2023,52319,Diesel,Manual,23167,1353000.0,3,Noida
Maruti Ertiga,Maruti,2021,89102,Petrol,Manual,11951,677000.0,5,Noida
Toyota Glanza,Toyota,2020,57041,Petrol,Manual,7347,416000.0,6,Noida
Skoda Octavia,Skoda,2022,43596,Petrol,Auto,29673,1732999.9999999998,4,Noida
Hyundai Elite i20,Hyundai,2016,93390,Petrol,Manual,7207,324000.0,10,Noida
Maruti Alto 800,Maruti,2019,45382,CNG,Manual,4790,245000.00000000003,7,Noida
Hyundai Elite i20,Hyundai,2017,77475,Petrol,Manual,6549,335000.0,9,Noida
KIA CARENS,KIA,2022,67767,Diesel,Auto,20724,1089000.0,4,Noida
Nissan MAGNITE,Nissan,2021,21302,Petrol,Manual,7876,446000.0,5,Noida
Maruti Alto 800,Maruti,2014,34991,Petrol,Manual,4617,139000.0,12,Noida
Maruti Alto K10,Maruti,2025,6308,Petrol,Manual,6214,352000.0,1,Noida
Hyundai Creta,Hyundai,2018,55657,Petrol,Auto,11122,630000.0,8,Noida
Tata NEXON,Tata,2023,19714,Petrol,Manual,13928,789000.0,3,Noida
Honda City,Honda,2021,49297,Petrol,Manual,11601,657000.0,5,Noida
Maruti Alto K10,Maruti,2019,74835,Petrol,Manual,4396,249000.00000000003,7,Noida
Maruti Baleno,Maruti,2016,80739,Petrol,Manual,6523,293000.0,10,Noida
Hyundai Grand i10,Hyundai,2015,71943,Petrol,Manual,6978,265000.0,11,Noida
Renault Kwid,Renault,2017,41687,Petrol,Auto,4684,240000.0,9,Noida
Maruti Ciaz,Maruti,2018,60510,Petrol,Auto,9532,540000.0,8,Noida
Honda City,Honda,2016,94068,Petrol,Auto,10851,488000.0,10,Noida
KIA SONET,KIA,2023,70770,Petrol,Manual,13085,741000.0,3,Noida
Honda City,Honda,2017,28344,Petrol,Auto,9110,466000.0,9,Noida
Honda City,Honda,2018,48398,Petrol,Manual,8103,459000.0,8,Noida
Honda City,Honda,2014,64542,Petrol,Manual,9898,298000.0,12,Noida
Toyota Corolla Altis,Toyota,2016,69628,Petrol,Manual,10772,484000.0,10,Noida
Honda Amaze,Honda,2017,74140,CNG,Manual,7926,301000.0,9,Noida
Maruti New Wagon-R,Maruti,2021,26091,Petrol,Manual,6532,370000.0,5,Noida
Hyundai Xcent,Hyundai,2014,42216,Petrol,Manual,7082,213000.0,12,Noida
Honda City,Honda,2016,39506,Petrol,Manual,8386,377000.0,10,Noida
Honda Amaze,Honda,2017,98131,Petrol,Manual,5591,286000.0,9,Noida
Maruti Swift,Maruti,2016,67154,Petrol,Manual,5828,262000.0,10,Noida
Ford Ecosport,Ford,2020,89671,Petrol,Manual,8367,474000.0,6,Noida
Maruti Grand Vitara,Maruti,2022,33032,Petrol,Auto,18525,1082000.0,4,Noida
Maruti Eeco,Maruti,2023,125308,Petrol,Manual,7770,349000.0,3,Noida
Jeep Compass,Jeep,2017,72808,Petrol,Auto,12043,616000.0,9,Noida
Hyundai GRAND I10 NIOS,Hyundai,2021,43900,Petrol,Manual,7326,415000.00000000006,5,Noida
Maruti Ertiga,Maruti,2017,78498,CNG,Manual,12553,476999.99999999994,9,Noida
Tata TIGOR,Tata,2023,60776,CNG,Manual,7714,437000.0,3,Noida
Mahindra XUV700,Mahindra,2023,76365,Diesel,Auto,26801,1565000.0,3,Noida
Hyundai Creta,Hyundai,2017,72887,Petrol,Manual,8934,457000.0,9,Noida
Maruti Swift,Maruti,2014,43849,Petrol,Manual,7945,239000.0,12,Noida
Hyundai Grand i10,Hyundai,2018,36128,Petrol,Manual,5830,330000.0,8,Noida
Hyundai Grand i10,Hyundai,2015,38574,Petrol,Manual,6926,263000.0,11,Noida
Maruti Vitara Brezza,Maruti,2021,52709,Petrol,Manual,10980,622000.0,5,Noida
Renault Kwid,Renault,2022,54988,Petrol,Manual,4851,275000.0,4,Noida
Honda Amaze,Honda,2019,42525,CNG,Manual,8211,420000.0,7,Noida
Maruti Ciaz,Maruti,2018,72881,Petrol,Auto,7979,451999.99999999994,8,Noida
Maruti Alto K10,Maruti,2023,13918,Petrol,Manual,5953,337000.0,3,Noida
Hyundai Creta,Hyundai,2018,149778,Petrol,Manual,11162,501999.99999999994,8,Noida
Renault Kwid,Renault,2018,46292,Petrol,Manual,3710,210000.0,8,Noida
KIA SONET,KIA,2020,90869,Petrol,Manual,10494,594000.0,6,Noida
Hyundai Creta,Hyundai,2016,78009,Petrol,Auto,10677,480000.0,10,Noida
Maruti Wagon R 1.0,Maruti,2018,73846,CNG,Manual,6317,284000.0,8,Noida
Hyundai Grand i10,Hyundai,2016,84495,Petrol,Manual,5116,229999.99999999997,10,Noida
Honda Amaze,Honda,2017,52149,CNG,Manual,7742,294000.0,9,Noida
Maruti Wagon R 1.0,Maruti,2017,99250,CNG,Manual,5693,216000.0,9,Noida
Maruti Swift Dzire,Maruti,2014,54963,Petrol,Manual,8138,245000.00000000003,12,Noida
Hyundai Creta,Hyundai,2021,97337,Petrol,Auto,17602,1027999.9999999999,5,Noida
Maruti Wagon R 1.0,Maruti,2017,39175,Petrol,Manual,4825,247000.00000000003,9,Noida
Maruti Wagon R 1.0,Maruti,2014,74033,Petrol,Manual,5381,162000.0,12,Noida
Hyundai Elite i20,Hyundai,2019,80799,Petrol,Manual,6408,363000.0,7,Noida
Hyundai Creta,Hyundai,2016,69401,Petrol,Auto,11634,523000.00000000006,10,Noida
Skoda Octavia,Skoda,2019,86569,Petrol,Auto,19297,1127000.0,7,Noida
Maruti Wagon R 1.0,Maruti,2015,48072,Petrol,Manual,5741,218000.00000000003,11,Noida
Honda City,Honda,2014,71402,Petrol,Manual,9366,282000.0,12,Noida
Hyundai Grand i10,Hyundai,2015,15790,Petrol,Manual,6346,241000.0,11,Noida
Maruti Swift,Maruti,2015,32329,Petrol,Manual,7189,273000.0,11,Noida
Maruti Ciaz,Maruti,2018,45657,Petrol,Manual,7273,412000.0,8,Noida
Skoda SLAVIA,Skoda,2022,58144,Petrol,Manual,15753,919999.9999999999,4,Noida
Renault Kiger,Renault,2023,23310,Petrol,Manual,7644,433000.0,3,Noida
Tata NEXON,Tata,2023,28958,Petrol,Auto,11611,658000.0,3,Noida
Tata NEXON,Tata,2019,76538,Petrol,Manual,7750,438999.99999999994,7,Noida
Honda WR-V,Honda,2018,26503,Petrol,Manual,6955,394000.0,8,Noida
Maruti Swift,Maruti,2018,55775,Petrol,Manual,7238,409999.99999999994,8,Noida
Renault Kwid,Renault,2018,47253,Petrol,Manual,3654,206999.99999999997,8,Noida
Honda City,Honda,2016,72808,Petrol,Auto,10121,455000.0,10,Noida
Hyundai ALCAZAR,Hyundai,2022,73803,Diesel,Auto,21984,1155000.0,4,Noida
Tata NEXON,Tata,2022,70442,Diesel,Manual,14428,738000.0,4,Noida
Renault Kiger,Renault,2021,41147,Petrol,Auto,7467,423000.00000000006,5,Noida
Hyundai Grand i10,Hyundai,2016,34604,Petrol,Manual,5761,259000.0,10,Noida
Hyundai i20 Active,Hyundai,2016,73976,Petrol,Manual,7118,320000.0,10,Noida
KIA SELTOS,KIA,2022,38780,Petrol,Manual,16501,964000.0,4,Noida
Maruti Wagon R 1.0,Maruti,2014,87492,Petrol,Manual,5918,178000.0,12,Noida
Maruti Ciaz,Maruti,2019,25647,Petrol,Manual,9603,544000.0,7,Noida
Hyundai Creta,Hyundai,2018,60896,Petrol,Manual,9762,553000.0,8,Noida
Mahindra XUV300,Mahindra,2021,31263,Petrol,Manual,10239,580000.0,5,Noida
Maruti Ciaz,Maruti,2019,90128,Petrol,Auto,10496,595000.0,7,Noida
Maruti Swift Dzire,Maruti,2015,70934,Petrol,Manual,7155,272000.0,11,Noida
Mahindra XUV700,Mahindra,2021,15831,Petrol,Manual,18355,1072000.0,5,Noida
Honda WR-V,Honda,2018,95235,Petrol,Manual,6849,388000.0,8,Noida
Hyundai NEW SANTRO,Hyundai,2020,76904,Petrol,Auto,6041,342000.0,6,Noida
MG HECTOR,MG,2021,81832,Petrol,Auto,16733,977000.0,5,Noida
Hyundai Elite i20,Hyundai,2014,40815,Petrol,Manual,11571,348000.0,12,Noida
Honda Amaze,Honda,2023,26288,CNG,Manual,11504,652000.0,3,Noida
Honda Brio,Honda,2014,60371,Petrol,Manual,6111,184000.0,12,Noida
Honda City,Honda,2015,81695,Petrol,Auto,9349,355000.0,11,Noida
Tata Tiago,Tata,2022,83247,Petrol,Manual,5861,332000.0,4,Noida
Hyundai Creta,Hyundai,2018,63746,Petrol,Auto,10733,608000.0,8,Noida
Nissan MAGNITE,Nissan,2023,16395,Petrol,Auto,11827,670000.0,3,Noida
MG ASTOR,MG,2022,67966,Petrol,Manual,14378,840000.0,4,Noida
Toyota Etios Liva,Toyota,2014,69429,Petrol,Manual,5638,170000.0,12,Noida
Datsun Go,Datsun,2019,72675,Petrol,Manual,3721,211000.0,7,Noida
KIA SELTOS,KIA,2022,68988,Petrol,Manual,13899,811999.9999999999,4,Noida
Tata ALTROZ,Tata,2024,13191,Petrol,Manual,15564,909000.0,2,Noida
KIA SONET,KIA,2020,59144,Petrol,Manual,10732,608000.0,6,Noida
Honda Amaze,Honda,2017,41403,Petrol,Manual,7260,371000.0,9,Noida
Honda Amaze,Honda,2020,57465,Petrol,Manual,7508,425000.0,6,Noida
Toyota Etios,Toyota,2014,63797,Petrol,Manual,6809,204999.99999999997,12,Noida
Maruti Baleno,Maruti,2019,57024,Petrol,Manual,6782,384000.0,7,Noida
Mahindra XUV300,Mahindra,2022,19006,Petrol,Auto,11928,676000.0,4,Noida
MG HECTOR,MG,2023,45336,Petrol,Auto,21061,1230000.0,3,Noida
Volkswagen Vento,Volkswagen,2016,94776,Petrol,Manual,7763,349000.0,10,Noida
Hyundai Elite i20,Hyundai,2017,49733,Petrol,Manual,6862,351000.0,9,Noida
Maruti Swift,Maruti,2018,85976,Petrol,Auto,6337,359000.0,8,Noida
Maruti Alto 800,Maruti,2019,53252,Petrol,Manual,3513,199000.0,7,Noida
Nissan MAGNITE,Nissan,2021,76368,Petrol,Auto,8067,457000.0,5,Noida
Toyota URBAN CRUISER,Toyota,2021,66071,Petrol,Manual,10186,577000.0,5,Noida
Maruti Ciaz,Maruti,2020,32072,Petrol,Manual,10062,570000.0,6,Noida
Renault Kwid,Renault,2016,51234,Petrol,Manual,3515,158000.0,10,Noida
Mahindra XUV300,Mahindra,2023,28371,Petrol,Manual,13098,742000.0,3,Noida
Hyundai Elite i20,Hyundai,2014,28532,Petrol,Manual,8071,243000.00000000003,12,Noida
Hyundai Creta,Hyundai,2017,59366,Petrol,Auto,10323,528000.0,9,Noida
Toyota Innova Crysta,Toyota,2021,62142,Petrol,Auto,27105,1583000.0,5,Noida
Maruti Swift,Maruti,2024,14906,Petrol,Manual,10182,577000.0,2,Noida
Renault Duster,Renault,2013,135055,Petrol,Manual,8944,190000.0,13,Noida
Renault TRIBER,Renault,2022,82088,Petrol,Manual,6539,370000.0,4,Noida
Renault Duster,Renault,2019,75991,Diesel,Manual,13286,400000.0,7,Noida
Mahindra XUV700,Mahindra,2022,33015,Petrol,Manual,21917,1280000.0,4,Noida
Tata TIGOR,Tata,2018,63593,Petrol,Manual,5437,308000.0,8,Noida
Maruti Swift,Maruti,2017,54181,Petrol,Manual,6021,308000.0,9,Noida
Jeep Compass,Jeep,2019,64924,Petrol,Auto,13869,810000.0,7,Noida
Hyundai VENUE,Hyundai,2020,56321,Petrol,Manual,10574,599000.0,6,Noida
Maruti Baleno,Maruti,2022,11179,Petrol,Manual,11112,629000.0,4,Noida
Maruti Swift Dzire,Maruti,2014,52209,Petrol,Manual,7340,221000.0,12,Noida
Hyundai Grand i10,Hyundai,2018,36869,Petrol,Manual,5442,308000.0,8,Noida
Toyota Corolla Altis,Toyota,2015,64020,Petrol,Auto,15010,570000.0,11,Noida
Tata Tiago,Tata,2020,41031,Petrol,Manual,5808,329000.0,6,Noida
Mahindra XUV700,Mahindra,2023,23750,Petrol,Manual,21057,1230000.0,3,Noida
Maruti Baleno,Maruti,2018,72925,Petrol,Manual,5878,333000.0,8,Noida
KIA SONET,KIA,2020,48391,Diesel,Manual,21189,819999.9999999999,6,Noida
Nissan MAGNITE,Nissan,2021,43428,Petrol,Manual,6938,393000.0,5,Noida
Maruti Celerio X,Maruti,2018,14228,Petrol,Auto,5970,338000.0,8,Noida
Maruti Dzire,Maruti,2019,61188,Petrol,Manual,7153,405000.0,7,Noida
Maruti Wagon R 1.0,Maruti,2015,25712,Petrol,Manual,5240,199000.0,11,Noida
Hyundai Creta,Hyundai,2017,77797,Petrol,Manual,11129,569000.0,9,Noida
Tata Harrier,Tata,2020,92436,Diesel,Manual,20935,795000.0,6,Noida
Maruti Swift,Maruti,2014,38370,Petrol,Manual,7606,229000.0,12,Noida
Tata ALTROZ,Tata,2020,43628,Petrol,Manual,7538,426999.99999999994,6,Noida
Tata Tiago,Tata,2019,77161,Petrol,Manual,5508,312000.0,7,Noida
Maruti Baleno,Maruti,2017,66155,Petrol,Manual,5998,307000.0,9,Noida
Mahindra XUV300,Mahindra,2023,38391,Petrol,Manual,11157,632000.0,3,Noida
Hyundai Grand i10,Hyundai,2021,29791,Petrol,Manual,7323,415000.00000000006,5,Noida
Maruti New Wagon-R,Maruti,2022,6077,Petrol,Manual,6270,355000.0,4,Noida
Hyundai Creta,Hyundai,2019,85070,Petrol,Auto,12216,692000.0,7,Noida
Tata NEXON,Tata,2021,90829,Petrol,Manual,9532,540000.0,5,Noida
Tata NEXON,Tata,2019,60922,Petrol,Manual,7308,413999.99999999994,7,Noida
Honda City,Honda,2019,64055,CNG,Manual,12414,635000.0,7,Noida
KIA SONET,KIA,2020,40443,Petrol,Auto,11386,645000.0,6,Noida
MG HECTOR,MG,2023,68526,Petrol,Auto,22139,1293000.0,3,Noida
Hyundai Creta,Hyundai,2018,53082,Petrol,Manual,13081,741000.0,8,Noida
Maruti Wagon R 1.0,Maruti,2015,47105,Petrol,Manual,5056,192000.0,11,Noida
Honda City,Honda,2018,33608,Petrol,Manual,8509,482000.0,8,Noida
Mahindra XUV700,Mahindra,2023,14538,Petrol,Auto,24399,1425000.0,3,Noida
Hyundai Xcent,Hyundai,2014,80611,Petrol,Manual,7241,218000.00000000003,12,Noida
KIA CARENS,KIA,2022,34307,Petrol,Manual,14533,849000.0,4,Noida
Maruti Ertiga,Maruti,2015,16811,Petrol,Manual,11482,436000.00000000006,11,Noida
Honda City,Honda,2016,91696,Petrol,Auto,8609,387000.0,10,Noida
Hyundai Elite i20,Hyundai,2017,49965,Petrol,Manual,6535,334000.0,9,Noida
Hyundai i20,Hyundai,2012,67286,Petrol,Manual,16437,185000.0,14,Noida
Skoda KUSHAQ,Skoda,2022,47063,Petrol,Manual,12803,725000.0,4,Noida
Hyundai Elite i20,Hyundai,2015,85226,Petrol,Manual,7373,280000.0,11,Noida
Mahindra XUV700,Mahindra,2023,25176,Petrol,Manual,22883,1336000.0,3,Noida
Maruti Swift,Maruti,2022,62582,Petrol,Auto,9356,530000.0,4,Noida
Tata Tiago,Tata,2018,68178,Petrol,Auto,6022,341000.0,8,Noida
Tata TIGOR,Tata,2019,43277,Petrol,Manual,5349,303000.0,7,Noida
Tata Safari,Tata,2021,60703,Diesel,Auto,24460,1125000.0,5,Noida
Tata TIGOR,Tata,2022,70473,CNG,Manual,9468,536000.0,4,Noida
Hyundai Grand i10,Hyundai,2015,23670,Petrol,Manual,6478,246000.0,11,Noida
Maruti Ertiga,Maruti,2019,30528,Petrol,Manual,11595,657000.0,7,Noida
Hyundai Elite i20,Hyundai,2018,90375,Petrol,Manual,6426,364000.0,8,Noida
Honda City,Honda,2016,50361,Petrol,Manual,9750,438000.0,10,Noida
Honda City,Honda,2015,78070,Petrol,Auto,9270,352000.0,11,Noida
Honda Amaze,Honda,2015,74730,Petrol,Manual,6531,248000.0,11,Noida
Hyundai Grand i10,Hyundai,2018,48090,CNG,Auto,8030,361000.0,8,Noida
Toyota YARIS,Toyota,2018,46605,Petrol,Auto,10253,581000.0,8,Noida
Hyundai Grand i10,Hyundai,2016,35189,Petrol,Manual,6006,270000.0,10,Noida
Hyundai Grand i10,Hyundai,2016,72832,Petrol,Auto,6162,277000.0,10,Noida
KIA SONET,KIA,2020,29298,Petrol,Auto,12728,721000.0,6,Noida
Honda City,Honda,2016,73025,Petrol,Manual,8297,373000.0,10,Noida
Maruti Swift,Maruti,2017,73534,Petrol,Manual,5576,285000.0,9,Noida
Honda WR-V,Honda,2018,70726,Petrol,Manual,7591,430000.0,8,Noida
MG HECTOR,MG,2022,41170,Petrol,Auto,19109,1116000.0,4,Noida
Maruti Ciaz,Maruti,2016,65720,Petrol,Manual,7674,345000.0,10,Noida
Maruti Ciaz,Maruti,2018,82276,Petrol,Manual,8385,475000.0,8,Noida
Skoda Octavia,Skoda,2022,47645,Petrol,Auto,30883,1804000.0,4,Noida
Maruti Dzire,Maruti,2018,37426,Petrol,Manual,6973,395000.0,8,Noida
Maruti Swift Dzire,Maruti,2015,58758,Petrol,Manual,7711,293000.0,11,Noida
Renault Kwid,Renault,2023,43629,Petrol,Manual,5066,287000.0,3,Noida
Tata ALTROZ,Tata,2023,33744,Petrol,Manual,9126,517000.0,3,Noida
Volkswagen Polo,Volkswagen,2014,57320,Petrol,Manual,7540,227000.0,12,Noida
Maruti Alto 800,Maruti,2016,64405,CNG,Manual,7499,225999.99999999997,10,Noida
Hyundai EXTER,Hyundai,2023,31536,Petrol,Auto,11508,652000.0,3,Noida
KIA SELTOS,KIA,2022,49717,Diesel,Auto,20861,1096000.0,4,Noida
Hyundai Xcent,Hyundai,2014,68104,Petrol,Manual,8104,244000.0,12,Noida
Renault Kiger,Renault,2023,21298,Petrol,Manual,8491,480999.99999999994,3,Noida
Maruti Alto K10,Maruti,2015,159790,Petrol,Manual,3919,149000.0,11,Noida
Maruti Celerio,Maruti,2017,20300,Petrol,Manual,5376,275000.0,9,Noida
Renault Kwid,Renault,2017,41654,Petrol,Manual,4164,213000.0,9,Noida
Honda Brio,Honda,2015,71352,Petrol,Manual,4784,182000.0,11,Noida
Tata Tiago,Tata,2016,60689,Petrol,Manual,5183,233000.0,10,Noida
Tata Tiago,Tata,2020,77018,Petrol,Manual,5504,312000.0,6,Noida
Renault Kwid,Renault,2019,27315,Petrol,Manual,4031,227999.99999999997,7,Noida
Renault Kwid,Renault,2016,60614,Petrol,Manual,3759,169000.0,10,Noida
Maruti Ciaz,Maruti,2019,44903,Petrol,Auto,9709,550000.0,7,Noida
Hyundai i10,Hyundai,2015,66370,Petrol,Manual,5056,192000.0,11,Noida
Hyundai Grand i10,Hyundai,2017,46097,Petrol,Manual,5533,283000.0,9,Noida
Maruti Ertiga,Maruti,2022,45483,Petrol,Manual,14897,869999.9999999999,4,Noida
Maruti Baleno,Maruti,2017,54837,Petrol,Manual,7194,368000.0,9,Noida
Hyundai VENUE,Hyundai,2023,5981,Petrol,Manual,11848,671000.0,3,Noida
Maruti Ciaz,Maruti,2020,47925,Petrol,Manual,10553,598000.0,6,Noida
Maruti Ciaz,Maruti,2016,95574,Petrol,Manual,7763,349000.0,10,Noida
MG HECTOR PLUS,MG,2020,55406,Petrol,Auto,17362,1014000.0,6,Noida
Hyundai NEW SANTRO,Hyundai,2018,24569,Petrol,Auto,5349,303000.0,8,Noida
Maruti Baleno,Maruti,2022,39857,Petrol,Manual,10366,587000.0,4,Noida
Skoda SLAVIA,Skoda,2022,78412,Petrol,Manual,16951,990000.0,4,Noida
Hyundai Grand i10,Hyundai,2016,68250,Petrol,Manual,6050,272000.0,10,Noida
Honda Brio,Honda,2015,35480,Petrol,Manual,5103,194000.0,11,Noida
KIA SONET,KIA,2020,92152,Petrol,Auto,11916,675000.0,6,Noida
Maruti Ertiga,Maruti,2014,77691,CNG,Manual,33229,374000.0,12,Noida
KIA CARENS,KIA,2022,63035,Petrol,Auto,20427,1193000.0,4,Noida
Maruti Alto K10,Maruti,2024,18473,Petrol,Manual,6620,375000.0,2,Noida
Hyundai Grand i10,Hyundai,2018,27261,Petrol,Manual,5225,296000.0,8,Noida
Mahindra XUV700,Mahindra,2021,92783,Diesel,Auto,30704,1412000.0,5,Noida
Ford Ecosport,Ford,2020,50622,Petrol,Manual,8932,505999.99999999994,6,Noida
Tata Tiago,Tata,2023,13862,Petrol,Auto,8632,488999.99999999994,3,Noida
Maruti New Wagon-R,Maruti,2020,48779,Petrol,Auto,6916,392000.0,6,Noida
Maruti Swift,Maruti,2021,77819,Petrol,Manual,7255,411000.00000000006,5,Noida
Tata NEXON,Tata,2018,70917,CNG,Manual,9565,430000.0,8,Noida
Hyundai Verna,Hyundai,2017,74214,Petrol,Manual,10596,542000.0,9,Noida
Hyundai Elite i20,Hyundai,2015,78784,Petrol,Manual,9407,357000.0,11,Noida
Maruti Swift Dzire,Maruti,2014,63567,Petrol,Manual,7473,225000.0,12,Noida
Tata Tiago,Tata,2016,77558,Diesel,Manual,7473,252000.0,10,Noida
Hyundai Grand i10,Hyundai,2016,52592,Petrol,Manual,5990,269000.0,10,Noida
Maruti Wagon R 1.0,Maruti,2014,19205,Petrol,Manual,6211,187000.0,12,Noida
Hyundai Eon,Hyundai,2016,61900,Petrol,Manual,3893,175000.0,10,Noida
Maruti Baleno,Maruti,2018,63606,Petrol,Manual,5949,337000.0,8,Noida
Ford Ecosport,Ford,2016,49785,Petrol,Manual,7252,326000.0,10,Noida
Hyundai i10,Hyundai,2016,39867,Petrol,Manual,4627,208000.0,10,Noida
Maruti Swift Dzire,Maruti,2015,60805,Petrol,Manual,6978,265000.0,11,Noida
Maruti Alto K10,Maruti,2016,47570,Petrol,Manual,3889,175000.0,10,Noida
Tata TIGOR,Tata,2017,56510,Petrol,Manual,5830,298000.0,9,Noida
Maruti Ciaz,Maruti,2015,83773,Petrol,Manual,7874,299000.0,11,Noida
Maruti Ciaz,Maruti,2022,67478,Petrol,Auto,12322,698000.0,4,Noida
Hyundai Xcent,Hyundai,2018,74120,Petrol,Manual,6073,344000.0,8,Noida
MG HECTOR,MG,2023,37229,Petrol,Auto,25153,1469000.0,3,Noida
Honda Amaze,Honda,2019,71278,Petrol,Manual,6620,375000.0,7,Noida
Honda Amaze,Honda,2018,62085,Petrol,Manual,6214,352000.0,8,Noida
Maruti Wagon R 1.0,Maruti,2015,39871,Petrol,Manual,6161,234000.0,11,Noida
Tata ALTROZ,Tata,2023,33580,CNG,Manual,11789,668000.0,3,Noida
Maruti Baleno,Maruti,2021,70240,Petrol,Auto,8981,509000.0,5,Noida
Hyundai NEW SANTRO,Hyundai,2019,32614,Petrol,Manual,5670,321000.0,7,Noida
Maruti Baleno,Maruti,2017,69926,Petrol,Auto,6491,332000.0,9,Noida
Hyundai Xcent,Hyundai,2015,53653,Petrol,Manual,5109,194000.0,11,Noida
Tata Tiago,Tata,2021,39004,Petrol,Auto,7043,399000.0,5,Noida
Honda City,Honda,2016,90298,CNG,Manual,14946,450000.0,10,Noida
Honda City,Honda,2015,52631,Petrol,Manual,9665,367000.0,11,Noida
Maruti New Wagon-R,Maruti,2022,60435,Petrol,Manual,6461,366000.0,4,Noida
Tata Tiago,Tata,2022,37650,CNG,Manual,8176,463000.0,4,Noida
Honda City,Honda,2019,44350,Petrol,Auto,12049,683000.0,7,Noida
Hyundai Elite i20,Hyundai,2020,48878,Petrol,Manual,6885,390000.0,6,Noida
Honda City,Honda,2016,91157,Petrol,Manual,8097,364000.0,10,Noida
Maruti Wagon R 1.0,Maruti,2017,63218,Petrol,Manual,4301,220000.00000000003,9,Noida
Nissan Micra Active,Nissan,2018,50586,Petrol,Manual,4590,260000.0,8,Noida
Honda Jazz,Honda,2015,59611,Petrol,Auto,7813,297000.0,11,Noida
Honda Jazz,Honda,2017,63606,Petrol,Auto,6745,345000.0,9,Noida
Hyundai NEW SANTRO,Hyundai,2021,52308,CNG,Manual,6881,390000.0,5,Noida
Maruti S PRESSO,Maruti,2022,91275,Petrol,Manual,5155,292000.0,4,Noida
Ford Ecosport,Ford,2015,83407,Petrol,Auto,8427,320000.0,11,Noida
Maruti Baleno,Maruti,2017,38588,Petrol,Manual,7686,393000.0,9,Noida
Honda City,Honda,2016,67735,Petrol,Auto,8724,392000.0,10,Noida
Hyundai Eon,Hyundai,2014,32394,CNG,Manual,11942,134000.0,12,Noida
Tata Tiago,Tata,2023,31687,Petrol,Manual,7767,440000.00000000006,3,Noida
Hyundai Xcent,Hyundai,2015,40327,Petrol,Manual,6215,236000.0,11,Noida
Maruti Ciaz,Maruti,2017,94660,Petrol,Manual,7722,395000.0,9,Noida
Mahindra XUV700,Mahindra,2022,59885,Petrol,Manual,21386,1249000.0,4,Noida
Hyundai Grand i10,Hyundai,2014,37475,Petrol,Auto,8065,243000.00000000003,12,Noida
Mahindra XUV700,Mahindra,2022,52998,Petrol,Manual,20804,1215000.0,4,Noida
Hyundai Grand i10,Hyundai,2015,43553,Petrol,Manual,6794,258000.0,11,Noida
Maruti Swift,Maruti,2016,64708,Petrol,Manual,6785,305000.0,10,Noida
Maruti Ertiga,Maruti,2014,58974,Petrol,Manual,11592,349000.0,12,Noida
Honda WR-V,Honda,2017,73082,Petrol,Manual,7904,404000.0,9,Noida
Toyota Etios,Toyota,2012,91979,Petrol,Manual,11284,127000.0,14,Noida
Maruti Baleno,Maruti,2018,61750,Petrol,Manual,6323,358000.0,8,Noida
Maruti Dzire,Maruti,2018,87050,Petrol,Manual,5208,295000.0,8,Noida
Tata Tiago,Tata,2019,68757,Petrol,Manual,5402,306000.0,7,Noida
Maruti Ciaz,Maruti,2016,80669,Petrol,Auto,8357,376000.0,10,Noida
Maruti Celerio,Maruti,2022,38808,Petrol,Manual,6867,389000.0,4,Noida
Maruti Alto K10,Maruti,2015,27754,Petrol,Manual,4845,184000.0,11,Noida
Honda City,Honda,2019,99677,Petrol,Auto,9374,531000.0,7,Noida
Honda Amaze,Honda,2016,67123,Petrol,Manual,5822,262000.0,10,Noida
Maruti Ciaz,Maruti,2017,35410,Petrol,Manual,9521,487000.0,9,Noida
Maruti Alto,Maruti,2022,30517,CNG,Manual,6033,342000.0,4,Noida
Toyota Etios,Toyota,2014,59486,Petrol,Manual,7141,215000.0,12,Noida
Honda City,Honda,2016,65297,Petrol,Auto,9947,447000.0,10,Noida
Hyundai i10,Hyundai,2014,56193,Petrol,Manual,4982,150000.0,12,Noida
KIA CARENS,KIA,2022,37117,Petrol,Auto,20547,1200000.0,4,Noida
Maruti Alto K10,Maruti,2016,79244,Petrol,Manual,3559,160000.0,10,Noida
Maruti Baleno,Maruti,2018,61767,Petrol,Manual,6443,365000.0,8,Noida
Renault TRIBER,Renault,2023,48055,Petrol,Manual,7608,430999.99999999994,3,Noida
Hyundai Grand i10,Hyundai,2015,37293,Petrol,Manual,6531,248000.0,11,Noida
Hyundai Grand i10,Hyundai,2017,62191,Petrol,Manual,5627,288000.0,9,Noida
Honda Amaze,Honda,2019,59641,Petrol,Manual,7767,440000.00000000006,7,Noida
Maruti Baleno,Maruti,2018,58016,Petrol,Manual,6334,359000.0,8,Noida
Maruti Wagon R 1.0,Maruti,2017,97744,Petrol,Manual,3949,202000.0,9,Noida
Maruti Alto 800,Maruti,2019,64167,Petrol,Manual,4078,231000.0,7,Noida
Honda Amaze,Honda,2015,74628,Petrol,Manual,5714,217000.0,11,Noida
Maruti New Wagon-R,Maruti,2022,50561,Petrol,Auto,7679,434999.99999999994,4,Noida
Renault Kwid,Renault,2016,40536,Petrol,Manual,3648,164000.0,10,Noida
Maruti Ciaz,Maruti,2015,92340,Petrol,Manual,9210,350000.0,11,Noida
Hyundai Grand i10,Hyundai,2018,62916,Petrol,Manual,5102,289000.0,8,Noida
Datsun Redi Go,Datsun,2017,57959,Petrol,Manual,3108,159000.0,9,Noida
Honda City,Honda,2015,137152,Petrol,Auto,8848,336000.0,11,Noida
Maruti New Wagon-R,Maruti,2019,67127,Petrol,Manual,6020,341000.0,7,Noida
Hyundai Elite i20,Hyundai,2017,53717,Petrol,Manual,8264,423000.00000000006,9,Noida
Toyota Glanza,Toyota,2020,72926,Petrol,Manual,8297,470000.0,6,Noida
Maruti Celerio,Maruti,2019,23808,Petrol,Manual,5554,315000.0,7,Noida
Maruti Swift,Maruti,2022,39745,Petrol,Auto,9356,530000.0,4,Noida
Ford Ecosport,Ford,2020,33963,Petrol,Manual,11033,625000.0,6,Noida
Hyundai Grand i10,Hyundai,2018,81830,Petrol,Manual,5387,305000.0,8,Noida
Maruti Alto 800,Maruti,2014,50625,Petrol,Manual,4716,142000.0,12,Noida
Maruti Swift,Maruti,2017,55843,CNG,Manual,8774,333000.0,9,Noida
Hyundai Elite i20,Hyundai,2017,71613,Petrol,Manual,7155,366000.0,9,Noida
Hyundai NEW SANTRO,Hyundai,2022,46996,CNG,Manual,7418,420000.0,4,Noida
Honda Amaze,Honda,2015,67359,Petrol,Manual,5872,223000.0,11,Noida
Maruti Baleno,Maruti,2018,71461,Petrol,Manual,6055,343000.0,8,Noida
Maruti Celerio,Maruti,2019,18713,Petrol,Manual,5929,336000.0,7,Noida
Maruti Baleno,Maruti,2018,57999,Petrol,Manual,6461,366000.0,8,Noida
Honda Jazz,Honda,2016,94262,Petrol,Manual,5494,247000.00000000003,10,Noida
Maruti Baleno,Maruti,2018,51393,Petrol,Manual,6761,383000.0,8,Noida
Maruti Celerio,Maruti,2015,40792,Petrol,Auto,6557,249000.00000000003,11,Noida
Maruti Swift Dzire,Maruti,2014,49364,Petrol,Manual,7805,235000.0,12,Noida
Honda City,Honda,2019,70565,Petrol,Manual,8791,498000.00000000006,7,Noida
Maruti Alto K10,Maruti,2014,48947,Petrol,Auto,6111,184000.0,12,Noida
Hyundai Grand i10,Hyundai,2014,72675,Petrol,Manual,7805,235000.0,12,Noida
KIA SELTOS,KIA,2022,35386,Petrol,Manual,17845,1042000.0,4,Noida
Maruti New Wagon-R,Maruti,2023,33092,CNG,Manual,8157,462000.0,3,Noida
Honda City,Honda,2019,68365,Petrol,Auto,12110,686000.0,7,Noida
Hyundai Grand i10,Hyundai,2014,65529,Petrol,Manual,6709,202000.0,12,Noida
Hyundai Grand i10,Hyundai,2015,61896,Petrol,Manual,6605,250999.99999999997,11,Noida
Hyundai Grand i10,Hyundai,2018,51511,CNG,Manual,7363,331000.0,8,Noida
Maruti Wagon R 1.0,Maruti,2016,69991,Petrol,Manual,5383,242000.0,10,Noida
Honda Amaze,Honda,2017,64204,Petrol,Manual,6295,322000.0,9,Noida
Hyundai VENUE,Hyundai,2019,42736,Petrol,Auto,10980,622000.0,7,Noida
Maruti Baleno,Maruti,2016,81162,Petrol,Manual,6896,310000.0,10,Noida
Hyundai Xcent,Hyundai,2014,97811,Petrol,Manual,7174,216000.0,12,Noida
Maruti Swift,Maruti,2016,59608,Petrol,Manual,6295,283000.0,10,Noida
Maruti Swift,Maruti,2017,59181,CNG,Manual,9393,357000.0,9,Noida
Maruti Wagon R 1.0,Maruti,2014,62307,Petrol,Manual,5713,172000.0,12,Noida
Hyundai Grand i10,Hyundai,2015,73514,Petrol,Manual,6162,234000.0,11,Noida
Tata Tiago,Tata,2021,72428,Petrol,Manual,5649,320000.0,5,Noida
Maruti Swift,Maruti,2014,90315,Petrol,Manual,6809,204999.99999999997,12,Noida
Hyundai VENUE,Hyundai,2019,77534,Petrol,Auto,10274,582000.0,7,Noida
Honda Amaze,Honda,2016,92186,Petrol,Manual,5979,269000.0,10,Noida
Maruti Dzire,Maruti,2024,22482,Petrol,Manual,11545,654000.0,2,Noida
Hyundai AURA,Hyundai,2020,76765,Petrol,Manual,7967,451000.0,6,Noida
Hyundai i10,Hyundai,2014,53340,Petrol,Manual,4743,143000.0,12,Noida
Hyundai NEW SANTRO,Hyundai,2022,15796,Petrol,Auto,7598,430000.0,4,Noida
Maruti Baleno,Maruti,2016,94575,Petrol,Manual,7741,348000.0,10,Noida
Hyundai Grand i10,Hyundai,2015,51234,Petrol,Manual,6815,259000.0,11,Noida
Hyundai Grand i10,Hyundai,2016,51058,Petrol,Manual,6584,296000.0,10,Noida
Tata Tiago,Tata,2022,34641,Petrol,Manual,6227,353000.0,4,Noida
Hyundai VENUE,Hyundai,2020,50605,Petrol,Auto,11655,660000.0,6,Noida
Hyundai Grand i10,Hyundai,2015,56717,Petrol,Manual,5951,225999.99999999997,11,Noida
Honda City,Honda,2015,64853,Petrol,Manual,9375,356000.0,11,Noida
Maruti Alto K10,Maruti,2015,38989,Petrol,Manual,5398,204999.99999999997,11,Noida
Mahindra XUV700,Mahindra,2021,60237,Petrol,Auto,22653,1323000.0,5,Noida
Renault Kwid,Renault,2016,53417,Petrol,Manual,4160,187000.0,10,Noida
Maruti S PRESSO,Maruti,2021,22711,Petrol,Auto,6020,341000.0,5,Noida
Maruti Alto K10,Maruti,2016,27800,Petrol,Manual,4605,206999.99999999997,10,Noida
Honda Brio,Honda,2015,54080,Petrol,Auto,6720,254999.99999999997,11,Noida
Hyundai Grand i10,Hyundai,2016,85455,Petrol,Manual,6006,270000.0,10,Noida
Maruti Celerio,Maruti,2016,66324,Petrol,Manual,5098,229000.0,10,Noida
Maruti Wagon R 1.0,Maruti,2014,65448,Petrol,Manual,6344,191000.0,12,Noida
Maruti Baleno,Maruti,2017,93326,Petrol,Auto,6843,350000.0,9,Noida
Hyundai Grand i10,Hyundai,2014,15578,Petrol,Manual,8569,258000.0,12,Noida
Hyundai Grand i10,Hyundai,2018,72057,Petrol,Manual,5115,290000.0,8,Noida
Maruti Alto K10,Maruti,2016,24328,Petrol,Manual,5116,229999.99999999997,10,Noida
Maruti Baleno,Maruti,2016,43646,Petrol,Manual,7185,323000.0,10,Noida
Maruti Swift,Maruti,2014,44131,Petrol,Manual,6438,194000.0,12,Noida
Hyundai Elite i20,Hyundai,2014,41304,Petrol,Manual,8924,269000.0,12,Noida
Honda Amaze,Honda,2014,35055,Petrol,Manual,8104,244000.0,12,Noida
Honda Amaze,Honda,2014,73012,Petrol,Manual,7241,218000.00000000003,12,Noida
Hyundai Grand i10,Hyundai,2014,72710,CNG,Manual,22252,250000.0,12,Noida
Hyundai Grand i10,Hyundai,2018,42839,Petrol,Manual,5808,329000.0,8,Noida
Ford Ecosport,Ford,2014,74404,Petrol,Manual,8669,261000.0,12,Noida
Honda Amaze,Honda,2014,70399,Petrol,Manual,7052,212000.0,12,Noida
Honda Amaze,Honda,2014,42045,Petrol,Manual,8270,249000.00000000003,12,Noida
Hyundai i10,Hyundai,2014,35058,Petrol,Manual,6145,185000.0,12,Noida
Hyundai Grand i10,Hyundai,2015,55078,Petrol,Manual,6820,259000.0,11,Noida
Maruti Celerio,Maruti,2016,86564,Petrol,Auto,5339,240000.0,10,Noida
Hyundai i10,Hyundai,2014,72015,Petrol,Manual,5547,167000.0,12,Noida
Maruti Alto K10,Maruti,2015,55739,Petrol,Manual,4872,185000.0,11,Noida
Hyundai Grand i10,Hyundai,2014,33354,Petrol,Manual,8160,246000.0,12,Noida
Maruti Wagon R 1.0,Maruti,2014,99256,CNG,Manual,15282,172000.0,12,Noida
Honda Amaze,Honda,2014,71263,Petrol,Manual,8237,248000.0,12,Noida
Maruti Celerio,Maruti,2015,46926,Petrol,Auto,7215,274000.0,11,Noida
Honda Amaze,Honda,2014,55014,Petrol,Manual,7374,222000.00000000003,12,Noida
Maruti Celerio,Maruti,2016,38024,Petrol,Manual,5383,242000.0,10,Noida
Hyundai Grand i10,Hyundai,2015,54384,Petrol,Manual,6346,241000.0,11,Noida
Hyundai Grand i10,Hyundai,2014,72415,Petrol,Manual,8270,249000.00000000003,12,Noida
Maruti Alto K10,Maruti,2016,45176,Petrol,Manual,4516,202999.99999999997,10,Noida
Maruti Swift Dzire,Maruti,2015,46995,Petrol,Manual,6373,242000.0,11,Noida
Hyundai i10,Hyundai,2014,38066,Petrol,Manual,5705,172000.0,12,Noida
Maruti Alto K10,Maruti,2016,64491,Petrol,Manual,4471,200999.99999999997,10,Noida
Maruti Wagon R 1.0,Maruti,2014,32154,Petrol,Manual,5713,172000.0,12,Noida
Honda Amaze,Honda,2014,41297,Petrol,Manual,7573,227999.99999999997,12,Noida
Hyundai Grand i10,Hyundai,2014,62932,Petrol,Manual,8065,243000.00000000003,12,Noida
Hyundai i10,Hyundai,2013,60984,Petrol,Auto,8461,180000.0,13,Noida
Hyundai Grand i10,Hyundai,2014,17274,Petrol,Manual,7274,219000.0,12,Noida
Maruti Baleno,Maruti,2018,63358,Petrol,Manual,7185,407000.0,8,Noida
Maruti Swift Dzire,Maruti,2015,61121,Petrol,Manual,7795,296000.0,11,Noida
Maruti Wagon R 1.0,Maruti,2014,59265,Petrol,Manual,6244,188000.0,12,Noida
Maruti Wagon R 1.0,Maruti,2016,62792,CNG,Manual,7639,229999.99999999997,10,Noida
Maruti Alto K10,Maruti,2015,72630,Petrol,Manual,6121,231999.99999999997,11,Noida
Maruti Wagon R 1.0,Maruti,2014,58574,Petrol,Manual,5707,172000.0,12,Noida
Maruti Celerio,Maruti,2014,77017,Petrol,Manual,6743,202999.99999999997,12,Noida
Hyundai Grand i10,Hyundai,2015,87337,Petrol,Manual,6583,250000.0,11,Noida
Maruti Wagon R 1.0,Maruti,2014,60043,Petrol,Manual,6377,192000.0,12,Noida
Maruti Wagon R 1.0,Maruti,2014,75577,Petrol,Manual,6588,198000.0,12,Noida
Hyundai GRAND I10 NIOS,Hyundai,2020,40710,CNG,Manual,8116,459999.99999999994,6,Noida
Hyundai EXTER,Hyundai,2023,80793,CNG,Manual,11884,673000.0,3,Noida
Hyundai NEW I20,Hyundai,2023,26119,Petrol,Auto,13947,790000.0,3,Noida
Tata TIGOR,Tata,2022,65676,CNG,Manual,9468,536000.0,4,Noida
Mahindra TUV300,Mahindra,2017,36639,Diesel,Manual,32874,370000.0,9,Noida
Maruti Swift,Maruti,2018,31171,Petrol,Manual,5737,325000.0,8,Noida
Tata PUNCH,Tata,2023,43088,Petrol,Manual,6967,395000.0,3,Noida
Maruti Wagon R 1.0,Maruti,2017,184995,Petrol,Manual,4785,215000.0,9,Noida
Tata Zest,Tata,2016,107374,Petrol,Manual,4382,197000.0,10,Noida
Maruti Wagon R 1.0,Maruti,2017,109000,Petrol,Manual,5494,247000.00000000003,9,Noida
Maruti Swift,Maruti,2013,194099,Petrol,Manual,9132,194000.0,13,Noida
Volkswagen Polo,Volkswagen,2020,95573,Diesel,Manual,5267,200000.0,6,Noida
Hyundai i10,Hyundai,2012,106133,Petrol,Manual,10306,115999.99999999999,14,Noida
Volkswagen Polo,Volkswagen,2014,73547,Petrol,Manual,8702,262000.0,12,Noida
Maruti Swift,Maruti,2013,40164,Petrol,Manual,11228,239000.0,13,Noida
Maruti Wagon R 1.0,Maruti,2015,68378,Petrol,Manual,3950,150000.0,11,Noida
Maruti Alto 800,Maruti,2014,105285,Petrol,Manual,3820,114999.99999999999,12,Noida
Maruti Swift,Maruti,2018,112201,Petrol,Manual,6651,299000.0,8,Noida
Hyundai Eon,Hyundai,2017,39991,Petrol,Manual,3930,200999.99999999997,9,Noida
Hyundai i20,Hyundai,2012,32524,Petrol,Manual,13683,154000.0,14,Noida
Tata PUNCH,Tata,2023,14954,Petrol,Manual,10574,599000.0,3,Noida
Maruti Wagon R 1.0,Maruti,2017,30222,Petrol,Manual,5748,294000.0,9,Noida
Maruti Wagon R 1.0,Maruti,2012,74098,Petrol,Manual,10928,123000.0,14,Noida
Tata TIGOR,Tata,2019,37961,Petrol,Manual,5967,338000.0,7,Noida
Maruti Wagon R 1.0,Maruti,2016,99525,Petrol,Manual,5494,247000.00000000003,10,Noida
Honda Amaze,Honda,2018,65499,Petrol,Manual,7308,413999.99999999994,8,Noida
Renault Duster,Renault,2014,86921,Petrol,Manual,7241,218000.00000000003,12,Noida
Hyundai Grand i10,Hyundai,2014,15746,Petrol,Manual,7772,234000.0,12,Noida
Maruti Alto K10,Maruti,2017,91825,Petrol,Manual,4594,235000.0,9,Noida
Maruti Celerio,Maruti,2017,182857,Petrol,Manual,5672,254999.99999999997,9,Noida
Mahindra TUV300,Mahindra,2016,57199,Diesel,Manual,5672,350000.0,10,Noida
Hyundai Grand i10,Hyundai,2014,74708,Petrol,Manual,5646,170000.0,12,Noida
Hyundai Grand i10,Hyundai,2016,72920,Petrol,Manual,4872,219000.0,10,Noida
Volkswagen Polo,Volkswagen,2021,54358,Petrol,Auto,10786,611000.0,5,Noida
Maruti Ertiga,Maruti,2024,29275,Petrol,Manual,18835,1100000.0,2,Noida
Maruti Celerio,Maruti,2014,124860,Petrol,Manual,6410,193000.0,12,Noida
Renault Kwid,Renault,2015,43412,Petrol,Manual,3055,115999.99999999999,11,Noida
Mahindra Kuv100,Mahindra,2017,58000,Petrol,Manual,4223,216000.0,9,Noida
Hyundai Grand i10,Hyundai,2014,100428,Petrol,Manual,7141,215000.0,12,Noida
Hyundai i10,Hyundai,2013,20220,Petrol,Manual,13228,281000.0,13,Noida
Volkswagen Vento,Volkswagen,2018,84972,Petrol,Auto,9427,534000.0,8,Noida
Maruti Dzire,Maruti,2019,72932,Petrol,Auto,7061,400000.0,7,Noida
Nissan MAGNITE,Nissan,2021,15328,Petrol,Manual,7873,446000.0,5,Noida
Hyundai i20,Hyundai,2012,108001,Petrol,Manual,9862,111000.00000000001,14,Noida
Nissan MAGNITE,Nissan,2021,40493,Petrol,Auto,10486,594000.0,5,Noida
Honda Brio,Honda,2012,51015,Petrol,Manual,13327,150000.0,14,Noida
Honda Amaze,Honda,2015,106151,Petrol,Manual,6504,247000.00000000003,11,Noida
Maruti New Wagon-R,Maruti,2019,55582,Petrol,Manual,6302,357000.0,7,Noida
Maruti Ciaz,Maruti,2016,92609,Diesel,Manual,6302,221000.0,10,Noida
Hyundai i20,Hyundai,2011,68382,Petrol,Manual,6302,105000.0,15,Noida
Tata Tiago,Tata,2018,75756,Petrol,Manual,3425,194000.0,8,Noida
Hyundai Creta,Hyundai,2017,115423,Diesel,Manual,35451,399000.0,9,Noida
Tata NEXON,Tata,2024,14456,Petrol,Auto,14075,822000.0000000001,2,Noida
Honda City,Honda,2014,61767,Petrol,Manual,13153,396000.0,12,Noida
Tata PUNCH,Tata,2025,21160,Petrol,Manual,12339,699000.0,1,Noida
Honda Jazz,Honda,2015,86721,Petrol,Manual,6636,252000.0,11,Noida
Honda Amaze,Honda,2015,136833,Petrol,Manual,6926,263000.0,11,Noida
Maruti Swift,Maruti,2019,171337,Petrol,Manual,8898,400000.0,7,Noida
Nissan MAGNITE,Nissan,2021,45525,Petrol,Manual,6426,364000.0,5,Noida
Honda WR-V,Honda,2020,91938,Petrol,Manual,9497,538000.0,6,Noida
Ford Ecosport,Ford,2018,72263,Diesel,Manual,22089,469000.00000000006,8,Noida
Hyundai Elite i20,Hyundai,2018,79190,Petrol,Manual,6743,382000.0,8,Noida
Tata Tiago,Tata,2018,69743,Petrol,Auto,5649,320000.0,8,Noida
Honda City,Honda,2015,66453,Petrol,Manual,10060,382000.0,11,Noida
Maruti Baleno,Maruti,2023,70799,Petrol,Manual,7714,437000.0,3,Noida
Hyundai Eon,Hyundai,2016,93443,Petrol,Manual,2558,114999.99999999999,10,Noida
Ford Ecosport,Ford,2016,103250,Diesel,Manual,2558,333000.0,10,Noida
Maruti New Wagon-R,Maruti,2019,210850,Petrol,Manual,7363,331000.0,7,Noida
Honda Amaze,Honda,2017,85099,Petrol,Manual,7194,368000.0,9,Noida
Volkswagen Vento,Volkswagen,2013,106443,Petrol,Manual,6025,128000.0,13,Noida
Renault Kwid,Renault,2017,52481,Petrol,Manual,2717,139000.0,9,Noida
Jeep Compass,Jeep,2017,134446,Petrol,Auto,17503,805000.0000000001,9,Noida
Maruti IGNIS,Maruti,2018,45026,Petrol,Auto,5931,336000.0,8,Noida
Tata Zest,Tata,2015,42176,Petrol,Manual,4345,165000.0,11,Noida
Maruti Baleno,Maruti,2020,51599,Petrol,Manual,8032,455000.0,6,Noida
Maruti Baleno,Maruti,2022,44480,Petrol,Manual,9780,554000.0,4,Noida
Tata Hexa,Tata,2018,63287,Diesel,Manual,26502,563000.0,8,Noida
Maruti Vitara Brezza,Maruti,2019,116171,Diesel,Manual,16939,509999.99999999994,7,Noida
Maruti Celerio,Maruti,2020,86805,Petrol,Manual,5967,338000.0,6,Noida
Maruti Celerio,Maruti,2018,97108,Petrol,Manual,5172,293000.0,8,Noida
Hyundai Elite i20,Hyundai,2016,76501,Petrol,Manual,5806,261000.0,10,Noida
Hyundai GRAND I10 NIOS,Hyundai,2022,36572,Petrol,Manual,8897,504000.0,4,Noida
Maruti Grand Vitara,Maruti,2023,5540,Petrol,Manual,14948,873000.0,3,Noida
Renault Kwid,Renault,2016,89225,Petrol,Manual,2336,105000.0,10,Noida
Nissan Sunny,Nissan,2018,65000,Petrol,Manual,4131,234000.0,8,Noida
Tata Tiago,Tata,2019,44126,Petrol,Manual,4572,259000.0,7,Noida
Maruti Ciaz,Maruti,2016,97215,Petrol,Manual,7229,325000.0,10,Noida
Hyundai Verna,Hyundai,2021,51547,Diesel,Manual,14726,662000.0,5,Noida
Honda WR-V,Honda,2018,49988,Petrol,Manual,8226,466000.0,8,Noida
Datsun Go,Datsun,2018,17414,Petrol,Manual,2913,165000.0,8,Noida
Honda WR-V,Honda,2018,78915,Diesel,Manual,22077,469000.00000000006,8,Noida
Maruti Swift,Maruti,2017,35161,Petrol,Manual,6256,320000.0,9,Noida
Maruti SX4,Maruti,2011,91348,Petrol,Manual,6256,108000.0,15,Noida
Volkswagen Polo,Volkswagen,2011,75931,Petrol,Manual,6256,84000.0,15,Noida
Hyundai Grand i10,Hyundai,2015,13712,Petrol,Manual,8269,314000.0,11,Noida
Hyundai Verna,Hyundai,2017,104893,Diesel,Auto,33763,380000.0,9,Noida
Maruti S PRESSO,Maruti,2020,3798,Petrol,Manual,5949,337000.0,6,Noida
Maruti Swift,Maruti,2018,86398,Petrol,Manual,5614,318000.0,8,Noida
Honda City,Honda,2015,110862,Petrol,Manual,10771,409000.0,11,Noida
Maruti Swift,Maruti,2021,59774,Petrol,Manual,5967,338000.0,5,Noida
Maruti Baleno,Maruti,2023,39312,Petrol,Manual,8279,469000.00000000006,3,Noida
Hyundai ALCAZAR,Hyundai,2022,89036,Petrol,Auto,21454,1253000.0,4,Noida
Honda City,Honda,2011,114966,Petrol,Manual,21454,131000.0,15,Noida
Hyundai Santro Xing,Hyundai,2012,69744,Petrol,Manual,7463,84000.0,14,Noida
Volkswagen Vento,Volkswagen,2011,106164,Petrol,Manual,7463,97000.0,15,Noida
Mahindra XUV500,Mahindra,2018,69642,Diesel,Manual,20948,445000.0,8,Noida
Maruti Baleno,Maruti,2019,62264,Petrol,Manual,7008,397000.0,7,Noida
Hyundai VENUE,Hyundai,2023,29032,Petrol,Manual,11986,679000.0,3,Noida
Hyundai i10,Hyundai,2012,106808,Petrol,Manual,11106,125000.0,14,Noida
Tata ALTROZ,Tata,2021,34393,Petrol,Manual,6584,373000.0,5,Noida
Hyundai Verna,Hyundai,2022,54818,Petrol,Manual,14468,844999.9999999999,4,Noida
Maruti Baleno,Maruti,2019,37340,Petrol,Manual,7291,413000.0,7,Noida
Honda City,Honda,2011,146072,Petrol,Manual,7291,108000.0,15,Noida
Maruti Swift,Maruti,2020,27368,Petrol,Manual,6592,373000.0,6,Noida
Maruti Swift Dzire,Maruti,2014,82562,Petrol,Manual,7805,235000.0,12,Noida
Hyundai i20,Hyundai,2011,76084,Petrol,Manual,7805,133000.0,15,Noida
Maruti Baleno,Maruti,2016,104731,Petrol,Auto,6139,276000.0,10,Noida
Tata NEXON,Tata,2025,7130,Petrol,Manual,13822,783000.0,1,Noida
Maruti Swift Dzire,Maruti,2017,106394,Petrol,Manual,8876,399000.0,9,Noida
Maruti Vitara Brezza,Maruti,2018,25003,Diesel,Auto,25890,550000.0,8,Noida
Maruti Alto 800,Maruti,2012,73530,Petrol,Manual,6575,74000.0,14,Noida
Hyundai Accent,Hyundai,2013,162984,Petrol,Manual,4378,93000.0,13,Noida
Hyundai Santro Xing,Hyundai,2013,114412,Petrol,Manual,5931,126000.0,13,Noida
Chevrolet Spark,Chevrolet,2011,106605,Petrol,Manual,5931,47000.0,15,Noida
Maruti Swift,Maruti,2011,114535,Petrol,Manual,5931,110000.00000000001,15,Noida
Hyundai i10,Hyundai,2011,120355,Petrol,Manual,5931,71000.0,15,Noida
Maruti Swift Dzire,Maruti,2013,141926,Petrol,Manual,10827,229999.99999999997,13,Noida
Renault Kwid,Renault,2015,55201,Petrol,Manual,7584,288000.0,11,Noida
Renault Kiger,Renault,2022,41541,Petrol,Manual,6532,370000.0,4,Noida
Maruti FRONX,Maruti,2024,12664,Petrol,Manual,11810,669000.0,2,Noida
Maruti S Cross,Maruti,2016,108261,Diesel,Manual,11810,307000.0,10,Noida
Maruti Baleno,Maruti,2015,96901,Petrol,Manual,6373,242000.0,11,Noida
Hyundai Grand i10,Hyundai,2019,98211,Petrol,Manual,6037,342000.0,7,Noida
KIA SONET,KIA,2020,54646,Petrol,Manual,9532,540000.0,6,Noida
Maruti Wagon R 1.0,Maruti,2011,134547,Petrol,Manual,9532,75000.0,15,Noida
Maruti Alto K10,Maruti,2011,140172,Petrol,Manual,9532,100000.0,15,Noida
Hyundai Santro Xing,Hyundai,2014,138510,Petrol,Manual,3886,117000.0,12,Noida
Tata Tiago,Tata,2019,15842,Petrol,Manual,6267,355000.0,7,Noida
Renault Kiger,Renault,2022,42458,Petrol,Manual,6532,370000.0,4,Noida
Datsun Redi Go,Datsun,2016,64874,Petrol,Manual,2158,97000.0,10,Noida
Mahindra Kuv100,Mahindra,2016,36948,Petrol,Manual,3559,160000.0,10,Noida
Tata TIGOR,Tata,2017,44904,Petrol,Manual,5376,275000.0,9,Noida
Hyundai Elite i20,Hyundai,2015,48129,Petrol,Manual,6425,244000.0,11,Noida
Hyundai Verna,Hyundai,2021,22236,Petrol,Manual,13698,800000.0,5,Noida
Volkswagen Polo,Volkswagen,2015,57308,Petrol,Manual,7637,290000.0,11,Noida
Tata NEXON,Tata,2023,13207,Petrol,Auto,17705,1034000.0,3,Noida
Mahindra TUV300,Mahindra,2017,97104,Diesel,Manual,26122,294000.0,9,Noida
Maruti Eeco,Maruti,2011,168112,Petrol,Manual,26122,94000.0,15,Noida
Hyundai Grand i10,Hyundai,2017,84785,Petrol,Auto,6940,355000.0,9,Noida
Renault TRIBER,Renault,2019,91203,Petrol,Manual,5190,294000.0,7,Noida
Tata ALTROZ,Tata,2021,55454,Petrol,Manual,6249,354000.0,5,Noida
Maruti Alto 800,Maruti,2013,123066,Petrol,Manual,8050,171000.0,13,Noida
Mahindra Kuv100,Mahindra,2016,78589,Diesel,Manual,8050,165000.0,10,Noida
Maruti Alto,Maruti,2011,20783,Petrol,Manual,8050,89000.0,15,Noida
Maruti Swift,Maruti,2018,88941,Petrol,Manual,5631,319000.0,8,Noida
Mahindra Thar,Mahindra,2021,18527,Petrol,Manual,18663,1090000.0,5,Noida
Tata TIGOR,Tata,2017,130768,Diesel,Manual,14660,165000.0,9,Noida
Maruti Swift,Maruti,2015,168652,Petrol,Manual,7163,272000.0,11,Noida
Maruti Swift Dzire,Maruti,2013,121451,Petrol,Manual,9697,206000.0,13,Noida
Maruti Celerio,Maruti,2014,61516,Petrol,Manual,5480,165000.0,12,Noida
Datsun Go Plus,Datsun,2015,73863,Petrol,Manual,3555,135000.0,11,Noida
Hyundai i10,Hyundai,2012,98693,Petrol,Manual,12261,138000.0,14,Noida
Toyota Corolla Altis,Toyota,2016,69210,Petrol,Auto,8609,387000.0,10,Noida
Skoda Rapid,Skoda,2018,238612,Diesel,Manual,17982,382000.0,8,Noida
Maruti Swift Dzire,Maruti,2014,113645,Petrol,Manual,9300,280000.0,12,Noida
Tata Tiago,Tata,2019,100609,Petrol,Manual,7719,347000.0,7,Noida
KIA SONET,KIA,2022,29249,Petrol,Manual,11792,668000.0,4,Noida
Maruti Swift,Maruti,2015,164560,Petrol,Manual,7479,284000.0,11,Noida
Hyundai Creta,Hyundai,2022,81844,Diesel,Manual,21642,1137000.0,4,Noida
Maruti Wagon R 1.0,Maruti,2018,103532,Petrol,Manual,4605,206999.99999999997,8,Noida
Hyundai Creta,Hyundai,2018,57354,Petrol,Manual,12304,697000.0,8,Noida
Hyundai Eon,Hyundai,2018,64981,Petrol,Manual,2983,169000.0,8,Noida
Maruti Swift Dzire,Maruti,2014,87798,Petrol,Manual,8270,249000.00000000003,12,Noida
Hyundai NEW SANTRO,Hyundai,2020,139977,Petrol,Manual,6874,309000.0,6,Noida
Maruti Swift Dzire,Maruti,2014,63383,Petrol,Manual,8436,254000.0,12,Noida
Maruti Swift Dzire,Maruti,2012,183866,Petrol,Manual,16348,184000.0,14,Noida
Honda Brio,Honda,2013,161078,Petrol,Auto,9179,195000.0,13,Noida
Ford Figo Aspire,Ford,2017,61651,Petrol,Manual,4536,231999.99999999997,9,Noida
Maruti Swift Dzire,Maruti,2014,95477,Petrol,Manual,8304,250000.0,12,Noida
Maruti Swift Dzire,Maruti,2013,83672,Petrol,Manual,12427,264000.0,13,Noida
Hyundai NEW SANTRO,Hyundai,2018,21650,Petrol,Manual,4413,250000.0,8,Noida
Maruti Swift,Maruti,2014,99802,Petrol,Manual,8603,259000.0,12,Noida
Maruti Swift Dzire,Maruti,2013,52418,Petrol,Manual,9556,202999.99999999997,13,Noida
Honda Amaze,Honda,2013,63020,Petrol,Manual,10403,221000.0,13,Noida
Maruti Wagon R 1.0,Maruti,2013,69454,Petrol,Manual,8614,183000.0,13,Noida
Maruti Celerio,Maruti,2015,69411,Petrol,Manual,5793,220000.00000000003,11,Noida
Maruti Wagon R 1.0,Maruti,2015,77661,Petrol,Manual,5662,215000.0,11,Noida
Tata Safari,Tata,2022,92914,Diesel,Auto,29503,1550000.0,4,Noida
Maruti Swift Dzire,Maruti,2014,81145,Petrol,Manual,9765,294000.0,12,Noida
Hyundai i10,Hyundai,2012,112773,Petrol,Manual,9685,109000.00000000001,14,Noida
Hyundai i10,Hyundai,2014,68636,Petrol,Manual,7506,225999.99999999997,12,Noida
Maruti Alto 800,Maruti,2018,51893,Petrol,Manual,2913,165000.0,8,Noida
Hyundai Xcent,Hyundai,2016,103009,Petrol,Manual,3248,146000.0,10,Noida
Hyundai Elite i20,Hyundai,2014,97821,Petrol,Manual,7174,216000.0,12,Noida
Maruti Swift,Maruti,2014,104860,Petrol,Manual,8337,250999.99999999997,12,Noida
Renault Kwid,Renault,2019,26991,Petrol,Manual,3672,208000.0,7,Noida
Skoda KUSHAQ,Skoda,2022,22140,Petrol,Auto,14052,796000.0,4,Noida
Maruti Swift Dzire,Maruti,2014,78560,Petrol,Manual,7473,225000.0,12,Noida
Mahindra Thar,Mahindra,2022,83960,Petrol,Auto,17122,1000000.0,4,Noida
KIA SELTOS,KIA,2023,20220,Petrol,Manual,21797,1273000.0,3,Noida
Mahindra TUV300,Mahindra,2017,46008,Diesel,Manual,37583,423000.00000000006,9,Noida
Tata Tiago,Tata,2017,67125,Diesel,Manual,12350,139000.0,9,Noida
Maruti Swift Dzire,Maruti,2015,46657,Petrol,Manual,10033,381000.0,11,Noida
Jeep Compass,Jeep,2017,85456,Diesel,Manual,50555,569000.0,9,Noida
Hyundai i10,Hyundai,2012,101926,Petrol,Manual,11106,125000.0,14,Noida
Hyundai i10,Hyundai,2013,196471,Petrol,Manual,6826,145000.0,13,Noida
Maruti Swift,Maruti,2015,99198,Petrol,Manual,5003,190000.0,11,Noida
Honda Brio,Honda,2013,113472,Petrol,Manual,7249,154000.0,13,Noida
Honda City,Honda,2018,69643,Petrol,Manual,7926,449000.0,8,Noida
Maruti Swift Dzire,Maruti,2015,120838,Petrol,Manual,6057,229999.99999999997,11,Noida
Maruti Wagon R 1.0,Maruti,2017,135100,Petrol,Manual,6473,291000.0,9,Noida
Maruti Wagon R 1.0,Maruti,2013,112462,Petrol,Manual,10403,221000.0,13,Noida
Hyundai i10,Hyundai,2012,110893,Petrol,Manual,14561,164000.0,14,Noida
Tata NEXON,Tata,2018,68997,Petrol,Manual,7118,320000.0,8,Noida
Maruti Alto 800,Maruti,2016,135293,Petrol,Manual,3337,150000.0,10,Noida
Maruti Wagon R 1.0,Maruti,2015,108295,Petrol,Manual,5346,202999.99999999997,11,Noida
Honda Accord,Honda,2011,74106,Petrol,Manual,5346,176000.0,15,Noida
Maruti Swift,Maruti,2018,50225,Petrol,Manual,6125,347000.0,8,Noida
Volkswagen Polo,Volkswagen,2015,179459,Petrol,Manual,6636,252000.0,11,Noida
Hyundai i10,Hyundai,2012,56231,Petrol,Manual,9240,104000.0,14,Noida
Skoda KUSHAQ,Skoda,2022,31405,Petrol,Manual,11704,663000.0,4,Noida
Tata ALTROZ,Tata,2021,104665,Petrol,Manual,6918,311000.0,5,Noida
Maruti Swift Dzire,Maruti,2013,52980,Petrol,Manual,13510,287000.0,13,Noida
Maruti Wagon R 1.0,Maruti,2013,103685,Petrol,Manual,8191,174000.0,13,Noida
Hyundai Eon,Hyundai,2012,90387,Petrol,Manual,9685,109000.00000000001,14,Noida
Maruti Swift,Maruti,2018,108654,Petrol,Manual,7519,338000.0,8,Noida
Maruti Wagon R 1.0,Maruti,2014,79321,Petrol,Manual,6444,194000.0,12,Noida
Maruti Wagon R 1.0,Maruti,2015,107151,Petrol,Manual,5267,200000.0,11,Noida
Hyundai VENUE,Hyundai,2019,59073,Petrol,Manual,11986,679000.0,7,Noida
Honda Amaze,Honda,2018,61973,Petrol,Manual,6090,345000.0,8,Noida
KIA CARENS,KIA,2024,15956,Petrol,Manual,17773,1038000.0000000001,2,Noida
Hyundai Creta,Hyundai,2018,62440,Petrol,Manual,12357,700000.0,8,Noida
Maruti Swift Dzire,Maruti,2013,127348,Petrol,Manual,10592,225000.0,13,Noida
Tata Tiago,Tata,2017,93774,Petrol,Manual,4575,234000.0,9,Noida
Toyota Etios,Toyota,2012,150238,Petrol,Manual,14571,164000.0,14,Noida
Hyundai Eon,Hyundai,2012,148939,Petrol,Manual,8618,97000.0,14,Noida
Hyundai i10,Hyundai,2012,52295,Petrol,Manual,10751,121000.0,14,Noida
Tata NEXON,Tata,2018,30763,Petrol,Manual,6320,358000.0,8,Noida
Maruti Alto 800,Maruti,2013,32655,Petrol,Manual,7061,150000.0,13,Noida
Maruti Wagon R 1.0,Maruti,2014,61412,Petrol,Manual,6842,206000.0,12,Noida
Volkswagen Polo,Volkswagen,2013,74264,Petrol,Manual,6732,143000.0,13,Noida
Tata NEXON,Tata,2018,46334,Petrol,Manual,10486,594000.0,8,Noida
Maruti Swift,Maruti,2014,66748,Petrol,Manual,7241,218000.00000000003,12,Noida
Tata NEXON,Tata,2019,49629,Petrol,Auto,7061,400000.0,7,Noida
Honda Civic,Honda,2020,58221,Petrol,Auto,17394,800000.0,6,Noida
Maruti Swift Dzire,Maruti,2012,70236,Petrol,Manual,14927,168000.0,14,Noida
Maruti Swift,Maruti,2017,54515,Petrol,Manual,6549,335000.0,9,Noida
Hyundai i10,Hyundai,2014,36192,Petrol,Manual,7706,231999.99999999997,12,Noida
Maruti Wagon R 1.0,Maruti,2014,109004,Petrol,Manual,7407,223000.0,12,Noida
Maruti Baleno,Maruti,2021,81818,Petrol,Manual,6938,393000.0,5,Noida
Maruti Wagon R 1.0,Maruti,2015,99402,Petrol,Manual,5346,202999.99999999997,11,Noida
Maruti Wagon R 1.0,Maruti,2015,93801,Petrol,Manual,5899,224000.00000000003,11,Noida
Maruti Wagon R 1.0,Maruti,2014,122095,Petrol,Manual,7673,231000.0,12,Noida
Maruti Ciaz,Maruti,2015,222492,Petrol,Manual,7321,278000.0,11,Noida
KIA SELTOS,KIA,2024,33850,Diesel,Manual,18013,1052000.0,2,Noida
Maruti Wagon R 1.0,Maruti,2014,104309,Petrol,Manual,6111,184000.0,12,Noida
Maruti Wagon R 1.0,Maruti,2015,60757,Petrol,Manual,5267,200000.0,11,Noida
Maruti Wagon R 1.0,Maruti,2016,66899,Petrol,Manual,6540,294000.0,10,Noida
Maruti Swift Dzire,Maruti,2016,167949,Petrol,Manual,4516,202999.99999999997,10,Noida
Datsun Go,Datsun,2016,53197,Petrol,Manual,2336,105000.0,10,Noida
Maruti Swift Dzire,Maruti,2014,103123,Petrol,Manual,7872,237000.0,12,Noida
Hyundai i10,Hyundai,2012,54228,Petrol,Manual,10662,120000.0,14,Noida
Honda Brio,Honda,2013,61063,Petrol,Manual,7908,168000.0,13,Noida
Renault Kwid,Renault,2016,100413,Petrol,Manual,2758,124000.0,10,Noida
Renault TRIBER,Renault,2019,71752,Petrol,Manual,5225,296000.0,7,Noida
Maruti Wagon R 1.0,Maruti,2015,53200,Petrol,Manual,4082,155000.0,11,Noida
Datsun Go,Datsun,2015,81991,Petrol,Manual,2897,110000.00000000001,11,Noida
Hyundai Eon,Hyundai,2015,65478,Petrol,Manual,4845,184000.0,11,Noida
Tata NEXON,Tata,2018,50400,Petrol,Manual,10256,581000.0,8,Noida
Maruti Swift Dzire,Maruti,2013,67884,Petrol,Manual,10450,222000.00000000003,13,Noida
Maruti Wagon R 1.0,Maruti,2013,49107,Petrol,Manual,8002,170000.0,13,Noida
Maruti Wagon R 1.0,Maruti,2015,84516,Petrol,Manual,5451,206999.99999999997,11,Noida
Renault Kwid,Renault,2017,37663,Petrol,Manual,4301,220000.00000000003,9,Noida
Hyundai NEW I20,Hyundai,2022,33131,Petrol,Manual,10786,611000.0,4,Noida
Maruti Wagon R 1.0,Maruti,2014,119093,Petrol,Manual,6975,210000.0,12,Noida
Tata TIGOR,Tata,2017,168368,Petrol,Manual,4872,219000.0,9,Noida
Hyundai Eon,Hyundai,2012,155707,Petrol,Manual,7019,79000.0,14,Noida
KIA SELTOS,KIA,2019,71224,Petrol,Manual,12269,695000.0,7,Noida
Hyundai Grand i10,Hyundai,2014,80328,Petrol,Manual,6643,200000.0,12,Noida
Hyundai NEW I20,Hyundai,2022,28226,Petrol,Manual,10080,571000.0,4,Noida
Maruti Swift Dzire,Maruti,2012,78722,Petrol,Manual,13238,149000.0,14,Noida
Hyundai Eon,Hyundai,2012,120375,Petrol,Manual,7463,84000.0,14,Noida
Maruti Alto,Maruti,2020,41133,Petrol,Manual,4131,234000.0,6,Noida
Hyundai Eon,Hyundai,2012,71350,Petrol,Manual,8618,97000.0,14,Noida
Maruti Swift Dzire,Maruti,2014,94756,Petrol,Manual,8237,248000.0,12,Noida
Maruti Swift,Maruti,2017,90452,Petrol,Manual,6901,353000.0,9,Noida
Renault TRIBER,Renault,2020,95161,Petrol,Manual,5296,300000.0,6,Noida
Hyundai i10,Hyundai,2014,66668,Petrol,Manual,4883,147000.0,12,Noida
Hyundai Eon,Hyundai,2014,38182,Petrol,Manual,3587,108000.0,12,Noida
Hyundai Verna,Hyundai,2012,99528,Petrol,Manual,13238,149000.0,14,Noida
Maruti Wagon R 1.0,Maruti,2014,228770,Petrol,Manual,7075,213000.0,12,Noida
Maruti Wagon R 1.0,Maruti,2012,51663,Petrol,Manual,13238,149000.0,14,Noida
Maruti Wagon R 1.0,Maruti,2013,51500,Petrol,Manual,8897,189000.0,13,Noida
Maruti Swift,Maruti,2018,70006,Petrol,Manual,6532,370000.0,8,Noida
Maruti Swift,Maruti,2014,81265,Petrol,Manual,6344,191000.0,12,Noida
Hyundai i10,Hyundai,2012,32130,Petrol,Manual,13061,147000.0,14,Noida
Maruti Alto K10,Maruti,2012,114016,Petrol,Manual,7197,81000.0,14,Noida
Maruti Alto 800,Maruti,2015,11849,Petrol,Manual,5398,204999.99999999997,11,Noida
Maruti Alto 800,Maruti,2014,50659,Petrol,Manual,5879,177000.0,12,Noida
Maruti Alto 800,Maruti,2012,106460,Petrol,Manual,7197,81000.0,14,Noida
Honda Amaze,Honda,2014,115247,Petrol,Manual,7673,231000.0,12,Noida
Maruti Alto K10,Maruti,2012,52734,Petrol,Manual,9151,103000.0,14,Noida
Maruti Wagon R 1.0,Maruti,2016,122910,Petrol,Manual,5672,254999.99999999997,10,Noida
Maruti Alto 800,Maruti,2014,67258,Petrol,Manual,4550,137000.0,12,Noida
Maruti Swift Dzire,Maruti,2014,226000,Petrol,Manual,7573,227999.99999999997,12,Noida
Honda Accord,Honda,2013,89026,Petrol,Auto,11486,244000.0,13,Noida
Volkswagen Ameo,Volkswagen,2017,44349,Diesel,Manual,32074,361000.0,9,Noida
Maruti Swift Dzire,Maruti,2016,85810,Petrol,Manual,4805,216000.0,10,Noida
Honda Brio,Honda,2013,64427,Petrol,Manual,7202,153000.0,13,Noida
Hyundai i20,Hyundai,2013,65861,Petrol,Manual,7579,161000.0,13,Noida
Hyundai Verna,Hyundai,2012,137640,Petrol,Manual,17237,194000.0,14,Noida
Maruti Wagon R 1.0,Maruti,2015,37240,Petrol,Manual,6294,239000.0,11,Noida
Hyundai i20,Hyundai,2013,69108,Petrol,Manual,6590,140000.0,13,Noida
Honda Jazz,Honda,2018,51956,Petrol,Manual,6073,344000.0,8,Noida
Hyundai Verna,Hyundai,2017,91774,Petrol,Manual,9404,480999.99999999994,9,Noida
Tata Tiago,Tata,2017,114011,Petrol,Manual,4048,182000.0,9,Noida
Maruti Ritz,Maruti,2014,94920,Petrol,Manual,6444,194000.0,12,Noida
Maruti FRONX,Maruti,2023,55753,Petrol,Manual,13766,803999.9999999999,3,Noida
Maruti IGNIS,Maruti,2017,135799,Petrol,Manual,5561,250000.0,9,Noida
Honda Brio,Honda,2013,72832,Petrol,Manual,7014,149000.0,13,Noida
Maruti Wagon R 1.0,Maruti,2017,70623,Petrol,Manual,4829,247000.00000000003,9,Noida
Tata PUNCH,Tata,2022,18063,Petrol,Manual,9074,513999.99999999994,4,Noida
Tata NEXON,Tata,2018,138930,Diesel,Manual,20195,429000.0,8,Noida
Volkswagen Ameo,Volkswagen,2018,54685,Petrol,Manual,5614,318000.0,8,Noida
Hyundai Grand i10,Hyundai,2014,75999,Petrol,Manual,7374,222000.00000000003,12,Noida
Renault Kwid,Renault,2018,74811,Petrol,Manual,3177,180000.0,8,Noida
Hyundai i10,Hyundai,2012,12359,Petrol,Manual,14305,161000.0,14,Noida
Audi A4,Audi,2010,67536,Petrol,Auto,14305,244000.0,16,Noida
Maruti Swift,Maruti,2015,48972,Petrol,Manual,7136,271000.0,11,Noida
Honda Amaze,Honda,2015,74445,Petrol,Manual,7479,284000.0,11,Noida
Maruti S Cross,Maruti,2018,46403,Diesel,Manual,29138,619000.0,8,Noida
Maruti Swift,Maruti,2014,70847,Petrol,Manual,6643,200000.0,12,Noida
Hyundai i10,Hyundai,2015,53774,Petrol,Manual,4292,163000.0,11,Noida
Hyundai Verna,Hyundai,2011,57216,Petrol,Auto,4292,149000.0,15,Noida
Maruti New Wagon-R,Maruti,2020,80333,Petrol,Manual,5596,317000.0,6,Noida
Skoda KUSHAQ,Skoda,2021,50689,Petrol,Manual,11827,670000.0,5,Noida
Hyundai Eon,Hyundai,2014,75434,Petrol,Manual,3753,112999.99999999999,12,Noida
Hyundai i10,Hyundai,2012,105977,Petrol,Manual,7996,90000.0,14,Noida
Maruti Alto K10,Maruti,2012,50016,Petrol,Manual,9151,103000.0,14,Noida
Hyundai i10,Hyundai,2012,106118,Petrol,Manual,9418,106000.0,14,Noida
Mahindra XUV 3XO,Mahindra,2024,13656,Petrol,Manual,12357,700000.0,2,Noida
Ford Figo Aspire,Ford,2017,78322,Petrol,Manual,4938,222000.00000000003,9,Noida
Maruti Ciaz,Maruti,2015,211498,Petrol,Manual,7505,285000.0,11,Noida
Honda Amaze,Honda,2015,49676,Petrol,Manual,4213,160000.0,11,Noida
Maruti Alto 800,Maruti,2015,32483,Petrol,Manual,3950,150000.0,11,Noida
Maruti Baleno,Maruti,2016,59530,Petrol,Manual,6050,272000.0,10,Noida
Mahindra Kuv100,Mahindra,2016,41600,Petrol,Manual,3448,155000.0,10,Noida
Hyundai i20,Hyundai,2013,102079,Petrol,Manual,9838,209000.0,13,Noida
Maruti Wagon R 1.0,Maruti,2014,102858,Petrol,Manual,7971,240000.0,12,Noida
Maruti Swift Dzire,Maruti,2013,111139,Petrol,Manual,7061,150000.0,13,Noida
Maruti Swift,Maruti,2018,170878,Petrol,Manual,7341,330000.0,8,Noida
Honda Amaze,Honda,2014,66423,Petrol,Manual,8802,265000.0,12,Noida
Maruti Celerio,Maruti,2018,93785,Petrol,Manual,4131,234000.0,8,Noida
Maruti Wagon R 1.0,Maruti,2015,120795,Petrol,Manual,5056,192000.0,11,Noida
Renault Duster,Renault,2016,130615,Diesel,Auto,5056,337000.0,10,Noida
Honda Brio,Honda,2013,60581,Petrol,Manual,7908,168000.0,13,Noida
Mahindra Kuv100,Mahindra,2016,99692,Diesel,Manual,7908,145000.0,10,Noida
Maruti Alto K10,Maruti,2012,59180,Petrol,Manual,8618,97000.0,14,Noida
Tata NEXON,Tata,2025,8148,Petrol,Manual,13938,814000.0,1,Noida
Honda Jazz,Honda,2017,78189,Petrol,Manual,5865,300000.0,9,Noida
Datsun Redi Go,Datsun,2017,61110,Petrol,Manual,3636,186000.0,9,Noida
Hyundai Grand i10,Hyundai,2014,89626,Petrol,Manual,5746,173000.0,12,Noida
Hyundai Xcent,Hyundai,2015,81200,Petrol,Manual,4345,165000.0,11,Noida
Maruti Wagon R 1.0,Maruti,2016,245068,Petrol,Manual,4137,186000.0,10,Noida
Maruti Celerio,Maruti,2016,45632,Diesel,Manual,4137,145000.0,10,Noida
Hyundai Santro Xing,Hyundai,2010,53607,Petrol,Manual,4137,114999.99999999999,16,Noida
Tata Tiago,Tata,2017,81259,Diesel,Manual,20613,231999.99999999997,9,Noida
Hyundai Grand i10,Hyundai,2015,68350,Petrol,Manual,5082,193000.0,11,Noida
Maruti Vitara Brezza,Maruti,2021,60214,Petrol,Manual,8844,501000.0,5,Noida
Maruti Alto 800,Maruti,2017,36122,Petrol,Manual,4203,215000.0,9,Noida
Hyundai Eon,Hyundai,2012,74629,Petrol,Manual,7730,87000.0,14,Noida
Volkswagen Polo,Volkswagen,2013,141416,Petrol,Manual,8332,177000.0,13,Noida
Maruti Alto 800,Maruti,2014,55239,Petrol,Manual,4085,123000.0,12,Noida
Maruti Alto 800,Maruti,2018,56548,Petrol,Manual,3566,202000.0,8,Noida
Maruti Alto K10,Maruti,2014,56908,Petrol,Auto,5813,175000.0,12,Noida
Hyundai Elite i20,Hyundai,2016,56200,Petrol,Manual,6028,271000.0,10,Noida
Maruti Ciaz,Maruti,2015,143775,Petrol,Manual,6820,259000.0,11,Noida
Maruti Alto 800,Maruti,2017,29754,Petrol,Manual,3793,194000.0,9,Noida
Honda Amaze,Honda,2014,60340,Petrol,Manual,8304,250000.0,12,Noida
Maruti Alto K10,Maruti,2018,122705,Petrol,Manual,4894,220000.00000000003,8,Noida
Maruti Alto 800,Maruti,2014,89998,Petrol,Manual,3720,112000.00000000001,12,Noida
Maruti Swift Dzire,Maruti,2012,91745,Petrol,Manual,13772,155000.0,14,Noida
Honda Amaze,Honda,2014,75327,Petrol,Manual,7805,235000.0,12,Noida
Renault Kwid,Renault,2016,9717,Petrol,Manual,4137,186000.0,10,Noida
Maruti Wagon R 1.0,Maruti,2012,74546,Petrol,Manual,11284,127000.0,14,Noida
Maruti Baleno,Maruti,2016,45857,Petrol,Manual,6228,280000.0,10,Noida
Honda Amaze,Honda,2018,110035,Petrol,Manual,6896,310000.0,8,Noida
Maruti Alto K10,Maruti,2018,51613,Petrol,Manual,4290,243000.00000000003,8,Noida
Skoda Superb,Skoda,2011,47719,Petrol,Manual,4290,218000.00000000003,15,Noida
Maruti Grand Vitara,Maruti,2023,5870,Petrol,Manual,17722,1035000.0,3,Noida
Maruti Grand Vitara,Maruti,2023,19498,Petrol,Auto,18595,1086000.0,3,Noida
Mahindra TUV300,Mahindra,2017,59259,Diesel,Manual,39982,450000.0,9,Noida
Hyundai Eon,Hyundai,2012,35976,Petrol,Manual,10222,114999.99999999999,14,Noida
Tata Tiago,Tata,2016,56797,Diesel,Manual,10222,162000.0,10,Noida
Hyundai i10,Hyundai,2012,50288,Petrol,Manual,9685,109000.00000000001,14,Noida
Hyundai Xcent,Hyundai,2017,121051,Diesel,Manual,20702,233000.0,9,Noida
Renault Kwid,Renault,2016,92357,Petrol,Manual,3003,135000.0,10,Noida
Maruti Wagon R 1.0,Maruti,2012,49635,Petrol,Manual,12083,136000.0,14,Noida
Maruti Vitara Brezza,Maruti,2016,157164,Diesel,Manual,12083,480000.0,10,Noida
Hyundai Eon,Hyundai,2014,98788,Petrol,Manual,3753,112999.99999999999,12,Noida
Honda Amaze,Honda,2014,72635,Petrol,Manual,8569,258000.0,12,Noida
Hyundai Eon,Hyundai,2014,96673,Petrol,Manual,3953,119000.0,12,Noida
Maruti Swift,Maruti,2017,142057,Petrol,Manual,7897,355000.0,9,Noida
Hyundai i10,Hyundai,2013,66666,Petrol,Manual,5884,125000.0,13,Noida
Honda Brio,Honda,2014,51490,Petrol,Manual,5414,163000.0,12,Noida
Maruti Wagon R 1.0,Maruti,2016,67817,Petrol,Manual,4071,183000.0,10,Noida
Ford Figo Aspire,Ford,2017,245582,Diesel,Manual,15993,180000.0,9,Noida
Mahindra TUV300,Mahindra,2017,40255,Diesel,Manual,31008,349000.0,9,Noida
Maruti Alto K10,Maruti,2014,86193,Petrol,Manual,5248,158000.0,12,Noida
Maruti Grand Vitara,Maruti,2023,24285,Petrol,Manual,16814,982000.0,3,Noida
Honda Brio,Honda,2012,83427,Petrol,Manual,10928,123000.0,14,Noida
Tata NEXON,Tata,2018,108438,Petrol,Manual,9454,425000.0,8,Noida
Volkswagen Polo,Volkswagen,2012,212998,Petrol,Manual,10395,117000.0,14,Noida
Datsun Go,Datsun,2014,90559,Petrol,Manual,2989,90000.0,12,Noida
Hyundai Grand i10,Hyundai,2015,62300,Petrol,Manual,7558,287000.0,11,Noida
Datsun Go Plus,Datsun,2016,33704,Petrol,Manual,2291,103000.0,10,Noida
Maruti Swift,Maruti,2017,34745,Petrol,Manual,7136,365000.0,9,Noida
Tata Tiago,Tata,2018,124823,Petrol,Manual,5161,231999.99999999997,8,Noida
Maruti Wagon R 1.0,Maruti,2016,92813,Petrol,Manual,5606,252000.0,10,Noida
Ford Figo Aspire,Ford,2017,123756,Diesel,Manual,19991,225000.0,9,Noida
Maruti Ritz,Maruti,2012,106868,Petrol,Manual,11284,127000.0,14,Noida
Maruti Swift Dzire,Maruti,2013,63702,Petrol,Manual,10356,220000.00000000003,13,Noida
Renault Kwid,Renault,2019,52664,Petrol,Manual,4095,231999.99999999997,7,Noida
Maruti Swift Dzire,Maruti,2015,147706,Petrol,Manual,6162,234000.0,11,Noida
Hyundai Verna,Hyundai,2013,67640,Petrol,Manual,9791,208000.0,13,Noida
Maruti Ciaz,Maruti,2015,136257,Petrol,Manual,9243,351000.0,11,Noida
Hyundai Grand i10,Hyundai,2015,74302,Petrol,Manual,6452,245000.00000000003,11,Noida
Hyundai Santro Xing,Hyundai,2011,56838,Petrol,Manual,6452,111000.00000000001,15,Noida
Maruti Wagon R 1.0,Maruti,2013,142190,Petrol,Manual,6261,133000.0,13,Noida
Maruti Swift,Maruti,2013,101186,Petrol,Manual,10403,221000.0,13,Noida
Hyundai Eon,Hyundai,2012,83894,Petrol,Manual,6664,75000.0,14,Noida
Renault Kwid,Renault,2016,90296,Petrol,Manual,3070,138000.0,10,Noida
Volkswagen Vento,Volkswagen,2015,78589,Petrol,Auto,7505,285000.0,11,Noida
Hyundai Eon,Hyundai,2014,72504,Petrol,Manual,3820,114999.99999999999,12,Noida
Honda Civic,Honda,2019,12504,Petrol,Auto,21043,1229000.0,7,Noida
Honda Amaze,Honda,2014,93522,Petrol,Manual,9034,272000.0,12,Noida
Honda Brio,Honda,2013,40674,Petrol,Manual,9509,202000.0,13,Noida
Maruti Swift Dzire,Maruti,2014,38327,Petrol,Manual,9068,273000.0,12,Noida
Toyota Etios Liva,Toyota,2012,115930,Petrol,Manual,15371,173000.0,14,Noida
Hyundai Elite i20,Hyundai,2016,81000,Petrol,Manual,6584,296000.0,10,Noida
Hyundai i10,Hyundai,2012,92845,Petrol,Manual,8352,94000.0,14,Noida
Hyundai Eon,Hyundai,2013,52992,Petrol,Manual,3954,84000.0,13,Noida
Hyundai i10,Hyundai,2012,167655,Petrol,Manual,10751,121000.0,14,Noida
BMW 3 Series,BMW,2011,57260,Petrol,Auto,10751,237000.0,15,Noida
Honda City,Honda,2011,55577,Petrol,Manual,10751,109000.00000000001,15,Noida
Maruti Wagon R 1.0,Maruti,2014,46522,Petrol,Manual,6145,185000.0,12,Noida
Hyundai VENUE,Hyundai,2021,51068,Petrol,Manual,9709,550000.0,5,Noida
Maruti Vitara Brezza,Maruti,2016,131904,Diesel,Manual,9709,469000.00000000006,10,Noida
Hyundai i20,Hyundai,2013,68496,Petrol,Manual,7767,165000.0,13,Noida
Maruti Swift Dzire,Maruti,2015,93296,Petrol,Manual,5267,200000.0,11,Noida
Mahindra TUV300,Mahindra,2017,77289,Diesel,Manual,35451,399000.0,9,Noida
Hyundai i10,Hyundai,2013,79695,Petrol,Manual,5084,108000.0,13,Noida
Maruti Alto 800,Maruti,2016,100326,Petrol,Manual,3070,138000.0,10,Noida
Maruti Wagon R 1.0,Maruti,2012,79017,Petrol,Manual,10662,120000.0,14,Noida
Maruti Alto K10,Maruti,2012,42262,Petrol,Manual,12577,142000.0,14,Noida
Maruti Wagon R 1.0,Maruti,2018,116676,Petrol,Manual,5005,225000.0,8,Noida
Honda Amaze,Honda,2015,134112,Petrol,Manual,6662,252999.99999999997,11,Noida
Mahindra TUV300,Mahindra,2017,103595,Diesel,Manual,38560,434000.0,9,Noida
Maruti Wagon R 1.0,Maruti,2016,103604,Petrol,Auto,6117,275000.0,10,Noida
Hyundai i10,Hyundai,2012,57677,Petrol,Manual,8885,100000.0,14,Noida
Honda Amaze,Honda,2013,132820,Petrol,Manual,9132,194000.0,13,Noida
Hyundai i10,Hyundai,2014,82795,Petrol,Manual,4916,148000.0,12,Noida
Maruti Swift,Maruti,2015,80792,Petrol,Manual,6162,234000.0,11,Noida
Maruti Wagon R 1.0,Maruti,2012,89163,Petrol,Manual,12172,137000.0,14,Noida
Mahindra XUV500,Mahindra,2016,131800,Diesel,Manual,12172,300000.0,10,Noida
Maruti Ertiga,Maruti,2018,91556,Petrol,Manual,6337,359000.0,8,Noida
Maruti Vitara Brezza,Maruti,2016,89719,Diesel,Manual,6337,367000.0,10,Noida
Maruti Wagon R 1.0,Maruti,2017,159865,Petrol,Manual,6184,278000.0,9,Noida
Honda Amaze,Honda,2014,90073,Petrol,Manual,8104,244000.0,12,Noida
Maruti Swift,Maruti,2021,37755,Petrol,Manual,8385,475000.0,5,Noida
Maruti Swift Dzire,Maruti,2012,104184,Petrol,Manual,13061,147000.0,14,Noida
Honda Amaze,Honda,2014,61471,Petrol,Manual,8636,260000.0,12,Noida
Hyundai Grand i10,Hyundai,2014,81664,Petrol,Manual,8104,244000.0,12,Noida
Maruti Alto 800,Maruti,2017,85400,Petrol,Manual,3910,200000.0,9,Noida
Maruti Wagon R 1.0,Maruti,2013,62013,Petrol,Manual,6355,135000.0,13,Noida
Maruti Alto K10,Maruti,2019,45928,Petrol,Manual,4184,237000.0,7,Noida
Hyundai i20,Hyundai,2012,73865,Petrol,Manual,10306,115999.99999999999,14,Noida
Honda Jazz,Honda,2015,99459,Petrol,Manual,5741,218000.00000000003,11,Noida
Toyota Etios,Toyota,2012,150000,Petrol,Manual,9773,110000.00000000001,14,Noida
Hyundai Grand i10,Hyundai,2013,29493,Petrol,Manual,7579,161000.0,13,Noida
Hyundai Elite i20,Hyundai,2014,76942,Petrol,Manual,10296,310000.0,12,Noida
Tata TIGOR,Tata,2018,91967,Diesel,Manual,19065,405000.0,8,Noida
Maruti Wagon R 1.0,Maruti,2016,57313,Petrol,Auto,6740,303000.0,10,Noida
Volkswagen Polo,Volkswagen,2012,68654,Petrol,Manual,11906,134000.0,14,Noida
Maruti Wagon R 1.0,Maruti,2013,146306,Petrol,Manual,6684,142000.0,13,Noida
Maruti Vitara Brezza,Maruti,2017,80943,Diesel,Manual,48689,548000.0,9,Noida
KIA CARENS,KIA,2024,2741,Petrol,Manual,18253,1066000.0,2,Noida
Hyundai i10,Hyundai,2014,65181,Petrol,Manual,6244,188000.0,12,Noida
Maruti Alto 800,Maruti,2014,70840,Petrol,Manual,4716,142000.0,12,Noida
Datsun Redi Go,Datsun,2017,15553,Petrol,Manual,3128,160000.0,9,Noida
Maruti Swift,Maruti,2013,99248,Petrol,Manual,8473,180000.0,13,Noida
Honda City,Honda,2010,112253,Petrol,Auto,8473,80000.0,16,Noida
Maruti Wagon R 1.0,Maruti,2012,118473,Petrol,Manual,9109,103000.0,14,Noida
Hyundai Grand i10,Hyundai,2015,83601,Petrol,Manual,7373,280000.0,11,Noida
Hyundai Grand i10,Hyundai,2014,78580,Petrol,Manual,8370,252000.0,12,Noida
Renault Kwid,Renault,2018,72011,Petrol,Manual,3389,192000.0,8,Noida
Hyundai i20,Hyundai,2013,91353,Petrol,Manual,7061,150000.0,13,Noida
Hyundai i10,Hyundai,2012,58795,Petrol,Manual,13505,152000.0,14,Noida
Hyundai Grand i10,Hyundai,2014,104056,Petrol,Manual,7938,239000.0,12,Noida
Maruti Swift,Maruti,2014,83390,Petrol,Manual,6776,204000.0,12,Noida
Tata Harrier,Tata,2019,126452,Diesel,Manual,21888,659000.0,7,Noida
Hyundai Xcent,Hyundai,2014,198026,Petrol,Manual,5414,163000.0,12,Noida
Maruti Ciaz,Maruti,2015,96815,Petrol,Auto,8295,315000.0,11,Noida
Hyundai Grand i10,Hyundai,2015,94009,Petrol,Manual,6583,250000.0,11,Noida
Hyundai Eon,Hyundai,2016,156202,Petrol,Manual,3633,163000.0,10,Noida
Honda City,Honda,2013,95457,Petrol,Manual,9838,209000.0,13,Noida
Honda Amaze,Honda,2014,47834,Petrol,Manual,8104,244000.0,12,Noida
Maruti Swift,Maruti,2013,67790,Petrol,Manual,9509,202000.0,13,Noida
Maruti Wagon R 1.0,Maruti,2013,92549,Petrol,Manual,6826,145000.0,13,Noida
Ford Figo,Ford,2012,87278,Petrol,Manual,9862,111000.00000000001,14,Noida
Maruti Swift Dzire,Maruti,2013,51475,Petrol,Manual,13651,290000.0,13,Noida
Renault Kwid,Renault,2016,33224,Petrol,Manual,3737,168000.0,10,Noida
Ford Figo Aspire,Ford,2017,72871,Diesel,Manual,22479,252999.99999999997,9,Noida
Honda Brio,Honda,2012,48160,Petrol,Manual,11017,124000.0,14,Noida
Hyundai Verna,Hyundai,2013,146903,Petrol,Manual,9650,204999.99999999997,13,Noida
KIA SELTOS,KIA,2022,95031,Petrol,Manual,15564,909000.0,4,Noida
Datsun Redi Go,Datsun,2017,131423,Petrol,Manual,2870,129000.0,9,Noida
Renault TRIBER,Renault,2020,69932,Petrol,Manual,7591,430000.0,6,Noida
Honda Brio,Honda,2012,70310,Petrol,Manual,13416,151000.0,14,Noida
Maruti Swift,Maruti,2016,181492,Petrol,Manual,7163,322000.0,10,Noida
Honda Amaze,Honda,2013,169207,Petrol,Auto,8144,173000.0,13,Noida
Hyundai Grand i10,Hyundai,2014,59588,Petrol,Manual,5514,166000.0,12,Noida
Hyundai Verna,Hyundai,2011,45000,Petrol,Manual,5514,134000.0,15,Noida
Hyundai Grand i10,Hyundai,2014,139323,Petrol,Manual,8769,264000.0,12,Noida
Maruti Celerio,Maruti,2014,38766,Petrol,Manual,6576,198000.0,12,Noida
Maruti Wagon R 1.0,Maruti,2016,71016,Petrol,Manual,5561,250000.0,10,Noida
Hyundai i10,Hyundai,2016,42207,Petrol,Manual,4605,206999.99999999997,10,Noida
Maruti IGNIS,Maruti,2018,82301,Petrol,Auto,5631,319000.0,8,Noida
Honda ELEVATE,Honda,2024,23360,Petrol,Auto,23971,1400000.0,2,Noida
Tata NEXON,Tata,2019,80397,Petrol,Manual,8191,463999.99999999994,7,Noida
Honda Brio,Honda,2015,53875,Petrol,Manual,5530,210000.0,11,Noida
Maruti Alto 800,Maruti,2016,104200,Petrol,Manual,3337,150000.0,10,Noida
Mahindra TUV300,Mahindra,2016,125936,Diesel,Manual,3337,381000.0,10,Noida
Honda City,Honda,2014,175647,Diesel,Manual,11674,248000.0,12,Noida
KIA SELTOS,KIA,2022,72871,Petrol,Manual,15564,909000.0,4,Noida
Maruti Alto 800,Maruti,2014,117032,Petrol,Manual,3786,113999.99999999999,12,Noida
Maruti Swift,Maruti,2016,95522,Petrol,Manual,6429,289000.0,10,Noida
Tata NEXON,Tata,2018,152908,Diesel,Manual,23443,498000.00000000006,8,Noida
Hyundai i10,Hyundai,2011,60985,Petrol,Manual,23443,68000.0,15,Noida
Nissan Micra,Nissan,2015,13098,Petrol,Manual,3502,133000.0,11,Noida
Hyundai Eon,Hyundai,2015,81412,Petrol,Manual,4635,176000.0,11,Noida
Honda Amaze,Honda,2017,69567,Petrol,Manual,5474,280000.0,9,Noida
Maruti Alto 800,Maruti,2017,72862,Petrol,Manual,3324,170000.0,9,Noida
Honda Amaze,Honda,2015,85987,Petrol,Manual,7110,270000.0,11,Noida
Maruti Swift,Maruti,2016,97832,Petrol,Manual,7252,326000.0,10,Noida
Honda Amaze,Honda,2013,83916,Petrol,Manual,7061,150000.0,13,Noida
Maruti Ertiga,Maruti,2018,209868,Diesel,Manual,27303,580000.0,8,Noida
Toyota Etios,Toyota,2011,69073,Petrol,Manual,27303,130000.0,15,Noida
Maruti Swift,Maruti,2012,69955,Petrol,Manual,15549,175000.0,14,Noida
Maruti Celerio,Maruti,2015,70067,Petrol,Manual,5951,225999.99999999997,11,Noida
Maruti Wagon R 1.0,Maruti,2015,49910,Petrol,Manual,5477,208000.0,11,Noida
Hyundai i10,Hyundai,2014,51773,Petrol,Manual,5049,152000.0,12,Noida
Maruti Celerio,Maruti,2018,90234,Petrol,Manual,4448,252000.0,8,Noida
Honda Amaze,Honda,2015,51842,Petrol,Manual,6768,256999.99999999997,11,Noida
Maruti Swift Dzire,Maruti,2012,187000,Petrol,Manual,10751,121000.0,14,Noida
Honda Brio,Honda,2012,68809,Petrol,Manual,9329,105000.0,14,Noida
KIA SELTOS,KIA,2019,66315,Petrol,Manual,13921,813000.0000000001,7,Noida
Maruti Swift,Maruti,2017,71103,Petrol,Manual,6706,343000.0,9,Noida
Mahindra KUV 100 NXT,Mahindra,2017,60225,Petrol,Manual,4868,249000.00000000003,9,Noida
Maruti Swift Dzire,Maruti,2014,61293,Petrol,Manual,6145,185000.0,12,Noida
Hyundai Grand i10,Hyundai,2014,79463,Petrol,Manual,7839,236000.0,12,Noida
Maruti Swift Dzire,Maruti,2012,214412,Petrol,Manual,16437,185000.0,14,Noida
Maruti Baleno,Maruti,2016,95862,Petrol,Manual,8564,385000.0,10,Noida
Maruti Swift,Maruti,2019,66450,Petrol,Auto,6902,391000.0,7,Noida
Maruti Ciaz,Maruti,2015,75691,Petrol,Manual,8163,310000.0,11,Noida
Tata NEXON,Tata,2019,55842,Petrol,Manual,8968,508000.0,7,Noida
Mahindra TUV300,Mahindra,2016,175110,Diesel,Manual,8968,270000.0,10,Noida
Maruti Swift,Maruti,2012,106497,Petrol,Manual,15993,180000.0,14,Noida
Audi A6,Audi,2011,90405,Petrol,Auto,15993,597000.0,15,Noida
Maruti Ciaz,Maruti,2020,89774,Petrol,Manual,9285,526000.0,6,Noida
Hyundai i20,Hyundai,2013,65581,Petrol,Manual,9179,195000.0,13,Noida
Mahindra TUV300,Mahindra,2017,57775,Diesel,Manual,42292,476000.0,9,Noida
Mahindra MARAZZO,Mahindra,2019,60157,Diesel,Manual,14116,425000.0,7,Noida
Maruti Swift,Maruti,2016,73578,Petrol,Manual,6451,290000.0,10,Noida
Nissan MAGNITE,Nissan,2021,43415,Petrol,Manual,6532,370000.0,5,Noida
Tata NEXON,Tata,2022,30593,Petrol,Manual,13381,758000.0,4,Noida
Honda Amaze,Honda,2015,145477,Petrol,Auto,6109,231999.99999999997,11,Noida
Hyundai i10,Hyundai,2014,33490,Petrol,Manual,5846,176000.0,12,Noida
Maruti Wagon R 1.0,Maruti,2016,43051,Petrol,Auto,5895,265000.0,10,Noida
Maruti Celerio,Maruti,2015,68350,Petrol,Auto,6531,248000.0,11,Noida
Maruti Swift Dzire,Maruti,2015,153124,Diesel,Manual,6531,300000.0,11,Noida
Hyundai i10,Hyundai,2012,105570,Petrol,Manual,8618,97000.0,14,Noida
Renault Kwid,Renault,2017,68253,Petrol,Manual,2991,153000.0,9,Noida
Maruti Wagon R 1.0,Maruti,2014,69672,Petrol,Manual,6012,181000.0,12,Noida
Hyundai Grand i10,Hyundai,2014,88318,Petrol,Manual,5613,169000.0,12,Noida
Hyundai i10,Hyundai,2014,87069,Petrol,Manual,4650,140000.0,12,Noida
Hyundai i10,Hyundai,2013,80763,Petrol,Manual,4990,106000.0,13,Noida
Maruti Vitara Brezza,Maruti,2016,84258,Diesel,Manual,4990,442000.0,10,Noida
Hyundai i10,Hyundai,2014,70543,Petrol,Manual,5314,160000.0,12,Noida
Maruti Baleno,Maruti,2018,36141,Petrol,Auto,7326,415000.00000000006,8,Noida
Nissan MAGNITE,Nissan,2021,20801,Petrol,Auto,8826,500000.0,5,Noida
Hyundai i10,Hyundai,2015,111660,Petrol,Manual,3924,149000.0,11,Noida
Tata ALTROZ,Tata,2020,57967,Petrol,Manual,6938,393000.0,6,Noida
Volkswagen Polo,Volkswagen,2021,81351,Petrol,Auto,11474,650000.0,5,Noida
Maruti Alto 800,Maruti,2014,76171,Petrol,Manual,4085,123000.0,12,Noida
Hyundai i20,Hyundai,2014,76989,Petrol,Manual,7407,223000.0,12,Noida
Maruti Alto 800,Maruti,2013,29916,Petrol,Manual,5696,121000.0,13,Noida
Maruti Swift Dzire,Maruti,2015,58250,Petrol,Manual,9665,367000.0,11,Noida
Maruti Swift,Maruti,2015,93240,Petrol,Manual,7242,275000.0,11,Noida
Maruti Swift,Maruti,2016,26695,Petrol,Manual,7519,338000.0,10,Noida
Maruti Celerio,Maruti,2017,66698,Petrol,Manual,4125,211000.0,9,Noida
Hyundai i10,Hyundai,2013,66971,Petrol,Manual,7767,165000.0,13,Noida
Honda Amaze,Honda,2019,108000,Diesel,Manual,11525,347000.0,7,Noida
Maruti Wagon R 1.0,Maruti,2014,183042,Petrol,Manual,4351,131000.0,12,Noida
Maruti Alto 800,Maruti,2013,120686,Petrol,Manual,7296,155000.0,13,Noida
Honda Brio,Honda,2014,45016,Petrol,Manual,5680,171000.0,12,Noida
Hyundai i20,Hyundai,2012,79116,Petrol,Manual,12172,137000.0,14,Noida
Mahindra Kuv100,Mahindra,2016,38498,Petrol,Manual,3915,176000.0,10,Noida
Maruti Wagon R 1.0,Maruti,2016,34000,Petrol,Manual,5405,243000.00000000003,10,Noida
Tata Tiago,Tata,2018,132885,Diesel,Manual,9038,192000.0,8,Noida
Hyundai Grand i10,Hyundai,2014,75134,Petrol,Manual,6311,190000.0,12,Noida
Maruti Vitara Brezza,Maruti,2016,48648,Diesel,Manual,6311,549000.0,10,Noida
Maruti Eeco,Maruti,2016,76873,Petrol,Manual,4471,200999.99999999997,10,Noida
Renault Kwid,Renault,2017,27570,Petrol,Manual,3910,200000.0,9,Noida
Maruti Swift Dzire,Maruti,2012,53336,Petrol,Manual,14305,161000.0,14,Noida
Mitsubishi Outlander,Mitsubishi,2011,91511,Petrol,Auto,14305,200000.0,15,Noida
Honda Amaze,Honda,2014,75378,Petrol,Manual,7307,220000.00000000003,12,Noida
Maruti Alto 800,Maruti,2013,149455,Petrol,Manual,5461,115999.99999999999,13,Noida
Maruti Wagon R 1.0,Maruti,2018,25268,Petrol,Manual,4572,259000.0,8,Noida
MG HECTOR PLUS,MG,2020,61419,Diesel,Manual,33315,1289000.0,6,Noida
Mahindra Kuv100,Mahindra,2016,66658,Petrol,Manual,4671,210000.0,10,Noida
Hyundai Elite i20,Hyundai,2019,86733,Petrol,Manual,6620,375000.0,7,Noida
Mahindra KUV 100 NXT,Mahindra,2017,39508,Diesel,Manual,23012,259000.0,9,Noida
Hyundai Eon,Hyundai,2012,111892,Petrol,Manual,6841,77000.0,14,Noida
Jeep Compass,Jeep,2017,100710,Petrol,Auto,17618,792000.0,9,Noida
Hyundai VENUE,Hyundai,2025,720,Diesel,Manual,17807,1040000.0,1,Noida
Honda Amaze,Honda,2015,75723,Petrol,Manual,9217,350000.0,11,Noida
Maruti Celerio,Maruti,2014,94603,Petrol,Manual,5082,153000.0,12,Noida
Mahindra SCORPIO-N,Mahindra,2023,81604,Diesel,Manual,19725,1152000.0,3,Noida
Maruti Wagon R 1.0,Maruti,2017,81024,Petrol,Manual,4966,254000.0,9,Noida
Renault Duster,Renault,2016,52791,Diesel,Manual,4966,227000.0,10,Noida
Datsun Go,Datsun,2019,13967,Petrol,Manual,4060,229999.99999999997,7,Noida
Renault Kwid,Renault,2017,59314,Petrol,Manual,2972,152000.0,9,Noida
Hyundai Elite i20,Hyundai,2015,183251,Petrol,Manual,6452,245000.00000000003,11,Noida
Tata NEXON,Tata,2017,83978,Diesel,Manual,21146,238000.0,9,Noida
Tata Tiago,Tata,2016,128143,Diesel,Manual,21146,194000.0,10,Noida
Hyundai Verna,Hyundai,2018,98916,Diesel,Manual,24996,531000.0,8,Noida
Maruti Swift,Maruti,2017,37860,Petrol,Manual,7801,399000.0,9,Noida
Honda Amaze,Honda,2015,106862,Petrol,Manual,6820,259000.0,11,Noida
Mahindra Kuv100,Mahindra,2017,20346,Petrol,Manual,5005,256000.0,9,Noida
Renault Duster,Renault,2013,143327,Petrol,Manual,9556,202999.99999999997,13,Noida
Volkswagen Polo,Volkswagen,2011,93343,Petrol,Manual,9556,97000.0,15,Noida
Maruti Alto 800,Maruti,2013,62253,Petrol,Manual,6449,137000.0,13,Noida
Nissan Sunny,Nissan,2012,69439,Petrol,Manual,7730,87000.0,14,Noida
Maruti Swift,Maruti,2016,206505,Petrol,Manual,5361,241000.0,10,Noida
Maruti Swift,Maruti,2016,28658,Petrol,Manual,4983,224000.00000000003,10,Noida
Hyundai i10,Hyundai,2012,126142,Petrol,Manual,9773,110000.00000000001,14,Noida
Maruti Wagon R 1.0,Maruti,2014,103313,Petrol,Manual,7407,223000.0,12,Noida
Toyota Etios,Toyota,2011,116259,Petrol,Manual,7407,122000.0,15,Noida
Tata Zest,Tata,2014,136654,Petrol,Manual,4916,148000.0,12,Noida
Honda Amaze,Honda,2015,86399,Petrol,Manual,6689,254000.0,11,Noida
Chevrolet Beat,Chevrolet,2015,54254,Petrol,Manual,3608,137000.0,11,Noida
Maruti Wagon R 1.0,Maruti,2015,26243,Petrol,Manual,5214,198000.0,11,Noida
Maruti S PRESSO,Maruti,2021,40845,Petrol,Manual,4643,263000.0,5,Noida
Tata PUNCH,Tata,2023,6203,Petrol,Manual,8279,469000.00000000006,3,Noida
Toyota Etios Liva,Toyota,2015,94779,Petrol,Manual,5135,195000.0,11,Noida
Toyota Etios,Toyota,2011,95384,Petrol,Manual,5135,143000.0,15,Noida
Hyundai Elite i20,Hyundai,2019,61254,Petrol,Manual,7026,398000.0,7,Noida
Maruti Wagon R 1.0,Maruti,2016,53962,Petrol,Manual,6117,275000.0,10,Noida
Nissan Sunny,Nissan,2012,134279,Petrol,Manual,8441,95000.0,14,Noida
Honda Amaze,Honda,2019,64090,Petrol,Manual,7061,400000.0,7,Noida
Maruti Swift Dzire,Maruti,2016,183000,Petrol,Manual,5850,263000.0,10,Noida
Maruti Dzire,Maruti,2017,80972,Diesel,Auto,26743,301000.0,9,Noida
Maruti Wagon R 1.0,Maruti,2011,199727,Petrol,Manual,26743,84000.0,15,Noida
Tata PUNCH,Tata,2022,38509,Petrol,Manual,9074,513999.99999999994,4,Noida
Hyundai i10,Hyundai,2012,41307,Petrol,Manual,11106,125000.0,14,Noida
Hyundai i10,Hyundai,2013,23214,Petrol,Manual,6355,135000.0,13,Noida
Maruti Swift Dzire,Maruti,2017,160051,Petrol,Manual,5428,244000.0,9,Noida
Hyundai i10,Hyundai,2013,49450,Petrol,Manual,5884,125000.0,13,Noida
Mahindra Kuv100,Mahindra,2016,58762,Petrol,Manual,3960,178000.0,10,Noida
Nissan Terrano,Nissan,2014,133055,Petrol,Manual,6444,194000.0,12,Noida
Volkswagen Polo,Volkswagen,2021,111516,Petrol,Manual,11634,523000.00000000006,5,Noida
Ford FREESTYLE,Ford,2019,37666,Petrol,Manual,7344,416000.0,7,Noida
Hyundai Xcent,Hyundai,2015,92147,Petrol,Manual,7637,290000.0,11,Noida
Maruti Swift,Maruti,2017,125099,Petrol,Manual,7207,324000.0,9,Noida
Honda City,Honda,2011,147349,Petrol,Manual,7207,100000.0,15,Noida
Ford Figo,Ford,2014,110351,Petrol,Manual,4617,139000.0,12,Noida
Renault Kwid,Renault,2017,71661,Petrol,Manual,2854,146000.0,9,Noida
Datsun Redi Go,Datsun,2017,79204,Petrol,Manual,2522,129000.0,9,Noida
Honda Brio,Honda,2012,42119,Petrol,Manual,11550,130000.0,14,Noida
Tata NEXON,Tata,2021,47166,Petrol,Manual,10592,600000.0,5,Noida
Hyundai i10,Hyundai,2014,30004,Petrol,Manual,4550,137000.0,12,Noida
Mahindra XUV500,Mahindra,2017,104500,Diesel,Auto,36517,411000.00000000006,9,Noida
Maruti Ertiga,Maruti,2016,132604,Petrol,Manual,9921,446000.0,10,Noida
Maruti Vitara Brezza,Maruti,2016,106725,Diesel,Manual,9921,501000.0,10,Noida
Maruti Ertiga,Maruti,2019,87913,Petrol,Manual,10592,600000.0,7,Noida
Ford Figo Aspire,Ford,2017,97662,Diesel,Manual,25500,287000.0,9,Noida
Maruti Swift,Maruti,2017,167564,Diesel,Manual,26122,294000.0,9,Noida
Honda Amaze,Honda,2017,119048,Petrol,Manual,5784,260000.0,9,Noida
Maruti Swift,Maruti,2016,87229,Petrol,Manual,7407,333000.0,10,Noida
Hyundai Grand i10,Hyundai,2015,80388,Petrol,Manual,5214,198000.0,11,Noida
Hyundai Verna,Hyundai,2012,79962,Petrol,Manual,12350,139000.0,14,Noida
Maruti Wagon R 1.0,Maruti,2017,144750,Petrol,Manual,4449,200000.0,9,Noida
Hyundai i20,Hyundai,2013,47627,Petrol,Manual,9650,204999.99999999997,13,Noida
Hyundai i20,Hyundai,2013,93886,Petrol,Manual,10497,223000.0,13,Noida
Volkswagen Vento,Volkswagen,2013,170093,Diesel,Manual,12972,146000.0,13,Noida
Maruti Swift Dzire,Maruti,2014,16655,Petrol,Manual,9300,280000.0,12,Noida
Maruti New Wagon-R,Maruti,2019,134567,Petrol,Manual,6651,299000.0,7,Noida
Hyundai i10,Hyundai,2012,111665,Petrol,Manual,7819,88000.0,14,Noida
Hyundai Grand i10,Hyundai,2014,59564,Petrol,Auto,6444,194000.0,12,Noida
Honda Amaze,Honda,2015,85000,Petrol,Manual,5267,200000.0,11,Noida
Hyundai Eon,Hyundai,2018,72424,Petrol,Manual,3319,188000.0,8,Noida
Hyundai Grand i10,Hyundai,2014,136922,Petrol,Manual,5281,159000.0,12,Noida
Honda Brio,Honda,2013,81856,Petrol,Manual,6402,136000.0,13,Noida
Volkswagen Polo,Volkswagen,2013,94133,Petrol,Manual,8850,188000.0,13,Noida
Maruti Wagon R 1.0,Maruti,2012,51577,Petrol,Manual,11106,125000.0,14,Noida
Maruti Wagon R 1.0,Maruti,2013,99746,Petrol,Manual,5837,124000.0,13,Noida
Maruti Wagon R 1.0,Maruti,2017,61146,Petrol,Manual,5924,303000.0,9,Noida
Tata Indica EV2,Tata,2015,135977,Petrol,Manual,2212,84000.0,11,Noida
Mahindra Kuv100,Mahindra,2016,54372,Diesel,Manual,2212,180000.0,10,Noida
Honda City,Honda,2011,208036,Petrol,Manual,2212,100000.0,15,Noida
Maruti Wagon R 1.0,Maruti,2012,27630,Petrol,Manual,11461,129000.0,14,Noida
Tata TIGOR EV,Tata,2021,180215,Electric,Auto,6673,300000.0,5,Noida
Maruti Eeco,Maruti,2025,3988,Petrol,Manual,11157,632000.0,1,Noida
Honda WR-V,Honda,2017,83832,Diesel,Manual,27543,310000.0,9,Noida
Maruti IGNIS,Maruti,2017,70233,Petrol,Auto,5963,305000.0,9,Noida
Maruti Ertiga,Maruti,2017,64251,Diesel,Manual,50733,571000.0,9,Noida
Hyundai i10,Hyundai,2013,47020,Petrol,Manual,7908,168000.0,13,Noida
Hyundai AURA,Hyundai,2021,95288,Petrol,Manual,7944,450000.0,5,Noida
Maruti Swift,Maruti,2016,95425,Petrol,Manual,7252,326000.0,10,Noida
Maruti Swift Dzire,Maruti,2012,202535,Petrol,Manual,13949,157000.0,14,Noida
Maruti Wagon R 1.0,Maruti,2015,136254,Petrol,Manual,4345,165000.0,11,Noida
Maruti Wagon R 1.0,Maruti,2018,51132,Petrol,Manual,5772,327000.0,8,Noida
Hyundai i20,Hyundai,2011,85871,Petrol,Manual,5772,152000.0,15,Noida
Hyundai i10,Hyundai,2011,119096,Petrol,Manual,5772,91000.0,15,Noida
Maruti Ciaz,Maruti,2015,84421,Petrol,Manual,8479,322000.0,11,Noida
Hyundai i10,Hyundai,2015,87628,Petrol,Manual,5267,200000.0,11,Noida
Maruti Vitara Brezza,Maruti,2017,126955,Diesel,Manual,39627,446000.0,9,Noida
Hyundai Verna,Hyundai,2014,87047,Petrol,Manual,9134,275000.0,12,Noida
Maruti Ciaz,Maruti,2015,69552,Petrol,Manual,9059,344000.0,11,Noida
Tata PUNCH,Tata,2023,28002,Petrol,Manual,8050,455999.99999999994,3,Noida
Maruti Wagon R 1.0,Maruti,2016,79500,Petrol,Manual,4671,210000.0,10,Noida
Maruti Swift,Maruti,2018,49086,Petrol,Manual,7061,400000.0,8,Noida
Maruti Swift,Maruti,2012,78353,Petrol,Manual,16348,184000.0,14,Noida
Maruti Ciaz,Maruti,2016,86639,Diesel,Manual,16348,290000.0,10,Noida
Maruti Baleno,Maruti,2016,106697,Petrol,Manual,7919,356000.0,10,Noida
Maruti Baleno,Maruti,2017,60826,Petrol,Manual,7449,381000.0,9,Noida
Hyundai Eon,Hyundai,2015,78598,Petrol,Manual,3818,145000.0,11,Noida
Volkswagen Polo,Volkswagen,2012,86563,Petrol,Manual,11284,127000.0,14,Noida
Ford Figo,Ford,2011,153978,Petrol,Manual,11284,71000.0,15,Noida
Tata NEXON,Tata,2018,44018,Petrol,Manual,7926,449000.0,8,Noida
Ford Ecosport,Ford,2017,86058,Petrol,Manual,7761,397000.0,9,Noida
Maruti Swift,Maruti,2017,99772,Petrol,Manual,6061,310000.0,9,Noida
Maruti Ciaz,Maruti,2018,80448,Petrol,Manual,6408,363000.0,8,Noida
Tata Tiago,Tata,2017,40101,Petrol,Manual,6217,318000.0,9,Noida
Maruti Wagon R 1.0,Maruti,2017,55534,Petrol,Auto,4907,250999.99999999997,9,Noida
Hyundai i10,Hyundai,2011,83457,Petrol,Manual,4907,87000.0,15,Noida
Hyundai i20,Hyundai,2013,87484,Petrol,Manual,9415,200000.0,13,Noida
Mahindra XUV500,Mahindra,2018,109541,Diesel,Manual,30598,650000.0,8,Noida
Nissan Terrano,Nissan,2014,100003,Petrol,Manual,7241,218000.00000000003,12,Noida
Hyundai Santro Xing,Hyundai,2011,60418,Petrol,Manual,7241,85000.0,15,Noida
Maruti Wagon R 1.0,Maruti,2016,80836,Petrol,Manual,4115,185000.0,10,Noida
Hyundai Santro Xing,Hyundai,2013,101404,Petrol,Manual,4190,89000.0,13,Noida
Maruti Wagon R 1.0,Maruti,2013,53405,Petrol,Manual,6826,145000.0,13,Noida
Hyundai i10,Hyundai,2012,66969,Petrol,Manual,8618,97000.0,14,Noida
Hyundai Grand i10,Hyundai,2013,190494,Petrol,Manual,6826,145000.0,13,Noida
Mahindra Scorpio,Mahindra,2019,120778,Diesel,Manual,27402,836999.9999999999,7,Noida
Maruti Wagon R 1.0,Maruti,2015,118244,Petrol,Manual,4161,158000.0,11,Noida
Hyundai i10,Hyundai,2011,89644,Petrol,Manual,4161,125000.0,15,Noida
Hyundai i20,Hyundai,2012,18696,Petrol,Manual,12172,137000.0,14,Noida
Maruti Ritz,Maruti,2010,12345,Petrol,Manual,12172,65000.0,16,Noida
Maruti Wagon R 1.0,Maruti,2016,69724,Petrol,Manual,4894,220000.00000000003,10,Noida
Hyundai i10,Hyundai,2011,111436,Petrol,Manual,4894,113999.99999999999,15,Noida
Honda City,Honda,2016,91456,Petrol,Manual,8342,375000.0,10,Noida
Maruti Swift Dzire,Maruti,2013,71930,Petrol,Manual,8238,175000.0,13,Noida
Hyundai Verna,Hyundai,2013,98897,Petrol,Manual,10921,231999.99999999997,13,Noida
Toyota Etios,Toyota,2011,63001,Petrol,Manual,10921,109000.00000000001,15,Noida
Maruti Wagon R 1.0,Maruti,2017,74139,Petrol,Manual,4712,241000.0,9,Noida
Maruti Swift Dzire,Maruti,2011,71352,Petrol,Manual,4712,105000.0,15,Noida
Hyundai Grand i10,Hyundai,2015,179162,Diesel,Manual,4982,150000.0,11,Noida
Maruti Wagon R 1.0,Maruti,2016,38296,Petrol,Manual,5005,225000.0,10,Noida
Hyundai NEW I20,Hyundai,2024,4708,Petrol,Manual,11086,628000.0,2,Noida
Maruti Alto,Maruti,2012,62051,Petrol,Manual,11461,129000.0,14,Noida
Maruti Swift,Maruti,2016,61705,Petrol,Manual,8742,393000.0,10,Noida
Maruti Baleno,Maruti,2016,141650,Petrol,Manual,7452,335000.0,10,Noida
Maruti Wagon R 1.0,Maruti,2017,104143,Petrol,Manual,3960,178000.0,9,Noida
Hyundai Elite i20,Hyundai,2014,63702,Petrol,Manual,10164,306000.0,12,Noida
Tata Tiago,Tata,2018,93764,Petrol,Manual,5066,287000.0,8,Noida
Renault Kwid,Renault,2020,18558,Petrol,Manual,4925,279000.0,6,Noida
Renault Kwid,Renault,2019,64862,Petrol,Manual,3531,200000.0,7,Noida
Maruti Baleno,Maruti,2017,40664,Petrol,Manual,7429,380000.0,9,Noida
Tata NEXON,Tata,2018,21490,Diesel,Manual,26408,561000.0,8,Noida
Maruti Swift Dzire,Maruti,2017,221199,Diesel,Manual,22656,254999.99999999997,9,Noida
Hyundai Elite i20,Hyundai,2018,41529,Petrol,Manual,6020,341000.0,8,Noida
Toyota Etios,Toyota,2011,200000,Petrol,Manual,6020,145000.0,15,Noida
Mahindra TUV300,Mahindra,2017,22840,Diesel,Manual,44247,498000.00000000006,9,Noida
Volkswagen Polo,Volkswagen,2018,48855,Petrol,Auto,7979,451999.99999999994,8,Noida
KIA CARENS,KIA,2023,73660,Petrol,Manual,14058,821000.0000000001,3,Noida
Hyundai i10,Hyundai,2011,64670,Petrol,Manual,14058,85000.0,15,Noida
Maruti Swift,Maruti,2014,56756,Petrol,Manual,7008,211000.0,12,Noida
Honda Amaze,Honda,2015,111536,Petrol,Manual,5925,225000.0,11,Noida
Mahindra TUV300,Mahindra,2017,89440,Diesel,Manual,31097,350000.0,9,Noida
Hyundai Santro Xing,Hyundai,2011,90078,Petrol,Manual,31097,84000.0,15,Noida
Maruti Wagon R 1.0,Maruti,2018,169660,Petrol,Manual,6451,290000.0,8,Noida
Nissan MAGNITE,Nissan,2021,39541,Petrol,Manual,6690,379000.0,5,Noida
Hyundai i20,Hyundai,2011,53039,Petrol,Manual,6690,114999.99999999999,15,Noida
Maruti S PRESSO,Maruti,2021,45456,Petrol,Auto,5313,301000.0,5,Noida
Maruti Wagon R 1.0,Maruti,2011,64176,Petrol,Manual,5313,103000.0,15,Noida
Hyundai Verna,Hyundai,2014,158130,Petrol,Manual,8304,250000.0,12,Noida
Toyota Etios,Toyota,2013,61348,Petrol,Manual,10686,227000.0,13,Noida
Toyota Etios Liva,Toyota,2014,45523,Petrol,Manual,6842,206000.0,12,Noida
Volkswagen Polo,Volkswagen,2018,74450,Petrol,Manual,6690,379000.0,8,Noida
Honda Amaze,Honda,2015,43008,Diesel,Manual,6690,200000.0,11,Noida
Maruti Ertiga,Maruti,2024,47720,Petrol,Manual,16078,939000.0,2,Noida
Hyundai i20,Hyundai,2013,71076,Petrol,Manual,11392,242000.0,13,Noida
Maruti Vitara Brezza,Maruti,2016,95182,Diesel,Manual,11392,345000.0,10,Noida
Volkswagen Vento,Volkswagen,2013,76525,Petrol,Manual,8850,188000.0,13,Noida
Maruti Dzire,Maruti,2017,123685,Petrol,Manual,8787,395000.0,9,Noida
Maruti Alto 800,Maruti,2018,160417,Petrol,Manual,4449,200000.0,8,Noida
Honda Amaze,Honda,2016,54620,Petrol,Manual,5583,250999.99999999997,10,Noida
KIA SONET,KIA,2024,5255,Petrol,Auto,20187,1179000.0,2,Noida
Maruti New Wagon-R,Maruti,2020,65521,Petrol,Manual,5472,310000.0,6,Noida
Hyundai i10,Hyundai,2011,62373,Petrol,Manual,5472,97000.0,15,Noida
Renault Kwid,Renault,2018,84680,Petrol,Auto,3972,225000.0,8,Noida
Maruti Wagon R 1.0,Maruti,2015,57548,Petrol,Manual,4766,181000.0,11,Noida
Maruti Alto K10,Maruti,2012,81780,Petrol,Manual,9151,103000.0,14,Noida
Honda Amaze,Honda,2018,174519,Diesel,Manual,15205,323000.0,8,Noida
Maruti Swift Dzire,Maruti,2014,50115,Petrol,Manual,6809,204999.99999999997,12,Noida
Hyundai i10,Hyundai,2012,31572,Petrol,Manual,9951,112000.00000000001,14,Noida
Maruti Wagon R 1.0,Maruti,2016,142670,Petrol,Manual,4137,186000.0,10,Noida
Tata PUNCH,Tata,2023,45673,Petrol,Manual,10627,602000.0,3,Noida
Maruti Wagon R 1.0,Maruti,2011,115145,Petrol,Manual,10627,94000.0,15,Noida
Tata PUNCH,Tata,2022,120299,Petrol,Manual,11467,515000.00000000006,4,Noida
Maruti Ciaz,Maruti,2016,142608,Diesel,Manual,11467,249000.00000000003,10,Noida
Maruti Wagon R 1.0,Maruti,2012,145041,Petrol,Manual,6219,70000.0,14,Noida
Maruti Swift Dzire,Maruti,2011,72740,Petrol,Manual,6219,113999.99999999999,15,Noida
Maruti Wagon R 1.0,Maruti,2015,73835,Petrol,Manual,5425,206000.0,11,Noida
Toyota Etios,Toyota,2014,105611,Petrol,Manual,9034,272000.0,12,Noida
Honda Amaze,Honda,2016,91437,Petrol,Manual,6340,285000.0,10,Noida
Maruti Swift Dzire,Maruti,2015,94310,Petrol,Manual,7110,270000.0,11,Noida
Maruti Ciaz,Maruti,2015,70747,Petrol,Manual,7821,297000.0,11,Noida
Maruti Wagon R 1.0,Maruti,2012,125971,Petrol,Manual,11639,131000.0,14,Noida
Maruti Wagon R 1.0,Maruti,2018,136985,Petrol,Manual,6607,297000.0,8,Noida
Honda Brio,Honda,2014,85864,Petrol,Manual,5480,165000.0,12,Noida
Maruti Wagon R 1.0,Maruti,2012,110707,Petrol,Manual,8885,100000.0,14,Noida
Maruti Wagon R 1.0,Maruti,2011,109440,Petrol,Manual,8885,97000.0,15,Noida
Maruti Baleno,Maruti,2018,59731,Petrol,Auto,6337,359000.0,8,Noida
Maruti Wagon R 1.0,Maruti,2013,88461,Petrol,Manual,7061,150000.0,13,Noida
Hyundai i10,Hyundai,2012,85949,Petrol,Manual,8352,94000.0,14,Noida
Maruti Celerio,Maruti,2015,57925,Petrol,Manual,6188,235000.0,11,Noida
Hyundai Grand i10,Hyundai,2014,43410,Petrol,Manual,6477,195000.0,12,Noida
Maruti Celerio,Maruti,2016,130185,Petrol,Manual,5061,227000.0,10,Noida
Maruti Vitara Brezza,Maruti,2017,209161,Diesel,Manual,46912,528000.0,9,Noida
Hyundai i10,Hyundai,2016,96313,Petrol,Manual,5005,225000.0,10,Noida
Hyundai i10,Hyundai,2011,97422,Petrol,Manual,5005,129000.0,15,Noida
Maruti Wagon R 1.0,Maruti,2013,90564,Petrol,Manual,6779,144000.0,13,Noida
Honda Amaze,Honda,2016,75823,Petrol,Manual,4827,217000.0,10,Noida
Maruti Swift Dzire,Maruti,2012,87300,Petrol,Manual,18925,213000.0,14,Noida
Tata Zest,Tata,2014,73554,Petrol,Manual,4617,139000.0,12,Noida
Maruti Vitara Brezza,Maruti,2021,62514,Petrol,Manual,9179,520000.0,5,Noida
KIA SONET,KIA,2025,9954,Petrol,Manual,13822,783000.0,1,Noida
Hyundai i10,Hyundai,2013,136697,Petrol,Manual,6355,135000.0,13,Noida
Maruti Swift,Maruti,2016,62509,Petrol,Manual,5672,254999.99999999997,10,Noida
Hyundai Grand i10,Hyundai,2015,101864,Petrol,Manual,4608,175000.0,11,Noida
Honda Jazz,Honda,2019,21989,Petrol,Auto,7838,444000.00000000006,7,Noida
Ford Ecosport,Ford,2017,175058,Diesel,Manual,30653,345000.0,9,Noida
Maruti Swift Dzire,Maruti,2015,79150,Petrol,Manual,9059,344000.0,11,Noida
Tata TIGOR,Tata,2021,69177,Petrol,Manual,7026,398000.0,5,Noida
Hyundai i10,Hyundai,2013,92506,Petrol,Manual,6167,131000.0,13,Noida
Hyundai i20,Hyundai,2011,109563,Petrol,Manual,6167,70000.0,15,Noida
Maruti Alto,Maruti,2022,21506,Petrol,Manual,5155,292000.0,4,Noida
Hyundai i10,Hyundai,2013,90822,Petrol,Manual,5743,122000.0,13,Noida
Maruti Ertiga,Maruti,2017,134927,Petrol,Manual,8453,380000.0,9,Noida
Hyundai Grand i10,Hyundai,2015,101373,Petrol,Manual,5530,210000.0,11,Noida
Tata Harrier,Tata,2019,146525,Diesel,Manual,21589,650000.0,7,Noida
KIA SELTOS,KIA,2024,23113,Petrol,Auto,21523,1257000.0,2,Noida
Ford Figo,Ford,2012,112106,Petrol,Manual,8352,94000.0,14,Noida
Maruti Celerio,Maruti,2014,138343,Petrol,Manual,5480,165000.0,12,Noida
Renault Kwid,Renault,2019,57005,Petrol,Manual,3425,194000.0,7,Noida
Skoda Octavia,Skoda,2015,106298,Petrol,Auto,10033,381000.0,11,Noida
Nissan Sunny,Nissan,2013,31590,Petrol,Manual,8379,178000.0,13,Noida
Hyundai i10,Hyundai,2013,69051,Petrol,Auto,9415,200000.0,13,Noida
Maruti Swift,Maruti,2012,65261,Petrol,Manual,19102,215000.0,14,Noida
Nissan Terrano,Nissan,2016,123839,Diesel,Manual,19102,259000.0,10,Noida
Hyundai i10,Hyundai,2011,92350,Petrol,Manual,19102,97000.0,15,Noida
Hyundai i10,Hyundai,2013,99900,Petrol,Manual,6167,131000.0,13,Noida
Maruti Wagon R 1.0,Maruti,2015,100040,Petrol,Manual,5109,194000.0,11,Noida
Hyundai Eon,Hyundai,2013,63196,Petrol,Manual,6167,131000.0,13,Noida
Tata Tiago,Tata,2019,38164,Petrol,Manual,5049,286000.0,7,Noida
Maruti Baleno,Maruti,2016,40914,Petrol,Manual,6673,300000.0,10,Noida
Maruti Wagon R 1.0,Maruti,2014,114982,Petrol,Manual,6178,186000.0,12,Noida
Maruti Swift,Maruti,2018,77881,Petrol,Auto,7079,401000.0,8,Noida
Maruti Celerio,Maruti,2018,50862,Petrol,Auto,4378,248000.0,8,Noida
Maruti Wagon R 1.0,Maruti,2013,189857,Petrol,Manual,5884,125000.0,13,Noida
Hyundai Santro Xing,Hyundai,2012,105957,Petrol,Manual,7463,84000.0,14,Noida
Hyundai Creta,Hyundai,2015,76707,Petrol,Manual,14326,544000.0,11,Noida
Hyundai Elite i20,Hyundai,2020,127206,Petrol,Manual,8453,380000.0,6,Noida
Toyota Etios,Toyota,2011,100001,Petrol,Manual,8453,138000.0,15,Noida
Ford Ecosport,Ford,2018,67754,Diesel,Manual,17794,378000.0,8,Noida
Hyundai Elite i20,Hyundai,2017,108053,Petrol,Manual,8319,374000.0,9,Noida
Maruti Celerio,Maruti,2017,31000,Petrol,Manual,4888,250000.0,9,Noida
Tata NEXON,Tata,2018,109008,Diesel,Auto,23254,494000.00000000006,8,Noida
Maruti Baleno,Maruti,2020,33657,Petrol,Manual,9144,518000.0,6,Noida
Hyundai Grand i10,Hyundai,2014,87029,Petrol,Manual,9466,285000.0,12,Noida
Hyundai Santro Xing,Hyundai,2011,75182,Petrol,Manual,9466,92000.0,15,Noida
Maruti Wagon R 1.0,Maruti,2011,104322,Petrol,Manual,9466,125000.0,15,Noida
Hyundai i10,Hyundai,2012,85408,Petrol,Auto,10306,115999.99999999999,14,Noida
Renault Kwid,Renault,2019,51683,Petrol,Manual,3248,184000.0,7,Noida
Datsun Redi Go,Datsun,2019,108179,Petrol,Manual,3337,150000.0,7,Noida
Maruti Baleno,Maruti,2023,15101,Petrol,Manual,9691,549000.0,3,Noida
Hyundai New Elantra,Hyundai,2019,46772,Petrol,Manual,14280,834000.0,7,Noida
Hyundai Grand i10,Hyundai,2016,88464,Petrol,Manual,5205,234000.0,10,Noida
Hyundai Santro Xing,Hyundai,2011,231724,Petrol,Manual,5205,79000.0,15,Noida
Maruti Baleno,Maruti,2018,31097,Petrol,Manual,7750,438999.99999999994,8,Noida
Hyundai i20,Hyundai,2012,38847,Petrol,Manual,16348,184000.0,14,Noida
Maruti Ritz,Maruti,2012,86174,Petrol,Manual,8529,96000.0,14,Noida
Hyundai i10,Hyundai,2012,116504,Petrol,Manual,9951,112000.00000000001,14,Noida
Hyundai Grand i10,Hyundai,2017,53769,Petrol,Manual,5513,282000.0,9,Noida
Maruti Alto 800,Maruti,2019,84290,Petrol,Manual,3389,192000.0,7,Noida
Hyundai Creta,Hyundai,2018,77544,Diesel,Manual,21654,459999.99999999994,8,Noida
Toyota Etios,Toyota,2011,117565,Petrol,Manual,21654,112000.00000000001,15,Noida
Honda City,Honda,2014,69657,Petrol,Manual,13850,417000.0,12,Noida
Maruti Wagon R 1.0,Maruti,2016,97637,Petrol,Manual,3737,168000.0,10,Noida
Maruti Alto 800,Maruti,2014,96496,Petrol,Manual,4152,125000.0,12,Noida
Hyundai Grand i10,Hyundai,2017,134443,Petrol,Manual,6340,285000.0,9,Noida
Hyundai Santro Xing,Hyundai,2011,65084,Petrol,Manual,6340,80000.0,15,Noida
Hyundai Creta,Hyundai,2016,79070,Petrol,Manual,12190,548000.0,10,Noida
Ford Ecosport,Ford,2017,42576,Petrol,Auto,6393,327000.0,9,Noida
Ford Ecosport,Ford,2016,85000,Diesel,Manual,6393,259000.0,10,Noida
Mahindra Kuv100,Mahindra,2016,102870,Petrol,Manual,3937,177000.0,10,Noida
Hyundai VENUE,Hyundai,2019,52518,Diesel,Manual,18434,555000.0,7,Noida
Maruti Alto K10,Maruti,2015,72395,Petrol,Manual,3818,145000.0,11,Noida
Maruti Ertiga,Maruti,2019,75000,Petrol,Manual,13293,753000.0,7,Noida
Honda Amaze,Honda,2016,116544,Petrol,Manual,4449,200000.0,10,Noida
Maruti Alto 800,Maruti,2014,91733,Petrol,Manual,4550,137000.0,12,Noida
Renault Kwid,Renault,2018,86289,Petrol,Manual,3495,198000.0,8,Noida
Tata PUNCH,Tata,2023,18911,Petrol,Manual,9285,526000.0,3,Noida
Maruti Swift,Maruti,2012,69165,Petrol,Manual,16526,186000.0,14,Noida
Maruti Swift Dzire,Maruti,2011,111291,Petrol,Manual,16526,93000.0,15,Noida
Maruti Swift Dzire,Maruti,2015,37119,Petrol,Manual,6583,250000.0,11,Noida
Toyota Etios Liva,Toyota,2011,67391,Petrol,Manual,6583,128000.0,15,Noida
Hyundai i10,Hyundai,2013,101377,Petrol,Manual,5884,125000.0,13,Noida
Maruti Wagon R 1.0,Maruti,2011,92353,Petrol,Manual,5884,82000.0,15,Noida
Mahindra Kuv100,Mahindra,2017,26401,Petrol,Manual,4066,208000.0,9,Noida
Maruti Baleno,Maruti,2021,38328,Petrol,Manual,8279,469000.00000000006,5,Noida
Maruti Alto 800,Maruti,2017,19480,Petrol,Manual,4907,250999.99999999997,9,Noida
Maruti Wagon R 1.0,Maruti,2018,91458,Petrol,Manual,5296,300000.0,8,Noida
Hyundai Santro Xing,Hyundai,2011,50154,Petrol,Manual,5296,94000.0,15,Noida
Maruti Swift,Maruti,2012,95734,Petrol,Manual,16792,189000.0,14,Noida
Tata NEXON,Tata,2022,35516,Petrol,Manual,9709,550000.0,4,Noida
Hyundai Verna,Hyundai,2016,39579,Petrol,Manual,8052,362000.0,10,Noida
Hyundai i10,Hyundai,2013,76915,Petrol,Manual,6920,147000.0,13,Noida
Hyundai i20,Hyundai,2013,115156,Petrol,Manual,9415,200000.0,13,Noida
Maruti Swift,Maruti,2011,55285,Petrol,Manual,9415,100000.0,15,Noida
Tata PUNCH,Tata,2024,6977,Petrol,Manual,13398,759000.0,2,Noida
Maruti Swift Dzire,Maruti,2016,131698,Petrol,Manual,6384,287000.0,10,Noida
Hyundai NEW SANTRO,Hyundai,2020,119256,Petrol,Manual,6050,272000.0,6,Noida
Hyundai i10,Hyundai,2011,105500,Petrol,Manual,6050,81000.0,15,Noida
Tata PUNCH,Tata,2022,17442,Petrol,Manual,8579,486000.00000000006,4,Noida
Toyota Etios,Toyota,2011,163150,Petrol,Manual,8579,125000.0,15,Noida
Skoda Rapid,Skoda,2012,82864,Petrol,Manual,13061,147000.0,14,Noida
Maruti Baleno,Maruti,2018,111161,Petrol,Manual,15362,691000.0,8,Noida
Tata PUNCH,Tata,2022,70777,Petrol,Manual,11262,638000.0,4,Noida
Maruti Swift,Maruti,2012,140706,Petrol,Manual,21057,237000.0,14,Noida
Hyundai GRAND I10 NIOS,Hyundai,2022,44096,Petrol,Manual,7891,447000.0,4,Noida
Maruti Wagon R 1.0,Maruti,2011,77928,Petrol,Manual,7891,97000.0,15,Noida
Mahindra TUV300,Mahindra,2016,111888,Diesel,Manual,7891,389000.0,10,Noida
Volkswagen Polo,Volkswagen,2011,53154,Petrol,Manual,7891,129000.0,15,Noida
Honda Brio,Honda,2012,107052,Petrol,Manual,8174,92000.0,14,Noida
Maruti Swift Dzire,Maruti,2011,46928,Petrol,Manual,8174,113999.99999999999,15,Noida
Mahindra TUV300,Mahindra,2016,152527,Diesel,Manual,8174,259000.0,10,Noida
Maruti Vitara Brezza,Maruti,2021,56679,Petrol,Manual,9532,540000.0,5,Noida
Hyundai i10,Hyundai,2013,84975,Petrol,Manual,6449,137000.0,13,Noida
Maruti Ertiga,Maruti,2019,110568,Petrol,Manual,17807,819000.0,7,Noida
Maruti Wagon R 1.0,Maruti,2017,92937,Petrol,Manual,4790,245000.00000000003,9,Noida
Maruti Ertiga,Maruti,2017,111242,Petrol,Manual,12234,550000.0,9,Noida
Maruti Celerio,Maruti,2015,27048,Petrol,Auto,7637,290000.0,11,Noida
Tata PUNCH,Tata,2024,55570,Petrol,Manual,11615,658000.0,2,Noida
Maruti Baleno,Maruti,2015,119464,Petrol,Manual,8637,328000.0,11,Noida
Hyundai i10,Hyundai,2013,96693,Petrol,Manual,6072,129000.0,13,Noida
Maruti Vitara Brezza,Maruti,2016,121533,Diesel,Manual,6072,419000.00000000006,10,Noida
Skoda Rapid,Skoda,2011,71080,Petrol,Manual,6072,125000.0,15,Noida
Maruti Swift,Maruti,2020,56709,Petrol,Manual,7043,399000.0,6,Noida
Tata NEXON,Tata,2020,26147,Petrol,Manual,9709,550000.0,6,Noida
Toyota Etios,Toyota,2012,121424,Petrol,Manual,11728,132000.0,14,Noida
Honda Amaze,Honda,2017,51870,Petrol,Manual,7496,383000.0,9,Noida
Hyundai AURA,Hyundai,2024,23257,Petrol,Manual,9921,562000.0,2,Noida
Renault Kwid,Renault,2019,17263,Petrol,Auto,4660,264000.0,7,Noida
Maruti Wagon R 1.0,Maruti,2011,37395,Petrol,Manual,4660,99000.0,15,Noida
Maruti Swift Dzire,Maruti,2015,64734,Petrol,Manual,8269,314000.0,11,Noida
Maruti Wagon R 1.0,Maruti,2018,48966,Petrol,Manual,4802,272000.0,8,Noida
Maruti FRONX,Maruti,2024,76756,Petrol,Manual,13240,750000.0,2,Noida
Volkswagen VIRTUS,Volkswagen,2023,36897,Petrol,Manual,23355,1364000.0,3,Noida
Maruti New Wagon-R,Maruti,2022,36232,Petrol,Manual,6443,365000.0,4,Noida
Tata PUNCH,Tata,2022,12998,Petrol,Manual,8473,480000.0,4,Noida
Maruti Swift,Maruti,2017,132965,Petrol,Manual,6584,296000.0,9,Noida
Ford Ecosport,Ford,2015,137690,Diesel,Manual,7075,213000.0,11,Noida
Maruti Alto K10,Maruti,2015,162828,Petrol,Manual,3529,134000.0,11,Noida
Tata Tiago,Tata,2018,74119,Petrol,Manual,4960,281000.0,8,Noida
Hyundai i10,Hyundai,2011,79217,Petrol,Manual,4960,111000.00000000001,15,Noida
Maruti Wagon R 1.0,Maruti,2015,150394,Petrol,Manual,4793,182000.0,11,Noida
Maruti Baleno,Maruti,2022,50000,Petrol,Manual,8297,470000.0,4,Noida
Maruti Swift,Maruti,2018,49530,Petrol,Manual,7149,405000.0,8,Noida
Hyundai i10,Hyundai,2012,134142,Petrol,Manual,8352,94000.0,14,Noida
Maruti Swift Dzire,Maruti,2011,73076,Petrol,Manual,8352,108000.0,15,Noida
Maruti Wagon R 1.0,Maruti,2011,100531,Petrol,Manual,8352,99000.0,15,Noida
Tata NEXON,Tata,2024,8861,Petrol,Auto,13478,763000.0,2,Noida
Mahindra Scorpio,Mahindra,2016,222087,Diesel,Manual,13478,629000.0,10,Noida
Maruti Vitara Brezza,Maruti,2017,103786,Diesel,Manual,44424,500000.0,9,Noida
Maruti Swift Dzire,Maruti,2016,185848,Diesel,Manual,44424,336000.0,10,Noida
Hyundai Elite i20,Hyundai,2015,29293,Petrol,Manual,7637,290000.0,11,Noida
Honda City,Honda,2014,87865,Petrol,Auto,8835,266000.0,12,Noida
Maruti Eeco,Maruti,2011,92094,Petrol,Manual,8835,85000.0,15,Noida
Maruti Wagon R 1.0,Maruti,2011,85647,Petrol,Manual,8835,95000.0,15,Noida
Maruti Ciaz,Maruti,2016,130501,Diesel,Manual,8835,263000.0,10,Noida
Maruti Ciaz,Maruti,2023,30947,Petrol,Manual,13240,750000.0,3,Noida
Maruti Swift Dzire,Maruti,2011,167650,Petrol,Manual,13240,108000.0,15,Noida
Maruti Ritz,Maruti,2014,96766,Petrol,Manual,5447,164000.0,12,Noida
Tata TIGOR,Tata,2017,62504,Petrol,Auto,5024,256999.99999999997,9,Noida
Hyundai GRAND I10 NIOS,Hyundai,2020,30186,Petrol,Auto,8279,469000.00000000006,6,Noida
Maruti Swift,Maruti,2017,44953,Diesel,Manual,30297,341000.0,9,Noida
Chevrolet Sail UVA,Chevrolet,2012,46674,Petrol,Manual,7908,89000.0,14,Noida
Honda Amaze,Honda,2014,204502,Diesel,Manual,7249,154000.0,12,Noida
Hyundai i10,Hyundai,2014,32545,Petrol,Manual,5779,174000.0,12,Noida
Maruti Dzire,Maruti,2017,37800,Petrol,Manual,6647,340000.0,9,Noida
Hyundai i10,Hyundai,2011,892895,Petrol,Manual,6647,87000.0,15,Noida
Hyundai Grand i10,Hyundai,2017,163839,Petrol,Manual,5049,227000.0,9,Noida
Mahindra Scorpio,Mahindra,2019,103982,Diesel,Manual,34965,1068000.0,7,Noida
Tata Tiago,Tata,2018,104997,Petrol,Auto,5583,250999.99999999997,8,Noida
Maruti Alto K10,Maruti,2016,147911,Petrol,Auto,5161,231999.99999999997,10,Noida
Maruti Ertiga,Maruti,2017,86497,Petrol,Manual,10029,513000.0,9,Noida
Honda Amaze,Honda,2016,92427,Petrol,Manual,7385,332000.0,10,Noida
Chevrolet Beat,Chevrolet,2015,59237,Diesel,Manual,4285,129000.0,11,Noida
Hyundai i10,Hyundai,2011,122702,Petrol,Manual,4285,86000.0,15,Noida
Hyundai Elite i20,Hyundai,2017,98268,Diesel,Manual,28076,316000.0,9,Noida
Honda Amaze,Honda,2019,116771,Petrol,Manual,7852,353000.0,7,Noida
Honda Jazz,Honda,2018,62139,Diesel,Manual,14781,314000.0,8,Noida
Maruti Baleno,Maruti,2018,84379,Petrol,Manual,7308,413999.99999999994,8,Noida
Maruti Celerio,Maruti,2019,77672,Petrol,Manual,5631,319000.0,7,Noida
Ford Figo Aspire,Ford,2018,115026,Diesel,Manual,12710,270000.0,8,Noida
Maruti Swift Dzire,Maruti,2011,89385,Petrol,Manual,12710,120000.0,15,Noida
Maruti Wagon R 1.0,Maruti,2011,125957,Petrol,Manual,12710,97000.0,15,Noida
Maruti Swift Dzire,Maruti,2011,134370,Petrol,Manual,12710,104000.0,15,Noida
Renault Kiger,Renault,2021,161090,Petrol,Manual,8609,387000.0,5,Noida
Maruti Swift,Maruti,2017,130789,Petrol,Manual,6673,300000.0,9,Noida
Maruti New Wagon-R,Maruti,2019,76619,Petrol,Manual,6567,372000.0,7,Noida
MG ASTOR,MG,2022,16971,Petrol,Manual,13240,750000.0,4,Noida
Hyundai Accent,Hyundai,2011,205882,Petrol,Manual,13240,82000.0,15,Noida
Honda Amaze,Honda,2015,92500,Petrol,Manual,5793,220000.00000000003,11,Noida
Hyundai NEW I20,Hyundai,2022,14235,Petrol,Manual,10962,621000.0,4,Noida
Maruti Dzire,Maruti,2017,191622,Petrol,Manual,6896,310000.0,9,Noida
Hyundai Xcent,Hyundai,2015,69661,Petrol,Manual,5820,221000.0,11,Noida
Mahindra XUV500,Mahindra,2018,93519,Diesel,Auto,43159,926000.0,8,Noida
Maruti Wagon R 1.0,Maruti,2013,23780,Petrol,Manual,7626,162000.0,13,Noida
Honda City,Honda,2014,43776,Petrol,Manual,10662,321000.0,12,Noida
Maruti Ertiga,Maruti,2017,103402,Diesel,Manual,47534,535000.0,9,Noida
Tata TIAGO NRG,Tata,2022,14123,Petrol,Auto,8826,500000.0,4,Noida
Maruti Ritz,Maruti,2011,110997,Petrol,Manual,8826,95000.0,15,Noida
Tata Hexa,Tata,2017,55347,Diesel,Auto,87321,988000.0000000001,9,Noida
Maruti Wagon R 1.0,Maruti,2010,108164,Petrol,Manual,87321,76000.0,16,Noida
Hyundai Accent,Hyundai,2010,119993,Petrol,Manual,87321,76000.0,16,Noida
Toyota Camry,Toyota,2014,120888,Petrol,Auto,18268,550000.0,12,Noida
Maruti Baleno,Maruti,2018,41647,Petrol,Manual,9197,521000.0,8,Noida
Hyundai i10,Hyundai,2011,226648,Petrol,Manual,9197,102000.0,15,Noida
Maruti Swift,Maruti,2020,57653,Petrol,Manual,7238,409999.99999999994,6,Noida
Hyundai Creta,Hyundai,2017,51903,Petrol,Manual,13294,680000.0,9,Noida
Maruti Alto K10,Maruti,2011,69037,Petrol,Manual,13294,81000.0,15,Noida
Maruti Alto K10,Maruti,2011,56759,Petrol,Manual,13294,91000.0,15,Noida
Honda Amaze,Honda,2016,65676,Petrol,Manual,7897,355000.0,10,Noida
Maruti Swift,Maruti,2020,89602,Petrol,Manual,6955,394000.0,6,Noida
Maruti Swift,Maruti,2012,58949,Petrol,Manual,16259,183000.0,14,Noida
KIA SELTOS,KIA,2020,94641,Diesel,Manual,17380,660000.0,6,Noida
Maruti Wagon R 1.0,Maruti,2011,119053,Petrol,Manual,17380,96000.0,15,Noida
Hyundai i10,Hyundai,2010,56826,Petrol,Manual,17380,68000.0,16,Noida
Hyundai Santro Xing,Hyundai,2011,33148,Petrol,Manual,17380,89000.0,15,Noida
Maruti Baleno,Maruti,2016,95959,Petrol,Manual,7229,325000.0,10,Noida
Honda Jazz,Honda,2011,68472,Petrol,Manual,7229,87000.0,15,Noida
Maruti Baleno,Maruti,2016,117093,Petrol,Manual,6162,277000.0,10,Noida
Maruti Wagon R 1.0,Maruti,2018,117424,Petrol,Manual,5650,254000.0,8,Noida
Maruti Baleno,Maruti,2016,97131,Petrol,Manual,7608,342000.0,10,Noida
Maruti Ciaz,Maruti,2016,96725,Diesel,Manual,7608,291000.0,10,Noida
Maruti Swift,Maruti,2023,36443,Petrol,Manual,7944,450000.0,3,Noida
Maruti Wagon R 1.0,Maruti,2011,83684,Petrol,Manual,7944,106000.0,15,Noida
Hyundai Grand i10,Hyundai,2015,42961,Petrol,Manual,6978,265000.0,11,Noida
Tata TIGOR,Tata,2018,74094,Petrol,Auto,5525,313000.0,8,Noida
Honda City,Honda,2011,72441,Petrol,Auto,5525,187000.0,15,Noida
Hyundai Santro Xing,Hyundai,2013,67818,Petrol,Manual,5461,115999.99999999999,13,Noida
Maruti Swift,Maruti,2016,98550,Petrol,Manual,6006,270000.0,10,Noida
Maruti Wagon R 1.0,Maruti,2012,94953,Petrol,Manual,8618,97000.0,14,Noida
Hyundai i10,Hyundai,2010,62946,Petrol,Manual,8618,50000.0,16,Noida
Hyundai Accent,Hyundai,2012,83986,Petrol,Manual,6664,75000.0,14,Noida
Maruti Ertiga,Maruti,2022,107611,Petrol,Manual,21829,1003999.9999999999,4,Noida
Maruti Baleno,Maruti,2016,78334,Petrol,Manual,9432,424000.0,10,Noida
Maruti Dzire,Maruti,2022,48890,Petrol,Manual,8456,479000.0,4,Noida
Tata NEXON,Tata,2019,84873,Diesel,Manual,18666,562000.0,7,Noida
Hyundai Santro Xing,Hyundai,2011,117518,Petrol,Manual,18666,74000.0,15,Noida
Hyundai i10,Hyundai,2012,90645,Petrol,Manual,8085,91000.0,14,Noida
Hyundai Verna,Hyundai,2013,83582,Petrol,Manual,12710,270000.0,13,Noida
Honda City,Honda,2017,16983,Petrol,Manual,10948,560000.0,9,Noida
Hyundai i10,Hyundai,2011,58818,Petrol,Manual,10948,130000.0,15,Noida
Maruti Vitara Brezza,Maruti,2018,124065,Diesel,Manual,25278,537000.0,8,Noida
Honda Brio,Honda,2012,82494,Petrol,Manual,8352,94000.0,14,Noida
Maruti Swift Dzire,Maruti,2011,73396,Petrol,Manual,8352,104000.0,15,Noida
Volkswagen Polo,Volkswagen,2013,125821,Petrol,Auto,12286,261000.0,13,Noida
Nissan Micra,Nissan,2015,72506,Petrol,Manual,4055,154000.0,11,Noida
Maruti Baleno,Maruti,2016,41046,Petrol,Manual,7519,338000.0,10,Noida
Maruti Wagon R 1.0,Maruti,2018,60333,Petrol,Auto,4943,280000.0,8,Noida
Honda Brio,Honda,2012,67616,Petrol,Manual,11550,130000.0,14,Noida
Hyundai Verna,Hyundai,2011,79386,Petrol,Manual,11550,121000.0,15,Noida
Toyota Etios,Toyota,2011,69403,Petrol,Manual,11550,114999.99999999999,15,Noida
Hyundai Grand i10,Hyundai,2014,95937,Petrol,Manual,5580,168000.0,12,Noida
Maruti Alto 800,Maruti,2017,57139,Petrol,Manual,3617,185000.0,9,Noida
Honda City,Honda,2015,161000,Petrol,Manual,7242,275000.0,11,Noida
Maruti Wagon R 1.0,Maruti,2013,34216,Petrol,Manual,8002,170000.0,13,Noida
Hyundai Grand i10,Hyundai,2014,71523,Petrol,Manual,13286,400000.0,12,Noida
Maruti Zen Estilo,Maruti,2011,18363,Petrol,Manual,13286,69000.0,15,Noida
Hyundai Santro Xing,Hyundai,2011,112513,Petrol,Manual,13286,76000.0,15,Noida
Maruti Baleno,Maruti,2018,100837,Petrol,Manual,8141,366000.0,8,Noida
Hyundai i10,Hyundai,2011,130034,Petrol,Manual,8141,100000.0,15,Noida
Maruti Swift,Maruti,2017,87210,Petrol,Manual,5748,294000.0,9,Noida
Honda City,Honda,2011,41954,Petrol,Manual,5748,121000.0,15,Noida
Honda City,Honda,2015,72821,Petrol,Auto,12245,465000.00000000006,11,Noida
Maruti Swift,Maruti,2019,156229,Petrol,Manual,9587,430999.99999999994,7,Noida
Maruti Ertiga,Maruti,2012,175292,Petrol,Manual,23545,265000.0,14,Noida
Maruti Vitara Brezza,Maruti,2021,108495,Petrol,Manual,11767,529000.0,5,Noida
Maruti Swift,Maruti,2017,57096,Petrol,Manual,5865,300000.0,9,Noida
Maruti Baleno,Maruti,2016,80778,Petrol,Manual,6362,286000.0,10,Noida
Hyundai i10,Hyundai,2015,28884,Petrol,Manual,6294,239000.0,11,Noida
Volkswagen Polo,Volkswagen,2011,59766,Petrol,Manual,6294,151000.0,15,Noida
Maruti Swift,Maruti,2015,81703,Petrol,Manual,9217,350000.0,11,Noida
Toyota Etios,Toyota,2011,27860,Petrol,Manual,9217,165000.0,15,Noida
Hyundai i10,Hyundai,2011,110000,Petrol,Manual,9217,95000.0,15,Noida
Maruti Swift,Maruti,2021,45515,Petrol,Manual,7238,409999.99999999994,5,Noida
Renault Kwid,Renault,2020,22000,Petrol,Manual,4890,277000.0,6,Noida
Maruti Swift Dzire,Maruti,2011,78298,Petrol,Manual,4890,84000.0,15,Noida
Honda City,Honda,2017,124904,Diesel,Manual,37316,420000.0,9,Noida
Hyundai Santro Xing,Hyundai,2012,70162,Petrol,Manual,8618,97000.0,14,Noida
Honda WR-V,Honda,2019,63656,Petrol,Manual,7061,400000.0,7,Noida
Hyundai Grand i10,Hyundai,2015,94903,Petrol,Manual,5793,220000.00000000003,11,Noida
Hyundai Creta,Hyundai,2015,60397,Petrol,Manual,14721,559000.0,11,Noida
Hyundai Grand i10,Hyundai,2017,104073,Diesel,Manual,19991,225000.0,9,Noida
Hyundai i10,Hyundai,2013,85030,Petrol,Manual,6402,136000.0,13,Noida
Maruti IGNIS,Maruti,2018,15326,Petrol,Manual,6320,358000.0,8,Noida
Hyundai i10,Hyundai,2011,70056,Petrol,Manual,6320,80000.0,15,Noida
Maruti Wagon R 1.0,Maruti,2017,69013,Petrol,Manual,5024,256999.99999999997,9,Noida
Ford Ecosport,Ford,2016,91747,Diesel,Manual,5024,266000.0,10,Noida
Hyundai i20,Hyundai,2011,188723,Petrol,Manual,5024,97000.0,15,Noida
Hyundai Grand i10,Hyundai,2015,33878,Petrol,Manual,7373,280000.0,11,Noida
Ford Figo Aspire,Ford,2015,104671,Diesel,Manual,7373,180000.0,11,Noida
Mahindra XUV500,Mahindra,2017,71622,Diesel,Auto,90238,1021000.0000000001,9,Noida
Honda City,Honda,2014,113246,Petrol,Manual,11459,345000.0,12,Noida
Honda WR-V,Honda,2022,37355,Petrol,Manual,10786,611000.0,4,Noida
Maruti Baleno,Maruti,2020,43724,Petrol,Manual,8244,467000.0,6,Noida
Maruti Ertiga,Maruti,2017,162513,Diesel,Manual,43714,492000.0,9,Noida
Maruti Wagon R 1.0,Maruti,2011,99293,Petrol,Manual,43714,85000.0,15,Noida
Maruti Wagon R 1.0,Maruti,2012,96959,Petrol,Manual,9951,112000.00000000001,14,Noida
Hyundai Creta,Hyundai,2016,133074,Diesel,Manual,9951,457000.0,10,Noida
Hyundai i20,Hyundai,2012,85700,Petrol,Manual,15282,172000.0,14,Noida
MG HECTOR PLUS,MG,2020,79752,Petrol,Auto,14554,850000.0,6,Noida
Maruti Swift,Maruti,2016,69808,Petrol,Manual,6918,311000.0,10,Noida
Hyundai Grand i10,Hyundai,2017,109567,Diesel,Manual,17237,194000.0,9,Noida
Hyundai i20,Hyundai,2013,38774,Petrol,Manual,11062,235000.0,13,Noida
Hyundai Verna,Hyundai,2013,81479,Petrol,Manual,12992,276000.0,13,Noida
Ford Endeavour,Ford,2017,148950,Diesel,Auto,111184,1258000.0,9,Noida
Volkswagen Polo,Volkswagen,2013,118885,Petrol,Manual,7767,165000.0,13,Noida
Maruti Swift,Maruti,2016,127911,Petrol,Manual,5361,241000.0,10,Noida
Maruti Wagon R 1.0,Maruti,2010,105939,Petrol,Manual,5361,97000.0,16,Noida
Hyundai Grand i10,Hyundai,2016,73079,Petrol,Manual,7051,317000.0,10,Noida
Hyundai Santro Xing,Hyundai,2012,94382,Petrol,Manual,7730,87000.0,14,Noida
Maruti Wagon R 1.0,Maruti,2014,165787,Petrol,Manual,4982,150000.0,12,Noida
Honda City,Honda,2017,125550,Diesel,Manual,36961,416000.0,9,Noida
Maruti Celerio,Maruti,2015,63638,Petrol,Manual,6241,237000.0,11,Noida
Maruti Baleno,Maruti,2019,59230,Petrol,Manual,7061,400000.0,7,Noida
Maruti Wagon R 1.0,Maruti,2011,82719,Petrol,Manual,7061,100000.0,15,Noida
Maruti Ertiga,Maruti,2019,237913,Petrol,Manual,14993,674000.0,7,Noida
Honda City,Honda,2011,121636,Petrol,Manual,14993,127000.0,15,Noida
Hyundai Eon,Hyundai,2017,28633,Petrol,Manual,4301,220000.00000000003,9,Noida
Toyota Etios,Toyota,2016,85577,Petrol,Manual,4738,213000.0,10,Noida
Chevrolet Beat,Chevrolet,2012,52857,Petrol,Manual,7463,84000.0,14,Noida
Tata Tiago,Tata,2018,94492,Petrol,Manual,5737,325000.0,8,Noida
Maruti IGNIS,Maruti,2018,139759,Petrol,Manual,6851,308000.0,8,Noida
Maruti Ciaz,Maruti,2016,149686,Petrol,Manual,6451,290000.0,10,Noida
Tata NEXON,Tata,2022,63305,Petrol,Manual,9409,533000.0,4,Noida
Maruti Swift Dzire,Maruti,2015,106272,Petrol,Manual,6926,263000.0,11,Noida
Hyundai i10,Hyundai,2013,74297,Petrol,Manual,6261,133000.0,13,Noida
Hyundai Eon,Hyundai,2013,90323,Petrol,Manual,5084,108000.0,13,Noida
Maruti Wagon R 1.0,Maruti,2012,79145,Petrol,Manual,9329,105000.0,14,Noida
Maruti Wagon R 1.0,Maruti,2017,68412,Petrol,Auto,5376,275000.0,9,Noida
Hyundai i10,Hyundai,2013,95460,Petrol,Manual,7908,168000.0,13,Noida
Maruti Ertiga,Maruti,2014,119417,Petrol,Manual,12156,366000.0,12,Noida
Maruti Swift,Maruti,2018,32538,Petrol,Manual,7961,451000.0,8,Noida
Honda City,Honda,2015,90298,Petrol,Manual,7373,280000.0,11,Noida
Toyota Corolla Altis,Toyota,2011,77135,Petrol,Manual,7373,168000.0,15,Noida
Hyundai Grand i10,Hyundai,2018,38026,Petrol,Manual,5296,300000.0,8,Noida
Tata Tiago,Tata,2018,58402,Petrol,Manual,4766,270000.0,8,Noida
Tata NEXON,Tata,2022,63244,Petrol,Manual,9868,559000.0,4,Noida
Maruti Wagon R 1.0,Maruti,2011,128901,Petrol,Manual,9868,87000.0,15,Noida
MG HECTOR,MG,2019,64239,Diesel,Manual,29432,899000.0,7,Noida
Hyundai Creta,Hyundai,2015,115973,Petrol,Manual,10112,384000.0,11,Noida
Hyundai Verna,Hyundai,2011,59426,Petrol,Manual,10112,164000.0,15,Noida
Mahindra XUV500,Mahindra,2017,70513,Diesel,Manual,65304,735000.0,9,Noida
Toyota Etios,Toyota,2011,173274,Petrol,Manual,65304,114999.99999999999,15,Noida
Maruti Baleno,Maruti,2016,65542,Petrol,Manual,7964,358000.0,10,Noida
Tata PUNCH,Tata,2022,65043,Petrol,Auto,10856,615000.0,4,Noida
Tata TIGOR,Tata,2017,125100,Petrol,Manual,6006,270000.0,9,Noida
Honda BR-V,Honda,2018,40500,Petrol,Manual,10239,580000.0,8,Noida
Honda City,Honda,2017,58288,Petrol,Manual,9736,498000.00000000006,9,Noida
Maruti Ciaz,Maruti,2016,150024,Diesel,Manual,9736,285000.0,10,Noida
Maruti Dzire,Maruti,2018,61271,Diesel,Manual,16852,358000.0,8,Noida
Hyundai Grand i10,Hyundai,2014,131107,Petrol,Manual,5480,165000.0,12,Noida
Ford Figo Aspire,Ford,2017,53217,Diesel,Manual,29942,337000.0,9,Noida
Maruti Ciaz,Maruti,2016,49311,Petrol,Manual,8008,360000.0,10,Noida
Hyundai i10,Hyundai,2011,54582,Petrol,Manual,8008,83000.0,15,Noida
Maruti Baleno,Maruti,2018,42865,Petrol,Manual,7591,430000.0,8,Noida
Maruti IGNIS,Maruti,2017,80731,Petrol,Auto,5670,290000.0,9,Noida
Honda Amaze,Honda,2015,49995,Petrol,Manual,8558,325000.0,11,Noida
Maruti Swift,Maruti,2017,31092,Petrol,Manual,5767,295000.0,9,Noida
Hyundai i10,Hyundai,2011,63962,Petrol,Manual,5767,85000.0,15,Noida
Honda City,Honda,2015,104941,Petrol,Manual,10534,400000.0,11,Noida
Hyundai i10,Hyundai,2011,47188,Petrol,Manual,10534,103000.0,15,Noida
Maruti Swift,Maruti,2019,84378,Petrol,Manual,8473,480000.0,7,Noida
Maruti Ertiga,Maruti,2019,35954,Petrol,Manual,13363,757000.0,7,Noida
Toyota Etios,Toyota,2011,79002,Petrol,Manual,13363,135000.0,15,Noida
Maruti Swift Dzire,Maruti,2016,132884,Petrol,Manual,6184,278000.0,10,Noida
Hyundai Grand i10,Hyundai,2015,49030,Petrol,Manual,7189,273000.0,11,Noida
Hyundai Eon,Hyundai,2013,25004,Petrol,Manual,6261,133000.0,13,Noida
Maruti Alto,Maruti,2019,18337,Petrol,Manual,4237,240000.0,7,Noida
Toyota Etios,Toyota,2011,61522,Petrol,Manual,4237,103000.0,15,Noida
Hyundai Santro Xing,Hyundai,2013,44582,Petrol,Manual,7249,154000.0,13,Noida
Volkswagen Polo,Volkswagen,2020,111505,Petrol,Manual,11122,500000.0,6,Noida
Honda City,Honda,2015,131571,Petrol,Manual,9928,377000.0,11,Noida
Hyundai Eon,Hyundai,2011,7698,Petrol,Manual,9928,93000.0,15,Noida
Tata NEXON,Tata,2024,12801,Petrol,Manual,18835,1100000.0,2,Noida
Maruti Ertiga,Maruti,2014,83941,Petrol,Manual,13917,419000.00000000006,12,Noida
Hyundai Santro Xing,Hyundai,2013,24691,Petrol,Manual,6167,131000.0,13,Noida
Ford Figo Aspire,Ford,2018,35704,Petrol,Manual,5296,300000.0,8,Noida
Maruti Wagon R 1.0,Maruti,2014,103493,Petrol,Manual,5646,170000.0,12,Noida
Honda City,Honda,2015,73115,Petrol,Manual,10534,400000.0,11,Noida
Toyota Etios,Toyota,2011,98775,Petrol,Manual,10534,113999.99999999999,15,Noida
Renault TRIBER,Renault,2020,51198,Petrol,Manual,7061,400000.0,6,Noida
Ford Ecosport,Ford,2020,46905,Diesel,Manual,13852,526000.0,6,Noida
Renault Kwid,Renault,2019,43851,Petrol,Manual,4007,227000.0,7,Noida
Toyota Etios,Toyota,2014,24198,Petrol,Manual,7979,240000.0,12,Noida
Maruti Swift,Maruti,2011,51338,Petrol,Manual,7979,105000.0,15,Noida
MG HECTOR,MG,2019,38263,Petrol,Auto,16592,969000.0,7,Noida
Chevrolet Beat,Chevrolet,2011,60230,Petrol,Manual,16592,55000.00000000001,15,Noida
Skoda Octavia,Skoda,2018,111491,Petrol,Auto,16683,750000.0,8,Noida
Honda City,Honda,2017,96857,Petrol,Auto,8993,459999.99999999994,9,Noida
Renault Lodgy,Renault,2016,94165,Diesel,Manual,8993,200000.0,10,Noida
Maruti Wagon R 1.0,Maruti,2011,102689,Petrol,Manual,8993,84000.0,15,Noida
Maruti Wagon R 1.0,Maruti,2011,66298,Petrol,Manual,8993,74000.0,15,Noida
Hyundai i10,Hyundai,2011,264001,Petrol,Manual,8993,95000.0,15,Noida
Honda Amaze,Honda,2017,73720,Petrol,Manual,5161,264000.0,9,Noida
Hyundai Santro Xing,Hyundai,2012,105646,Petrol,Manual,6841,77000.0,14,Noida
Hyundai VENUE,Hyundai,2019,24662,Petrol,Manual,9709,550000.0,7,Noida
Maruti Wagon R 1.0,Maruti,2011,58170,Petrol,Manual,9709,75000.0,15,Noida
Mahindra Scorpio,Mahindra,2019,245781,Diesel,Manual,27337,835000.0,7,Noida
Honda City,Honda,2014,64613,Petrol,Manual,9533,287000.0,12,Noida
Nissan MAGNITE,Nissan,2022,61228,Petrol,Manual,8261,468000.0,4,Noida
Tata ALTROZ,Tata,2020,50430,Petrol,Manual,7661,434000.0,6,Noida
Hyundai i10,Hyundai,2011,108174,Petrol,Manual,7661,100000.0,15,Noida
Nissan MAGNITE,Nissan,2025,8700,Petrol,Auto,12975,735000.0,1,Noida
Maruti Celerio,Maruti,2021,17396,Petrol,Manual,7220,409000.0,5,Noida
Maruti Baleno,Maruti,2018,86957,Petrol,Manual,7502,425000.0,8,Noida
Maruti Vitara Brezza,Maruti,2017,132812,Diesel,Manual,32519,366000.0,9,Noida
Maruti Alto 800,Maruti,2013,135137,Petrol,Manual,6167,131000.0,13,Noida
Maruti Dzire,Maruti,2017,41490,Petrol,Auto,10186,521000.0,9,Noida
Maruti Wagon R 1.0,Maruti,2011,19512,Petrol,Manual,10186,90000.0,15,Noida
Maruti Wagon R 1.0,Maruti,2012,117386,Petrol,Manual,8974,101000.0,14,Noida
Maruti Alto K10,Maruti,2011,56975,Petrol,Manual,8974,94000.0,15,Noida
Renault TRIBER,Renault,2019,37383,Petrol,Manual,7061,400000.0,7,Noida
Ford Ecosport,Ford,2016,194617,Diesel,Manual,9243,351000.0,10,Noida
Hyundai i10,Hyundai,2011,42565,Petrol,Manual,9243,82000.0,15,Noida
Hyundai i10,Hyundai,2011,83688,Petrol,Manual,9243,94000.0,15,Noida
Hyundai Grand i10,Hyundai,2017,137862,Petrol,Manual,6384,287000.0,9,Noida
Maruti Wagon R 1.0,Maruti,2015,97221,Petrol,Manual,4477,170000.0,11,Noida
Ford Ecosport,Ford,2017,81315,Diesel,Manual,37850,426000.0,9,Noida
Maruti Wagon R 1.0,Maruti,2014,90310,Petrol,Manual,5580,168000.0,12,Noida
Mahindra SCORPIO-N,Mahindra,2023,8642,Petrol,Auto,37995,2219000.0,3,Noida
Hyundai GRAND I10 NIOS,Hyundai,2022,51182,Petrol,Manual,7061,400000.0,4,Noida
Maruti Wagon R 1.0,Maruti,2012,326909,Petrol,Manual,8174,92000.0,14,Noida
Maruti Ertiga,Maruti,2013,108547,Petrol,Manual,14216,302000.0,13,Noida
Mahindra Kuv100,Mahindra,2018,149742,Petrol,Manual,3982,179000.0,8,Noida
Maruti Wagon R 1.0,Maruti,2011,127388,Petrol,Manual,3982,93000.0,15,Noida
Honda City,Honda,2015,102850,Petrol,Auto,12746,484000.0,11,Noida
Volkswagen Vento,Volkswagen,2011,73025,Petrol,Manual,12746,131000.0,15,Noida
Maruti Alto 800,Maruti,2015,53526,Petrol,Manual,4529,172000.0,11,Noida
Hyundai Santro Xing,Hyundai,2011,107505,Petrol,Manual,4529,94000.0,15,Noida
Volkswagen Polo,Volkswagen,2011,250000,Petrol,Manual,4529,84000.0,15,Noida
Honda City,Honda,2016,99279,Petrol,Manual,10611,476999.99999999994,10,Noida
Renault Duster,Renault,2013,108972,Petrol,Manual,9415,200000.0,13,Noida
Maruti Wagon R 1.0,Maruti,2012,101000,Petrol,Manual,9418,106000.0,14,Noida
Hyundai Grand i10,Hyundai,2017,164004,Diesel,Manual,22301,250999.99999999997,9,Noida
Maruti Swift,Maruti,2012,98801,Petrol,Manual,13150,148000.0,14,Noida
Toyota Etios,Toyota,2011,51180,Petrol,Manual,13150,120000.0,15,Noida
Hyundai Creta,Hyundai,2016,223270,Diesel,Manual,13150,575000.0,10,Noida
Maruti Ertiga,Maruti,2024,28137,Petrol,Manual,15958,932000.0,2,Noida
Maruti New Wagon-R,Maruti,2019,48102,Petrol,Manual,7449,422000.0,7,Noida
Hyundai i20,Hyundai,2011,132736,Petrol,Manual,7449,114999.99999999999,15,Noida
Honda City,Honda,2016,83800,Petrol,Manual,10077,453000.0,10,Noida
Maruti Vitara Brezza,Maruti,2019,93122,Diesel,Manual,18268,550000.0,7,Noida
Honda City,Honda,2016,117530,Petrol,Manual,9788,440000.00000000006,10,Noida
Renault TRIBER,Renault,2021,21553,Petrol,Manual,8138,461000.00000000006,5,Noida
Hyundai Verna,Hyundai,2017,92024,Diesel,Manual,47978,540000.0,9,Noida
Hyundai Elite i20,Hyundai,2016,93765,Petrol,Manual,6651,299000.0,10,Noida
Toyota Etios,Toyota,2011,145544,Petrol,Manual,6651,143000.0,15,Noida
Honda Amaze,Honda,2018,153624,Petrol,Manual,8230,370000.0,8,Noida
Honda Amaze,Honda,2018,106040,Petrol,Manual,8075,363000.0,8,Noida
Hyundai i20,Hyundai,2011,85686,Petrol,Manual,8075,93000.0,15,Noida
Maruti Baleno,Maruti,2018,76341,Petrol,Manual,7061,400000.0,8,Noida
Maruti Wagon R 1.0,Maruti,2017,64816,Petrol,Manual,5220,267000.0,9,Noida
Maruti S Cross,Maruti,2017,107051,Diesel,Manual,39182,441000.0,9,Noida
Honda Amaze,Honda,2014,113757,Petrol,Manual,5049,152000.0,12,Noida
Maruti Ertiga,Maruti,2015,46839,Petrol,Manual,12588,478000.0,11,Noida
Mahindra Kuv100,Mahindra,2017,151309,Diesel,Manual,14394,162000.0,9,Noida
Hyundai Verna,Hyundai,2022,64002,Petrol,Manual,17516,1023000.0,4,Noida
Maruti Ritz,Maruti,2011,197661,Petrol,Manual,17516,95000.0,15,Noida
Maruti Swift,Maruti,2011,49574,Petrol,Manual,17516,114999.99999999999,15,Noida
Maruti Wagon R 1.0,Maruti,2012,113833,Petrol,Manual,11817,133000.0,14,Noida
Chevrolet Cruze,Chevrolet,2017,107285,Diesel,Auto,37583,423000.00000000006,9,Noida
Mahindra XUV500,Mahindra,2018,116440,Diesel,Auto,38871,834000.0,8,Noida
Nissan Micra,Nissan,2011,22127,Petrol,Manual,38871,90000.0,15,Noida
Maruti Alto K10,Maruti,2016,46535,Petrol,Manual,4738,213000.0,10,Noida
Toyota Glanza,Toyota,2023,16603,Petrol,Manual,9444,535000.0,3,Noida
Hyundai Elite i20,Hyundai,2019,51519,Petrol,Manual,8261,468000.0,7,Noida
Hyundai i10,Hyundai,2011,74984,Petrol,Manual,8261,94000.0,15,Noida
Maruti Swift,Maruti,2020,45288,Petrol,Auto,8032,455000.0,6,Noida
Maruti Baleno,Maruti,2023,18800,Petrol,Manual,9780,554000.0,3,Noida
Tata NEXON,Tata,2018,65950,Diesel,Manual,17088,363000.0,8,Noida
Honda Amaze,Honda,2013,71097,Petrol,Manual,7861,167000.0,13,Noida
Maruti Wagon R 1.0,Maruti,2011,51788,Petrol,Manual,7861,100000.0,15,Noida
Datsun Go,Datsun,2016,97034,Petrol,Manual,2736,123000.0,10,Noida
Hyundai i20,Hyundai,2011,83188,Petrol,Manual,2736,132000.0,15,Noida
Volkswagen Polo,Volkswagen,2015,78067,Petrol,Manual,7505,285000.0,11,Noida
Honda BR-V,Honda,2018,251110,Petrol,Manual,14770,664000.0,8,Noida
Maruti Wagon R 1.0,Maruti,2012,264959,Petrol,Manual,9773,110000.00000000001,14,Noida
Hyundai i10,Hyundai,2011,84248,Petrol,Manual,9773,60000.0,15,Noida
Maruti Alto K10,Maruti,2011,32493,Petrol,Manual,9773,93000.0,15,Noida
Maruti Alto K10,Maruti,2023,38728,Petrol,Manual,6267,355000.0,3,Noida
Maruti Swift,Maruti,2019,57259,Petrol,Manual,6832,387000.0,7,Noida
Maruti Swift Dzire,Maruti,2016,98568,Petrol,Manual,6896,310000.0,10,Noida
Hyundai Grand i10,Hyundai,2014,130388,Petrol,Auto,7473,225000.0,12,Noida
Maruti A Star,Maruti,2011,223782,Petrol,Manual,7473,71000.0,15,Noida
Toyota Etios,Toyota,2011,133350,Petrol,Manual,7473,90000.0,15,Noida
Maruti S Cross,Maruti,2022,30575,Petrol,Manual,11933,676000.0,4,Noida
Hyundai Accent,Hyundai,2011,86957,Petrol,Manual,11933,72000.0,15,Noida
Maruti Swift Dzire,Maruti,2011,46577,Petrol,Manual,11933,134000.0,15,Noida
Hyundai Creta,Hyundai,2016,58727,Petrol,Manual,15304,688000.0,10,Noida
Ford Ecosport,Ford,2016,75188,Petrol,Auto,7563,340000.0,10,Noida
KIA SELTOS,KIA,2023,20523,Petrol,Manual,16711,976000.0,3,Noida
Ford Figo,Ford,2011,49647,Petrol,Manual,16711,90000.0,15,Noida
Hyundai i10,Hyundai,2011,47873,Petrol,Manual,16711,103000.0,15,Noida
Tata ALTROZ,Tata,2021,75524,Diesel,Manual,8103,459000.0,5,Noida
Maruti Alto,Maruti,2021,28538,Petrol,Manual,5508,312000.0,5,Noida
Ford Figo,Ford,2011,75357,Petrol,Manual,5508,89000.0,15,Noida
Maruti Swift Dzire,Maruti,2015,150643,Petrol,Manual,8111,308000.0,11,Noida
Maruti Baleno,Maruti,2018,128319,Petrol,Auto,8520,383000.0,8,Noida
Hyundai Grand i10,Hyundai,2015,80054,Petrol,Manual,7558,287000.0,11,Noida
Hyundai i10,Hyundai,2011,128322,Petrol,Manual,7558,74000.0,15,Noida
Toyota Corolla Altis,Toyota,2011,63975,Petrol,Manual,7558,180000.0,15,Noida
Maruti IGNIS,Maruti,2018,167786,Petrol,Manual,7274,327000.0,8,Noida
Hyundai Creta,Hyundai,2017,64211,Petrol,Manual,11730,600000.0,9,Noida
Hyundai Santro Xing,Hyundai,2012,159834,Petrol,Manual,10751,121000.0,14,Noida
Honda City,Honda,2011,98793,Petrol,Manual,10751,158000.0,15,Noida
Hyundai Santro Xing,Hyundai,2013,153288,Petrol,Manual,4237,90000.0,13,Noida
Maruti Swift Dzire,Maruti,2011,100000,Petrol,Manual,4237,97000.0,15,Noida
Maruti Swift,Maruti,2020,66352,Petrol,Auto,8950,507000.0,6,Noida
Hyundai GRAND I10 NIOS,Hyundai,2021,29638,Petrol,Manual,7502,425000.0,5,Noida
Honda City,Honda,2014,116580,Petrol,Manual,9931,299000.0,12,Noida
Maruti Zen Estilo,Maruti,2011,169998,Petrol,Manual,9931,50000.0,15,Noida
Hyundai VENUE,Hyundai,2021,57986,Petrol,Manual,9532,540000.0,5,Noida
Hyundai Santro Xing,Hyundai,2012,165091,Petrol,Manual,8618,97000.0,14,Noida
Honda BR-V,Honda,2016,63417,Petrol,Manual,7652,344000.0,10,Noida
Ford Figo,Ford,2011,66252,Petrol,Manual,7652,77000.0,15,Noida
Maruti Dzire,Maruti,2022,82754,Petrol,Manual,9656,547000.0,4,Noida
Maruti Swift,Maruti,2010,50020,Petrol,Manual,9656,118000.0,16,Noida
Honda Amaze,Honda,2016,60934,Petrol,Manual,7285,327000.0,10,Noida
Hyundai Grand i10,Hyundai,2016,89841,Petrol,Manual,6028,271000.0,10,Noida
Tata TIGOR,Tata,2018,107944,Petrol,Manual,6607,297000.0,8,Noida
Skoda Fabia,Skoda,2011,56422,Petrol,Manual,6607,97000.0,15,Noida
Maruti Wagon R 1.0,Maruti,2010,999,Petrol,Manual,6607,74000.0,16,Noida
Honda City,Honda,2013,77413,Petrol,Manual,7296,155000.0,13,Noida
Hyundai Elite i20,Hyundai,2020,46915,Petrol,Manual,8279,469000.00000000006,6,Noida
Maruti Wagon R 1.0,Maruti,2015,135781,Petrol,Manual,4503,171000.0,11,Noida
Tata NEXON,Tata,2019,205365,Diesel,Manual,14116,425000.0,7,Noida
Maruti Vitara Brezza,Maruti,2017,262512,Diesel,Manual,40515,455999.99999999994,9,Noida
Honda City,Honda,2011,129267,Petrol,Manual,40515,148000.0,15,Noida
Honda City,Honda,2011,79639,Petrol,Manual,40515,121000.0,15,Noida
Maruti Alto K10,Maruti,2011,1510,Petrol,Manual,40515,100000.0,15,Noida
Maruti Swift Dzire,Maruti,2011,122293,Petrol,Manual,40515,127000.0,15,Noida
Honda Amaze,Honda,2017,71358,Petrol,Manual,6764,346000.0,9,Noida
Maruti Wagon R 1.0,Maruti,2011,42624,Petrol,Manual,6764,135000.0,15,Noida
Volkswagen Vento,Volkswagen,2011,65180,Petrol,Manual,6764,137000.0,15,Noida
Maruti Vitara Brezza,Maruti,2016,123042,Diesel,Manual,6764,468000.0,10,Noida
Toyota Corolla Altis,Toyota,2011,182553,Petrol,Manual,6764,172000.0,15,Noida
Honda City,Honda,2010,93483,Petrol,Auto,6764,132000.0,16,Noida
Nissan Micra,Nissan,2012,151045,Petrol,Manual,7463,84000.0,14,Noida
Hyundai Elite i20,Hyundai,2017,60570,Petrol,Manual,6491,332000.0,9,Noida
Honda City,Honda,2012,72517,Petrol,Manual,12617,142000.0,14,Noida
Honda City,Honda,2011,1,Petrol,Manual,12617,112000.00000000001,15,Noida
Maruti Alto K10,Maruti,2017,41104,Petrol,Auto,4731,242000.0,9,Noida
Ford Ecosport,Ford,2016,95107,Diesel,Manual,4731,266000.0,10,Noida
Honda City,Honda,2011,148248,Petrol,Manual,4731,125000.0,15,Noida
Honda Amaze,Honda,2015,77203,Petrol,Manual,7900,300000.0,11,Noida
Hyundai i10,Hyundai,2011,69572,Petrol,Manual,7900,65000.0,15,Noida
Hyundai Grand i10,Hyundai,2014,47126,Petrol,Manual,7473,225000.0,12,Noida
Maruti A Star,Maruti,2011,71813,Petrol,Manual,7473,80000.0,15,Noida
Maruti Wagon R 1.0,Maruti,2011,40920,Petrol,Manual,7473,106000.0,15,Noida
Hyundai Accent,Hyundai,2012,112332,Petrol,Manual,8352,94000.0,14,Noida
Maruti Swift,Maruti,2011,166609,Petrol,Manual,8352,106000.0,15,Noida
Hyundai Elite i20,Hyundai,2015,76837,Petrol,Manual,9849,374000.0,11,Noida
Maruti Wagon R 1.0,Maruti,2011,66062,Petrol,Manual,9849,83000.0,15,Noida
Toyota Etios Liva,Toyota,2017,26481,Petrol,Manual,6725,344000.0,9,Noida
Honda City,Honda,2011,80441,Petrol,Manual,6725,160000.0,15,Noida
Maruti Wagon R 1.0,Maruti,2011,31056,Petrol,Manual,6725,115999.99999999999,15,Noida
Maruti Swift Dzire,Maruti,2016,72876,Petrol,Manual,6785,305000.0,10,Noida
Hyundai Santro Xing,Hyundai,2010,28481,Petrol,Manual,6785,63000.0,16,Noida
Maruti Swift Dzire,Maruti,2015,97977,Petrol,Manual,9164,348000.0,11,Noida
Honda Civic,Honda,2012,113785,Petrol,Manual,13772,155000.0,14,Noida
Maruti S PRESSO,Maruti,2020,38489,Petrol,Manual,6973,395000.0,6,Noida
Maruti Wagon R 1.0,Maruti,2012,72742,Petrol,Manual,18658,210000.0,14,Noida
Honda City,Honda,2012,138141,Petrol,Manual,13150,148000.0,14,Noida
Volkswagen Polo,Volkswagen,2020,31353,Petrol,Manual,13010,737000.0,6,Noida
Hyundai Santro Xing,Hyundai,2011,57878,Petrol,Manual,13010,80000.0,15,Noida
Hyundai Grand i10,Hyundai,2014,48090,Petrol,Manual,7008,211000.0,12,Noida
Chevrolet Beat,Chevrolet,2011,92950,Petrol,Manual,7008,63000.0,15,Noida
Maruti Celerio,Maruti,2014,91251,Petrol,Manual,5765,174000.0,12,Noida
Hyundai i10,Hyundai,2013,116873,Petrol,Manual,6881,146000.0,13,Noida
Maruti Dzire,Maruti,2019,89704,Petrol,Manual,6618,375000.0,7,Noida
Honda City,Honda,2015,147795,Petrol,Auto,11166,424000.0,11,Noida
Hyundai Elite i20,Hyundai,2019,54429,Petrol,Manual,7997,453000.0,7,Noida
Hyundai Santro Xing,Hyundai,2011,106403,Petrol,Manual,7997,68000.0,15,Noida
Maruti Vitara Brezza,Maruti,2016,65491,Diesel,Manual,7997,409999.99999999994,10,Noida
Maruti Wagon R 1.0,Maruti,2014,183440,Petrol,Manual,5447,164000.0,12,Noida
Maruti Eeco,Maruti,2016,241952,Petrol,Manual,4026,181000.0,10,Noida
Chevrolet Beat,Chevrolet,2012,86000,Petrol,Manual,6042,68000.0,14,Noida
Honda Amaze,Honda,2016,144558,Petrol,Manual,5383,242000.0,10,Noida
Hyundai Grand i10,Hyundai,2016,67040,Petrol,Manual,5583,250999.99999999997,10,Noida
Hyundai Santro Xing,Hyundai,2011,95495,Petrol,Manual,5583,84000.0,15,Noida
Hyundai Grand i10,Hyundai,2016,60189,Petrol,Manual,6429,289000.0,10,Noida
Maruti Baleno,Maruti,2022,53247,Petrol,Manual,8897,504000.0,4,Noida
Honda Brio,Honda,2012,44081,Petrol,Manual,11550,130000.0,14,Noida
Hyundai Grand i10,Hyundai,2019,29322,Petrol,Manual,6196,351000.0,7,Noida
Tata NEXON,Tata,2020,50703,Petrol,Auto,13240,750000.0,6,Noida
KIA SELTOS,KIA,2020,79954,Petrol,Manual,11916,675000.0,6,Noida
Maruti Swift,Maruti,2017,135991,Petrol,Manual,6451,290000.0,9,Noida
Honda City,Honda,2011,119837,Petrol,Manual,6451,135000.0,15,Noida
Hyundai i20,Hyundai,2011,113572,Petrol,Manual,6451,123000.0,15,Noida
Mahindra XUV500,Mahindra,2018,148556,Diesel,Manual,26691,567000.0,8,Noida
Maruti Swift,Maruti,2011,70913,Petrol,Manual,26691,112000.00000000001,15,Noida
Maruti Ertiga,Maruti,2012,192484,Petrol,Manual,19724,222000.00000000003,14,Noida
Maruti Baleno,Maruti,2016,190056,Petrol,Manual,6673,300000.0,10,Noida
Mahindra XUV500,Mahindra,2017,116700,Diesel,Auto,50555,569000.0,9,Noida
Maruti Alto,Maruti,2011,55806,Petrol,Manual,50555,82000.0,15,Noida
Honda Amaze,Honda,2016,54104,Petrol,Manual,6006,270000.0,10,Noida
Toyota Etios,Toyota,2011,65045,Petrol,Manual,6006,100000.0,15,Noida
Honda City,Honda,2017,103574,Diesel,Manual,37494,422000.0,9,Noida
Honda City,Honda,2015,110575,Petrol,Manual,11850,450000.0,11,Noida
Mahindra Scorpio,Mahindra,2019,52728,Diesel,Manual,36013,1100000.0,7,Noida
Tata NEXON,Tata,2018,98298,Diesel,Auto,21183,450000.0,8,Noida
Maruti Alto K10,Maruti,2011,88807,Petrol,Manual,21183,97000.0,15,Noida
Tata ALTROZ,Tata,2020,72220,Petrol,Manual,6161,349000.0,6,Noida
Renault TRIBER,Renault,2020,54688,Petrol,Auto,7467,423000.00000000006,6,Noida
Hyundai Grand i10,Hyundai,2016,107868,Petrol,Manual,5984,269000.0,10,Noida
Maruti Alto,Maruti,2012,63161,Petrol,Manual,7730,87000.0,14,Noida
Hyundai i20,Hyundai,2011,154455,Petrol,Manual,7730,84000.0,15,Noida
Maruti Swift,Maruti,2015,104357,Petrol,Manual,7031,267000.0,11,Noida
Maruti Baleno,Maruti,2018,43507,Petrol,Manual,7132,404000.0,8,Noida
Hyundai i10,Hyundai,2011,62556,Petrol,Manual,7132,85000.0,15,Noida
Maruti Swift,Maruti,2012,96350,Petrol,Manual,14660,165000.0,14,Noida
Chevrolet Beat,Chevrolet,2012,32097,Petrol,Manual,6397,72000.0,14,Noida
Renault TRIBER,Renault,2019,50490,Petrol,Manual,7043,399000.0,7,Noida
Volkswagen Vento,Volkswagen,2011,70000,Petrol,Manual,7043,135000.0,15,Noida
Maruti Ertiga,Maruti,2012,76523,Petrol,Manual,24433,275000.0,14,Noida
Maruti Vitara Brezza,Maruti,2018,88450,Diesel,Auto,25090,533000.0,8,Noida
Maruti Ritz,Maruti,2011,110000,Petrol,Manual,25090,81000.0,15,Noida
Hyundai Santro Xing,Hyundai,2013,88420,Petrol,Manual,5178,110000.00000000001,13,Noida
Maruti Alto,Maruti,2020,17073,Petrol,Manual,5261,298000.0,6,Noida
Maruti Swift Dzire,Maruti,2011,113891,Petrol,Manual,5261,124000.0,15,Noida
Hyundai i20,Hyundai,2014,54483,Petrol,Manual,8304,250000.0,12,Noida
Maruti Dzire,Maruti,2017,114761,Diesel,Manual,8230,370000.0,9,Noida
Honda WR-V,Honda,2019,42424,Petrol,Manual,9532,540000.0,7,Noida
Hyundai i10,Hyundai,2012,89028,Petrol,Manual,7819,88000.0,14,Noida
Maruti Ritz,Maruti,2013,92786,Petrol,Manual,7720,164000.0,13,Noida
Maruti New Wagon-R,Maruti,2021,68018,Petrol,Manual,6708,380000.0,5,Noida
Honda City,Honda,2012,100000,Petrol,Manual,19102,215000.0,14,Noida
Ford Ecosport,Ford,2016,67317,Diesel,Manual,19102,300000.0,10,Noida
Maruti Celerio,Maruti,2018,148226,Petrol,Manual,6451,290000.0,8,Noida
Honda City,Honda,2011,94669,Petrol,Manual,6451,131000.0,15,Noida
Hyundai i20,Hyundai,2013,113740,Petrol,Manual,7908,168000.0,13,Noida
Tata PUNCH,Tata,2024,26635,Petrol,Manual,11298,640000.0,2,Noida
Honda City,Honda,2011,101845,Petrol,Manual,11298,164000.0,15,Noida
Maruti Baleno,Maruti,2019,93986,Petrol,Manual,6620,375000.0,7,Noida
Maruti Celerio,Maruti,2016,143237,Petrol,Manual,5450,245000.00000000003,10,Noida
Hyundai NEW I20,Hyundai,2022,56587,Petrol,Auto,10239,580000.0,4,Noida
Maruti Vitara Brezza,Maruti,2019,90785,Diesel,Manual,17205,518000.0,7,Noida
Ford Ecosport,Ford,2017,104947,Diesel,Manual,27543,310000.0,9,Noida
Tata NEXON,Tata,2022,56000,Petrol,Manual,10450,592000.0,4,Noida
Maruti Swift,Maruti,2016,90224,Petrol,Manual,5895,265000.0,10,Noida
Maruti Swift,Maruti,2015,82002,Petrol,Manual,7979,303000.0,11,Noida
Honda City,Honda,2018,74898,Petrol,Manual,9515,539000.0,8,Noida
Honda Amaze,Honda,2015,77169,Petrol,Manual,5293,200999.99999999997,11,Noida
Maruti Alto,Maruti,2012,62554,Petrol,Manual,6575,74000.0,14,Noida
Honda Amaze,Honda,2016,80000,Petrol,Manual,5784,260000.0,10,Noida
Maruti Celerio,Maruti,2015,44216,Petrol,Manual,7610,289000.0,11,Noida
Honda City,Honda,2012,98899,Petrol,Manual,13772,155000.0,14,Noida
Maruti Baleno,Maruti,2016,113167,Petrol,Manual,6740,303000.0,10,Noida
Ford Ecosport,Ford,2018,58675,Petrol,Auto,9320,419000.00000000006,8,Noida
Mahindra MARAZZO,Mahindra,2019,42676,Diesel,Manual,19663,592000.0,7,Noida
Maruti Swift,Maruti,2016,24608,Petrol,Manual,7318,329000.0,10,Noida
Tata Tiago,Tata,2021,17500,Petrol,Manual,6708,380000.0,5,Noida
Maruti Alto K10,Maruti,2016,14493,Petrol,Manual,5895,265000.0,10,Noida
Maruti Baleno,Maruti,2022,31906,Petrol,Manual,8809,499000.0,4,Noida
Maruti Alto K10,Maruti,2011,74184,Petrol,Manual,8809,75000.0,15,Noida
Maruti Ritz,Maruti,2011,71537,Petrol,Manual,8809,93000.0,15,Noida
Honda City,Honda,2012,86852,Petrol,Auto,15726,177000.0,14,Noida
Mahindra Scorpio,Mahindra,2019,37603,Diesel,Manual,40923,1250000.0,7,Noida
Maruti Swift,Maruti,2015,93073,Petrol,Manual,7637,290000.0,11,Noida
Maruti Wagon R 1.0,Maruti,2011,60241,Petrol,Manual,7637,90000.0,15,Noida
Maruti Wagon R 1.0,Maruti,2011,132545,Petrol,Manual,7637,97000.0,15,Noida
Mahindra XUV500,Mahindra,2018,63512,Diesel,Manual,38218,819999.9999999999,8,Noida
Hyundai i10,Hyundai,2011,95000,Petrol,Manual,38218,79000.0,15,Noida
Honda City,Honda,2014,99969,Petrol,Manual,11359,342000.0,12,Noida
Honda WR-V,Honda,2017,73881,Diesel,Manual,34296,386000.0,9,Noida
Hyundai i10,Hyundai,2011,39676,Petrol,Manual,34296,91000.0,15,Noida
Maruti Wagon R 1.0,Maruti,2011,133787,Petrol,Manual,34296,79000.0,15,Noida
Maruti Ritz,Maruti,2011,39361,Petrol,Manual,34296,100000.0,15,Noida
Maruti Baleno,Maruti,2019,98427,Petrol,Manual,8209,465000.00000000006,7,Noida
Maruti Ciaz,Maruti,2018,51714,Petrol,Manual,9003,509999.99999999994,8,Noida
Hyundai Creta,Hyundai,2016,900001,Petrol,Manual,12279,552000.0,10,Noida
Hyundai Verna,Hyundai,2014,41885,Petrol,Manual,13618,409999.99999999994,12,Noida
Toyota Etios Liva,Toyota,2011,121836,Petrol,Manual,13618,142000.0,15,Noida
Renault TRIBER,Renault,2023,83484,Petrol,Manual,7538,426999.99999999994,3,Noida
Hyundai Santro Xing,Hyundai,2013,28822,Petrol,Manual,5884,125000.0,13,Noida
Honda Amaze,Honda,2017,120000,Petrol,Manual,5984,269000.0,9,Noida
Hyundai Santro Xing,Hyundai,2011,137591,Petrol,Manual,5984,73000.0,15,Noida
Hyundai Verna,Hyundai,2011,127118,Petrol,Manual,5984,144000.0,15,Noida
Tata NEXON,Tata,2024,11084,Petrol,Auto,14554,850000.0,2,Noida
Chevrolet Aveo,Chevrolet,2011,100000,Petrol,Manual,14554,48000.0,15,Noida
Maruti Vitara Brezza,Maruti,2017,32158,Diesel,Manual,46468,523000.00000000006,9,Noida
Toyota Corolla Altis,Toyota,2011,86226,Petrol,Manual,46468,135000.0,15,Noida
Maruti Wagon R 1.0,Maruti,2017,22507,Petrol,Auto,6452,330000.0,9,Noida
Mahindra TUV300,Mahindra,2017,24990,Diesel,Manual,42470,478000.0,9,Noida
Maruti Celerio,Maruti,2019,118685,Petrol,Manual,6651,299000.0,7,Noida
Tata PUNCH,Tata,2024,4190,Petrol,Auto,14468,844999.9999999999,2,Noida
Hyundai i10,Hyundai,2011,36999,Petrol,Manual,14468,94000.0,15,Noida
Maruti Wagon R 1.0,Maruti,2016,123497,Petrol,Manual,3782,170000.0,10,Noida
Toyota URBAN CRUISER,Toyota,2022,65665,Petrol,Auto,10433,591000.0,4,Noida
Tata ALTROZ,Tata,2024,27877,Petrol,Manual,11404,646000.0,2,Noida
Maruti Alto,Maruti,2010,102473,Petrol,Manual,11404,73000.0,16,Noida
Maruti Ritz,Maruti,2013,113125,Petrol,Manual,6920,147000.0,13,Noida
Maruti Wagon R 1.0,Maruti,2018,52085,Petrol,Manual,5472,310000.0,8,Noida
Honda Brio,Honda,2012,34981,Petrol,Manual,13683,154000.0,14,Noida
Hyundai Grand i10,Hyundai,2016,51150,Petrol,Manual,6451,290000.0,10,Noida
Hyundai Santro Xing,Hyundai,2013,95531,Petrol,Manual,5131,109000.00000000001,13,Noida
Mahindra SCORPIO-N,Mahindra,2023,60012,Diesel,Auto,33440,1953000.0,3,Noida
Mahindra XUV500,Mahindra,2018,121348,Diesel,Manual,37985,815000.0,8,Noida
Maruti Ciaz,Maruti,2017,115797,Diesel,Manual,27543,310000.0,9,Noida
Maruti Ciaz,Maruti,2016,47492,Petrol,Manual,9031,405999.99999999994,10,Noida
Tata Tiago,Tata,2022,101444,Petrol,Manual,10744,483000.0,4,Noida
Maruti Dzire,Maruti,2018,78629,Petrol,Manual,8897,504000.0,8,Noida
Maruti Swift,Maruti,2017,46406,Petrol,Manual,5865,300000.0,9,Noida
Hyundai Grand i10,Hyundai,2017,131225,Petrol,Manual,5850,263000.0,9,Noida
Honda Jazz,Honda,2018,72739,Petrol,Auto,6178,350000.0,8,Noida
Maruti Wagon R 1.0,Maruti,2016,29668,Petrol,Manual,5895,265000.0,10,Noida
Honda City,Honda,2012,87789,Petrol,Manual,17947,202000.0,14,Noida
Toyota Etios,Toyota,2016,93640,Petrol,Manual,5761,259000.0,10,Noida
Mahindra XUV500,Mahindra,2018,78053,Diesel,Manual,43112,925000.0,8,Noida
Hyundai i10,Hyundai,2011,117033,Petrol,Manual,43112,71000.0,15,Noida
Maruti Ciaz,Maruti,2016,69928,Petrol,Manual,8475,381000.0,10,Noida
Honda City,Honda,2012,241500,Petrol,Manual,13772,155000.0,14,Noida
Maruti Ritz,Maruti,2011,46319,Petrol,Manual,13772,80000.0,15,Noida
Honda City,Honda,2011,93830,Petrol,Manual,13772,165000.0,15,Noida
Honda Jazz,Honda,2011,56154,Petrol,Manual,13772,99000.0,15,Noida
Maruti Swift,Maruti,2015,51590,Petrol,Manual,8301,315000.0,11,Noida
Maruti Wagon R 1.0,Maruti,2012,90061,Petrol,Manual,9596,108000.0,14,Noida
Maruti Celerio,Maruti,2014,116571,Petrol,Auto,6842,206000.0,12,Noida
Honda Amaze,Honda,2017,137452,Petrol,Manual,6651,299000.0,9,Noida
Mahindra SCORPIO-N,Mahindra,2023,113670,Diesel,Auto,46551,2141000.0,3,Noida
Mahindra Scorpio,Mahindra,2017,44389,Diesel,Manual,61039,687000.0,9,Noida
Maruti Swift,Maruti,2017,55194,Diesel,Manual,28609,322000.0,9,Noida
Hyundai i10,Hyundai,2011,96770,Petrol,Manual,28609,118000.0,15,Noida
Maruti Ciaz,Maruti,2017,39599,Petrol,Manual,8055,412000.0,9,Noida
Toyota Corolla Altis,Toyota,2011,63077,Petrol,Manual,8055,184000.0,15,Noida
Hyundai Eon,Hyundai,2013,79115,Petrol,Manual,3954,84000.0,13,Noida
Hyundai Santro Xing,Hyundai,2014,93216,Petrol,Manual,6178,186000.0,12,Noida
Honda City,Honda,2015,81296,Petrol,Manual,10455,397000.0,11,Noida
Hyundai i20,Hyundai,2011,58130,Petrol,Manual,10455,106000.0,15,Noida
Maruti Zen Estilo,Maruti,2011,165374,Petrol,Manual,10455,75000.0,15,Noida
Tata NEXON,Tata,2018,152116,Petrol,Manual,8408,378000.0,8,Noida
Hyundai Santro Xing,Hyundai,2011,68863,Petrol,Manual,8408,76000.0,15,Noida
Hyundai Elite i20,Hyundai,2019,64959,Petrol,Manual,8279,469000.00000000006,7,Noida
Maruti Ritz,Maruti,2011,61900,Petrol,Manual,8279,128000.0,15,Noida
Mahindra XUV500,Mahindra,2018,75919,Diesel,Manual,36764,781000.0,8,Noida
Hyundai Elite i20,Hyundai,2016,44254,Petrol,Manual,6985,314000.0,10,Noida
Skoda Rapid,Skoda,2017,56666,Petrol,Manual,9658,494000.00000000006,9,Noida
Honda City,Honda,2012,70635,Petrol,Manual,17770,200000.0,14,Noida
Maruti Ertiga,Maruti,2013,82331,Petrol,Manual,15958,339000.0,13,Noida
Maruti Ertiga,Maruti,2020,51893,Petrol,Manual,12357,700000.0,6,Noida
Ford Figo Aspire,Ford,2016,145244,Diesel,Manual,12357,200000.0,10,Noida
Maruti Vitara Brezza,Maruti,2018,170720,Diesel,Manual,18547,394000.0,8,Noida
Honda City,Honda,2012,66742,Petrol,Manual,12617,142000.0,14,Noida
Maruti Dzire,Maruti,2017,125726,Petrol,Auto,9044,407000.0,9,Noida
Hyundai Grand i10,Hyundai,2016,53843,Petrol,Manual,6228,280000.0,10,Noida
Hyundai Santro Xing,Hyundai,2011,154575,Petrol,Manual,6228,84000.0,15,Noida
Hyundai Santro Xing,Hyundai,2012,64258,Petrol,Manual,9329,105000.0,14,Noida
Hyundai i20,Hyundai,2011,96356,Petrol,Manual,9329,85000.0,15,Noida
Toyota Innova Crysta,Toyota,2017,160348,Diesel,Manual,95010,1075000.0,9,Noida
Tata NEXON,Tata,2018,83137,Petrol,Manual,7096,401999.99999999994,8,Noida
Honda City,Honda,2018,66290,Petrol,Manual,8756,496000.0,8,Noida
Mahindra XUV500,Mahindra,2016,98898,Diesel,Manual,8756,401000.0,10,Noida
Toyota Etios Liva,Toyota,2011,102917,Petrol,Manual,8756,110000.00000000001,15,Noida
Maruti Celerio,Maruti,2014,75609,Petrol,Auto,7473,225000.0,12,Noida
Maruti Wagon R 1.0,Maruti,2011,97231,Petrol,Manual,7473,81000.0,15,Noida
Hyundai Elite i20,Hyundai,2019,112055,Diesel,Manual,17072,513999.99999999994,7,Noida
Honda Brio,Honda,2013,70061,Petrol,Manual,7014,149000.0,13,Noida
Hyundai i20,Hyundai,2011,94684,Petrol,Manual,7014,79000.0,15,Noida
Tata ALTROZ,Tata,2021,105051,Diesel,Manual,9699,436000.00000000006,5,Noida
Maruti Celerio,Maruti,2016,43881,Petrol,Auto,8008,360000.0,10,Noida
Maruti Swift,Maruti,2020,13860,Petrol,Manual,9956,564000.0,6,Noida
Maruti Baleno,Maruti,2016,113092,Petrol,Manual,6896,310000.0,10,Noida
Maruti Swift Dzire,Maruti,2011,46818,Petrol,Manual,6896,103000.0,15,Noida
Renault Kwid,Renault,2018,80148,Petrol,Auto,3884,220000.00000000003,8,Noida
Honda Brio,Honda,2015,83546,Petrol,Manual,5925,225000.0,11,Noida
Hyundai Creta,Hyundai,2025,10556,Petrol,Manual,18852,1101000.0,1,Noida
Hyundai Verna,Hyundai,2011,142597,Petrol,Manual,18852,141000.0,15,Noida
Hyundai Grand i10,Hyundai,2016,36964,Petrol,Manual,6807,306000.0,10,Noida
Nissan Micra,Nissan,2011,102570,Petrol,Manual,6807,85000.0,15,Noida
Hyundai Elite i20,Hyundai,2019,54913,Petrol,Manual,7911,448000.00000000006,7,Noida
Hyundai NEW I20,Hyundai,2022,25224,Petrol,Manual,11192,634000.0,4,Noida
Toyota Etios,Toyota,2011,124449,Petrol,Manual,11192,129000.0,15,Noida
Tata NEXON,Tata,2021,53432,Petrol,Manual,11121,630000.0,5,Noida
Maruti SX4,Maruti,2013,90288,Petrol,Manual,7249,154000.0,13,Noida
Renault TRIBER,Renault,2022,28760,Petrol,Manual,7700,436000.00000000006,4,Noida
Honda City,Honda,2014,48000,Petrol,Manual,9466,285000.0,12,Noida
Maruti Vitara Brezza,Maruti,2021,104861,Petrol,Manual,11701,526000.0,5,Noida
Honda Brio,Honda,2011,198983,Petrol,Manual,11701,106000.0,15,Noida
Hyundai Xcent,Hyundai,2015,100951,Petrol,Manual,4529,172000.0,11,Noida
Hyundai Santro Xing,Hyundai,2011,44975,Petrol,Manual,4529,87000.0,15,Noida
Hyundai Elite i20,Hyundai,2015,104313,Petrol,Manual,7163,272000.0,11,Noida
Honda City,Honda,2015,101622,Petrol,Manual,8716,331000.0,11,Noida
Tata Harrier,Tata,2022,43528,Diesel,Manual,22993,1208000.0,4,Noida
Tata NEXON,Tata,2022,32133,Petrol,Auto,14126,825000.0,4,Noida
Maruti Wagon R 1.0,Maruti,2011,286754,Petrol,Manual,14126,90000.0,15,Noida
Maruti Swift,Maruti,2011,102392,Petrol,Manual,14126,110000.00000000001,15,Noida
Skoda SLAVIA,Skoda,2023,9718,Petrol,Auto,22156,1294000.0,3,Noida
Hyundai Santro Xing,Hyundai,2011,73879,Petrol,Manual,22156,89000.0,15,Noida
Skoda Fabia,Skoda,2011,106314,Petrol,Manual,22156,84000.0,15,Noida
Hyundai Grand i10,Hyundai,2017,110185,Petrol,Manual,6651,299000.0,9,Noida
Mahindra TUV300,Mahindra,2016,90059,Diesel,Manual,6651,405999.99999999994,10,Noida
Maruti SX4,Maruti,2011,210061,Petrol,Manual,6651,90000.0,15,Noida
Maruti Wagon R 1.0,Maruti,2012,160733,Petrol,Manual,10573,119000.0,14,Noida
Maruti Wagon R 1.0,Maruti,2010,72616,Petrol,Manual,10573,72000.0,16,Noida
Tata Tiago,Tata,2022,68016,Petrol,Manual,7750,438999.99999999994,4,Noida
Maruti A Star,Maruti,2010,79207,Petrol,Manual,7750,63000.0,16,Noida
Maruti New Wagon-R,Maruti,2019,102500,Petrol,Manual,7229,325000.0,7,Noida
Maruti Alto,Maruti,2012,37728,Petrol,Manual,8263,93000.0,14,Noida
Tata PUNCH,Tata,2022,51967,Petrol,Manual,9338,529000.0,4,Noida
Volkswagen Polo,Volkswagen,2011,153001,Petrol,Manual,9338,112999.99999999999,15,Noida
Maruti Zen Estilo,Maruti,2010,105042,Petrol,Manual,9338,61000.0,16,Noida
Honda Jazz,Honda,2015,43235,Petrol,Auto,7637,290000.0,11,Noida
Maruti Swift,Maruti,2020,109748,Petrol,Manual,8720,392000.0,6,Noida
Maruti Baleno,Maruti,2022,13275,Petrol,Manual,9179,520000.0,4,Noida
Volkswagen Polo,Volkswagen,2011,126679,Petrol,Manual,9179,111000.00000000001,15,Noida
Tata Tiago,Tata,2019,91932,Diesel,Manual,8304,250000.0,7,Noida
Hyundai GRAND I10 NIOS,Hyundai,2022,29802,Petrol,Manual,8985,509000.0,4,Noida
Maruti Wagon R 1.0,Maruti,2011,90119,Petrol,Manual,8985,91000.0,15,Noida
Honda City,Honda,2011,56754,Petrol,Auto,8985,182000.0,15,Noida
Hyundai Santro Xing,Hyundai,2012,109526,Petrol,Manual,8174,92000.0,14,Noida
Maruti Vitara Brezza,Maruti,2016,96789,Diesel,Manual,8174,316000.0,10,Noida
Ford New Figo,Ford,2017,105693,Diesel,Manual,21235,239000.0,9,Noida
Maruti Swift,Maruti,2022,64312,Petrol,Manual,8332,472000.0,4,Noida
Maruti Swift Dzire,Maruti,2017,98394,Diesel,Manual,25322,285000.0,9,Noida
Maruti Swift,Maruti,2011,41394,Petrol,Manual,25322,85000.0,15,Noida
Hyundai Santro Xing,Hyundai,2013,86863,Petrol,Manual,5319,112999.99999999999,13,Noida
Hyundai Santro Xing,Hyundai,2013,113345,Petrol,Manual,4472,95000.0,13,Noida
Honda City,Honda,2015,50905,Petrol,Manual,13615,517000.0,11,Noida
Maruti Baleno,Maruti,2018,77373,Petrol,Manual,5702,323000.0,8,Noida
Renault Kwid,Renault,2019,51392,Petrol,Manual,4802,272000.0,7,Noida
Maruti Ertiga,Maruti,2012,174378,Petrol,Manual,23367,263000.0,14,Noida
KIA SELTOS,KIA,2023,43506,Petrol,Manual,15068,880000.0000000001,3,Noida
Chevrolet Cruze,Chevrolet,2016,93600,Diesel,Auto,15068,382000.0,10,Noida
Maruti Baleno,Maruti,2019,23107,Petrol,Manual,7185,407000.0,7,Noida
Maruti Swift,Maruti,2021,40847,Petrol,Manual,7997,453000.0,5,Noida
Tata NEXON,Tata,2018,57855,Diesel,Auto,21042,447000.0,8,Noida
Maruti Swift,Maruti,2019,30332,Petrol,Manual,7908,448000.00000000006,7,Noida
Hyundai Accent,Hyundai,2011,116597,Petrol,Manual,7908,75000.0,15,Noida
Hyundai Santro Xing,Hyundai,2011,120512,Petrol,Manual,7908,63000.0,15,Noida
Nissan MAGNITE,Nissan,2023,19390,Petrol,Manual,8720,494000.00000000006,3,Noida
Nissan Kicks,Nissan,2019,75427,Diesel,Manual,14116,425000.0,7,Noida
Maruti Baleno,Maruti,2016,130795,Petrol,Manual,6673,300000.0,10,Noida
Mahindra MARAZZO,Mahindra,2019,341397,Diesel,Manual,12455,375000.0,7,Noida
Hyundai Santro Xing,Hyundai,2011,121551,Petrol,Manual,12455,75000.0,15,Noida
Maruti S Cross,Maruti,2016,39180,Diesel,Manual,12455,335000.0,10,Noida
Tata NEXON,Tata,2022,59550,Petrol,Manual,15579,910000.0,4,Noida
Maruti Baleno,Maruti,2023,15983,Petrol,Manual,12092,685000.0,3,Noida
Hyundai i10,Hyundai,2011,117222,Petrol,Manual,12092,93000.0,15,Noida
Hyundai VENUE,Hyundai,2024,12553,Petrol,Manual,13852,809000.0,2,Noida
Maruti Swift,Maruti,2011,45480,Petrol,Manual,13852,123000.0,15,Noida
Renault Duster,Renault,2017,76765,Diesel,Auto,43003,484000.0,9,Noida
Tata NEXON,Tata,2025,15175,Petrol,Manual,16164,944000.0,1,Noida
Ford Figo Aspire,Ford,2017,149104,Petrol,Manual,5361,241000.0,9,Noida
Maruti Wagon R 1.0,Maruti,2012,100173,Petrol,Manual,9240,104000.0,14,Noida
Hyundai Creta,Hyundai,2025,6238,Petrol,Auto,26728,1561000.0,1,Noida
Hyundai i10,Hyundai,2011,87869,Petrol,Manual,26728,91000.0,15,Noida
Toyota Innova Crysta,Toyota,2016,85529,Diesel,Manual,26728,865000.0,10,Noida
Tata TIGOR,Tata,2020,32221,Petrol,Manual,7238,409999.99999999994,6,Noida
Renault Kwid,Renault,2016,97103,Petrol,Manual,3581,161000.0,10,Noida
Maruti Vitara Brezza,Maruti,2016,106452,Diesel,Manual,3581,475000.0,10,Noida
Honda City,Honda,2012,82417,Petrol,Manual,16526,186000.0,14,Noida
Maruti Swift,Maruti,2011,196189,Petrol,Manual,16526,126000.0,15,Noida
Maruti Dzire,Maruti,2019,108934,Petrol,Auto,11078,498000.00000000006,7,Noida
Maruti Baleno,Maruti,2018,37500,Petrol,Manual,7379,418000.0,8,Noida
Toyota Corolla Altis,Toyota,2011,119916,Petrol,Manual,7379,164000.0,15,Noida
Hyundai Eon,Hyundai,2012,94507,Petrol,Manual,7463,84000.0,14,Noida
Maruti Wagon R 1.0,Maruti,2012,212043,Petrol,Manual,11195,126000.0,14,Noida
Hyundai Santro Xing,Hyundai,2012,73457,Petrol,Manual,8085,91000.0,14,Noida
Toyota Glanza,Toyota,2022,16926,Petrol,Manual,9568,542000.0,4,Noida
Mahindra Scorpio,Mahindra,2021,44273,Diesel,Manual,25460,1171000.0,5,Noida
Maruti Dzire,Maruti,2018,181005,Petrol,Auto,10766,484000.0,8,Noida
Maruti Swift Dzire,Maruti,2011,110454,Petrol,Manual,10766,103000.0,15,Noida
Maruti Alto 800,Maruti,2015,138426,Petrol,Manual,4240,161000.0,11,Noida
Maruti Wagon R 1.0,Maruti,2012,84368,Petrol,Manual,12528,141000.0,14,Noida
Maruti Ciaz,Maruti,2016,103870,Petrol,Manual,8275,372000.0,10,Noida
Maruti Swift,Maruti,2021,97621,Petrol,Manual,8209,465000.00000000006,5,Noida
Tata Tiago,Tata,2018,151121,Petrol,Manual,5517,248000.0,8,Noida
Honda Brio,Honda,2011,81013,Petrol,Manual,5517,113999.99999999999,15,Noida
Ford Ecosport,Ford,2016,55770,Petrol,Manual,7341,330000.0,10,Noida
Mahindra XUV700,Mahindra,2022,30874,Diesel,Auto,35384,1859000.0,4,Noida
Mahindra XUV300,Mahindra,2019,44034,Diesel,Manual,19929,600000.0,7,Noida
Maruti Baleno,Maruti,2017,52905,Petrol,Manual,8621,441000.0,9,Noida
Maruti Wagon R 1.0,Maruti,2011,118951,Petrol,Manual,8621,85000.0,15,Noida
Tata TIGOR,Tata,2021,92239,Petrol,Manual,6902,391000.0,5,Noida
Maruti JIMNY,Maruti,2023,62343,Petrol,Manual,16609,969999.9999999999,3,Noida
Maruti Ciaz,Maruti,2016,111785,Diesel,Manual,16609,337000.0,10,Noida
Hyundai i20,Hyundai,2011,88116,Petrol,Manual,16609,75000.0,15,Noida
Jeep Compass,Jeep,2017,59245,Diesel,Manual,64860,730000.0,9,Noida
Hyundai Verna,Hyundai,2019,67663,Petrol,Manual,11668,661000.0,7,Noida
Hyundai Grand i10,Hyundai,2016,64617,Petrol,Manual,6740,303000.0,10,Noida
Hyundai i20,Hyundai,2011,78850,Petrol,Manual,6740,82000.0,15,Noida
Maruti Celerio,Maruti,2019,180173,Petrol,Manual,7051,317000.0,7,Noida
Honda City,Honda,2015,81425,Petrol,Auto,9138,347000.0,11,Noida
Maruti Baleno,Maruti,2015,172802,Petrol,Manual,7558,287000.0,11,Noida
Honda City,Honda,2012,99455,Petrol,Manual,14927,168000.0,14,Noida
Honda City,Honda,2011,96647,Petrol,Manual,14927,129000.0,15,Noida
Honda City,Honda,2012,77206,Petrol,Manual,15104,170000.0,14,Noida
Maruti Wagon R 1.0,Maruti,2014,155261,Petrol,Manual,4982,150000.0,12,Noida
Hyundai i20,Hyundai,2011,76048,Petrol,Manual,4982,95000.0,15,Noida
Hyundai Grand i10,Hyundai,2017,119845,Petrol,Manual,5539,249000.00000000003,9,Noida
Maruti Baleno,Maruti,2016,67974,Petrol,Manual,7852,353000.0,10,Noida
Maruti Baleno,Maruti,2016,120009,Petrol,Manual,6584,296000.0,10,Noida
Maruti Wagon R 1.0,Maruti,2011,27336,Petrol,Manual,6584,103000.0,15,Noida
Ford Figo Aspire,Ford,2019,92538,Petrol,Manual,5755,326000.0,7,Noida
Honda City,Honda,2011,85658,Petrol,Manual,5755,155000.0,15,Noida
Tata Harrier,Tata,2022,59400,Diesel,Auto,26115,1372000.0,4,Noida
Maruti Ertiga,Maruti,2017,94629,Petrol,Manual,11261,576000.0,9,Noida
Mahindra XUV300,Mahindra,2023,1903,Petrol,Manual,11474,650000.0,3,Noida
Hyundai Elite i20,Hyundai,2015,65488,Petrol,Manual,7637,290000.0,11,Noida
Hyundai AURA,Hyundai,2021,97426,Petrol,Manual,8509,482000.0,5,Noida
Hyundai Verna,Hyundai,2024,15938,Petrol,Auto,25684,1500000.0,2,Noida
Hyundai Grand i10,Hyundai,2015,44764,Petrol,Manual,7900,300000.0,11,Noida
Honda Amaze,Honda,2016,72256,Petrol,Manual,5361,241000.0,10,Noida
Tata Tiago,Tata,2023,27931,Petrol,Manual,7079,401000.0,3,Noida
Maruti New Wagon-R,Maruti,2021,106849,Petrol,Manual,8230,370000.0,5,Noida
Mahindra Scorpio,Mahindra,2019,65745,Diesel,Manual,37650,1150000.0,7,Noida
Hyundai Creta,Hyundai,2018,94392,Diesel,Manual,19677,418000.0,8,Noida
Tata Indica EV2 Xeta,Tata,2011,44738,Petrol,Manual,19677,89000.0,15,Noida
Nissan MAGNITE,Nissan,2024,14440,Petrol,Auto,11121,630000.0,2,Noida
Maruti Swift,Maruti,2015,47375,Petrol,Manual,7874,299000.0,11,Noida
Hyundai GRAND I10 NIOS,Hyundai,2019,39599,Petrol,Manual,7432,421000.0,7,Noida
Toyota Etios,Toyota,2011,68740,Petrol,Manual,7432,99000.0,15,Noida
Maruti Ritz,Maruti,2011,46487,Petrol,Manual,7432,73000.0,15,Noida
Maruti SX4,Maruti,2014,107518,Petrol,Manual,5480,165000.0,12,Noida
Maruti Eeco,Maruti,2011,48235,Petrol,Manual,5480,109000.00000000001,15,Noida
Maruti Alto K10,Maruti,2016,48047,Petrol,Manual,5539,249000.00000000003,10,Noida
Maruti Celerio,Maruti,2014,196106,Petrol,Manual,5879,177000.0,12,Noida
Hyundai i10,Hyundai,2011,21211,Petrol,Manual,5879,100000.0,15,Noida
Maruti Baleno,Maruti,2016,95044,Petrol,Manual,6540,294000.0,10,Noida
Nissan Sunny,Nissan,2011,85734,Petrol,Manual,6540,85000.0,15,Noida
Maruti Swift,Maruti,2011,115972,Petrol,Manual,6540,105000.0,15,Noida
Maruti Baleno,Maruti,2021,53433,Petrol,Manual,7414,420000.0,5,Noida
Maruti Baleno,Maruti,2023,47885,Petrol,Manual,11615,658000.0,3,Noida
Maruti Swift Dzire,Maruti,2012,232312,Petrol,Manual,11995,135000.0,14,Noida
Hyundai i20,Hyundai,2011,54716,Petrol,Manual,11995,94000.0,15,Noida
Maruti Eeco,Maruti,2012,139299,Petrol,Manual,10306,115999.99999999999,14,Noida
Hyundai GRAND I10 NIOS,Hyundai,2021,41267,Petrol,Auto,8562,484999.99999999994,5,Noida
Maruti Ciaz,Maruti,2017,40224,Petrol,Manual,8016,409999.99999999994,9,Noida
Volkswagen Polo,Volkswagen,2011,42872,Petrol,Manual,8016,113999.99999999999,15,Noida
Maruti Swift Dzire,Maruti,2011,96603,Petrol,Manual,8016,115999.99999999999,15,Noida
Maruti Ertiga,Maruti,2023,71365,Petrol,Manual,14879,869000.0,3,Noida
Honda City,Honda,2011,83273,Petrol,Manual,14879,123000.0,15,Noida
Tata NEXON,Tata,2019,87044,Diesel,Manual,14448,434999.99999999994,7,Noida
Honda City,Honda,2011,107447,Petrol,Manual,14448,132000.0,15,Noida
Volvo XC 60,Volvo,2018,257641,Diesel,Auto,97131,2084000.0,8,Noida
Hyundai NEW I20,Hyundai,2021,40476,Petrol,Auto,11510,652000.0,5,Noida
Maruti Vitara Brezza,Maruti,2019,144380,Diesel,Manual,16541,498000.00000000006,7,Noida
Renault Duster,Renault,2017,39077,Diesel,Auto,35540,400000.0,9,Noida
Hyundai Grand i10,Hyundai,2014,79621,Petrol,Manual,6909,208000.0,12,Noida
Honda Amaze,Honda,2017,81598,Petrol,Manual,5474,280000.0,9,Noida
Hyundai Santro Xing,Hyundai,2012,82549,Petrol,Manual,9773,110000.00000000001,14,Noida
Hyundai Creta,Hyundai,2018,59206,Petrol,Manual,9709,550000.0,8,Noida
Ford Ecosport,Ford,2017,51219,Diesel,Manual,8942,401999.99999999994,9,Noida
Maruti Swift Dzire,Maruti,2011,105033,Petrol,Manual,8942,99000.0,15,Noida
Honda City,Honda,2011,49104,Petrol,Manual,8942,158000.0,15,Noida
Hyundai i10,Hyundai,2011,73870,Petrol,Manual,8942,81000.0,15,Noida
Hyundai Santro Xing,Hyundai,2013,175000,Petrol,Manual,4566,97000.0,13,Noida
Hyundai i20 Active,Hyundai,2017,111412,Petrol,Manual,7363,331000.0,9,Noida
Tata ALTROZ,Tata,2020,10448,Petrol,Manual,7644,433000.0,6,Noida
Honda City,Honda,2015,104436,Petrol,Manual,8374,318000.0,11,Noida
Maruti Vitara Brezza,Maruti,2019,58622,Diesel,Auto,16375,493000.0,7,Noida
Hyundai i10,Hyundai,2011,115906,Petrol,Manual,16375,64000.0,15,Noida
Maruti Swift Dzire,Maruti,2011,79349,Petrol,Manual,16375,102000.0,15,Noida
Ford Ecosport,Ford,2019,94219,Diesel,Manual,13286,400000.0,7,Noida
Honda Amaze,Honda,2016,41072,Petrol,Manual,7363,331000.0,10,Noida
Hyundai Elite i20,Hyundai,2016,41810,Petrol,Manual,7474,336000.0,10,Noida
Hyundai Elite i20,Hyundai,2018,100384,Petrol,Manual,8030,361000.0,8,Noida
Honda City,Honda,2012,87386,Petrol,Manual,13327,150000.0,14,Noida
Maruti Swift,Maruti,2011,191795,Petrol,Manual,13327,104000.0,15,Noida
Hyundai AURA,Hyundai,2021,75139,Petrol,Manual,10768,610000.0,5,Noida
Hyundai i10,Hyundai,2010,119931,Petrol,Manual,10768,68000.0,16,Noida
Honda City,Honda,2017,83986,Diesel,Manual,46734,526000.0,9,Noida
Hyundai NEW I20,Hyundai,2022,98831,Diesel,Manual,12512,640000.0,4,Noida
Hyundai Grand i10,Hyundai,2019,91750,Petrol,Manual,7803,442000.0,7,Noida
Hyundai i10,Hyundai,2011,97565,Petrol,Auto,7803,120000.0,15,Noida
Maruti Swift Dzire,Maruti,2011,52845,Petrol,Manual,7803,90000.0,15,Noida
Maruti Swift Dzire,Maruti,2017,70988,Diesel,Manual,39449,444000.00000000006,9,Noida
Maruti FRONX,Maruti,2023,24683,Petrol,Manual,11157,632000.0,3,Noida
Chevrolet Beat,Chevrolet,2011,103481,Petrol,Manual,11157,64000.0,15,Noida
Toyota Etios,Toyota,2011,94092,Petrol,Manual,11157,85000.0,15,Noida
Tata Harrier,Tata,2019,51679,Diesel,Manual,26505,798000.0,7,Noida
Honda Jazz,Honda,2016,133212,Diesel,Manual,26505,254999.99999999997,10,Noida
Jeep Compass,Jeep,2017,107202,Petrol,Auto,17351,780000.0,9,Noida
Toyota Corolla Altis,Toyota,2011,47844,Petrol,Manual,17351,188000.0,15,Noida
Hyundai Santro Xing,Hyundai,2012,110442,Petrol,Manual,8352,94000.0,14,Noida
Mahindra XUV500,Mahindra,2016,118730,Diesel,Manual,8352,373000.0,10,Noida
Hyundai i10,Hyundai,2010,129228,Petrol,Manual,8352,60000.0,16,Noida
Tata Harrier,Tata,2019,59646,Diesel,Manual,24977,752000.0,7,Noida
Mahindra XUV500,Mahindra,2017,99166,Diesel,Manual,54287,611000.0,9,Noida
Tata NEXON,Tata,2025,6889,Petrol,Auto,18835,1100000.0,1,Noida
Maruti Dzire,Maruti,2017,94542,Petrol,Manual,6764,346000.0,9,Noida
Hyundai i10,Hyundai,2013,119275,Petrol,Manual,6496,138000.0,13,Noida
Renault TRIBER,Renault,2024,10341,Petrol,Manual,11898,674000.0,2,Noida
Honda Amaze,Honda,2017,104221,Diesel,Manual,24167,272000.0,9,Noida
Maruti Wagon R 1.0,Maruti,2014,45015,Petrol,Manual,10296,310000.0,12,Noida
Honda Amaze,Honda,2016,91709,Petrol,Manual,5784,260000.0,10,Noida
Hyundai Grand i10,Hyundai,2017,181463,Petrol,Manual,6451,290000.0,9,Noida
Hyundai i20,Hyundai,2011,91898,Petrol,Manual,6451,80000.0,15,Noida
Maruti Swift,Maruti,2015,138328,Petrol,Manual,9112,346000.0,11,Noida
Hyundai Grand i10,Hyundai,2015,90676,Petrol,Manual,6741,256000.0,11,Noida
Maruti Swift,Maruti,2011,83993,Petrol,Manual,6741,98000.0,15,Noida
Renault Duster,Renault,2014,53909,Petrol,Manual,8603,259000.0,12,Noida
Maruti Baleno,Maruti,2021,45486,Petrol,Manual,8314,471000.0,5,Noida
Toyota Etios,Toyota,2011,63392,Petrol,Manual,8314,118000.0,15,Noida
Volkswagen Polo,Volkswagen,2011,105480,Petrol,Manual,8314,115999.99999999999,15,Noida
Hyundai i20,Hyundai,2011,83580,Petrol,Manual,8314,93000.0,15,Noida
Hyundai Santro Xing,Hyundai,2013,98917,Petrol,Manual,4425,94000.0,13,Noida
Maruti Baleno,Maruti,2016,92195,Petrol,Manual,6451,290000.0,10,Noida
Maruti Swift Dzire,Maruti,2011,113281,Petrol,Manual,6451,88000.0,15,Noida
Honda Brio,Honda,2012,90979,Petrol,Manual,10306,115999.99999999999,14,Noida
Maruti Eeco,Maruti,2015,61416,Petrol,Manual,4608,175000.0,11,Noida
Maruti Ertiga,Maruti,2022,124326,Petrol,Manual,19960,918000.0,4,Noida
Maruti Ciaz,Maruti,2019,57283,Petrol,Manual,8985,509000.0,7,Noida
Hyundai i10,Hyundai,2011,28559,Petrol,Manual,8985,78000.0,15,Noida
Maruti Swift,Maruti,2013,3732,Petrol,Manual,14357,305000.0,13,Noida
Skoda SLAVIA,Skoda,2023,42028,Petrol,Auto,19400,1133000.0,3,Noida
Tata NEXON,Tata,2023,70250,Petrol,Auto,18201,1063000.0,3,Noida
Maruti Wagon R 1.0,Maruti,2011,30497,Petrol,Manual,18201,86000.0,15,Noida
Hyundai i10,Hyundai,2011,45972,Petrol,Manual,18201,93000.0,15,Noida
Toyota Corolla Altis,Toyota,2014,185972,Petrol,Manual,9134,275000.0,12,Noida
Maruti Dzire,Maruti,2018,95150,Petrol,Manual,6267,355000.0,8,Noida
Hyundai i20 Active,Hyundai,2015,135600,Diesel,Manual,6267,263000.0,11,Noida
Skoda Fabia,Skoda,2012,105640,Petrol,Manual,7730,87000.0,14,Noida
Honda City,Honda,2011,106695,Petrol,Manual,7730,120000.0,15,Noida
Maruti Swift Dzire,Maruti,2011,108824,Petrol,Manual,7730,139000.0,15,Noida
Maruti Ciaz,Maruti,2019,42718,Petrol,Auto,9938,563000.0,7,Noida
Maruti Dzire,Maruti,2019,45587,Petrol,Manual,8791,498000.00000000006,7,Noida
Honda City,Honda,2015,145255,Petrol,Auto,9259,352000.0,11,Noida
Toyota URBAN CRUISER HYRYDER,Toyota,2022,15137,Petrol,Auto,23115,1350000.0,4,Noida
Maruti Baleno,Maruti,2017,72594,Petrol,Manual,6158,315000.0,9,Noida
Maruti Swift,Maruti,2011,107641,Petrol,Manual,6158,133000.0,15,Noida
Maruti Wagon R 1.0,Maruti,2017,79487,Petrol,Manual,4203,215000.0,9,Noida
Renault Scala,Renault,2013,117060,Petrol,Manual,6449,137000.0,13,Noida
Maruti Ritz,Maruti,2011,103215,Petrol,Manual,6449,81000.0,15,Noida
Maruti SX4,Maruti,2010,327000,Petrol,Manual,6449,77000.0,16,Noida
Hyundai VENUE,Hyundai,2019,48241,Petrol,Auto,9921,562000.0,7,Noida
Renault Duster,Renault,2013,81874,Petrol,Manual,7532,160000.0,13,Noida
Hyundai Creta,Hyundai,2017,70000,Petrol,Manual,11359,581000.0,9,Noida
Ford Ecosport,Ford,2016,74021,Diesel,Manual,11359,405000.0,10,Noida
Maruti New Wagon-R,Maruti,2019,39772,Petrol,Manual,6178,350000.0,7,Noida
Honda City,Honda,2014,26622,Petrol,Manual,9931,299000.0,12,Noida
Maruti Vitara Brezza,Maruti,2017,152131,Diesel,Manual,34029,383000.0,9,Noida
Ford Ecosport,Ford,2016,118024,Petrol,Manual,9254,416000.0,10,Noida
Hyundai i20,Hyundai,2011,82317,Petrol,Manual,9254,92000.0,15,Noida
Hyundai i20,Hyundai,2011,76089,Petrol,Manual,9254,93000.0,15,Noida
Honda City,Honda,2011,91801,Petrol,Manual,9254,125000.0,15,Noida
Honda Brio,Honda,2012,118836,Petrol,Manual,11995,135000.0,14,Noida
Tata NEXON,Tata,2024,7684,Petrol,Manual,13910,788000.0,2,Noida
Tata NEXON,Tata,2018,202221,Diesel,Manual,15064,320000.0,8,Noida
Honda City,Honda,2014,47372,Petrol,Manual,10296,310000.0,12,Noida
Maruti Baleno,Maruti,2018,54751,Petrol,Manual,7061,400000.0,8,Noida
Maruti SX4,Maruti,2011,87583,Petrol,Manual,7061,89000.0,15,Noida
Mahindra MARAZZO,Mahindra,2019,158015,Diesel,Manual,13286,400000.0,7,Noida
Honda Jazz,Honda,2016,117701,Petrol,Manual,6673,300000.0,10,Noida
Maruti S Cross,Maruti,2017,66664,Diesel,Manual,34651,390000.0,9,Noida
Hyundai Verna,Hyundai,2020,50207,Petrol,Manual,11863,672000.0,6,Noida
Maruti Swift Dzire,Maruti,2011,153460,Petrol,Manual,11863,97000.0,15,Noida
Hyundai i10,Hyundai,2011,30231,Petrol,Manual,11863,111000.00000000001,15,Noida
Mahindra Thar,Mahindra,2023,18271,Petrol,Auto,20359,1189000.0,3,Noida
Toyota Corolla Altis,Toyota,2016,72231,Petrol,Auto,13347,600000.0,10,Noida
Mahindra XUV500,Mahindra,2018,80926,Diesel,Auto,44697,959000.0,8,Noida
Hyundai Creta,Hyundai,2022,38832,Petrol,Manual,15838,925000.0,4,Noida
Tata TIGOR,Tata,2022,36294,Petrol,Manual,9462,536000.0,4,Noida
Toyota Etios,Toyota,2011,106889,Petrol,Manual,9462,85000.0,15,Noida
Maruti Swift Dzire,Maruti,2011,157199,Petrol,Manual,9462,80000.0,15,Noida
Maruti Vitara Brezza,Maruti,2017,97999,Diesel,Manual,35095,395000.0,9,Noida
Maruti A Star,Maruti,2010,112875,Petrol,Auto,35095,81000.0,16,Noida
Hyundai EXTER,Hyundai,2024,18114,Petrol,Manual,10168,576000.0,2,Noida
Toyota Etios Liva,Toyota,2011,83916,Petrol,Manual,10168,122000.0,15,Noida
Hyundai Creta,Hyundai,2017,155387,Petrol,Manual,11968,538000.0,9,Noida
Tata PUNCH,Tata,2024,35818,Petrol,Manual,8879,503000.0,2,Noida
Tata Harrier,Tata,2020,62313,Diesel,Auto,25846,1000000.0,6,Noida
Mahindra XUV700,Mahindra,2023,21009,Petrol,Auto,33680,1967000.0000000002,3,Noida
Volkswagen Cross Polo,Volkswagen,2016,52328,Petrol,Manual,7786,350000.0,10,Noida
Hyundai i10,Hyundai,2011,44691,Petrol,Manual,7786,80000.0,15,Noida
Tata Tiago,Tata,2018,135075,Diesel,Manual,12098,256999.99999999997,8,Noida
Maruti Ciaz,Maruti,2016,64288,Petrol,Manual,9654,434000.0,10,Noida
Maruti Alto K10,Maruti,2011,80315,Petrol,Manual,9654,94000.0,15,Noida
Nissan MAGNITE,Nissan,2021,32132,Petrol,Manual,7873,446000.0,5,Noida
Hyundai Creta,Hyundai,2017,64324,Petrol,Auto,12571,643000.0,9,Noida
Maruti Ertiga,Maruti,2017,68254,Diesel,Manual,55175,621000.0,9,Noida
Maruti Alto,Maruti,2012,76323,Petrol,Manual,9151,103000.0,14,Noida
Maruti Baleno,Maruti,2023,1831,Petrol,Auto,13557,768000.0,3,Noida
Hyundai Verna,Hyundai,2012,67431,Petrol,Auto,23367,263000.0,14,Noida
Maruti Dzire,Maruti,2020,63014,Petrol,Manual,9691,549000.0,6,Noida
Maruti Wagon R 1.0,Maruti,2011,215241,Petrol,Manual,9691,100000.0,15,Noida
Maruti Baleno,Maruti,2018,40974,Petrol,Manual,6849,388000.0,8,Noida
Hyundai Eon,Hyundai,2013,1907,Petrol,Manual,6214,132000.0,13,Noida
Maruti Swift Dzire,Maruti,2016,35668,Petrol,Manual,9343,420000.0,10,Noida
Maruti Baleno,Maruti,2018,33251,Petrol,Manual,7096,401999.99999999994,8,Noida
Mahindra TUV300,Mahindra,2019,36043,Diesel,Manual,19464,586000.0,7,Noida
Honda Amaze,Honda,2018,63722,Petrol,Manual,6284,356000.0,8,Noida
Maruti Wagon R 1.0,Maruti,2011,96204,Petrol,Manual,6284,86000.0,15,Noida
Maruti Swift Dzire,Maruti,2011,200033,Petrol,Manual,6284,87000.0,15,Noida
Tata Harrier,Tata,2020,50982,Diesel,Auto,25846,1000000.0,6,Noida
Hyundai Elite i20,Hyundai,2015,65871,Petrol,Manual,9480,360000.0,11,Noida
Hyundai Santro Xing,Hyundai,2011,195680,Petrol,Manual,9480,63000.0,15,Noida
Maruti SX4,Maruti,2010,160695,Petrol,Auto,9480,75000.0,16,Noida
Honda City,Honda,2019,82531,Diesel,Manual,19098,575000.0,7,Noida
Toyota Corolla Altis,Toyota,2011,77527,Petrol,Manual,19098,149000.0,15,Noida
Hyundai Creta,Hyundai,2016,145392,Diesel,Manual,19098,617000.0,10,Noida
Maruti Baleno,Maruti,2018,122664,Petrol,Manual,7051,317000.0,8,Noida
Maruti Dzire,Maruti,2020,53065,Petrol,Auto,10486,594000.0,6,Noida
Hyundai Creta,Hyundai,2016,91606,Petrol,Manual,10900,490000.00000000006,10,Noida
Mahindra XUV500,Mahindra,2018,72401,Diesel,Manual,50476,1083000.0,8,Noida
Renault Kwid,Renault,2018,90001,Petrol,Manual,3177,180000.0,8,Noida
Tata Tiago,Tata,2019,32123,Petrol,Manual,7238,409999.99999999994,7,Noida
Maruti Eeco,Maruti,2018,55532,Petrol,Manual,5190,294000.0,8,Noida
Maruti Ciaz,Maruti,2019,55990,Petrol,Manual,8932,505999.99999999994,7,Noida
Nissan Sunny,Nissan,2014,99842,Petrol,Auto,8304,250000.0,12,Noida
Honda City,Honda,2016,109573,Petrol,Auto,10455,470000.0,10,Noida
Ford FREESTYLE,Ford,2018,122223,Petrol,Manual,7919,356000.0,8,Noida
Honda City,Honda,2019,40038,Petrol,Auto,10592,600000.0,7,Noida
Maruti Dzire,Maruti,2018,116752,Petrol,Auto,10255,461000.00000000006,8,Noida
Hyundai New Elantra,Hyundai,2013,52723,Petrol,Auto,14734,313000.0,13,Noida
Honda Amaze,Honda,2015,77084,Petrol,Manual,6373,242000.0,11,Noida
Volkswagen VIRTUS,Volkswagen,2022,38385,Petrol,Auto,18800,1098000.0,4,Noida
Tata TIGOR,Tata,2018,24289,Diesel,Manual,14452,307000.0,8,Noida
Tata Curvv,Tata,2024,10922,Petrol,Manual,16968,991000.0,2,Noida
Maruti Wagon R 1.0,Maruti,2014,114118,Petrol,Manual,4982,150000.0,12,Noida
Maruti Baleno,Maruti,2021,55119,Petrol,Manual,8491,480999.99999999994,5,Noida
Hyundai Creta,Hyundai,2019,141644,Diesel,Manual,23748,715000.0,7,Noida
Skoda SLAVIA,Skoda,2023,44783,Petrol,Auto,20153,1177000.0,3,Noida
Mahindra TUV300,Mahindra,2016,142876,Diesel,Manual,20153,337000.0,10,Noida
Hyundai Creta,Hyundai,2017,102367,Petrol,Auto,12346,555000.0,9,Noida
Honda City,Honda,2016,80664,Petrol,Manual,9187,413000.0,10,Noida
Maruti Baleno,Maruti,2017,51576,Petrol,Auto,7898,404000.0,9,Noida
Maruti Ertiga,Maruti,2019,41781,Petrol,Manual,13766,803999.9999999999,7,Noida
Ford Classic,Ford,2012,43342,Petrol,Manual,14305,161000.0,14,Noida
Volkswagen Vento,Volkswagen,2021,45224,Petrol,Auto,16044,936999.9999999999,5,Noida
Maruti New Wagon-R,Maruti,2021,97458,Petrol,Manual,7238,409999.99999999994,5,Noida
Maruti IGNIS,Maruti,2018,72359,Petrol,Auto,6267,355000.0,8,Noida
Maruti Wagon R 1.0,Maruti,2010,120591,Petrol,Manual,6267,73000.0,16,Noida
Maruti S PRESSO,Maruti,2020,27770,Petrol,Manual,7061,400000.0,6,Noida
Hyundai VENUE,Hyundai,2022,35437,Petrol,Manual,12886,730000.0,4,Noida
Maruti Eeco,Maruti,2010,115733,Petrol,Manual,12886,92000.0,16,Noida
Honda Amaze,Honda,2017,115000,Petrol,Manual,6228,280000.0,9,Noida
MG ASTOR,MG,2023,12129,Petrol,Auto,23115,1350000.0,3,Noida
Maruti Alto,Maruti,2012,81851,Petrol,Manual,7019,79000.0,14,Noida
Maruti Ritz,Maruti,2011,110330,Petrol,Manual,7019,112000.00000000001,15,Noida
Maruti Baleno,Maruti,2018,86640,Petrol,Manual,6426,364000.0,8,Noida
Tata TIAGO NRG,Tata,2018,67677,Petrol,Manual,5296,300000.0,8,Noida
Maruti S Cross,Maruti,2016,168159,Diesel,Manual,5296,296000.0,10,Noida
Tata Hexa,Tata,2018,69232,Diesel,Manual,25843,549000.0,8,Noida
Tata NEXON,Tata,2019,69254,Diesel,Manual,15611,470000.0,7,Noida
Renault Duster,Renault,2019,83831,Diesel,Manual,15876,478000.0,7,Noida
Maruti Eeco,Maruti,2016,116295,Petrol,Manual,3559,160000.0,10,Noida
Tata NEXON,Tata,2024,8384,Petrol,Manual,13981,792000.0,2,Noida
Tata NEXON,Tata,2018,90191,Diesel,Auto,22360,475000.0,8,Noida
Tata NEXON,Tata,2020,49295,Petrol,Manual,11474,650000.0,6,Noida
Hyundai i10,Hyundai,2011,75258,Petrol,Manual,11474,83000.0,15,Noida
Maruti Eeco,Maruti,2016,118525,Petrol,Manual,4649,209000.0,10,Noida
Hyundai Elite i20,Hyundai,2018,92272,Petrol,Manual,6620,375000.0,8,Noida
Honda City,Honda,2015,109721,Petrol,Manual,12272,466000.0,11,Noida
Hyundai Creta,Hyundai,2018,59559,Petrol,Manual,10415,590000.0,8,Noida
Hyundai Verna,Hyundai,2017,67254,Diesel,Manual,36606,412000.0,9,Noida
Maruti New Wagon-R,Maruti,2019,166921,Petrol,Manual,7341,330000.0,7,Noida
Maruti Zen Estilo,Maruti,2012,92652,Petrol,Manual,11106,125000.0,14,Noida
Ford Ecosport,Ford,2017,56227,Petrol,Manual,7996,409000.0,9,Noida
Nissan MAGNITE,Nissan,2021,89607,Petrol,Manual,7273,412000.0,5,Noida
Renault Kwid,Renault,2024,8063,Petrol,Auto,7043,399000.0,2,Noida
Mahindra XUV700,Mahindra,2022,78424,Diesel,Manual,31730,1667000.0000000002,4,Noida
Hyundai Santro Xing,Hyundai,2011,140971,Petrol,Manual,31730,55000.00000000001,15,Noida
Honda City,Honda,2012,124332,Petrol,Manual,19191,216000.0,14,Noida
Maruti Alto,Maruti,2011,254112,Petrol,Manual,19191,68000.0,15,Noida
Maruti Eeco,Maruti,2017,140185,Petrol,Manual,5494,247000.00000000003,9,Noida
Tata PUNCH,Tata,2024,15689,Petrol,Manual,8950,507000.0,2,Noida
Ford Ecosport,Ford,2016,78326,Petrol,Manual,8097,364000.0,10,Noida
Maruti Swift,Maruti,2021,85782,Petrol,Manual,8385,475000.0,5,Noida
Honda City,Honda,2015,90429,Petrol,Manual,12298,467000.0,11,Noida
Tata Tiago,Tata,2019,102284,Petrol,Auto,7608,342000.0,7,Noida
Honda City,Honda,2015,119511,Petrol,Auto,12061,458000.0,11,Noida
Maruti Alto,Maruti,2011,40412,Petrol,Manual,12061,64000.0,15,Noida
Maruti Swift Dzire,Maruti,2011,105466,Petrol,Manual,12061,120000.0,15,Noida
Maruti Dzire,Maruti,2017,73940,Diesel,Manual,33940,382000.0,9,Noida
Chevrolet Beat,Chevrolet,2011,80290,Petrol,Manual,33940,70000.0,15,Noida
Tata Tiago,Tata,2020,61177,Petrol,Manual,6390,362000.0,6,Noida
Hyundai i10,Hyundai,2011,67665,Petrol,Manual,6390,89000.0,15,Noida
Hyundai Creta,Hyundai,2017,65338,Petrol,Manual,9032,462000.0,9,Noida
Hyundai GRAND I10 NIOS,Hyundai,2022,19446,Petrol,Manual,8915,505000.0,4,Noida
Hyundai VENUE,Hyundai,2021,52990,Petrol,Manual,9938,563000.0,5,Noida
Mahindra XUV300,Mahindra,2019,38377,Petrol,Manual,8985,509000.0,7,Noida
Maruti Ciaz,Maruti,2016,68000,Petrol,Manual,7341,330000.0,10,Noida
Maruti Alto,Maruti,2012,95000,Petrol,Manual,6664,75000.0,14,Noida
Ford Ecosport,Ford,2017,52434,Diesel,Manual,41137,463000.0,9,Noida
Tata NEXON,Tata,2022,47436,Petrol,Auto,12145,688000.0,4,Noida
Maruti A Star,Maruti,2011,70000,Petrol,Manual,12145,80000.0,15,Noida
Maruti Swift,Maruti,2019,28388,Petrol,Manual,7449,422000.0,7,Noida
KIA SONET,KIA,2024,16470,Petrol,Manual,13610,771000.0,2,Noida
Hyundai Elite i20,Hyundai,2019,46292,Petrol,Auto,8544,484000.0,7,Noida
Maruti Alto,Maruti,2011,59649,Petrol,Manual,8544,70000.0,15,Noida
Hyundai i20,Hyundai,2011,106982,Petrol,Manual,8544,93000.0,15,Noida
Hyundai Elite i20,Hyundai,2018,58153,Petrol,Manual,6461,366000.0,8,Noida
Tata Tiago,Tata,2017,24523,Petrol,Auto,6843,350000.0,9,Noida
Renault Kiger,Renault,2022,40659,Petrol,Manual,9126,517000.0,4,Noida
Maruti Zen Estilo,Maruti,2010,193092,Petrol,Manual,9126,55000.00000000001,16,Noida
Honda City,Honda,2020,49439,Petrol,Manual,13946,790000.0,6,Noida
Maruti IGNIS,Maruti,2024,22554,Petrol,Manual,8826,500000.0,2,Noida
Mahindra MARAZZO,Mahindra,2019,47420,Diesel,Manual,18268,550000.0,7,Noida
Tata NEXON,Tata,2021,66553,Petrol,Manual,9585,543000.0,5,Noida
Honda Jazz,Honda,2015,80746,Petrol,Manual,6873,261000.0,11,Noida
Hyundai Creta,Hyundai,2016,156297,Diesel,Manual,6873,550000.0,10,Noida
Maruti Wagon R 1.0,Maruti,2010,107902,Petrol,Manual,6873,77000.0,16,Noida
Maruti Wagon R 1.0,Maruti,2011,115704,Petrol,Manual,6873,95000.0,15,Noida
Hyundai Creta,Hyundai,2018,77298,Diesel,Manual,11730,600000.0,8,Noida
Hyundai i10,Hyundai,2011,153100,Petrol,Manual,11730,104000.0,15,Noida
Maruti Vitara Brezza,Maruti,2018,94196,Diesel,Manual,20336,432000.0,8,Noida
Maruti Dzire,Maruti,2017,108788,Petrol,Manual,8475,381000.0,9,Noida
Tata PUNCH,Tata,2022,20125,Petrol,Manual,8491,480999.99999999994,4,Noida
Honda City,Honda,2011,97719,Petrol,Manual,8491,131000.0,15,Noida
Hyundai Grand i10,Hyundai,2017,805000,Petrol,Manual,6540,294000.0,9,Noida
Ford Ecosport,Ford,2014,63848,Petrol,Auto,7905,238000.0,12,Noida
Toyota Etios,Toyota,2015,100617,Petrol,Manual,6636,252000.0,11,Noida
Hyundai Grand i10,Hyundai,2017,77306,Petrol,Manual,5670,290000.0,9,Noida
Hyundai AURA,Hyundai,2022,13535,Petrol,Auto,10486,594000.0,4,Noida
Hyundai Santro Xing,Hyundai,2013,115953,Petrol,Manual,7155,152000.0,13,Noida
Hyundai Creta,Hyundai,2017,157979,Diesel,Auto,57574,648000.0,9,Noida
Maruti Ciaz,Maruti,2016,64171,Petrol,Manual,7763,349000.0,10,Noida
Honda City,Honda,2016,116598,Petrol,Manual,8497,382000.0,10,Noida
Maruti Baleno,Maruti,2016,116781,Petrol,Manual,7407,333000.0,10,Noida
Hyundai Creta,Hyundai,2016,124593,Petrol,Manual,12234,550000.0,10,Noida
Honda City,Honda,2015,64327,Petrol,Manual,8295,315000.0,11,Noida
Maruti Swift,Maruti,2023,8484,Petrol,Manual,10592,600000.0,3,Noida
Maruti Baleno,Maruti,2018,58664,Petrol,Manual,7096,401999.99999999994,8,Noida
Maruti Vitara Brezza,Maruti,2018,91899,Diesel,Manual,25937,551000.0,8,Noida
Honda City,Honda,2017,105873,Petrol,Manual,9298,418000.0,9,Noida
Honda Amaze,Honda,2017,56153,Petrol,Manual,6080,311000.0,9,Noida
Hyundai Creta,Hyundai,2019,135944,Diesel,Manual,20747,625000.0,7,Noida
Tata PUNCH,Tata,2023,42729,Petrol,Manual,9179,520000.0,3,Noida
Maruti Swift,Maruti,2011,97082,Petrol,Manual,9179,80000.0,15,Noida
Maruti New Wagon-R,Maruti,2020,43377,Petrol,Manual,6673,378000.0,6,Noida
Mahindra XUV700,Mahindra,2023,11538,Petrol,Auto,32533,1900000.0,3,Noida
Maruti Dzire,Maruti,2022,89620,Petrol,Manual,10503,595000.0,4,Noida
Maruti Dzire,Maruti,2020,56758,Petrol,Manual,8226,466000.0,6,Noida
Hyundai Santro Xing,Hyundai,2011,100026,Petrol,Manual,8226,79000.0,15,Noida
Volkswagen VIRTUS,Volkswagen,2024,17278,Petrol,Auto,24965,1458000.0,2,Noida
Hyundai i20,Hyundai,2011,178904,Petrol,Manual,24965,113999.99999999999,15,Noida
Mahindra XUV500,Mahindra,2018,72600,Diesel,Auto,33187,705000.0,8,Noida
Maruti Dzire,Maruti,2018,65243,Petrol,Manual,6832,387000.0,8,Noida
Maruti Wagon R 1.0,Maruti,2012,80362,Petrol,Manual,10928,123000.0,14,Noida
Maruti Vitara Brezza,Maruti,2016,153962,Diesel,Manual,12166,462000.0,10,Noida
Maruti S Cross,Maruti,2017,109389,Diesel,Manual,49400,556000.0,9,Noida
Hyundai i20,Hyundai,2011,107819,Petrol,Manual,49400,90000.0,15,Noida
Ford Ecosport,Ford,2016,107469,Petrol,Manual,6718,302000.0,10,Noida
Ford Ecosport,Ford,2016,89743,Diesel,Manual,6583,250000.0,10,Noida
Hyundai Creta,Hyundai,2016,99478,Diesel,Auto,6583,635000.0,10,Noida
Tata NEXON,Tata,2023,37578,Petrol,Manual,11068,627000.0,3,Noida
Honda City,Honda,2015,67767,Petrol,Manual,9217,350000.0,11,Noida
Maruti Swift Dzire,Maruti,2011,105392,Petrol,Manual,9217,86000.0,15,Noida
Ford Ecosport,Ford,2017,151619,Diesel,Manual,33141,373000.0,9,Noida
Maruti Alto,Maruti,2021,25825,Petrol,Manual,4907,278000.0,5,Noida
Tata NEXON,Tata,2020,79650,Petrol,Auto,9956,564000.0,6,Noida
Ford Ecosport,Ford,2017,148024,Diesel,Manual,44247,498000.00000000006,9,Noida
Toyota Corolla Altis,Toyota,2011,45782,Petrol,Manual,44247,202999.99999999997,15,Noida
Hyundai Creta,Hyundai,2018,96639,Petrol,Auto,9709,550000.0,8,Noida
Tata Harrier,Tata,2020,43000,Diesel,Auto,22841,1334000.0,6,Noida
Tata NEXON,Tata,2021,29440,Petrol,Manual,11457,649000.0,5,Noida
Tata Tiago,Tata,2019,62603,Petrol,Manual,4819,273000.0,7,Noida
Maruti Baleno,Maruti,2018,23206,Petrol,Manual,7608,430999.99999999994,8,Noida
Ford Ecosport,Ford,2015,81320,Petrol,Manual,9428,358000.0,11,Noida
Tata PUNCH,Tata,2023,58492,Petrol,Manual,8826,500000.0,3,Noida
Tata NEXON,Tata,2019,68502,Petrol,Manual,6973,395000.0,7,Noida
Hyundai i20,Hyundai,2011,114524,Petrol,Manual,6973,94000.0,15,Noida
Honda Brio,Honda,2016,55531,Petrol,Manual,5717,256999.99999999997,10,Noida
Hyundai Santro Xing,Hyundai,2012,138656,Petrol,Manual,6664,75000.0,14,Noida
Maruti Dzire,Maruti,2018,73509,Petrol,Manual,6867,389000.0,8,Noida
Hyundai AURA,Hyundai,2023,7010,Petrol,Manual,10450,592000.0,3,Noida
Mahindra XUV500,Mahindra,2017,44000,Diesel,Manual,44424,500000.0,9,Noida
Maruti Baleno,Maruti,2018,90244,Petrol,Manual,6002,340000.0,8,Noida
Honda City,Honda,2015,129523,Petrol,Auto,10823,411000.00000000006,11,Noida
Maruti Celerio,Maruti,2020,104804,Petrol,Manual,8831,397000.0,6,Noida
Honda City,Honda,2015,112107,Petrol,Manual,8163,310000.0,11,Noida
Hyundai Elite i20,Hyundai,2018,59439,Petrol,Manual,8526,483000.0,8,Noida
Mahindra BOLERO NEO,Mahindra,2023,16302,Diesel,Manual,16609,969999.9999999999,3,Noida
Maruti Celerio,Maruti,2021,29007,Petrol,Auto,8050,455999.99999999994,5,Noida
Tata NEXON,Tata,2024,23377,Petrol,Auto,14554,850000.0,2,Noida
Maruti Alto K10,Maruti,2011,82806,Petrol,Manual,14554,97000.0,15,Noida
Ford FREESTYLE,Ford,2020,108233,Petrol,Manual,8787,395000.0,6,Noida
Maruti Ritz,Maruti,2011,100001,Petrol,Manual,8787,85000.0,15,Noida
Maruti New Wagon-R,Maruti,2020,108391,Petrol,Manual,8408,378000.0,6,Noida
Hyundai Grand i10,Hyundai,2017,46970,Petrol,Manual,5670,290000.0,9,Noida
Maruti Swift,Maruti,2025,8887,Petrol,Manual,13610,771000.0,1,Noida
Renault TRIBER,Renault,2022,94999,Petrol,Manual,6708,380000.0,4,Noida
Tata NEXON,Tata,2021,40333,Petrol,Manual,13715,801000.0,5,Noida
Mahindra XUV500,Mahindra,2017,61571,Diesel,Manual,72561,821000.0000000001,9,Noida
Skoda SLAVIA,Skoda,2022,37331,Petrol,Manual,14087,798000.0,4,Noida
Tata Safari Storme,Tata,2018,23852,Diesel,Manual,30927,657000.0,8,Noida
Ford Ecosport,Ford,2017,125714,Diesel,Manual,26388,297000.0,9,Noida
Honda Amaze,Honda,2019,52571,Petrol,Manual,7432,421000.0,7,Noida
Maruti Ertiga,Maruti,2017,236715,Petrol,Manual,10677,480000.0,9,Noida
Maruti New Wagon-R,Maruti,2020,105079,Petrol,Manual,7786,350000.0,6,Noida
Maruti Ertiga,Maruti,2017,72931,Petrol,Manual,9931,508000.0,9,Noida
Tata NEXON,Tata,2019,54265,Petrol,Manual,8791,498000.00000000006,7,Noida
Honda City,Honda,2014,112609,Petrol,Manual,11160,336000.0,12,Noida
Hyundai Elite i20,Hyundai,2019,72628,Petrol,Manual,7855,445000.0,7,Noida
Maruti Baleno,Maruti,2018,116000,Diesel,Manual,18688,397000.0,8,Noida
Honda City,Honda,2015,48777,Petrol,Manual,12114,459999.99999999994,11,Noida
Maruti IGNIS,Maruti,2018,50946,Petrol,Auto,6938,393000.0,8,Noida
Tata NEXON,Tata,2021,70844,Petrol,Manual,10592,600000.0,5,Noida
Maruti Wagon R 1.0,Maruti,2011,103737,Petrol,Manual,10592,112000.00000000001,15,Noida
Hyundai ALCAZAR,Hyundai,2022,34651,Petrol,Auto,22876,1336000.0,4,Noida
Hyundai Creta,Hyundai,2016,55041,Petrol,Manual,13413,603000.0,10,Noida
Honda Amaze,Honda,2022,31862,Petrol,Manual,10239,580000.0,4,Noida
Maruti Swift,Maruti,2022,61801,Petrol,Manual,7432,421000.0,4,Noida
Nissan MAGNITE,Nissan,2023,19696,Petrol,Manual,8279,469000.00000000006,3,Noida
Skoda Rapid,Skoda,2017,74025,Petrol,Manual,8974,459000.0,9,Noida
Hyundai AURA,Hyundai,2022,54417,Petrol,Manual,10044,569000.0,4,Noida
Maruti Baleno,Maruti,2023,135,Petrol,Manual,12180,690000.0,3,Noida
Maruti New Wagon-R,Maruti,2019,112584,Petrol,Manual,7585,341000.0,7,Noida
Maruti Eeco,Maruti,2011,257888,Petrol,Manual,7585,85000.0,15,Noida
Maruti Baleno,Maruti,2017,27393,Petrol,Manual,8016,409999.99999999994,9,Noida
Mahindra XUV500,Mahindra,2016,58240,Diesel,Auto,8016,650000.0,10,Noida
Tata ALTROZ,Tata,2021,25540,Petrol,Manual,8173,463000.0,5,Noida
Renault Duster,Renault,2016,69045,Diesel,Manual,8173,276000.0,10,Noida
Maruti IGNIS,Maruti,2023,29527,Petrol,Manual,10256,581000.0,3,Noida
Tata PUNCH,Tata,2021,42046,Petrol,Manual,8685,492000.0,5,Noida
Hyundai Xcent,Hyundai,2017,136611,Diesel,Manual,24167,272000.0,9,Noida
Maruti Ciaz,Maruti,2016,78618,Diesel,Manual,24167,324000.0,10,Noida
Maruti Vitara Brezza,Maruti,2017,128061,Diesel,Manual,40959,461000.00000000006,9,Noida
Maruti Alto 800,Maruti,2013,82766,Petrol,Manual,7767,165000.0,13,Noida
Hyundai Verna,Hyundai,2021,20927,Petrol,Manual,15753,919999.9999999999,5,Noida
Honda Amaze,Honda,2018,78401,Petrol,Manual,6973,395000.0,8,Noida
Hyundai i10,Hyundai,2010,99387,Petrol,Auto,6973,97000.0,16,Noida
Hyundai Santro Xing,Hyundai,2013,76959,Petrol,Manual,6355,135000.0,13,Noida
Honda City,Honda,2014,54784,Petrol,Auto,11094,334000.0,12,Noida
Hyundai ALCAZAR,Hyundai,2022,97127,Diesel,Auto,25506,1340000.0,4,Noida
Tata NEXON,Tata,2021,93193,Diesel,Auto,17394,800000.0,5,Noida
Toyota Etios,Toyota,2014,66337,Petrol,Manual,9798,295000.0,12,Noida
Hyundai Elite i20,Hyundai,2015,55578,Petrol,Manual,8453,321000.0,11,Noida
Maruti Vitara Brezza,Maruti,2017,101904,Diesel,Manual,37316,420000.0,9,Noida
Maruti New Wagon-R,Maruti,2021,143691,Petrol,Manual,8230,370000.0,5,Noida
Maruti Swift Dzire,Maruti,2016,168775,Diesel,Manual,8230,370000.0,10,Noida
Maruti Alto K10,Maruti,2023,19742,Petrol,Manual,6902,391000.0,3,Noida
Tata NEXON,Tata,2020,72465,Petrol,Manual,8826,500000.0,6,Noida
Tata NEXON,Tata,2023,33613,Petrol,Auto,18698,1092000.0,3,Noida
Maruti Swift Dzire,Maruti,2015,131839,Petrol,Manual,8980,341000.0,11,Noida
Maruti Dzire,Maruti,2017,119530,Diesel,Auto,31364,353000.0,9,Noida
Hyundai Verna,Hyundai,2019,96923,Petrol,Auto,11474,650000.0,7,Noida
Hyundai Elite i20,Hyundai,2020,70019,Petrol,Manual,8791,498000.00000000006,6,Noida
Hyundai Creta,Hyundai,2017,148706,Petrol,Auto,13235,595000.0,9,Noida
Toyota Corolla Altis,Toyota,2011,77760,Petrol,Manual,13235,145000.0,15,Noida
Hyundai Grand i10,Hyundai,2014,50169,Petrol,Manual,10130,305000.0,12,Noida
Mahindra XUV300,Mahindra,2019,59488,Petrol,Manual,8738,495000.0,7,Noida
Skoda Superb,Skoda,2011,111644,Petrol,Manual,8738,181000.0,15,Noida
Honda City,Honda,2016,88713,Petrol,Manual,8141,366000.0,10,Noida
Mahindra XUV 3XO,Mahindra,2025,196,Petrol,Manual,13681,775000.0,1,Noida
Mahindra Scorpio,Mahindra,2021,95924,Diesel,Manual,23917,1100000.0,5,Noida
Tata NEXON,Tata,2022,16238,Petrol,Auto,12710,720000.0,4,Noida
Hyundai Santro Xing,Hyundai,2012,99913,Petrol,Manual,7019,79000.0,14,Noida
Hyundai Creta,Hyundai,2017,144693,Petrol,Manual,10900,490000.00000000006,9,Noida
Mahindra XUV700,Mahindra,2023,20038,Petrol,Manual,30290,1769000.0000000002,3,Noida
Honda Amaze,Honda,2018,89786,Diesel,Auto,21418,455000.0,8,Noida
Hyundai Elite i20,Hyundai,2017,179087,Diesel,Manual,31008,349000.0,9,Noida
Maruti Swift Dzire,Maruti,2017,112810,Diesel,Manual,37761,425000.0,9,Noida
Maruti Vitara Brezza,Maruti,2017,143125,Diesel,Manual,36783,413999.99999999994,9,Noida
Maruti Ertiga,Maruti,2019,52506,Petrol,Manual,12798,725000.0,7,Noida
Tata Hexa,Tata,2017,45820,Diesel,Manual,37761,425000.0,9,Noida
Tata NEXON,Tata,2018,38585,Petrol,Manual,8209,465000.00000000006,8,Noida
Maruti Wagon R 1.0,Maruti,2011,91656,Petrol,Manual,8209,94000.0,15,Noida
Tata Tiago,Tata,2022,29741,Petrol,Manual,7026,398000.0,4,Noida
Hyundai Verna,Hyundai,2016,89177,Petrol,Manual,8564,385000.0,10,Noida
Honda Jazz,Honda,2012,42981,Petrol,Manual,12883,145000.0,14,Noida
Maruti Eeco,Maruti,2018,115051,Petrol,Manual,5272,237000.0,8,Noida
Maruti Wagon R 1.0,Maruti,2011,13995,Petrol,Manual,5272,86000.0,15,Noida
Maruti Alto,Maruti,2011,31753,Petrol,Manual,5272,92000.0,15,Noida
Hyundai Santro Xing,Hyundai,2010,148447,Petrol,Manual,5272,60000.0,16,Noida
Hyundai Grand i10,Hyundai,2017,23316,Petrol,Manual,7234,370000.0,9,Noida
Maruti S PRESSO,Maruti,2021,111256,Petrol,Manual,7475,336000.0,5,Noida
Maruti Wagon R 1.0,Maruti,2018,78381,Petrol,Manual,4819,273000.0,8,Noida
Tata NEXON,Tata,2019,102322,Petrol,Auto,11434,513999.99999999994,7,Noida
Mahindra SCORPIO-N,Mahindra,2023,22536,Petrol,Manual,27225,1590000.0,3,Noida
Honda WR-V,Honda,2018,77451,Petrol,Manual,9285,526000.0,8,Noida
Ford Ecosport,Ford,2015,97023,Petrol,Manual,8058,306000.0,11,Noida
Maruti Alto 800,Maruti,2018,29220,Petrol,Manual,4307,244000.0,8,Noida
Volkswagen Vento,Volkswagen,2016,214898,Petrol,Auto,7474,336000.0,10,Noida
Honda Amaze,Honda,2017,64294,Petrol,Manual,6061,310000.0,9,Noida
Renault TRIBER,Renault,2022,28210,Petrol,Manual,8067,457000.0,4,Noida
Tata Harrier,Tata,2020,98660,Diesel,Manual,22272,861999.9999999999,6,Noida
KIA CARENS,KIA,2022,91645,Diesel,Manual,23355,1227000.0,4,Noida
Maruti Dzire,Maruti,2022,72778,Petrol,Manual,9780,554000.0,4,Noida
Hyundai Santro Xing,Hyundai,2013,112385,Petrol,Manual,5178,110000.00000000001,13,Noida
Mahindra XUV700,Mahindra,2023,42942,Diesel,Auto,34245,2000000.0,3,Noida
Maruti Swift,Maruti,2021,20285,Petrol,Manual,10044,569000.0,5,Noida
Maruti Swift,Maruti,2012,79024,Petrol,Manual,16881,190000.0,14,Noida
Maruti Alto,Maruti,2012,75806,Petrol,Manual,7641,86000.0,14,Noida
Maruti New Wagon-R,Maruti,2022,57276,Petrol,Manual,7661,434000.0,4,Noida
Tata NEXON,Tata,2022,75824,Petrol,Manual,11474,650000.0,4,Noida
Maruti Dzire,Maruti,2017,95835,Petrol,Manual,7253,371000.0,9,Noida
Hyundai Creta,Hyundai,2019,70716,Petrol,Auto,15410,900000.0,7,Noida
Honda Amaze,Honda,2019,55465,Petrol,Manual,7485,424000.0,7,Noida
Hyundai Creta,Hyundai,2018,116586,Diesel,Manual,30598,650000.0,8,Noida
Mahindra XUV500,Mahindra,2018,71536,Diesel,Manual,37286,800000.0,8,Noida
Mahindra XUV500,Mahindra,2017,48324,Diesel,Auto,68858,775000.0,9,Noida
Maruti New Wagon-R,Maruti,2021,99189,Petrol,Manual,6637,376000.0,5,Noida
Maruti Dzire,Maruti,2018,105778,Petrol,Manual,9765,438999.99999999994,8,Noida
Mahindra XUV500,Mahindra,2017,82125,Diesel,Auto,50200,565000.0,9,Noida
Honda City,Honda,2013,81432,Petrol,Manual,9697,206000.0,13,Noida
Hyundai Creta,Hyundai,2017,104422,Diesel,Manual,42736,480999.99999999994,9,Noida
Volkswagen Polo,Volkswagen,2013,97655,Petrol,Manual,11815,250999.99999999997,13,Noida
Maruti New Wagon-R,Maruti,2021,83948,Petrol,Manual,6708,380000.0,5,Noida
Maruti Swift,Maruti,2020,53947,Petrol,Manual,8809,499000.0,6,Noida
Hyundai Eon,Hyundai,2013,27350,Petrol,Manual,6167,131000.0,13,Noida
Hyundai Elite i20,Hyundai,2017,49636,Petrol,Manual,6843,350000.0,9,Noida
Hyundai Elite i20,Hyundai,2015,38901,Petrol,Manual,9033,343000.0,11,Noida
Maruti New Wagon-R,Maruti,2020,87884,Petrol,Manual,6161,349000.0,6,Noida
Hyundai Elite i20,Hyundai,2017,72503,Petrol,Manual,7155,366000.0,9,Noida
Hyundai i20,Hyundai,2011,110326,Petrol,Manual,7155,85000.0,15,Noida
Toyota Innova Crysta,Toyota,2017,90204,Diesel,Manual,87675,992000.0,9,Noida
Maruti Ciaz,Maruti,2018,225122,Diesel,Manual,16476,350000.0,8,Noida
Ford Ecosport,Ford,2017,78059,Diesel,Manual,30031,338000.0,9,Noida
Ford Ecosport,Ford,2018,124848,Diesel,Manual,23537,500000.0,8,Noida
Honda Amaze,Honda,2017,78009,Petrol,Manual,6061,310000.0,9,Noida
Honda City,Honda,2015,64087,Petrol,Manual,8875,337000.0,11,Noida
Nissan MAGNITE,Nissan,2021,185051,Petrol,Manual,8698,391000.0,5,Noida
Honda Amaze,Honda,2021,112546,Petrol,Manual,9765,438999.99999999994,5,Noida
Tata ALTROZ,Tata,2020,65375,Diesel,Manual,12983,493000.0,6,Noida
Maruti New Wagon-R,Maruti,2021,81315,Petrol,Manual,6743,382000.0,5,Noida
Maruti Vitara Brezza,Maruti,2018,94403,Diesel,Manual,18641,396000.0,8,Noida
Honda City,Honda,2016,77197,Petrol,Manual,8987,404000.0,10,Noida
Tata Hexa,Tata,2018,78562,Diesel,Manual,32650,694000.0,8,Noida
Toyota Etios,Toyota,2015,46678,Petrol,Manual,8005,304000.0,11,Noida
Hyundai Creta,Hyundai,2017,77178,Diesel,Manual,49666,559000.0,9,Noida
Maruti Dzire,Maruti,2018,167909,Petrol,Manual,9587,430999.99999999994,8,Noida
Hyundai NEW SANTRO,Hyundai,2019,24713,Petrol,Auto,5825,330000.0,7,Noida
Hyundai Eon,Hyundai,2013,78350,Petrol,Manual,5884,125000.0,13,Noida
Maruti New Wagon-R,Maruti,2022,110245,Petrol,Manual,10121,455000.0,4,Noida
Honda City,Honda,2015,70349,Petrol,Auto,12509,475000.0,11,Noida
Hyundai Creta,Hyundai,2017,111298,Diesel,Manual,47534,535000.0,9,Noida
Toyota Etios,Toyota,2016,75200,Petrol,Manual,6184,278000.0,10,Noida
Tata Hexa,Tata,2018,119265,Diesel,Manual,27679,588000.0,8,Noida
Maruti Dzire,Maruti,2017,203462,Diesel,Manual,35095,395000.0,9,Noida
Hyundai GRAND I10 NIOS,Hyundai,2022,13868,Diesel,Auto,12219,625000.0,4,Noida
Maruti Ertiga,Maruti,2013,76857,Petrol,Manual,15111,321000.0,13,Noida
Tata TIGOR,Tata,2022,81022,Petrol,Manual,8120,459999.99999999994,4,Noida
Maruti Dzire,Maruti,2022,92559,Petrol,Manual,11845,671000.0,4,Noida
Tata Harrier,Tata,2022,86278,Diesel,Auto,25829,1357000.0,4,Noida
Maruti IGNIS,Maruti,2020,30537,Petrol,Manual,12498,708000.0,6,Noida
Maruti Baleno,Maruti,2023,52990,Petrol,Manual,10821,613000.0,3,Noida
Hyundai Creta,Hyundai,2017,83261,Petrol,Manual,9716,497000.0,9,Noida
Honda City,Honda,2019,70727,Petrol,Manual,10486,594000.0,7,Noida
Mahindra XUV500,Mahindra,2019,160000,Diesel,Manual,21589,650000.0,7,Noida
Maruti Dzire,Maruti,2019,95523,Petrol,Manual,6708,380000.0,7,Noida
Honda City,Honda,2015,103493,Petrol,Auto,8558,325000.0,11,Noida
Hyundai Creta,Hyundai,2017,165119,Diesel,Manual,40337,454000.0,9,Noida
Tata NEXON,Tata,2022,27476,Petrol,Manual,12357,700000.0,4,Noida
Hyundai Santro Xing,Hyundai,2013,112007,Petrol,Manual,5272,112000.00000000001,13,Noida
Ford Ecosport,Ford,2015,93299,Petrol,Manual,8348,317000.0,11,Noida
Tata NEXON,Tata,2021,81154,Diesel,Auto,13925,626000.0,5,Noida
Maruti Vitara Brezza,Maruti,2016,121216,Diesel,Manual,13925,403000.0,10,Noida
Hyundai GRAND I10 NIOS,Hyundai,2022,12250,Petrol,Manual,10150,575000.0,4,Noida
Maruti Vitara Brezza,Maruti,2016,60170,Diesel,Manual,10150,450000.0,10,Noida
Maruti Vitara Brezza,Maruti,2017,177353,Diesel,Manual,39360,443000.0,9,Noida
Hyundai AURA,Hyundai,2023,47504,Petrol,Manual,11051,626000.0,3,Noida
Honda Jazz,Honda,2012,109131,Petrol,Manual,10129,113999.99999999999,14,Noida
Tata NEXON,Tata,2023,41990,Petrol,Auto,13698,800000.0,3,Noida
Tata TIGOR,Tata,2023,90517,Petrol,Manual,10150,575000.0,3,Noida
Tata PUNCH,Tata,2024,26222,Petrol,Manual,9091,515000.00000000006,2,Noida
Hyundai Creta,Hyundai,2017,44318,Petrol,Auto,15246,801000.0,9,Noida
Hyundai AURA,Hyundai,2022,37679,Petrol,Manual,10592,600000.0,4,Noida
Toyota Innova Crysta,Toyota,2017,285531,Diesel,Manual,98811,1118000.0,9,Noida
Maruti Celerio,Maruti,2018,106833,Petrol,Manual,6673,300000.0,8,Noida
KIA SELTOS,KIA,2019,52396,Petrol,Manual,16327,734000.0,7,Noida
Honda Jazz,Honda,2017,57888,Petrol,Auto,8172,418000.0,9,Noida
Hyundai AURA,Hyundai,2021,125910,Petrol,Manual,11500,517000.0,5,Noida
Hyundai VENUE,Hyundai,2022,29214,Petrol,Manual,11474,650000.0,4,Noida
Mahindra Kuv100,Mahindra,2017,27610,Petrol,Manual,4868,249000.00000000003,9,Noida
Maruti Baleno,Maruti,2024,44413,Petrol,Manual,9833,557000.0,2,Noida
Hyundai Creta,Hyundai,2018,58313,Petrol,Manual,10592,600000.0,8,Noida
Maruti Ertiga,Maruti,2015,83280,Petrol,Manual,10139,385000.0,11,Noida
Maruti Wagon R 1.0,Maruti,2017,64500,Petrol,Manual,4731,242000.0,9,Noida
Maruti Baleno,Maruti,2018,138395,Diesel,Manual,18971,403000.0,8,Noida
Maruti Swift,Maruti,2017,70997,Petrol,Manual,5767,295000.0,9,Noida
Maruti Swift Dzire,Maruti,2020,67170,Petrol,Manual,6973,395000.0,6,Noida
Honda City,Honda,2019,37813,Petrol,Auto,11933,676000.0,7,Noida
Nissan MAGNITE,Nissan,2023,47805,Petrol,Manual,7785,441000.0,3,Noida
Tata NEXON,Tata,2022,37745,Petrol,Manual,12357,700000.0,4,Noida
Maruti IGNIS,Maruti,2021,60599,Petrol,Manual,6426,364000.0,5,Noida
Maruti Ertiga,Maruti,2017,230128,Diesel,Manual,35451,399000.0,9,Noida
Maruti New Wagon-R,Maruti,2023,37532,Petrol,Manual,10239,580000.0,3,Noida
Tata TIGOR,Tata,2022,107606,Petrol,Manual,8787,395000.0,4,Noida
Toyota Innova Crysta,Toyota,2017,114243,Diesel,Auto,92801,1050000.0,9,Noida
Hyundai Elite i20,Hyundai,2017,58349,Petrol,Manual,6843,350000.0,9,Noida
Ford Ecosport,Ford,2021,61051,Petrol,Manual,11015,624000.0,5,Noida
Tata Tiago,Tata,2022,76672,Petrol,Manual,6690,379000.0,4,Noida
Maruti Baleno,Maruti,2018,51810,Petrol,Manual,6532,370000.0,8,Noida
Hyundai Elite i20,Hyundai,2016,35507,Petrol,Manual,7051,317000.0,10,Noida
Maruti Ertiga,Maruti,2016,85549,Diesel,Manual,7051,632000.0,10,Noida
Honda Jazz,Honda,2016,35003,Petrol,Manual,7407,333000.0,10,Noida
Maruti IGNIS,Maruti,2020,83204,Petrol,Manual,6231,353000.0,6,Noida
Hyundai Creta,Hyundai,2016,94380,Diesel,Manual,6231,581000.0,10,Noida
Hyundai Elite i20,Hyundai,2017,80815,Petrol,Manual,6628,339000.0,9,Noida
Maruti Vitara Brezza,Maruti,2018,80666,Diesel,Manual,25890,550000.0,8,Noida
Tata PUNCH,Tata,2024,10378,Petrol,Manual,9338,529000.0,2,Noida
Hyundai i20 Active,Hyundai,2016,65360,Petrol,Manual,7741,348000.0,10,Noida
Maruti Celerio,Maruti,2020,62484,Petrol,Manual,6796,385000.0,6,Noida
Maruti S PRESSO,Maruti,2024,6728,Petrol,Manual,6496,368000.0,2,Noida
Tata TIGOR,Tata,2022,139817,Petrol,Manual,10054,451999.99999999994,4,Noida
Hyundai Elite i20,Hyundai,2017,59492,Petrol,Manual,7234,370000.0,9,Noida
Hyundai Creta,Hyundai,2016,14330,Petrol,Auto,13235,595000.0,10,Noida
Maruti Swift Dzire,Maruti,2017,72844,Diesel,Manual,26655,300000.0,9,Noida
Hyundai AURA,Hyundai,2023,50817,Petrol,Manual,10539,597000.0,3,Noida
CITROEN C3,CITROEN,2023,11474,Petrol,Manual,8985,509000.0,3,Noida
Mahindra XUV500,Mahindra,2017,59482,Diesel,Manual,53309,600000.0,9,Noida
Maruti Dzire,Maruti,2022,51375,Petrol,Manual,10927,619000.0,4,Noida
Hyundai Elite i20,Hyundai,2018,16905,Petrol,Manual,7767,440000.00000000006,8,Noida
Hyundai GRAND I10 NIOS,Hyundai,2020,61155,Petrol,Manual,7538,426999.99999999994,6,Noida
Honda Amaze,Honda,2017,54110,Petrol,Manual,6364,325000.0,9,Noida
Hyundai Verna,Hyundai,2023,46625,Petrol,Auto,18150,1060000.0,3,Noida
Honda City,Honda,2015,82152,Petrol,Auto,10297,391000.0,11,Noida
Mahindra XUV500,Mahindra,2016,160951,Diesel,Manual,10297,576000.0,10,Noida
Hyundai Santro Xing,Hyundai,2012,110140,Petrol,Manual,8618,97000.0,14,Noida
Tata PUNCH,Tata,2023,16812,Petrol,Manual,10062,570000.0,3,Noida
Honda Mobilio,Honda,2015,79795,Petrol,Manual,8901,338000.0,11,Noida
Hyundai Grand i10,Hyundai,2018,24769,Petrol,Manual,5914,335000.0,8,Noida
Maruti Dzire,Maruti,2022,54291,Petrol,Manual,11721,664000.0,4,Noida
Maruti New Wagon-R,Maruti,2022,34430,Petrol,Manual,8562,484999.99999999994,4,Noida
Hyundai Elite i20,Hyundai,2017,101144,Petrol,Manual,7563,340000.0,9,Noida
Maruti New Wagon-R,Maruti,2022,85070,Petrol,Manual,7873,446000.0,4,Noida
Honda City,Honda,2013,61941,Petrol,Manual,12663,269000.0,13,Noida
Hyundai NEW SANTRO,Hyundai,2022,56294,Petrol,Manual,7291,413000.0,4,Noida
Hyundai Creta,Hyundai,2018,74257,Diesel,Manual,35305,750000.0,8,Noida
Maruti New Wagon-R,Maruti,2022,22021,Petrol,Manual,7308,413999.99999999994,4,Noida
Toyota Etios,Toyota,2015,185352,Petrol,Manual,8690,330000.0,11,Noida
Toyota Innova Crysta,Toyota,2017,103814,Diesel,Auto,115073,1302000.0,9,Noida
Maruti New Wagon-R,Maruti,2020,108937,Petrol,Manual,7941,357000.0,6,Noida
Hyundai Verna,Hyundai,2018,62186,Diesel,Manual,28574,607000.0,8,Noida
Maruti Ciaz,Maruti,2017,117338,Diesel,Manual,28432,320000.0,9,Noida
Hyundai Creta,Hyundai,2017,77495,Petrol,Manual,11241,575000.0,9,Noida
Maruti Celerio,Maruti,2019,102832,Petrol,Manual,7496,337000.0,7,Noida
Maruti New Wagon-R,Maruti,2022,97204,Petrol,Manual,7520,426000.0,4,Noida
Hyundai Creta,Hyundai,2015,99585,Diesel,Auto,7520,400000.0,11,Noida
Maruti Vitara Brezza,Maruti,2018,113962,Diesel,Manual,22548,479000.0,8,Noida
Maruti S Cross,Maruti,2018,102347,Diesel,Manual,24949,530000.0,8,Noida
Renault Captur,Renault,2017,144976,Diesel,Manual,32430,365000.0,9,Noida
Maruti New Wagon-R,Maruti,2020,35369,Petrol,Manual,6214,352000.0,6,Noida
Maruti Swift,Maruti,2019,50829,Petrol,Manual,8138,461000.00000000006,7,Noida
Hyundai Santro Xing,Hyundai,2012,100915,Petrol,Manual,9151,103000.0,14,Noida
Tata NEXON,Tata,2022,60817,Petrol,Manual,11527,653000.0,4,Noida
Jeep Compass,Jeep,2017,101510,Diesel,Manual,53309,600000.0,9,Noida
Hyundai Elite i20,Hyundai,2018,53804,Petrol,Manual,7255,411000.00000000006,8,Noida
Mahindra XUV700,Mahindra,2023,17982,Petrol,Auto,33303,1945000.0,3,Noida
Tata PUNCH,Tata,2024,8643,Petrol,Manual,12269,695000.0,2,Noida
Hyundai Elite i20,Hyundai,2016,67827,Petrol,Manual,7452,335000.0,10,Noida
KIA SONET,KIA,2025,18449,Diesel,Manual,16027,936000.0,1,Noida
Maruti Celerio,Maruti,2018,79701,Petrol,Manual,5278,299000.0,8,Noida
Mahindra XUV300,Mahindra,2019,89237,Diesel,Manual,14548,438000.0,7,Noida
Jeep Compass,Jeep,2018,66848,Petrol,Auto,12357,700000.0,8,Noida
Maruti Vitara Brezza,Maruti,2016,174176,Diesel,Manual,12357,401000.0,10,Noida
Hyundai Elite i20,Hyundai,2017,92498,Petrol,Manual,7194,368000.0,9,Noida
Maruti Baleno,Maruti,2016,31144,Petrol,Manual,7430,334000.0,10,Noida
Mahindra XUV500,Mahindra,2016,101197,Diesel,Manual,7430,470000.0,10,Noida
Maruti Swift,Maruti,2021,55047,Petrol,Manual,8438,478000.0,5,Noida
Hyundai Creta,Hyundai,2019,66898,Petrol,Manual,10592,600000.0,7,Noida
Maruti Baleno,Maruti,2020,55603,Petrol,Manual,8491,480999.99999999994,6,Noida
Tata NEXON,Tata,2023,22594,Petrol,Manual,18955,1107000.0,3,Noida
Maruti Ciaz,Maruti,2017,113769,Diesel,Manual,30742,346000.0,9,Noida
Hyundai GRAND I10 NIOS,Hyundai,2021,77450,Petrol,Manual,7767,440000.00000000006,5,Noida
Maruti S Cross,Maruti,2018,112318,Diesel,Manual,21183,450000.0,8,Noida
Maruti Alto K10,Maruti,2018,101135,Petrol,Manual,4694,211000.0,8,Noida
Honda Amaze,Honda,2019,74084,Petrol,Manual,8667,491000.0,7,Noida
Honda City,Honda,2015,85283,Petrol,Manual,9349,355000.0,11,Noida
Chevrolet Beat,Chevrolet,2012,323303,Petrol,Manual,31097,350000.0,14,Noida
Maruti Celerio,Maruti,2019,86239,Petrol,Manual,6125,347000.0,7,Noida
Tata Hexa,Tata,2018,163191,Diesel,Manual,24478,520000.0,8,Noida
Ford Ecosport,Ford,2019,54313,Diesel,Manual,15910,479000.0,7,Noida
Hyundai Grand i10,Hyundai,2017,42931,Diesel,Manual,27010,304000.0,9,Noida
Ford Ecosport,Ford,2017,131481,Diesel,Manual,36961,416000.0,9,Noida
Ford Ecosport,Ford,2017,47682,Diesel,Manual,33318,375000.0,9,Noida
Hyundai Grand i10,Hyundai,2017,42767,Petrol,Auto,7918,405000.0,9,Noida
Maruti New Wagon-R,Maruti,2020,79790,Petrol,Manual,5931,336000.0,6,Noida
Toyota Etios Liva,Toyota,2011,53520,Petrol,Manual,5931,132000.0,15,Noida
Tata NEXON,Tata,2017,88471,Diesel,Manual,31541,355000.0,9,Noida
Tata NEXON,Tata,2019,88694,Diesel,Auto,13950,420000.0,7,Noida
Honda Amaze,Honda,2016,84383,Petrol,Manual,6896,310000.0,10,Noida
Maruti Swift,Maruti,2022,24813,Petrol,Manual,8968,508000.0,4,Noida
Tata Tiago,Tata,2022,38615,Petrol,Manual,7079,401000.0,4,Noida
Mahindra XUV500,Mahindra,2018,92426,Diesel,Manual,32292,686000.0,8,Noida
Maruti Ertiga,Maruti,2017,74911,Diesel,Manual,56508,636000.0,9,Noida
Mahindra TUV300,Mahindra,2018,99935,Diesel,Manual,17605,374000.0,8,Noida
Renault TRIBER,Renault,2022,76145,Petrol,Manual,7432,421000.0,4,Noida
Hyundai GRAND I10 NIOS,Hyundai,2022,10402,Petrol,Auto,10539,597000.0,4,Noida
Honda WR-V,Honda,2017,156734,Diesel,Manual,39093,440000.00000000006,9,Noida
Nissan MAGNITE,Nissan,2023,30138,Petrol,Manual,8650,490000.00000000006,3,Noida
KIA SONET,KIA,2022,44949,Petrol,Manual,11157,632000.0,4,Noida
Hyundai Grand i10,Hyundai,2018,78868,Diesel,Manual,15393,327000.0,8,Noida
Hyundai Elite i20,Hyundai,2015,86291,Petrol,Manual,8954,340000.0,11,Noida
Tata NEXON,Tata,2024,19621,Petrol,Manual,19554,1142000.0,2,Noida
Hyundai Verna,Hyundai,2019,101135,Petrol,Manual,14103,634000.0,7,Noida
Hyundai Grand i10,Hyundai,2017,36529,Petrol,Auto,6412,328000.0,9,Noida
Honda City,Honda,2019,112484,Petrol,Manual,12190,548000.0,7,Noida
Maruti Swift,Maruti,2019,147230,Petrol,Manual,8609,387000.0,7,Noida
Hyundai Creta,Hyundai,2019,97770,Diesel,Manual,20859,628000.0,7,Noida
Tata NEXON,Tata,2023,24641,Petrol,Auto,14034,795000.0,3,Noida
Maruti Ciaz,Maruti,2017,110374,Diesel,Manual,31541,355000.0,9,Noida
Maruti Vitara Brezza,Maruti,2017,113069,Diesel,Manual,41670,469000.00000000006,9,Noida
Toyota Corolla Altis,Toyota,2015,145264,Petrol,Auto,14484,550000.0,11,Noida
Hyundai Elite i20,Hyundai,2015,76286,Petrol,Manual,8295,315000.0,11,Noida
Honda City,Honda,2017,108817,Petrol,Manual,12257,551000.0,9,Noida
Honda City,Honda,2017,68150,Petrol,Manual,8563,438000.0,9,Noida
Maruti Wagon R 1.0,Maruti,2018,85186,Petrol,Manual,5119,290000.0,8,Noida
Tata TIGOR,Tata,2022,116726,Petrol,Manual,10566,475000.0,4,Noida
Maruti Ciaz,Maruti,2017,150807,Petrol,Auto,9387,422000.0,9,Noida
Toyota RUMION,Toyota,2024,9376,Petrol,Manual,20256,1183000.0,2,Noida
Mahindra XUV300,Mahindra,2021,80260,Diesel,Auto,13347,600000.0,5,Noida
Maruti Celerio,Maruti,2022,57268,Petrol,Manual,7061,400000.0,4,Noida
Maruti New Wagon-R,Maruti,2022,79496,Petrol,Manual,7202,408000.0,4,Noida
Maruti New Wagon-R,Maruti,2021,133402,Petrol,Manual,9076,408000.0,5,Noida
Honda Amaze,Honda,2016,68231,Petrol,Auto,6896,310000.0,10,Noida
Tata NEXON,Tata,2023,26558,Petrol,Manual,11704,663000.0,3,Noida
Mahindra BOLERO NEO,Mahindra,2023,49213,Diesel,Manual,13903,811999.9999999999,3,Noida
Maruti Celerio,Maruti,2017,53674,Petrol,Auto,6354,325000.0,9,Noida
Mahindra XUV500,Mahindra,2019,48280,Diesel,Manual,25309,762000.0,7,Noida
Maruti Swift,Maruti,2016,77632,Petrol,Manual,7274,327000.0,10,Noida
Nissan Terrano,Nissan,2016,121391,Diesel,Manual,7274,290000.0,10,Noida
Tata PUNCH,Tata,2025,128,Petrol,Manual,12586,713000.0,1,Noida
Tata ALTROZ,Tata,2023,16445,Petrol,Auto,12745,722000.0,3,Noida
Hyundai Elite i20,Hyundai,2018,84751,Petrol,Manual,8544,484000.0,8,Noida
Maruti New Wagon-R,Maruti,2022,99245,Petrol,Manual,7132,404000.0,4,Noida
Mahindra XUV500,Mahindra,2021,47041,Diesel,Manual,17394,800000.0,5,Noida
Maruti Baleno,Maruti,2020,61410,Petrol,Manual,7344,416000.0,6,Noida
Hyundai Elite i20,Hyundai,2018,76285,Petrol,Manual,6178,350000.0,8,Noida
Maruti BREZZA,Maruti,2023,60543,Petrol,Manual,13240,750000.0,3,Noida
Maruti Baleno,Maruti,2016,103486,Petrol,Manual,7341,330000.0,10,Noida
Mahindra BOLERO NEO,Mahindra,2022,15989,Diesel,Manual,15542,795000.0,4,Noida
Mahindra XUV700,Mahindra,2022,56128,Petrol,Manual,23184,1354000.0,4,Noida
Nissan MAGNITE,Nissan,2021,80365,Petrol,Manual,8826,500000.0,5,Noida
Hyundai Elite i20,Hyundai,2016,83583,Petrol,Manual,7140,321000.0,10,Noida
Maruti Baleno,Maruti,2018,111275,Petrol,Manual,8631,388000.0,8,Noida
Maruti New Wagon-R,Maruti,2019,83315,Petrol,Manual,6214,352000.0,7,Noida
Ford Ecosport,Ford,2018,105875,Diesel,Manual,19300,409999.99999999994,8,Noida
Maruti Dzire,Maruti,2019,54492,Petrol,Manual,7891,447000.0,7,Noida
Hyundai Grand i10,Hyundai,2017,87772,Diesel,Manual,26477,298000.0,9,Noida
Maruti Ertiga,Maruti,2015,82932,Petrol,Manual,10139,385000.0,11,Noida
Tata NEXON,Tata,2023,58070,Petrol,Manual,12551,711000.0,3,Noida
Maruti New Wagon-R,Maruti,2019,38647,Petrol,Manual,6284,356000.0,7,Noida
Mahindra XUV700,Mahindra,2024,5622,Petrol,Auto,37378,2183000.0,2,Noida
Maruti Alto K10,Maruti,2023,30305,Petrol,Manual,7414,420000.0,3,Noida
Honda BR-V,Honda,2016,224545,Diesel,Manual,7414,409999.99999999994,10,Noida
Honda City,Honda,2015,71324,Petrol,Manual,10823,411000.00000000006,11,Noida
Ford Ecosport,Ford,2021,65793,Petrol,Manual,11474,650000.0,5,Noida
Jeep Compass,Jeep,2018,146111,Diesel,Manual,28244,600000.0,8,Noida
Tata NEXON,Tata,2019,95745,Diesel,Auto,14946,450000.0,7,Noida
Force Motors Citiline,Force,2024,7733,Diesel,Manual,24382,1424000.0,2,Noida
Maruti XL6,Maruti,2022,51994,Petrol,Manual,16061,938000.0000000001,4,Noida
Maruti S Cross,Maruti,2017,58766,Diesel,Manual,38827,437000.0,9,Noida
Ford Ecosport,Ford,2016,119180,Diesel,Manual,38827,306000.0,10,Noida
Maruti Baleno,Maruti,2023,49050,Petrol,Manual,11510,652000.0,3,Noida
Maruti Baleno,Maruti,2020,34518,Petrol,Manual,7944,450000.0,6,Noida
Tata Tiago,Tata,2019,42002,Petrol,Manual,5508,312000.0,7,Noida
Toyota Glanza,Toyota,2021,61458,Petrol,Auto,9391,532000.0,5,Noida
Maruti Swift,Maruti,2023,23875,Petrol,Manual,10415,590000.0,3,Noida
Hyundai Elite i20,Hyundai,2018,14336,Petrol,Manual,8791,498000.00000000006,8,Noida
Hyundai Grand i10,Hyundai,2019,99525,Petrol,Manual,6125,347000.0,7,Noida
Maruti New Wagon-R,Maruti,2021,100567,Petrol,Manual,8008,360000.0,5,Noida
Hyundai Creta,Hyundai,2016,57861,Petrol,Manual,14125,635000.0,10,Noida
Mahindra Thar,Mahindra,2017,49254,Diesel,Manual,38649,434999.99999999994,9,Noida
Maruti Baleno,Maruti,2022,54633,Petrol,Manual,10044,569000.0,4,Noida
KIA SELTOS,KIA,2022,39000,Diesel,Manual,15227,800000.0,4,Noida
Hyundai Creta,Hyundai,2015,94197,Petrol,Manual,10850,412000.0,11,Noida
Hyundai NEW SANTRO,Hyundai,2020,11779,Petrol,Manual,6743,382000.0,6,Noida
Maruti Ciaz,Maruti,2018,89940,Petrol,Manual,7432,421000.0,8,Noida
Honda Brio,Honda,2013,155389,Petrol,Auto,7391,157000.0,13,Noida
Maruti New Wagon-R,Maruti,2022,61785,Petrol,Manual,8332,472000.0,4,Noida
Ford Ecosport,Ford,2016,121550,Diesel,Manual,8332,306000.0,10,Noida
Hyundai Grand i10,Hyundai,2018,58887,Petrol,Manual,5455,309000.0,8,Noida
Hyundai Elite i20,Hyundai,2016,215973,Petrol,Manual,7007,315000.0,10,Noida
Mahindra XUV300,Mahindra,2019,40736,Petrol,Manual,9268,525000.0,7,Noida
Hyundai NEW I20,Hyundai,2022,56943,Petrol,Auto,12463,706000.0,4,Noida
Maruti Ertiga,Maruti,2018,170103,Petrol,Manual,11767,529000.0,8,Noida
Hyundai Creta,Hyundai,2019,109921,Diesel,Manual,18268,550000.0,7,Noida
Tata NEXON,Tata,2024,32526,Petrol,Manual,16266,950000.0,2,Noida
Hyundai Creta,Hyundai,2018,132148,Diesel,Manual,28668,609000.0,8,Noida
Honda City,Honda,2016,86579,Petrol,Manual,8275,372000.0,10,Noida
Maruti Baleno,Maruti,2015,100633,Petrol,Manual,10033,381000.0,11,Noida
Maruti Ciaz,Maruti,2017,107130,Diesel,Manual,10299,463000.0,9,Noida
BMW X1,BMW,2017,167545,Diesel,Auto,110477,1250000.0,9,Noida
Hyundai Creta,Hyundai,2018,169727,Diesel,Manual,36906,784000.0,8,Noida
Maruti New Wagon-R,Maruti,2022,41940,Petrol,Manual,7502,425000.0,4,Noida
KIA CARENS,KIA,2023,57192,Diesel,Auto,23971,1400000.0,3,Noida
Maruti Vitara Brezza,Maruti,2017,60590,Diesel,Manual,39005,438999.99999999994,9,Noida
Hyundai Elite i20,Hyundai,2018,101418,Petrol,Manual,9009,405000.0,8,Noida
Tata PUNCH,Tata,2025,10940,Petrol,Auto,14143,826000.0,1,Noida
Hyundai AURA,Hyundai,2023,2229,Petrol,Manual,11615,658000.0,3,Noida
Tata NEXON,Tata,2023,44000,Petrol,Manual,14229,831000.0,3,Noida
Honda WR-V,Honda,2017,82945,Diesel,Manual,38205,430000.0,9,Noida
ISUZU D-MAX S-CAB,ISUZU,2019,110802,Diesel,Manual,20925,630000.0,7,Noida
Honda Amaze,Honda,2017,55642,Diesel,Manual,31719,357000.0,9,Noida
Honda WR-V,Honda,2020,63254,Petrol,Manual,10662,604000.0,6,Noida
Hyundai VENUE,Hyundai,2024,10036,Petrol,Manual,14554,850000.0,2,Noida
Honda City,Honda,2024,12320,Petrol,Manual,18150,1060000.0,2,Noida
Mahindra XUV500,Mahindra,2016,102639,Diesel,Auto,18150,391000.0,10,Noida
Maruti Eeco,Maruti,2018,93687,Petrol,Manual,4413,250000.0,8,Noida
Hyundai Verna,Hyundai,2018,49640,Petrol,Manual,9921,562000.0,8,Noida
Mahindra Thar,Mahindra,2022,8335,Petrol,Auto,24280,1418000.0,4,Noida
Hyundai Creta,Hyundai,2017,105805,Diesel,Manual,49489,557000.0,9,Noida
Maruti Ertiga,Maruti,2025,3144,Petrol,Manual,16609,969999.9999999999,1,Noida
Maruti Baleno,Maruti,2018,149601,Petrol,Manual,8052,362000.0,8,Noida
Ford Ecosport,Ford,2015,78380,Petrol,Auto,8084,307000.0,11,Noida
Maruti Baleno,Maruti,2018,93048,Petrol,Auto,7043,399000.0,8,Noida
Toyota Glanza,Toyota,2022,28484,Petrol,Manual,12463,706000.0,4,Noida
KIA SELTOS,KIA,2023,65709,Petrol,Manual,14965,874000.0,3,Noida
Maruti Vitara Brezza,Maruti,2018,171793,Diesel,Auto,21842,463999.99999999994,8,Noida
Hyundai Creta,Hyundai,2017,72265,Petrol,Auto,12473,638000.0,9,Noida
Toyota Corolla Altis,Toyota,2017,79492,Petrol,Auto,14272,730000.0,9,Noida
Maruti Eeco,Maruti,2018,163227,Petrol,Manual,6117,275000.0,8,Noida
Tata Hexa,Tata,2018,89988,Diesel,Auto,32245,685000.0,8,Noida
Honda Amaze,Honda,2019,48906,Petrol,Manual,7626,432000.0,7,Noida
Tata Tiago,Tata,2020,96334,Petrol,Manual,5984,339000.0,6,Noida
Maruti Swift,Maruti,2022,53731,Petrol,Manual,7679,434999.99999999994,4,Noida
Tata Tiago,Tata,2020,60237,Petrol,Manual,6408,363000.0,6,Noida
Hyundai i10,Hyundai,2011,96442,Petrol,Manual,6408,66000.0,15,Noida
Hyundai Grand i10,Hyundai,2018,77376,Petrol,Manual,5490,311000.0,8,Noida
Ford Ecosport,Ford,2018,125911,Diesel,Manual,22548,479000.0,8,Noida
Nissan MAGNITE,Nissan,2022,51593,Petrol,Manual,7149,405000.0,4,Noida
Maruti Dzire,Maruti,2018,106000,Petrol,Auto,10010,450000.0,8,Noida
Tata NEXON,Tata,2022,101190,Petrol,Manual,15260,686000.0,4,Noida
Tata ALTROZ,Tata,2023,48147,Petrol,Manual,12180,690000.0,3,Noida
Hyundai Grand i10,Hyundai,2017,78116,Petrol,Manual,6041,309000.0,9,Noida
Maruti Vitara Brezza,Maruti,2017,105270,Diesel,Manual,43980,495000.0,9,Noida
Ford Ecosport,Ford,2015,50382,Petrol,Auto,8690,330000.0,11,Noida
Hyundai Elite i20,Hyundai,2015,77034,Petrol,Manual,8637,328000.0,11,Noida
Maruti Baleno,Maruti,2016,39037,Petrol,Manual,8164,367000.0,10,Noida
Hyundai Elite i20,Hyundai,2019,76614,Petrol,Manual,7838,444000.00000000006,7,Noida
Maruti Vitara Brezza,Maruti,2018,71765,Diesel,Manual,25702,546000.0,8,Noida
Hyundai GRAND I10 NIOS,Hyundai,2020,65255,Petrol,Manual,8226,466000.0,6,Noida
Maruti Ertiga,Maruti,2021,133838,Petrol,Manual,17394,800000.0,5,Noida
Maruti Vitara Brezza,Maruti,2017,89893,Diesel,Manual,35095,395000.0,9,Noida
Mahindra Thar,Mahindra,2017,87635,Diesel,Manual,45579,513000.0,9,Noida
Maruti Swift,Maruti,2021,53260,Petrol,Manual,7714,437000.0,5,Noida
Honda Jazz,Honda,2017,126894,Petrol,Auto,8742,393000.0,9,Noida
Toyota YARIS,Toyota,2018,91690,Petrol,Auto,9568,542000.0,8,Noida
Nissan MAGNITE,Nissan,2021,50868,Petrol,Manual,9444,535000.0,5,Noida
Tata Curvv,Tata,2025,5760,Petrol,Manual,16266,950000.0,1,Noida
Tata Tiago,Tata,2019,59121,Petrol,Manual,6302,357000.0,7,Noida
Honda WR-V,Honda,2018,132266,Diesel,Manual,20053,426000.0,8,Noida
Tata PUNCH,Tata,2022,44597,Petrol,Auto,10380,588000.0,4,Noida
Maruti Ciaz,Maruti,2022,132077,Petrol,Manual,12234,550000.0,4,Noida
Renault Kiger,Renault,2023,15187,Petrol,Manual,9409,533000.0,3,Noida
Skoda KUSHAQ,Skoda,2021,39091,Petrol,Manual,16900,986999.9999999999,5,Noida
Maruti Ciaz,Maruti,2018,101545,Petrol,Manual,11812,531000.0,8,Noida
Mahindra XUV500,Mahindra,2016,59003,Diesel,Manual,11812,573000.0,10,Noida
Maruti Dzire,Maruti,2017,87521,Petrol,Auto,6999,358000.0,9,Noida
KIA SELTOS,KIA,2019,167351,Diesel,Manual,27173,830000.0000000001,7,Noida
Tata Tiago,Tata,2019,86042,Petrol,Manual,5472,310000.0,7,Noida
Maruti Alto,Maruti,2019,69918,Petrol,Manual,4113,233000.0,7,Noida
Maruti Baleno,Maruti,2019,74718,Petrol,Manual,7220,409000.0,7,Noida
MG HECTOR PLUS,MG,2024,24821,Petrol,Auto,30786,1798000.0,2,Noida
Tata NEXON,Tata,2022,43820,Diesel,Manual,16864,886000.0,4,Noida
Honda City,Honda,2023,12757,Petrol,Manual,16592,969000.0,3,Noida
KIA SELTOS,KIA,2019,100641,Petrol,Manual,19612,902000.0,7,Noida
Honda Jazz,Honda,2015,58388,Petrol,Auto,9085,345000.0,11,Noida
Mahindra Thar,Mahindra,2022,40000,Diesel,Auto,24135,1268000.0,4,Noida
Hyundai GRAND I10 NIOS,Hyundai,2022,31594,Petrol,Auto,10751,609000.0,4,Noida
Hyundai Verna,Hyundai,2019,55200,Petrol,Auto,12710,720000.0,7,Noida
Toyota Innova Crysta,Toyota,2017,131610,Diesel,Manual,110477,1250000.0,9,Noida
Maruti Dzire,Maruti,2018,87427,Diesel,Manual,21371,454000.0,8,Noida
Honda Amaze,Honda,2018,128859,Diesel,Auto,19394,412000.0,8,Noida
Maruti Baleno,Maruti,2023,67513,Petrol,Manual,11986,679000.0,3,Noida
Maruti Ertiga,Maruti,2020,222395,Petrol,Manual,17084,768000.0,6,Noida
Hyundai VENUE,Hyundai,2024,10,Petrol,Manual,13938,814000.0,2,Noida
Maruti S Cross,Maruti,2019,79003,Diesel,Manual,17471,526000.0,7,Noida
Hyundai Creta,Hyundai,2016,79827,Diesel,Manual,17471,450000.0,10,Noida
Maruti Ertiga,Maruti,2015,32008,Petrol,Manual,11850,450000.0,11,Noida
Maruti Vitara Brezza,Maruti,2018,144716,Diesel,Auto,18453,392000.0,8,Noida
Tata Tiago,Tata,2021,42328,Petrol,Manual,8226,466000.0,5,Noida
Maruti S Cross,Maruti,2016,81804,Diesel,Manual,8226,389000.0,10,Noida
Mahindra XUV500,Mahindra,2017,43420,Diesel,Manual,48956,551000.0,9,Noida
Honda Jazz,Honda,2016,56689,Petrol,Auto,10077,453000.0,10,Noida
Maruti S PRESSO,Maruti,2021,57402,Petrol,Manual,5402,306000.0,5,Noida
Honda CRV,Honda,2012,144078,Petrol,Auto,24700,278000.0,14,Noida
Hyundai AURA,Hyundai,2023,54736,Petrol,Manual,10345,586000.0,3,Noida
Tata TIGOR,Tata,2020,52578,Diesel,Manual,12819,487000.0,6,Noida
Maruti Ertiga,Maruti,2023,45888,Petrol,Manual,16523,965000.0,3,Noida
Honda Jazz,Honda,2015,74229,Petrol,Manual,7926,301000.0,11,Noida
Maruti Swift,Maruti,2020,77600,Petrol,Auto,8156,462000.0,6,Noida
Toyota Corolla Altis,Toyota,2014,58798,Petrol,Manual,15345,462000.0,12,Noida
Hyundai GRAND I10 NIOS,Hyundai,2021,70725,Petrol,Manual,7855,445000.0,5,Noida
Honda City,Honda,2018,57223,Petrol,Auto,12480,707000.0,8,Noida
Maruti IGNIS,Maruti,2022,40848,Petrol,Manual,7803,442000.0,4,Noida
Mahindra XUV700,Mahindra,2022,138070,Petrol,Manual,29983,1379000.0,4,Noida
Jeep Compass,Jeep,2017,78251,Petrol,Auto,15230,779000.0,9,Noida
Maruti Baleno,Maruti,2021,38377,Petrol,Manual,9303,527000.0,5,Noida
Tata Tiago,Tata,2021,38306,Petrol,Manual,5737,325000.0,5,Noida
Tata Tiago,Tata,2019,53491,Petrol,Manual,5419,307000.0,7,Noida
Hyundai VENUE,Hyundai,2019,34003,Petrol,Auto,12657,717000.0,7,Noida
Tata TIGOR,Tata,2022,29147,Petrol,Manual,8544,484000.0,4,Noida
Mahindra XUV300,Mahindra,2019,95569,Diesel,Auto,24944,751000.0,7,Noida
Hyundai Grand i10,Hyundai,2016,93597,Petrol,Auto,6696,301000.0,10,Noida
Nissan MAGNITE,Nissan,2023,21149,Petrol,Manual,8526,483000.0,3,Noida
Maruti Ciaz,Maruti,2016,44421,Diesel,Manual,8526,442000.0,10,Noida
Hyundai Creta,Hyundai,2016,82729,Petrol,Manual,10166,457000.0,10,Noida
Maruti New Wagon-R,Maruti,2022,21103,Petrol,Manual,7873,446000.0,4,Noida
Toyota Innova Crysta,Toyota,2020,75156,Petrol,Auto,24211,1414000.0,6,Noida
Hyundai Creta,Hyundai,2016,132000,Petrol,Manual,11656,524000.0,10,Noida
Toyota Innova Crysta,Toyota,2017,50322,Petrol,Auto,22841,1200000.0,9,Noida
Nissan MAGNITE,Nissan,2022,53722,Petrol,Manual,7732,438000.0,4,Noida
Maruti Vitara Brezza,Maruti,2019,36917,Diesel,Manual,20991,632000.0,7,Noida
Maruti Baleno,Maruti,2019,87530,Petrol,Manual,6867,389000.0,7,Noida
Hyundai GRAND I10 NIOS,Hyundai,2022,39096,Petrol,Manual,9144,518000.0,4,Noida
Maruti Baleno,Maruti,2020,32082,Petrol,Manual,9338,529000.0,6,Noida
Honda City,Honda,2015,47981,Petrol,Manual,10112,384000.0,11,Noida
Datsun Go,Datsun,2019,33131,Petrol,Manual,6426,364000.0,7,Noida
Honda Amaze,Honda,2018,113953,Diesel,Auto,19441,413000.0,8,Noida
Tata Tiago,Tata,2019,55000,Petrol,Manual,5649,320000.0,7,Noida
Hyundai GRAND I10 NIOS,Hyundai,2022,52656,Petrol,Manual,9162,519000.00000000006,4,Noida
Mahindra TUV300,Mahindra,2016,105030,Diesel,Manual,9162,355000.0,10,Noida
Maruti S Cross,Maruti,2016,112553,Diesel,Manual,9162,513000.0,10,Noida
Toyota Etios,Toyota,2011,231680,Petrol,Manual,9162,90000.0,15,Noida
Renault Duster,Renault,2017,47843,Petrol,Auto,8367,428000.0,9,Noida
Maruti Alto K10,Maruti,2022,3321,Petrol,Manual,7326,415000.00000000006,4,Noida
Maruti Ciaz,Maruti,2018,34319,Petrol,Manual,11474,650000.0,8,Noida
Honda BR-V,Honda,2018,34415,Diesel,Manual,32057,681000.0,8,Noida
Maruti Alto K10,Maruti,2025,2630,Petrol,Manual,7485,424000.0,1,Noida
Maruti Vitara Brezza,Maruti,2018,84756,Diesel,Manual,22784,484000.0,8,Noida
Maruti New Wagon-R,Maruti,2021,41111,Petrol,Manual,6673,378000.0,5,Noida
Maruti Baleno,Maruti,2022,59521,Petrol,Manual,10715,607000.0,4,Noida
Tata Hexa,Tata,2018,82707,Diesel,Manual,38685,830000.0000000001,8,Noida
Maruti Ciaz,Maruti,2017,130281,Diesel,Manual,32696,368000.0,9,Noida
KIA SELTOS,KIA,2019,110745,Petrol,Auto,20655,950000.0,7,Noida
Mahindra Scorpio,Mahindra,2021,61634,Diesel,Manual,24134,1110000.0,5,Noida
Mahindra Thar,Mahindra,2023,19055,Diesel,Manual,26916,1572000.0,3,Noida
Maruti Alto K10,Maruti,2023,2452,Petrol,Manual,7485,424000.0,3,Noida
Maruti Ciaz,Maruti,2016,74986,Petrol,Manual,9209,413999.99999999994,10,Noida
Mahindra XUV500,Mahindra,2016,149169,Diesel,Auto,9209,463000.0,10,Noida
Honda City,Honda,2016,85355,Petrol,Manual,10010,450000.0,10,Noida
Maruti Ciaz,Maruti,2018,75371,Petrol,Manual,7485,424000.0,8,Noida
Maruti New Wagon-R,Maruti,2020,63927,Petrol,Manual,5878,333000.0,6,Noida
Hyundai Creta,Hyundai,2017,113381,Diesel,Manual,12902,580000.0,9,Noida
Maruti Dzire,Maruti,2017,119210,Diesel,Manual,33763,380000.0,9,Noida
Skoda SLAVIA,Skoda,2022,31563,Petrol,Manual,15581,910000.0,4,Noida
Tata NEXON,Tata,2023,11281,Petrol,Auto,16951,990000.0,3,Noida
Honda Amaze,Honda,2017,56150,Petrol,Manual,6940,355000.0,9,Noida
Maruti S Cross,Maruti,2021,40093,Petrol,Auto,12057,683000.0,5,Noida
Nissan Kicks,Nissan,2019,139411,Diesel,Manual,15777,475000.0,7,Noida
Maruti Vitara Brezza,Maruti,2019,132808,Diesel,Auto,18268,550000.0,7,Noida
Honda City,Honda,2017,94620,Petrol,Manual,9091,465000.00000000006,9,Noida
Honda City,Honda,2015,131581,Petrol,Manual,9191,349000.0,11,Noida
Maruti Ciaz,Maruti,2016,65686,Petrol,Manual,8720,392000.0,10,Noida
Hyundai NEW SANTRO,Hyundai,2019,107500,Petrol,Manual,8186,368000.0,7,Noida
Hyundai Creta,Hyundai,2019,81464,Petrol,Manual,10592,600000.0,7,Noida
Hyundai GRAND I10 NIOS,Hyundai,2021,96711,Petrol,Manual,8032,455000.0,5,Noida
Mahindra MARAZZO,Mahindra,2019,54922,Diesel,Manual,21589,650000.0,7,Noida
Tata Tiago,Tata,2018,39085,Petrol,Auto,5949,337000.0,8,Noida
KIA SELTOS,KIA,2023,14836,Petrol,Auto,26386,1541000.0,3,Noida
Ford Ecosport,Ford,2018,60032,Petrol,Manual,8526,483000.0,8,Noida
Mahindra XUV700,Mahindra,2024,5207,Petrol,Auto,35101,2050000.0,2,Noida
Tata NEXON,Tata,2023,30278,Petrol,Manual,16318,952999.9999999999,3,Noida
Honda City,Honda,2018,106822,Petrol,Manual,10255,461000.00000000006,8,Noida
Maruti S PRESSO,Maruti,2021,47422,Petrol,Manual,6178,350000.0,5,Noida
Hyundai Grand i10,Hyundai,2017,75836,Petrol,Manual,5455,279000.0,9,Noida
Maruti Baleno,Maruti,2025,4416,Petrol,Manual,10786,611000.0,1,Noida
Toyota Innova Crysta,Toyota,2017,140099,Diesel,Auto,97220,1100000.0,9,Noida
Maruti Vitara Brezza,Maruti,2018,87431,Diesel,Auto,22784,484000.0,8,Noida
Hyundai ALCAZAR,Hyundai,2022,78519,Diesel,Manual,24554,1290000.0,4,Noida
KIA SELTOS,KIA,2019,117238,Diesel,Manual,28679,876000.0,7,Noida
MG ASTOR,MG,2022,40643,Petrol,Manual,16318,952999.9999999999,4,Noida
Maruti XL6,Maruti,2023,38761,Petrol,Manual,18835,1100000.0,3,Noida
Mahindra TUV300,Mahindra,2018,108052,Diesel,Manual,16570,352000.0,8,Noida
Honda Jazz,Honda,2015,33088,Petrol,Auto,10323,392000.0,11,Noida
Hyundai Creta,Hyundai,2018,51647,Petrol,Auto,14383,840000.0,8,Noida
Hyundai GRAND I10 NIOS,Hyundai,2023,50348,Petrol,Manual,9656,547000.0,3,Noida
Maruti Ciaz,Maruti,2018,69218,Petrol,Manual,7326,415000.00000000006,8,Noida
Maruti New Wagon-R,Maruti,2022,16105,Petrol,Manual,9497,538000.0,4,Noida
Mahindra XUV500,Mahindra,2019,34950,Diesel,Manual,24911,750000.0,7,Noida
MG HECTOR PLUS,MG,2023,18100,Petrol,Auto,25769,1505000.0,3,Noida
Tata Hexa,Tata,2017,82783,Diesel,Auto,45224,509000.0,9,Noida
Hyundai Verna,Hyundai,2016,113274,Diesel,Manual,45224,409999.99999999994,10,Noida
Volvo S60,Volvo,2017,87621,Diesel,Auto,101639,1150000.0,9,Noida
Tata NEXON,Tata,2023,27000,Petrol,Auto,13732,802000.0,3,Noida
Maruti Baleno,Maruti,2020,40813,Petrol,Manual,9250,524000.0,6,Noida
Mahindra XUV300,Mahindra,2020,39675,Diesel,Manual,14747,560000.0,6,Noida
Hyundai Creta,Hyundai,2020,148000,Diesel,Auto,26337,1019000.0,6,Noida
Maruti New Wagon-R,Maruti,2020,56448,Petrol,Manual,7361,417000.0,6,Noida
Maruti Ciaz,Maruti,2025,5150,Petrol,Manual,14725,860000.0,1,Noida
Maruti XL6,Maruti,2023,75038,Petrol,Manual,17979,1050000.0,3,Noida
Mahindra XUV700,Mahindra,2022,16370,Petrol,Manual,21403,1250000.0,4,Noida
Maruti Swift,Maruti,2020,22720,Petrol,Manual,8014,454000.0,6,Noida
Maruti Dzire,Maruti,2019,70599,Petrol,Manual,7767,440000.00000000006,7,Noida
Toyota URBAN CRUISER,Toyota,2021,76765,Petrol,Manual,10715,607000.0,5,Noida
Tata NEXON,Tata,2023,28220,Petrol,Manual,13381,758000.0,3,Noida
Mahindra Thar,Mahindra,2021,74337,Petrol,Auto,20770,1213000.0,5,Noida
Mahindra XUV500,Mahindra,2020,55215,Diesel,Manual,26724,1034000.0,6,Noida
Hyundai Verna,Hyundai,2019,21719,Petrol,Manual,13240,750000.0,7,Noida
Hyundai ALCAZAR,Hyundai,2022,67259,Diesel,Auto,24744,1300000.0,4,Noida
Maruti XL6,Maruti,2021,26185,Petrol,Auto,15410,900000.0,5,Noida
Renault Kiger,Renault,2022,30312,Petrol,Auto,9215,522000.0,4,Noida
MG HECTOR,MG,2019,136269,Diesel,Manual,24413,735000.0,7,Noida
Maruti Dzire,Maruti,2021,31367,Petrol,Manual,8544,484000.0,5,Noida
Honda BR-V,Honda,2020,40274,Petrol,Manual,13240,750000.0,6,Noida
Maruti S Cross,Maruti,2018,79638,Diesel,Manual,24525,521000.0,8,Noida
Hyundai Verna,Hyundai,2018,56408,Petrol,Manual,17722,1035000.0,8,Noida
Hyundai Creta,Hyundai,2018,103769,Diesel,Manual,28432,604000.0,8,Noida
Maruti S PRESSO,Maruti,2022,29415,Petrol,Manual,7043,399000.0,4,Noida
Hyundai Creta,Hyundai,2020,60278,Petrol,Manual,14999,876000.0,6,Noida
Hyundai Creta,Hyundai,2016,154896,Diesel,Manual,14999,509000.0,10,Noida
MG HECTOR,MG,2024,7004,Petrol,Manual,24999,1460000.0,2,Noida
Tata NEXON,Tata,2018,70968,Diesel,Auto,21183,450000.0,8,Noida
Tata NEXON,Tata,2023,29721,Diesel,Manual,14034,795000.0,3,Noida
Mahindra XUV500,Mahindra,2016,77655,Diesel,Manual,14034,556000.0,10,Noida
Maruti Baleno,Maruti,2018,58485,Petrol,Manual,7573,429000.0,8,Noida
Hyundai Creta,Hyundai,2017,44707,Petrol,Manual,10850,555000.0,9,Noida
Maruti Vitara Brezza,Maruti,2020,67542,Petrol,Auto,11933,676000.0,6,Noida
Maruti Swift,Maruti,2019,157114,Petrol,Manual,9743,438000.0,7,Noida
Maruti XL6,Maruti,2024,17795,Petrol,Manual,18064,1055000.0,2,Noida
Hyundai Creta,Hyundai,2022,42313,Diesel,Manual,22536,1184000.0,4,Noida
Maruti Ciaz,Maruti,2016,148618,Diesel,Manual,22536,325000.0,10,Noida
Honda City,Honda,2015,78917,Petrol,Auto,10060,382000.0,11,Noida
Maruti New Wagon-R,Maruti,2021,57488,Petrol,Manual,7238,409999.99999999994,5,Noida
Honda Amaze,Honda,2019,127796,Petrol,Auto,10700,480999.99999999994,7,Noida
Maruti XL6,Maruti,2023,30006,Petrol,Manual,19348,1130000.0,3,Noida
Maruti Baleno,Maruti,2018,27391,Petrol,Auto,7644,433000.0,8,Noida
Jeep Compass,Jeep,2018,57239,Petrol,Auto,12975,735000.0,8,Noida
Maruti Dzire,Maruti,2021,133061,Petrol,Manual,8408,378000.0,5,Noida
Hyundai Elite i20,Hyundai,2016,83735,Petrol,Manual,8675,390000.0,10,Noida
Hyundai Creta,Hyundai,2016,32723,Petrol,Manual,11523,518000.0,10,Noida
Mahindra Thar,Mahindra,2022,20272,Petrol,Manual,18715,1093000.0,4,Noida
Maruti Ertiga,Maruti,2021,43800,Petrol,Manual,15410,900000.0,5,Noida
MG HECTOR PLUS,MG,2024,8112,Petrol,Auto,29023,1695000.0,2,Noida
MG HECTOR,MG,2021,96193,Petrol,Manual,16403,958000.0,5,Noida
Honda City,Honda,2015,115298,Petrol,Auto,10560,401000.0,11,Noida
KIA SELTOS,KIA,2020,140575,Petrol,Manual,15015,675000.0,6,Noida
Toyota URBAN CRUISER,Toyota,2021,36271,Petrol,Manual,12004,680000.0,5,Noida
Hyundai Verna,Hyundai,2018,109629,Diesel,Auto,29186,620000.0,8,Noida
Mahindra XUV500,Mahindra,2018,66000,Diesel,Auto,33422,710000.0,8,Noida
Skoda SLAVIA,Skoda,2022,46677,Petrol,Manual,13732,802000.0,4,Noida
Maruti Vitara Brezza,Maruti,2019,145531,Diesel,Auto,14946,450000.0,7,Noida
Mahindra Thar,Mahindra,2023,19566,Petrol,Auto,22311,1303000.0,3,Noida
Renault Kwid,Renault,2024,4683,Petrol,Manual,7326,415000.00000000006,2,Noida
Hyundai Creta,Hyundai,2018,91417,Petrol,Auto,14143,826000.0,8,Noida
Jeep Compass,Jeep,2018,101251,Diesel,Manual,30253,643000.0,8,Noida
Maruti Baleno,Maruti,2018,126827,Diesel,Manual,17935,381000.0,8,Noida
KIA SELTOS,KIA,2020,147955,Diesel,Auto,27700,1274000.0,6,Noida
Hyundai Grand i10,Hyundai,2018,58997,Diesel,Manual,22784,484000.0,8,Noida
Honda City,Honda,2015,192430,Petrol,Auto,11745,446000.0,11,Noida
Maruti Dzire,Maruti,2019,22184,Petrol,Manual,8138,461000.00000000006,7,Noida
Honda Amaze,Honda,2025,4774,Petrol,Manual,13698,800000.0,1,Noida
Maruti Swift,Maruti,2021,48577,Petrol,Auto,8544,484000.0,5,Noida
Hyundai Creta,Hyundai,2017,69916,Petrol,Auto,13724,702000.0,9,Noida
Maruti Grand Vitara,Maruti,2024,13683,Petrol,Manual,19194,1121000.0,2,Noida
Maruti Ertiga,Maruti,2012,25620,Petrol,Manual,28254,318000.0,14,Noida
Maruti Grand Vitara,Maruti,2024,22674,Hybrid,Auto,26968,1575000.0,2,Noida
Maruti Grand Vitara,Maruti,2023,20748,Petrol,Manual,15205,888000.0000000001,3,Noida
Ford Ecosport,Ford,2015,35960,Petrol,Auto,10402,395000.0,11,Noida
Honda City,Honda,2015,55889,Petrol,Auto,11640,442000.0,11,Noida
Maruti Baleno,Maruti,2019,41305,Petrol,Manual,7449,422000.0,7,Noida
Maruti Celerio,Maruti,2018,85564,Petrol,Manual,6055,343000.0,8,Noida
Maruti Alto K10,Maruti,2017,25221,Petrol,Manual,5650,289000.0,9,Noida
KIA SELTOS,KIA,2022,27810,Petrol,Manual,24365,1423000.0,4,Noida
Maruti XL6,Maruti,2023,15206,Petrol,Auto,22088,1290000.0,3,Noida
Tata Tiago,Tata,2020,86093,Petrol,Manual,5737,325000.0,6,Noida
KIA SONET,KIA,2023,19757,Petrol,Manual,16027,936000.0,3,Noida
Honda City,Honda,2014,106438,Petrol,Manual,10828,326000.0,12,Noida
Toyota Etios,Toyota,2016,103592,Petrol,Manual,6607,297000.0,10,Noida
Hyundai Creta,Hyundai,2017,160413,Diesel,Auto,42914,483000.0,9,Noida
Maruti New Wagon-R,Maruti,2022,81352,Petrol,Manual,7502,425000.0,4,Noida
Hyundai Verna,Hyundai,2016,57677,Petrol,Manual,9298,418000.0,10,Noida
MG ASTOR,MG,2022,24344,Petrol,Auto,16078,939000.0,4,Noida
Renault Duster,Renault,2018,45985,Petrol,Auto,9621,545000.0,8,Noida
Tata NEXON,Tata,2019,17342,Petrol,Auto,10256,581000.0,7,Noida
Maruti Dzire,Maruti,2019,23940,Petrol,Manual,17722,1035000.0,7,Noida
Hyundai GRAND I10 NIOS,Hyundai,2020,111047,Petrol,Manual,9921,446000.0,6,Noida
KIA SONET,KIA,2020,40364,Petrol,Manual,11916,675000.0,6,Noida
Mahindra XUV500,Mahindra,2020,52973,Diesel,Manual,19750,750000.0,6,Noida
Mahindra XUV500,Mahindra,2017,65753,Diesel,Auto,55708,627000.0,9,Noida
Hyundai GRAND I10 NIOS,Hyundai,2022,30633,Petrol,Manual,8209,465000.00000000006,4,Noida
MG ASTOR,MG,2022,71826,Petrol,Auto,16609,969999.9999999999,4,Noida
KIA SONET,KIA,2023,16821,Petrol,Manual,17773,1038000.0000000001,3,Noida
Renault Duster,Renault,2017,102889,Diesel,Manual,33407,376000.0,9,Noida
Hyundai Creta,Hyundai,2019,55110,Petrol,Manual,14006,818000.0,7,Noida
Ford Ecosport,Ford,2018,205903,Diesel,Manual,16099,342000.0,8,Noida
Hyundai VENUE,Hyundai,2021,43435,Petrol,Manual,14229,831000.0,5,Noida
Mahindra Thar,Mahindra,2023,54438,Petrol,Manual,21403,1250000.0,3,Noida
Mahindra Thar,Mahindra,2021,44978,Petrol,Auto,18835,1100000.0,5,Noida
KIA SONET,KIA,2021,42408,Diesel,Manual,15527,698000.0,5,Noida
Mahindra XUV500,Mahindra,2016,83388,Diesel,Auto,15527,577000.0,10,Noida
KIA SELTOS,KIA,2019,68083,Petrol,Manual,16609,969999.9999999999,7,Noida
Ford Ecosport,Ford,2018,107301,Diesel,Manual,20901,444000.00000000006,8,Noida
Honda City,Honda,2019,68000,Petrol,Manual,12657,717000.0,7,Noida
Tata Tiago,Tata,2019,38643,Petrol,Manual,6938,393000.0,7,Noida
Maruti Vitara Brezza,Maruti,2019,19496,Diesel,Manual,22320,672000.0,7,Noida
Maruti Vitara Brezza,Maruti,2016,67359,Diesel,Manual,22320,430000.0,10,Noida
MG COMET,MG,2024,19780,Electric,Auto,10980,622000.0,2,Noida
Ford Ecosport,Ford,2018,69572,Diesel,Manual,26549,564000.0,8,Noida
KIA SELTOS,KIA,2023,26528,Petrol,Manual,22413,1309000.0,3,Noida
Mahindra XUV700,Mahindra,2022,45911,Diesel,Manual,26020,1367000.0,4,Noida
Maruti Ertiga,Maruti,2020,140170,Petrol,Manual,17394,800000.0,6,Noida
KIA SELTOS,KIA,2019,100566,Petrol,Manual,15015,675000.0,7,Noida
Honda WR-V,Honda,2017,189032,Petrol,Manual,8853,398000.0,9,Noida
Toyota Corolla Altis,Toyota,2016,90000,Petrol,Auto,12390,557000.0,10,Noida
Mahindra Thar,Mahindra,2023,38720,Diesel,Manual,19348,1130000.0,3,Noida
Mahindra XUV500,Mahindra,2016,256638,Diesel,Manual,19348,418000.0,10,Noida
Maruti S Cross,Maruti,2018,103452,Diesel,Manual,23443,498000.00000000006,8,Noida
Maruti BREZZA,Maruti,2022,42467,Petrol,Manual,14143,826000.0,4,Noida
Maruti New Wagon-R,Maruti,2021,130309,Petrol,Manual,7563,340000.0,5,Noida
Mahindra XUV700,Mahindra,2022,109300,Diesel,Manual,25504,1173000.0,4,Noida
Mercedes Benz C Class,Mercedes,2012,65636,Petrol,Auto,45224,509000.0,14,Noida
Mahindra Thar Roxx,Mahindra,2025,23220,Diesel,Auto,33817,1975000.0,1,Noida
Hyundai Creta,Hyundai,2021,123977,Diesel,Manual,24460,1125000.0,5,Noida
Maruti New Wagon-R,Maruti,2021,17648,Petrol,Manual,7838,444000.00000000006,5,Noida
Toyota Corolla Altis,Toyota,2014,165221,Petrol,Manual,10130,305000.0,12,Noida
Maruti Ciaz,Maruti,2019,48507,Petrol,Manual,9621,545000.0,7,Noida
Hyundai VENUE,Hyundai,2021,51076,Petrol,Manual,11192,634000.0,5,Noida
Hyundai Creta,Hyundai,2021,42031,Petrol,Auto,18698,1092000.0,5,Noida
Maruti S Cross,Maruti,2018,160410,Diesel,Manual,23537,500000.0,8,Noida
Mahindra Thar,Mahindra,2021,49096,Petrol,Auto,17122,1000000.0,5,Noida
Maruti XL6,Maruti,2025,25585,Petrol,Manual,19451,1136000.0,1,Noida
Toyota Innova Crysta,Toyota,2017,180337,Diesel,Manual,84139,952000.0,9,Noida
Hyundai ALCAZAR,Hyundai,2022,27577,Petrol,Manual,23543,1375000.0,4,Noida
Maruti Baleno,Maruti,2022,51387,Petrol,Manual,8900,504000.0,4,Noida
MG HECTOR,MG,2021,57355,Petrol,Auto,16609,969999.9999999999,5,Noida
Maruti Ciaz,Maruti,2022,42837,Petrol,Auto,13963,791000.0,4,Noida
Maruti Celerio,Maruti,2018,26569,Petrol,Auto,6355,360000.0,8,Noida
Maruti Baleno,Maruti,2019,43600,Petrol,Manual,8209,465000.00000000006,7,Noida
Hyundai Creta,Hyundai,2024,33999,Diesel,Manual,20633,1205000.0,2,Noida
KIA SELTOS,KIA,2020,104716,Petrol,Manual,20307,934000.0,6,Noida
Hyundai Creta,Hyundai,2020,23576,Petrol,Manual,14708,859000.0,6,Noida
KIA SELTOS,KIA,2020,76372,Diesel,Manual,23907,925000.0,6,Noida
Maruti Ertiga,Maruti,2017,167885,Diesel,Manual,40249,453000.0,9,Noida
Honda WR-V,Honda,2019,166277,Diesel,Manual,15777,475000.0,7,Noida
Honda City,Honda,2019,60500,Petrol,Auto,12357,700000.0,7,Noida
Skoda KUSHAQ,Skoda,2022,60933,Petrol,Manual,18116,1058000.0,4,Noida
Toyota Etios,Toyota,2016,96741,Diesel,Manual,18116,403000.0,10,Noida
Maruti Ciaz,Maruti,2019,52066,Petrol,Manual,10256,581000.0,7,Noida
Audi Q3,Audi,2015,71000,Diesel,Auto,31102,950000.0,11,Noida
Hyundai Creta,Hyundai,2018,231459,Diesel,Manual,27585,586000.0,8,Noida
Ford Ecosport,Ford,2016,34019,Petrol,Auto,9343,420000.0,10,Noida
Hyundai Creta,Hyundai,2017,150415,Diesel,Auto,48245,543000.0,9,Noida
Hyundai VENUE,Hyundai,2019,42306,Petrol,Auto,12286,696000.0,7,Noida
Renault Duster,Renault,2017,92704,Diesel,Auto,35540,400000.0,9,Noida
Tata NEXON,Tata,2018,56750,Diesel,Auto,21654,459999.99999999994,8,Noida
Ssangyong Rexton,Ssangyong,2018,106150,Diesel,Auto,39943,857000.0,8,Noida
Hyundai i20,Hyundai,2014,46500,Petrol,Manual,8403,252999.99999999997,12,Noida
Tata Safari,Tata,2022,43429,Diesel,Auto,29065,1527000.0,4,Noida
Honda Jazz,Honda,2017,55957,Petrol,Auto,6940,355000.0,9,Noida
MG ASTOR,MG,2022,39327,Petrol,Auto,18715,1093000.0,4,Noida
Maruti New Wagon-R,Maruti,2020,69086,Petrol,Manual,6885,390000.0,6,Noida
Mahindra SCORPIO CLASSIC,Mahindra,2024,24162,Diesel,Manual,26694,1559000.0,2,Noida
Maruti Baleno,Maruti,2022,3450,Petrol,Manual,11174,633000.0,4,Noida
Hyundai Verna,Hyundai,2022,26810,Petrol,Auto,17996,1051000.0,4,Noida
Tata Safari,Tata,2022,37192,Diesel,Auto,29027,1525000.0,4,Noida
Tata ALTROZ,Tata,2023,31156,Petrol,Manual,11104,629000.0,3,Noida
Mahindra XUV700,Mahindra,2022,19420,Petrol,Manual,22910,1338000.0,4,Noida
KIA SONET,KIA,2022,45789,Petrol,Manual,13063,740000.0,4,Noida
Hyundai Creta,Hyundai,2018,96619,Petrol,Manual,11298,640000.0,8,Noida
KIA CARENS,KIA,2022,25292,Petrol,Manual,24691,1442000.0,4,Noida
KIA SONET,KIA,2021,56359,Petrol,Manual,10945,620000.0,5,Noida
Hyundai Creta,Hyundai,2020,47105,Petrol,Auto,20547,1200000.0,6,Noida
Tata Safari,Tata,2021,35274,Diesel,Auto,35984,1655000.0,5,Noida
KIA SELTOS,KIA,2020,103653,Diesel,Auto,19750,750000.0,6,Noida
Maruti Vitara Brezza,Maruti,2018,65028,Diesel,Manual,28244,600000.0,8,Noida
Hyundai Creta,Hyundai,2019,104096,Petrol,Manual,12234,550000.0,7,Noida
Hyundai Creta,Hyundai,2021,112474,Diesel,Manual,19938,917000.0,5,Noida
KIA SELTOS,KIA,2021,110031,Diesel,Auto,26091,1200000.0,5,Noida
Maruti Grand Vitara,Maruti,2023,18446,Petrol,Manual,17208,1005000.0000000001,3,Noida
Hyundai GRAND I10 NIOS,Hyundai,2022,26309,Petrol,Manual,8773,497000.0,4,Noida
Hyundai Verna,Hyundai,2018,118483,Diesel,Manual,29091,618000.0,8,Noida
Maruti Ciaz,Maruti,2018,106042,Petrol,Manual,10766,484000.0,8,Noida
Nissan MAGNITE,Nissan,2021,73919,Petrol,Manual,8209,465000.00000000006,5,Noida
Maruti Ciaz,Maruti,2014,126942,Petrol,Manual,9998,301000.0,12,Noida
Mahindra Thar,Mahindra,2023,51840,Diesel,Manual,17979,1050000.0,3,Noida
Honda Amaze,Honda,2021,48996,Petrol,Manual,11474,650000.0,5,Noida
Mahindra Thar,Mahindra,2023,8805,Petrol,Auto,20067,1172000.0,3,Noida
Hyundai Creta,Hyundai,2021,38503,Petrol,Manual,16420,959000.0,5,Noida
Hyundai Creta,Hyundai,2016,105239,Diesel,Auto,16420,860000.0,10,Noida
Hyundai Creta,Hyundai,2020,130155,Diesel,Auto,34504,1335000.0,6,Noida
MG HECTOR,MG,2019,65612,Diesel,Manual,26273,791000.0,7,Noida
MG ASTOR,MG,2023,23494,Petrol,Auto,17979,1050000.0,3,Noida
Hyundai Creta,Hyundai,2019,44379,Petrol,Auto,13240,750000.0,7,Noida
Maruti Vitara Brezza,Maruti,2016,153201,Diesel,Manual,13240,345000.0,10,Noida
KIA SELTOS,KIA,2020,67781,Petrol,Auto,18013,1052000.0,6,Noida
Toyota Innova Crysta,Toyota,2017,145112,Diesel,Auto,129833,1469000.0,9,Noida
MG HECTOR,MG,2019,50441,Diesel,Manual,25243,760000.0,7,Noida
Mahindra XUV 3XO,Mahindra,2024,22280,Petrol,Manual,17157,1002000.0,2,Noida
Ford Ecosport,Ford,2019,99403,Diesel,Manual,16541,498000.00000000006,7,Noida
Hyundai Creta,Hyundai,2017,169950,Diesel,Manual,46557,524000.0,9,Noida
Mahindra MARAZZO,Mahindra,2019,121332,Diesel,Manual,17139,516000.0,7,Noida
Mahindra XUV300,Mahindra,2021,77446,Petrol,Manual,10221,579000.0,5,Noida
Mahindra SCORPIO-N,Mahindra,2023,72914,Diesel,Auto,28303,1653000.0,3,Noida
Tata Hexa,Tata,2018,88105,Diesel,Auto,28244,600000.0,8,Noida
Maruti Dzire,Maruti,2019,78880,Petrol,Manual,8473,480000.0,7,Noida
KIA SONET,KIA,2020,29604,Petrol,Manual,12798,725000.0,6,Noida
Tata Harrier,Tata,2020,61657,Diesel,Manual,28430,1100000.0,6,Noida
Maruti Vitara Brezza,Maruti,2019,124463,Diesel,Auto,13881,624000.0,7,Noida
Renault Duster,Renault,2021,34808,Petrol,Manual,13875,786000.0,5,Noida
Mahindra XUV700,Mahindra,2022,46479,Diesel,Auto,33538,1762000.0,4,Noida
Hyundai VENUE,Hyundai,2022,35340,Petrol,Manual,11474,650000.0,4,Noida
Maruti Baleno,Maruti,2018,64183,Petrol,Manual,6708,380000.0,8,Noida
Honda WR-V,Honda,2018,49669,Petrol,Manual,8385,475000.0,8,Noida
Hyundai Verna,Hyundai,2021,23119,Petrol,Manual,14554,850000.0,5,Noida
Hyundai Creta,Hyundai,2022,33960,Petrol,Auto,19691,1150000.0,4,Noida
Maruti Ertiga,Maruti,2021,21451,Petrol,Manual,16095,940000.0,5,Noida
Hyundai NEW I20 N LINE,Hyundai,2024,6791,Petrol,Manual,13698,800000.0,2,Noida
Tata PUNCH,Tata,2023,17646,Petrol,Manual,10044,569000.0,3,Noida
Hyundai VENUE,Hyundai,2019,92769,Diesel,Manual,22220,669000.0,7,Noida
Honda WR-V,Honda,2017,124921,Diesel,Manual,38649,434999.99999999994,9,Noida
Maruti New Wagon-R,Maruti,2021,93650,Petrol,Manual,7555,428000.0,5,Noida
Ford Ecosport,Ford,2018,122825,Diesel,Manual,21183,450000.0,8,Noida
Maruti Ciaz,Maruti,2018,48669,Petrol,Manual,11633,659000.0,8,Noida
Honda City,Honda,2022,30553,Petrol,Auto,18424,1076000.0,4,Noida
Hyundai Creta,Hyundai,2018,177741,Diesel,Manual,22313,474000.0,8,Noida
Maruti Swift,Maruti,2022,38566,Petrol,Auto,10256,581000.0,4,Noida
Hyundai VENUE,Hyundai,2023,10004,Petrol,Manual,13345,756000.0,3,Noida
Tata ALTROZ,Tata,2023,22935,Petrol,Manual,11563,655000.0,3,Noida
Mahindra XUV300,Mahindra,2019,130466,Diesel,Manual,16607,500000.0,7,Noida
Renault Duster,Renault,2018,88317,Petrol,Auto,7750,438999.99999999994,8,Noida
Ford Ecosport,Ford,2018,99420,Petrol,Auto,8103,459000.0,8,Noida
Tata Tiago,Tata,2019,53588,Diesel,Manual,11359,342000.0,7,Noida
Tata ALTROZ,Tata,2023,50512,Petrol,Manual,10786,611000.0,3,Noida
Mahindra XUV500,Mahindra,2019,52672,Diesel,Manual,32673,998000.0,7,Noida
Maruti XL6,Maruti,2021,51818,Petrol,Manual,14554,850000.0,5,Noida
Honda City,Honda,2019,69596,Petrol,Auto,11298,640000.0,7,Noida
Ford Ecosport,Ford,2018,86409,Diesel,Manual,20336,432000.0,8,Noida
Honda City,Honda,2020,21832,Petrol,Auto,16095,940000.0,6,Noida
Mahindra XUV300,Mahindra,2019,94672,Diesel,Manual,17271,520000.0,7,Noida
Toyota Corolla Altis,Toyota,2016,130110,Petrol,Auto,10566,475000.0,10,Noida
Maruti New Wagon-R,Maruti,2023,43178,Petrol,Manual,7344,416000.0,3,Noida
Honda City,Honda,2019,73007,Petrol,Auto,11439,648000.0,7,Noida
MG HECTOR,MG,2021,95683,Petrol,Auto,16266,950000.0,5,Noida
Hyundai Creta,Hyundai,2016,65224,Petrol,Manual,10855,488000.0,10,Noida
Maruti Ciaz,Maruti,2020,99800,Petrol,Auto,11298,640000.0,6,Noida
Hyundai Creta,Hyundai,2019,91276,Diesel,Auto,25741,775000.0,7,Noida
Mahindra Thar,Mahindra,2021,11712,Petrol,Auto,18116,1058000.0,5,Noida
Toyota URBAN CRUISER HYRYDER,Toyota,2022,74844,Hybrid,Auto,25084,1465000.0,4,Noida
Tata Safari,Tata,2021,76331,Diesel,Auto,33918,1560000.0,5,Noida
Maruti New Wagon-R,Maruti,2020,92247,Petrol,Manual,6390,362000.0,6,Noida
Maruti Celerio,Maruti,2018,77567,Petrol,Manual,6196,351000.0,8,Noida
Mahindra Thar,Mahindra,2022,15847,Diesel,Auto,29084,1528000.0,4,Noida
Toyota URBAN CRUISER,Toyota,2022,79305,Petrol,Manual,11757,666000.0,4,Noida
Tata Tiago,Tata,2019,35700,Petrol,Manual,18287,1068000.0,7,Noida
Hyundai Creta,Hyundai,2016,79700,Petrol,Manual,11122,500000.0,10,Noida
Maruti Alto K10,Maruti,2019,136460,Petrol,Manual,5761,259000.0,7,Noida
Maruti Baleno,Maruti,2018,65603,Diesel,Manual,18170,386000.0,8,Noida
Hyundai Elite i20,Hyundai,2017,55866,Petrol,Manual,7957,407000.0,9,Noida
Maruti New Wagon-R,Maruti,2024,40922,Petrol,Manual,8985,509000.0,2,Noida
Hyundai Creta,Hyundai,2019,142097,Diesel,Auto,21589,650000.0,7,Noida
Mahindra XUV500,Mahindra,2020,118253,Diesel,Auto,23778,919999.9999999999,6,Noida
Hyundai VENUE,Hyundai,2021,78256,Petrol,Manual,10945,620000.0,5,Noida
Hyundai AURA,Hyundai,2024,33009,Petrol,Manual,12410,703000.0,2,Noida
Maruti Baleno,Maruti,2019,35988,Petrol,Auto,8650,490000.00000000006,7,Noida
KIA SELTOS,KIA,2021,105063,Diesel,Manual,19155,881000.0,5,Noida
Hyundai VENUE,Hyundai,2021,39551,Petrol,Manual,12639,716000.0,5,Noida
Ford Ecosport,Ford,2016,152247,Petrol,Auto,8342,375000.0,10,Noida
Maruti Swift,Maruti,2020,62580,Petrol,Manual,8862,501999.99999999994,6,Noida
Maruti Ertiga,Maruti,2016,38632,Diesel,Manual,8862,540000.0,10,Noida
Ford Ecosport,Ford,2019,114196,Petrol,Manual,10010,450000.0,7,Noida
Maruti Vitara Brezza,Maruti,2019,82413,Diesel,Manual,15511,467000.0,7,Noida
Mahindra Thar Roxx,Mahindra,2025,12544,Petrol,Auto,38988,2277000.0,1,Noida
Tata Harrier,Tata,2019,182986,Diesel,Manual,30742,939000.0,7,Noida
Honda City,Honda,2013,45128,Petrol,Manual,15675,333000.0,13,Noida
Maruti Vitara Brezza,Maruti,2018,80613,Diesel,Manual,25184,535000.0,8,Noida
Hyundai VENUE,Hyundai,2020,68470,Petrol,Manual,11986,679000.0,6,Noida
Maruti New Wagon-R,Maruti,2023,21416,Petrol,Manual,8473,480000.0,3,Noida
KIA SONET,KIA,2022,45737,Petrol,Manual,13593,770000.0,4,Noida
Mahindra XUV500,Mahindra,2017,56678,Diesel,Manual,60328,679000.0,9,Noida
Tata NEXON,Tata,2017,121332,Diesel,Manual,38560,434000.0,9,Noida
Maruti Grand Vitara,Maruti,2023,18965,Petrol,Manual,16266,950000.0,3,Noida
Hyundai Creta,Hyundai,2020,51768,Diesel,Manual,23416,906000.0,6,Noida
Honda CRV,Honda,2012,164470,Petrol,Auto,23012,259000.0,14,Noida
Tata PUNCH,Tata,2024,51897,Petrol,Manual,10980,622000.0,2,Noida
Hyundai VENUE,Hyundai,2019,35617,Petrol,Auto,11563,655000.0,7,Noida
Maruti New Wagon-R,Maruti,2021,25081,Petrol,Manual,7926,449000.0,5,Noida
Hyundai VENUE,Hyundai,2019,59507,Petrol,Auto,11474,650000.0,7,Noida
MG HECTOR PLUS,MG,2023,30001,Diesel,Manual,31009,1811000.0,3,Noida
Hyundai Creta,Hyundai,2018,167734,Diesel,Auto,20721,952999.9999999999,8,Noida
Hyundai Creta,Hyundai,2019,93772,Diesel,Manual,21423,645000.0,7,Noida
KIA SONET,KIA,2022,44538,Petrol,Manual,13575,769000.0,4,Noida
Maruti New Wagon-R,Maruti,2020,76969,Petrol,Manual,6426,364000.0,6,Noida
KIA CARENS,KIA,2023,82535,Diesel,Manual,19057,1113000.0,3,Noida
Renault Duster,Renault,2016,95438,Diesel,Manual,19057,319000.0,10,Noida
Tata NEXON,Tata,2024,4148,Petrol,Manual,15205,888000.0000000001,2,Noida
KIA SONET,KIA,2021,119429,Diesel,Manual,21090,969999.9999999999,5,Noida
Mahindra SCORPIO-N,Mahindra,2023,27532,Petrol,Auto,30735,1795000.0,3,Noida
KIA SONET,KIA,2020,30540,Diesel,Manual,20676,800000.0,6,Noida
Honda Amaze,Honda,2025,3247,Petrol,Manual,15410,900000.0,1,Noida
Tata Tiago,Tata,2018,20105,Petrol,Auto,7344,416000.0,8,Noida
Tata NEXON,Tata,2017,67915,Diesel,Manual,42203,475000.0,9,Noida
KIA SELTOS,KIA,2020,50563,Petrol,Auto,16095,940000.0,6,Noida
Maruti Vitara Brezza,Maruti,2017,45633,Diesel,Manual,44780,504000.0,9,Noida
Hyundai VENUE,Hyundai,2020,93777,Diesel,Manual,18197,691000.0,6,Noida
Hyundai Creta,Hyundai,2019,119532,Petrol,Manual,15126,680000.0,7,Noida
KIA SELTOS,KIA,2024,33974,Petrol,Manual,22807,1332000.0,2,Noida
Hyundai Creta,Hyundai,2024,27807,Petrol,Manual,17893,1044999.9999999999,2,Noida
Mahindra Thar,Mahindra,2022,75666,Diesel,Auto,25487,1339000.0,4,Noida
Toyota Corolla Altis,Toyota,2014,85920,Petrol,Manual,11725,353000.0,12,Noida
Maruti Ciaz,Maruti,2014,103924,Petrol,Manual,9964,300000.0,12,Noida
KIA SELTOS,KIA,2021,125903,Petrol,Manual,22656,1042000.0,5,Noida
Tata ALTROZ,Tata,2023,32906,Petrol,Manual,12445,705000.0,3,Noida
KIA SONET,KIA,2020,67794,Petrol,Manual,11474,650000.0,6,Noida
Hyundai ALCAZAR,Hyundai,2022,102745,Diesel,Auto,29613,1362000.0,4,Noida
Mahindra XUV700,Mahindra,2022,37565,Petrol,Manual,23150,1352000.0,4,Noida
Tata Tiago,Tata,2022,169384,Petrol,Manual,10299,463000.0,4,Noida
KIA SONET,KIA,2022,37525,Petrol,Manual,13398,759000.0,4,Noida
Hyundai VENUE,Hyundai,2019,27648,Petrol,Manual,10645,603000.0,7,Noida
Tata TIAGO EV,Tata,2023,54653,Electric,Auto,10574,599000.0,3,Noida
Tata Safari,Tata,2021,81169,Diesel,Auto,26243,1207000.0,5,Noida
Honda City,Honda,2015,99148,Petrol,Auto,10639,404000.0,11,Noida
Maruti Alto,Maruti,2021,23935,Petrol,Manual,5737,325000.0,5,Noida
Hyundai ALCAZAR,Hyundai,2024,10721,Petrol,Manual,25256,1475000.0,2,Noida
Mahindra Thar,Mahindra,2017,81071,Diesel,Manual,46024,518000.0,9,Noida
Ford Ecosport,Ford,2019,182064,Diesel,Manual,11411,513000.0,7,Noida
KIA SONET,KIA,2021,23194,Petrol,Manual,15102,882000.0,5,Noida
Hyundai Creta,Hyundai,2016,94027,Petrol,Manual,10633,478000.0,10,Noida
Hyundai AURA,Hyundai,2022,111450,Petrol,Manual,11411,513000.0,4,Noida
Tata PUNCH,Tata,2023,25711,Petrol,Manual,10362,587000.0,3,Noida
Maruti Ciaz,Maruti,2022,98091,Petrol,Manual,11174,633000.0,4,Noida
Mahindra Thar,Mahindra,2021,26887,Diesel,Auto,22830,1050000.0,5,Noida
Mahindra XUV500,Mahindra,2019,111404,Diesel,Auto,31658,967000.0,7,Noida
KIA SELTOS,KIA,2021,52329,Petrol,Auto,20975,1225000.0,5,Noida
Maruti Ciaz,Maruti,2018,47625,Petrol,Auto,9815,556000.0,8,Noida
Maruti Vitara Brezza,Maruti,2018,75711,Diesel,Auto,23631,501999.99999999994,8,Noida
Audi A4,Audi,2015,45664,Diesel,Auto,23631,899000.0,11,Noida
Tata Safari,Tata,2021,63123,Diesel,Manual,23917,1100000.0,5,Noida
Ford Ecosport,Ford,2018,140914,Diesel,Manual,19159,407000.0,8,Noida
Mahindra Thar,Mahindra,2022,18741,Petrol,Manual,19006,1110000.0,4,Noida
Tata Tiago,Tata,2024,4442,Petrol,Auto,10698,606000.0,2,Noida
Volkswagen Polo,Volkswagen,2022,94651,Petrol,Manual,12057,683000.0,4,Noida
Hyundai Creta,Hyundai,2018,129038,Diesel,Auto,28903,614000.0,8,Noida
Mahindra Bolero,Mahindra,2023,60310,Diesel,Manual,13240,750000.0,3,Noida
Maruti New Wagon-R,Maruti,2022,69299,Petrol,Manual,7714,437000.0,4,Noida
Maruti Ciaz,Maruti,2017,112770,Diesel,Manual,33229,374000.0,9,Noida
Mercedes Benz E Class,Mercedes,2011,43373,Petrol,Auto,33229,550000.0,15,Noida
Mahindra XUV500,Mahindra,2019,97306,Diesel,Manual,24579,740000.0,7,Noida
Toyota Innova Crysta,Toyota,2018,185571,Diesel,Manual,67442,1447000.0,8,Noida
Maruti IGNIS,Maruti,2023,21584,Petrol,Manual,9938,563000.0,3,Noida
KIA SELTOS,KIA,2024,22505,Petrol,Auto,23321,1362000.0,2,Noida
KIA SELTOS,KIA,2024,23442,Diesel,Manual,25324,1479000.0,2,Noida
MG HECTOR,MG,2019,86035,Petrol,Manual,13698,800000.0,7,Noida
Hyundai Creta,Hyundai,2020,66650,Diesel,Manual,22770,881000.0,6,Noida
Tata Safari,Tata,2022,64710,Diesel,Auto,29750,1563000.0,4,Noida
KIA SONET,KIA,2021,62988,Petrol,Auto,14314,836000.0,5,Noida
Toyota Corolla Altis,Toyota,2014,104056,Petrol,Manual,11094,334000.0,12,Noida
Ford Figo Aspire,Ford,2016,197632,Petrol,Manual,5561,250000.0,10,Noida
KIA SONET,KIA,2020,37496,Petrol,Manual,13504,765000.0,6,Noida
KIA SONET,KIA,2021,62789,Petrol,Manual,13818,807000.0,5,Noida
Toyota Corolla Altis,Toyota,2014,74668,Petrol,Auto,15212,458000.0,12,Noida
Maruti Vitara Brezza,Maruti,2019,94130,Diesel,Manual,16574,499000.0,7,Noida
Hyundai Creta,Hyundai,2019,67254,Diesel,Manual,24114,726000.0,7,Noida
Hyundai VENUE,Hyundai,2020,86747,Petrol,Manual,12357,700000.0,6,Noida
Maruti Ciaz,Maruti,2019,52192,Petrol,Manual,9833,557000.0,7,Noida
Ford Ecosport,Ford,2019,140829,Diesel,Manual,15046,453000.0,7,Noida
Maruti BREZZA,Maruti,2023,14154,Petrol,Manual,13946,790000.0,3,Noida
KIA SELTOS,KIA,2022,137495,Diesel,Auto,28548,1313000.0,4,Noida
Hyundai Creta,Hyundai,2021,36793,Petrol,Auto,21900,1279000.0,5,Noida
Honda CRV,Honda,2011,135581,Petrol,Auto,21900,639000.0,15,Noida
Renault Duster,Renault,2018,137800,Diesel,Auto,21183,450000.0,8,Noida
Hyundai VENUE,Hyundai,2020,81371,Petrol,Auto,11121,630000.0,6,Noida
Maruti BREZZA,Maruti,2024,7361,Petrol,Manual,15410,900000.0,2,Noida
Hyundai Creta,Hyundai,2023,34002,Petrol,Manual,16540,966000.0,3,Noida
Hyundai Verna,Hyundai,2018,30195,Petrol,Manual,12551,711000.0,8,Noida
Mahindra XUV700,Mahindra,2025,378,Petrol,Manual,24023,1403000.0,1,Noida
Hyundai Creta,Hyundai,2019,45920,Petrol,Manual,13240,750000.0,7,Noida
Hyundai Creta,Hyundai,2018,81167,Diesel,Manual,29656,630000.0,8,Noida
Maruti JIMNY,Maruti,2023,8931,Petrol,Manual,17140,1001000.0,3,Noida
Maruti FRONX,Maruti,2024,34384,Petrol,Manual,13857,785000.0,2,Noida
Maruti Ciaz,Maruti,2019,60432,Petrol,Manual,10945,620000.0,7,Noida
Toyota Corolla Altis,Toyota,2016,88162,Petrol,Auto,12613,567000.0,10,Noida
Hyundai Creta,Hyundai,2023,8417,Petrol,Manual,18098,1057000.0,3,Noida
KIA SELTOS,KIA,2021,109086,Diesel,Manual,18481,850000.0,5,Noida
Hyundai VENUE,Hyundai,2023,16574,Petrol,Manual,13955,815000.0,3,Noida
Mahindra XUV700,Mahindra,2023,46752,Petrol,Auto,26540,1550000.0,3,Noida
Hyundai VENUE,Hyundai,2020,47060,Petrol,Manual,10945,620000.0,6,Noida
Honda WR-V,Honda,2017,151961,Petrol,Manual,8141,366000.0,9,Noida
Hyundai Creta,Hyundai,2020,46058,Diesel,Manual,23003,890000.0,6,Noida
Toyota Corolla Altis,Toyota,2015,108367,Petrol,Auto,10665,405000.0,11,Noida
Hyundai Creta,Hyundai,2018,98458,Diesel,Manual,30598,650000.0,8,Noida
KIA SELTOS,KIA,2020,5045,Diesel,Auto,25070,969999.9999999999,6,Noida
Maruti Vitara Brezza,Maruti,2018,166601,Diesel,Manual,21324,453000.0,8,Noida
Maruti Grand Vitara,Maruti,2023,67682,Petrol,Manual,16951,990000.0,3,Noida
Maruti Vitara Brezza,Maruti,2018,125858,Diesel,Manual,23396,497000.0,8,Noida
Hyundai Creta,Hyundai,2022,26634,Petrol,Manual,18663,1090000.0,4,Noida
Maruti FRONX,Maruti,2024,48943,Petrol,Auto,12816,726000.0,2,Noida
Hyundai Verna,Hyundai,2018,73490,Petrol,Manual,12022,681000.0,8,Noida
KIA CARENS,KIA,2022,52108,Petrol,Auto,20067,1172000.0,4,Noida
Maruti XL6,Maruti,2019,111605,Petrol,Manual,16683,750000.0,7,Noida
Hyundai Creta,Hyundai,2018,17120,Petrol,Auto,16146,943000.0,8,Noida
Maruti IGNIS,Maruti,2021,68966,Petrol,Manual,6214,352000.0,5,Noida
Hyundai Creta,Hyundai,2016,78805,Petrol,Manual,13814,621000.0,10,Noida
Jeep Compass,Jeep,2019,58748,Petrol,Manual,14451,844000.0,7,Noida
Maruti Celerio,Maruti,2022,39510,Petrol,Manual,8261,468000.0,4,Noida
Maruti Ciaz,Maruti,2019,430000,Petrol,Manual,10766,484000.0,7,Noida
Maruti Vitara Brezza,Maruti,2019,70123,Diesel,Manual,15544,468000.0,7,Noida
Maruti Vitara Brezza,Maruti,2018,107979,Diesel,Manual,24431,519000.00000000006,8,Noida
KIA SELTOS,KIA,2023,40262,Diesel,Manual,25375,1482000.0,3,Noida
Toyota Innova Crysta,Toyota,2016,375247,Diesel,Manual,25375,1028999.9999999999,10,Noida
Maruti Swift,Maruti,2023,63011,Petrol,Manual,10486,594000.0,3,Noida
Honda City,Honda,2021,41427,Petrol,Manual,14434,843000.0,5,Noida
Nissan Kicks,Nissan,2019,37189,Diesel,Manual,23117,696000.0,7,Noida
Audi A6,Audi,2011,24418,Petrol,Auto,23117,733000.0,15,Noida
MG HECTOR,MG,2021,37035,Petrol,Auto,18184,1062000.0,5,Noida
KIA SONET,KIA,2021,67872,Petrol,Manual,14016,794000.0,5,Noida
Tata NEXON,Tata,2019,147607,Diesel,Manual,14282,430000.0,7,Noida
Hyundai VENUE,Hyundai,2021,18647,Petrol,Manual,13063,740000.0,5,Noida
Maruti S PRESSO,Maruti,2022,11431,Petrol,Manual,6743,382000.0,4,Noida
Skoda Superb,Skoda,2016,97957,Petrol,Auto,17394,800000.0,10,Noida
Hyundai Creta,Hyundai,2022,27949,Petrol,Manual,18407,1075000.0,4,Noida
Maruti Baleno,Maruti,2019,58421,Petrol,Manual,7096,401999.99999999994,7,Noida
KIA SELTOS,KIA,2022,40595,Petrol,Manual,17996,1051000.0,4,Noida
Maruti Ertiga,Maruti,2021,71903,Petrol,Manual,14965,874000.0,5,Noida
KIA SELTOS,KIA,2024,21270,Diesel,Auto,28817,1682999.9999999998,2,Noida
Hyundai Creta,Hyundai,2019,86506,Petrol,Manual,12110,686000.0,7,Noida
Mahindra XUV500,Mahindra,2019,47398,Diesel,Manual,32739,1000000.0,7,Noida
Mahindra Scorpio,Mahindra,2022,58751,Diesel,Manual,24744,1300000.0,4,Noida
Maruti Vitara Brezza,Maruti,2019,85595,Diesel,Auto,18733,564000.0,7,Noida
MG HECTOR,MG,2020,77499,Petrol,Manual,19434,1135000.0,6,Noida
KIA SELTOS,KIA,2023,91958,Diesel,Manual,17927,1047000.0000000001,3,Noida
KIA SELTOS,KIA,2020,54997,Petrol,Auto,16866,985000.0,6,Noida
Maruti Grand Vitara,Maruti,2023,74602,Petrol,Manual,19434,1135000.0,3,Noida
Mahindra XUV300,Mahindra,2019,107006,Diesel,Manual,16408,494000.00000000006,7,Noida
KIA SONET,KIA,2022,106454,Diesel,Manual,16528,743000.0,4,Noida
Ford Ecosport,Ford,2020,116264,Diesel,Manual,14905,566000.0,6,Noida
Hyundai Creta,Hyundai,2020,39767,Petrol,Manual,17910,1046000.0000000001,6,Noida
Maruti Ertiga,Maruti,2021,85756,Petrol,Manual,15068,880000.0000000001,5,Noida
Maruti IGNIS,Maruti,2021,80895,Petrol,Manual,7061,400000.0,5,Noida
Hyundai Creta,Hyundai,2019,49044,Petrol,Auto,13869,810000.0,7,Noida
Toyota Glanza,Toyota,2019,62129,Petrol,Manual,8897,504000.0,7,Noida
Maruti Celerio,Maruti,2022,101824,Petrol,Manual,8564,385000.0,4,Noida
KIA SELTOS,KIA,2020,89166,Petrol,Auto,18646,1089000.0,6,Noida
Honda City,Honda,2022,67414,Petrol,Auto,15427,901000.0,4,Noida
KIA SELTOS,KIA,2020,91315,Petrol,Auto,15410,900000.0,6,Noida
Hyundai Creta,Hyundai,2018,57855,Diesel,Manual,29138,619000.0,8,Noida
KIA SELTOS,KIA,2023,84626,Diesel,Manual,18064,1055000.0,3,Noida
Skoda Octavia,Skoda,2013,72538,Petrol,Auto,18641,396000.0,13,Noida
Mahindra XUV500,Mahindra,2019,84595,Diesel,Manual,34736,1061000.0,7,Noida
Mahindra Thar,Mahindra,2023,19344,Petrol,Auto,23372,1365000.0,3,Noida
Hyundai VENUE,Hyundai,2021,53385,Petrol,Manual,11880,673000.0,5,Noida
KIA SELTOS,KIA,2024,73450,Diesel,Auto,23680,1383000.0,2,Noida
Toyota Camry,Toyota,2017,82359,Hybrid,Auto,25962,1364000.0,9,Noida
Tata NEXON,Tata,2021,72143,Petrol,Auto,11033,625000.0,5,Noida
Hyundai NEW I20 N LINE,Hyundai,2023,16725,Petrol,Auto,14897,869999.9999999999,3,Noida
Hyundai VENUE,Hyundai,2022,19137,Petrol,Manual,14034,795000.0,4,Noida
Maruti BREZZA,Maruti,2023,26568,Petrol,Manual,13769,780000.0,3,Noida
KIA SELTOS,KIA,2022,96128,Diesel,Manual,24154,1269000.0,4,Noida
Tata NEXON,Tata,2022,91020,Diesel,Manual,13685,700000.0,4,Noida
Mahindra SCORPIO CLASSIC,Mahindra,2022,55565,Diesel,Manual,20462,1075000.0,4,Noida
KIA SONET,KIA,2023,53386,Diesel,Manual,14554,850000.0,3,Noida
KIA SONET,KIA,2021,43763,Petrol,Auto,14640,855000.0000000001,5,Noida
MG HECTOR PLUS,MG,2021,38008,Petrol,Auto,26095,1524000.0,5,Noida
KIA SELTOS,KIA,2020,106961,Petrol,Manual,17017,765000.0,6,Noida
Maruti Grand Vitara,Maruti,2022,90256,Hybrid,Auto,20461,1195000.0,4,Noida
KIA SELTOS,KIA,2021,73300,Petrol,Manual,17550,1025000.0,5,Noida
Skoda Rapid,Skoda,2019,118084,Diesel,Manual,24213,729000.0,7,Noida
Volkswagen TAIGUN,Volkswagen,2024,21403,Petrol,Manual,17893,1044999.9999999999,2,Noida
Tata Hexa,Tata,2017,59449,Diesel,Auto,44424,500000.0,9,Noida
Mahindra Bolero,Mahindra,2019,64867,Diesel,Manual,19929,600000.0,7,Noida
Mahindra Thar,Mahindra,2021,47697,Petrol,Manual,18595,1086000.0,5,Noida
Jeep Compass,Jeep,2018,83092,Diesel,Manual,29845,634000.0,8,Noida
KIA SELTOS,KIA,2020,40422,Petrol,Manual,14160,827000.0,6,Noida
Tata Tiago,Tata,2021,45002,Petrol,Manual,7132,404000.0,5,Noida
KIA SONET,KIA,2022,82678,Diesel,Manual,17378,913000.0000000001,4,Noida
MG HECTOR PLUS,MG,2021,44743,Petrol,Manual,17516,1023000.0,5,Noida
MG ASTOR,MG,2022,97152,Petrol,Auto,15616,911999.9999999999,4,Noida
Hyundai Grand i10,Hyundai,2019,71190,Petrol,Manual,6532,370000.0,7,Noida
Mahindra XUV700,Mahindra,2022,33641,Petrol,Auto,27961,1632999.9999999998,4,Noida
Renault Duster,Renault,2017,170101,Petrol,Manual,7585,341000.0,9,Noida
Mahindra XUV700,Mahindra,2024,6774,Petrol,Manual,23098,1349000.0,2,Noida
Skoda Superb,Skoda,2016,147655,Petrol,Auto,16683,750000.0,10,Noida
Tata ALTROZ,Tata,2022,22199,Petrol,Auto,12533,710000.0,4,Noida
KIA SONET,KIA,2023,33818,Petrol,Manual,14777,863000.0000000001,3,Noida
Maruti BREZZA,Maruti,2023,33815,Petrol,Manual,15188,886999.9999999999,3,Noida
Mahindra MARAZZO,Mahindra,2018,95129,Diesel,Manual,18688,397000.0,8,Noida
KIA SELTOS,KIA,2019,146884,Diesel,Manual,26372,794000.0,7,Noida
KIA SONET,KIA,2023,22318,Petrol,Manual,14040,819999.9999999999,3,Noida
Tata Safari,Tata,2021,77577,Diesel,Auto,27113,1247000.0,5,Noida
Mahindra XUV700,Mahindra,2025,506,Petrol,Manual,24023,1403000.0,1,Noida
Hyundai VENUE,Hyundai,2022,92732,Diesel,Manual,15760,827999.9999999999,4,Noida
CITROEN C5 AIRCROSS,CITROEN,2022,42445,Diesel,Auto,28932,1520000.0,4,Noida
MG HECTOR PLUS,MG,2023,11176,Petrol,Auto,30067,1755999.9999999998,3,Noida
Maruti Ciaz,Maruti,2014,134832,Petrol,Manual,9499,286000.0,12,Noida
Mahindra XUV300,Mahindra,2019,81105,Diesel,Manual,18666,562000.0,7,Noida
KIA SELTOS,KIA,2022,52064,Diesel,Manual,19034,1000000.0,4,Noida
Maruti S Cross,Maruti,2018,74362,Diesel,Manual,30739,653000.0,8,Noida
KIA SELTOS,KIA,2020,34663,Petrol,Manual,16095,940000.0,6,Noida
Jeep Compass,Jeep,2019,17085,Diesel,Manual,36013,1100000.0,7,Noida
Hyundai VENUE,Hyundai,2019,25549,Petrol,Auto,12692,719000.0,7,Noida
KIA SONET,KIA,2022,64292,Petrol,Manual,13240,750000.0,4,Noida
KIA SELTOS,KIA,2019,28999,Diesel,Manual,31953,976000.0,7,Noida
Toyota Glanza,Toyota,2024,21079,Petrol,Manual,13398,759000.0,2,Noida
Mahindra XUV 3XO,Mahindra,2024,15317,Petrol,Manual,14982,875000.0,2,Noida
Tata Safari,Tata,2021,47501,Diesel,Auto,29352,1350000.0,5,Noida
KIA SELTOS,KIA,2020,25440,Petrol,Manual,14520,848000.0,6,Noida
Maruti S Cross,Maruti,2018,125828,Diesel,Manual,24478,520000.0,8,Noida
KIA SELTOS,KIA,2022,76898,Diesel,Manual,19586,1028999.9999999999,4,Noida
Tata Safari,Tata,2022,67038,Diesel,Manual,23602,1240000.0,4,Noida
Hyundai Creta,Hyundai,2016,76276,Petrol,Auto,14882,669000.0,10,Noida
Mahindra Thar,Mahindra,2022,37590,Diesel,Auto,24173,1270000.0,4,Noida
Mahindra XUV300,Mahindra,2019,65060,Diesel,Manual,17271,520000.0,7,Noida
KIA SONET,KIA,2021,55358,Diesel,Manual,18481,850000.0,5,Noida
MG HECTOR,MG,2024,10528,Petrol,Auto,26934,1573000.0,2,Noida
Maruti Baleno,Maruti,2024,3553,Petrol,Auto,14280,834000.0,2,Noida
MG COMET,MG,2023,13795,Electric,Auto,11916,675000.0,3,Noida
Maruti Baleno,Maruti,2019,60418,Petrol,Manual,8544,484000.0,7,Noida
Maruti XL6,Maruti,2024,22666,Petrol,Auto,21985,1284000.0,2,Noida
Tata Harrier,Tata,2019,60357,Diesel,Manual,26191,800000.0,7,Noida
Mahindra BOLERO NEO,Mahindra,2024,13252,Diesel,Manual,15410,900000.0,2,Noida
KIA SELTOS,KIA,2020,105855,Diesel,Auto,28689,1110000.0,6,Noida
Mahindra XUV300,Mahindra,2023,11353,Petrol,Auto,16609,969999.9999999999,3,Noida
MG HECTOR PLUS,MG,2023,6449,Petrol,Auto,33389,1950000.0,3,Noida
KIA SELTOS,KIA,2022,60839,Petrol,Manual,20906,1221000.0,4,Noida
Tata NEXON,Tata,2022,129956,Diesel,Auto,17633,811000.0,4,Noida
Tata Safari,Tata,2021,78551,Diesel,Auto,27293,1594000.0,5,Noida
Toyota URBAN CRUISER HYRYDER,Toyota,2024,54664,Petrol,Manual,21403,1250000.0,2,Noida
KIA SELTOS,KIA,2023,26451,Diesel,Manual,23441,1369000.0,3,Noida
MG HECTOR,MG,2021,40964,Petrol,Auto,19691,1150000.0,5,Noida
MG ASTOR,MG,2022,38022,Petrol,Manual,15393,899000.0,4,Noida
Maruti XL6,Maruti,2024,29315,Petrol,Manual,19502,1139000.0,2,Noida
Mahindra XUV300,Mahindra,2021,110463,Petrol,Manual,11345,509999.99999999994,5,Noida
KIA SONET,KIA,2021,199271,Diesel,Auto,17394,800000.0,5,Noida
Jeep Compass,Jeep,2021,47479,Petrol,Manual,21831,1275000.0,5,Noida
Tata Hexa,Tata,2018,79469,Diesel,Auto,38079,817000.0,8,Noida
KIA SELTOS,KIA,2022,53660,Petrol,Manual,15410,900000.0,4,Noida
Hyundai Creta,Hyundai,2022,66144,Petrol,Manual,16266,950000.0,4,Noida
Maruti Swift Dzire,Maruti,2018,110801,Petrol,Manual,7763,349000.0,8,Noida
KIA SONET,KIA,2022,30026,Petrol,Auto,16609,969999.9999999999,4,Noida
ISUZU MU-X,ISUZU,2017,198239,Diesel,Auto,102965,1165000.0,9,Noida
MG HECTOR,MG,2020,26711,Petrol,Auto,17636,1030000.0000000001,6,Noida
Tata PUNCH,Tata,2025,5981,Petrol,Manual,13886,811000.0,1,Noida
KIA SONET,KIA,2022,58609,Petrol,Manual,13681,775000.0,4,Noida
MG HECTOR,MG,2020,50599,Petrol,Auto,23064,1347000.0,6,Noida
Tata Harrier,Tata,2023,88382,Diesel,Manual,23800,1390000.0,3,Noida
MG HECTOR PLUS,MG,2023,57382,Petrol,Auto,26540,1550000.0,3,Noida
MG HECTOR,MG,2019,148288,Diesel,Manual,24911,750000.0,7,Noida
Hyundai Creta,Hyundai,2019,51388,Petrol,Auto,13698,800000.0,7,Noida
Tata Harrier,Tata,2021,60002,Diesel,Manual,21742,1000000.0,5,Noida
Hyundai Creta,Hyundai,2018,91702,Diesel,Manual,27303,580000.0,8,Noida
KIA SELTOS,KIA,2019,99103,Petrol,Auto,14263,833000.0,7,Noida
KIA SELTOS,KIA,2022,24100,Petrol,Manual,18235,1065000.0,4,Noida
Mahindra XUV700,Mahindra,2024,31787,Petrol,Manual,25684,1500000.0,2,Noida
Mercedes Benz C Class,Mercedes,2015,97670,Petrol,Auto,41947,1623000.0,11,Noida
Volkswagen TAIGUN,Volkswagen,2022,105067,Petrol,Manual,22090,1016000.0,4,Noida
Toyota Innova Crysta,Toyota,2020,24795,Petrol,Manual,22037,1287000.0,6,Noida
Maruti Ertiga,Maruti,2021,106344,Petrol,Manual,17573,790000.0,5,Noida
Hyundai GRAND I10 NIOS,Hyundai,2024,21520,Petrol,Manual,9709,550000.0,2,Noida
Mahindra SCORPIO-N,Mahindra,2024,59776,Diesel,Auto,36711,2144000.0,2,Noida
Hyundai Creta,Hyundai,2019,79663,Diesel,Manual,32739,1000000.0,7,Noida
KIA SONET,KIA,2023,31290,Petrol,Manual,14914,871000.0000000001,3,Noida
Hyundai GRAND I10 NIOS,Hyundai,2025,1346,Petrol,Auto,12798,725000.0,1,Noida
Hyundai EXTER,Hyundai,2025,7466,Petrol,Auto,13869,810000.0,1,Noida
Toyota Innova Crysta,Toyota,2018,81793,Diesel,Manual,48565,1042000.0,8,Noida
Mahindra XUV300,Mahindra,2019,39381,Diesel,Manual,19895,599000.0,7,Noida
MG HECTOR,MG,2021,17627,Petrol,Manual,19160,1119000.0,5,Noida
MG HECTOR PLUS,MG,2023,24268,Petrol,Auto,30529,1782999.9999999998,3,Noida
KIA SELTOS,KIA,2019,166224,Diesel,Manual,29825,911000.0,7,Noida
Maruti XL6,Maruti,2024,17295,Petrol,Manual,19160,1119000.0,2,Noida
Mahindra XUV500,Mahindra,2019,80500,Diesel,Manual,24911,750000.0,7,Noida
KIA SELTOS,KIA,2022,21860,Petrol,Manual,18287,1068000.0,4,Noida
KIA SONET,KIA,2024,15117,Petrol,Manual,15119,883000.0,2,Noida
KIA SELTOS,KIA,2019,57952,Petrol,Manual,13240,750000.0,7,Noida
KIA SONET,KIA,2025,12402,Diesel,Manual,17636,1030000.0000000001,1,Noida
Hyundai Creta,Hyundai,2018,37053,Diesel,Auto,40409,867000.0,8,Noida
KIA SELTOS,KIA,2020,100589,Petrol,Auto,20655,950000.0,6,Noida
Mahindra XUV300,Mahindra,2022,59098,Diesel,Manual,15523,794000.0,4,Noida
Hyundai EXTER,Hyundai,2023,49325,Petrol,Manual,13134,744000.0,3,Noida
Mercedes Benz E Class,Mercedes,2016,55938,Diesel,Auto,33573,1299000.0,10,Noida
Hyundai VENUE,Hyundai,2021,53320,Petrol,Manual,11492,651000.0,5,Noida
KIA SONET,KIA,2022,70733,Diesel,Auto,16575,968000.0,4,Noida
Honda City,Honda,2022,66700,Petrol,Manual,16266,950000.0,4,Noida
Jeep Compass,Jeep,2021,44593,Petrol,Auto,27567,1610000.0000000002,5,Noida
Tata Hexa,Tata,2017,91576,Diesel,Auto,52598,592000.0,9,Noida
Maruti Vitara Brezza,Maruti,2022,6893,Petrol,Manual,13787,781000.0,4,Noida
Mahindra XUV300,Mahindra,2019,102432,Diesel,Manual,14780,445000.0,7,Noida
KIA SONET,KIA,2021,21193,Petrol,Auto,13903,811999.9999999999,5,Noida
Hyundai VENUE,Hyundai,2023,21290,Petrol,Auto,17448,1019000.0,3,Noida
Ford Ecosport,Ford,2017,121766,Diesel,Manual,36161,407000.0,9,Noida
Tata Tiago,Tata,2025,1568,Petrol,Auto,10998,623000.0,1,Noida
Tata Safari,Tata,2024,29507,Diesel,Auto,28184,1646000.0,2,Noida
Maruti Eeco,Maruti,2024,12313,Petrol,Manual,10945,620000.0,2,Noida
Hyundai Creta,Hyundai,2021,81232,Diesel,Auto,26091,1200000.0,5,Noida
Maruti Vitara Brezza,Maruti,2017,41437,Diesel,Manual,38383,432000.0,9,Noida
BMW X1,BMW,2018,135511,Diesel,Auto,34657,1594000.0,8,Noida
Skoda Superb,Skoda,2019,95898,Petrol,Auto,23115,1350000.0,7,Noida
Tata Safari,Tata,2022,22743,Diesel,Manual,28513,1498000.0,4,Noida
KIA SELTOS,KIA,2022,40672,Petrol,Auto,21454,1253000.0,4,Noida
MG HECTOR,MG,2019,132139,Petrol,Manual,19003,874000.0,7,Noida
Maruti Ertiga,Maruti,2021,133000,Petrol,Manual,19394,892000.0,5,Noida
Tata Safari,Tata,2022,38209,Diesel,Auto,28018,1472000.0,4,Noida
KIA SELTOS,KIA,2024,42111,Diesel,Manual,20650,1206000.0,2,Noida
KIA SELTOS,KIA,2019,131022,Diesel,Manual,26306,792000.0,7,Noida
KIA SELTOS,KIA,2020,106504,Diesel,Manual,21478,831000.0,6,Noida
Hyundai Creta,Hyundai,2021,80480,Petrol,Manual,15872,927000.0,5,Noida
MG HECTOR,MG,2019,101335,Petrol,Auto,24373,1121000.0,7,Noida
KIA SONET,KIA,2023,40554,Petrol,Auto,15513,906000.0,3,Noida
Tata Harrier,Tata,2019,129150,Diesel,Manual,27173,830000.0000000001,7,Noida
Mahindra Scorpio,Mahindra,2017,61737,Diesel,Manual,63882,719000.0,9,Noida
KIA SELTOS,KIA,2021,85146,Petrol,Manual,14879,869000.0,5,Noida
Mahindra XUV300,Mahindra,2019,24759,Petrol,Manual,10239,580000.0,7,Noida
Tata Safari,Tata,2021,45314,Diesel,Auto,28830,1326000.0,5,Noida
Mahindra SCORPIO CLASSIC,Mahindra,2023,49448,Diesel,Manual,23971,1400000.0,3,Noida
Maruti IGNIS,Maruti,2021,67683,Petrol,Manual,6955,394000.0,5,Noida
Tata Harrier,Tata,2023,49350,Diesel,Auto,26146,1527000.0,3,Noida
KIA SELTOS,KIA,2020,49453,Diesel,Auto,17585,1027000.0,6,Noida
Tata Hexa,Tata,2017,120465,Diesel,Manual,57752,650000.0,9,Noida
Volkswagen TAIGUN,Volkswagen,2023,60828,Petrol,Auto,17550,1025000.0,3,Noida
KIA SELTOS,KIA,2020,114300,Diesel,Auto,25587,990000.0,6,Noida
Mahindra XUV300,Mahindra,2022,4271,Petrol,Manual,11827,670000.0,4,Noida
Mahindra Scorpio,Mahindra,2018,55620,Diesel,Manual,37799,811000.0,8,Noida
Maruti IGNIS,Maruti,2021,27372,Petrol,Manual,8562,484999.99999999994,5,Noida
MG ASTOR,MG,2022,37574,Petrol,Manual,14605,852999.9999999999,4,Noida
Maruti Ciaz,Maruti,2014,85679,Petrol,Manual,11127,335000.0,12,Noida
Toyota URBAN CRUISER HYRYDER,Toyota,2024,32665,Petrol,Manual,23201,1355000.0,2,Noida
Honda WR-V,Honda,2022,35877,Petrol,Manual,13681,775000.0,4,Noida
Tata Safari,Tata,2025,7538,Diesel,Auto,38525,2250000.0,1,Noida
Toyota Innova Crysta,Toyota,2018,118905,Diesel,Manual,51548,1106000.0,8,Noida
MG HECTOR,MG,2024,11601,Petrol,Auto,30135,1760000.0000000002,2,Noida
MG HECTOR,MG,2021,39057,Petrol,Manual,20906,1221000.0,5,Noida
Mahindra SCORPIO CLASSIC,Mahindra,2024,87773,Diesel,Manual,28954,1691000.0,2,Noida
Toyota Corolla Altis,Toyota,2014,47262,Petrol,Auto,17969,541000.0,12,Noida
Toyota Urban Cruiser Taisor,Toyota,2024,3192,Petrol,Manual,17636,1030000.0000000001,2,Noida
Toyota Innova Crysta,Toyota,2018,125762,Diesel,Auto,28809,1325000.0,8,Noida
Jeep Compass,Jeep,2019,84981,Petrol,Manual,15205,888000.0000000001,7,Noida
Toyota Fortuner,Toyota,2017,184043,Diesel,Manual,44246,2035000.0000000002,9,Noida
Mahindra Thar,Mahindra,2022,44486,Diesel,Manual,22060,1159000.0,4,Noida
MG HECTOR,MG,2020,200000,Diesel,Manual,23261,900000.0,6,Noida
Hyundai VENUE,Hyundai,2021,60804,Petrol,Manual,11192,634000.0,5,Noida
Maruti Vitara Brezza,Maruti,2017,60927,Diesel,Manual,36695,413000.0,9,Noida
Hyundai VENUE,Hyundai,2025,2992,Petrol,Manual,16215,947000.0000000001,1,Noida
Tata Safari,Tata,2021,28025,Diesel,Auto,28809,1325000.0,5,Noida
KIA SONET,KIA,2021,101338,Petrol,Manual,15215,684000.0,5,Noida
KIA SONET,KIA,2025,4493,Petrol,Auto,21848,1276000.0,1,Noida
MG HECTOR,MG,2021,49159,Diesel,Manual,23917,1100000.0,5,Noida
Tata Curvv,Tata,2024,22889,Diesel,Manual,24879,1453000.0,2,Noida
KIA SONET,KIA,2022,38000,Diesel,Auto,20043,1053000.0,4,Noida
KIA SELTOS,KIA,2025,2528,Diesel,Manual,24965,1458000.0,1,Noida
KIA SONET,KIA,2024,8607,Petrol,Manual,15667,915000.0,2,Noida
Maruti BREZZA,Maruti,2022,28943,Petrol,Manual,15753,919999.9999999999,4,Noida
Tata Hexa,Tata,2017,60235,Diesel,Manual,51621,581000.0,9,Noida
KIA SONET,KIA,2024,36189,Diesel,Auto,20341,1188000.0,2,Noida
Maruti Vitara Brezza,Maruti,2020,116826,Diesel,Manual,14837,667000.0,6,Noida
Hyundai Verna,Hyundai,2020,69493,Diesel,Auto,22925,886999.9999999999,6,Noida
KIA SELTOS,KIA,2021,60652,Diesel,Manual,19568,900000.0,5,Noida
Mahindra XUV400,Mahindra,2023,42140,Electric,Auto,16266,950000.0,3,Noida
Tata Harrier,Tata,2021,53013,Diesel,Manual,28243,1299000.0,5,Noida
Mercedes Benz C Class,Mercedes,2014,41406,Petrol,Auto,45114,1378000.0,12,Noida
KIA SONET,KIA,2021,43767,Petrol,Auto,14126,825000.0,5,Noida
Mahindra SCORPIO-N,Mahindra,2024,32909,Diesel,Auto,36368,2124000.0,2,Noida
Maruti Dzire,Maruti,2019,59778,Petrol,Manual,8014,454000.0,7,Noida
Maruti S Cross,Maruti,2018,122000,Diesel,Manual,23537,500000.0,8,Noida
Mahindra Scorpio,Mahindra,2017,180182,Diesel,Manual,67259,757000.0,9,Noida
Hyundai VENUE,Hyundai,2024,35772,Petrol,Auto,18749,1095000.0,2,Noida
KIA SELTOS,KIA,2020,73594,Petrol,Manual,13698,800000.0,6,Noida
MG HECTOR,MG,2024,34783,Petrol,Manual,27396,1600000.0,2,Noida
Mahindra Scorpio,Mahindra,2018,184962,Diesel,Manual,48379,1038000.0000000001,8,Noida
Mahindra XUV300,Mahindra,2022,26831,Petrol,Manual,14023,819000.0,4,Noida
Jeep Compass,Jeep,2018,77357,Diesel,Manual,37047,787000.0,8,Noida
Mahindra SCORPIO-N,Mahindra,2024,4370,Petrol,Auto,31985,1868000.0,2,Noida
Toyota Innova Crysta,Toyota,2016,92354,Diesel,Manual,31985,984000.0,10,Noida
Honda Jazz,Honda,2018,93131,Petrol,Manual,6514,369000.0,8,Noida
Tata Tiago,Tata,2024,60794,Petrol,Auto,12516,709000.0,2,Noida
Volkswagen VIRTUS,Volkswagen,2024,6889,Petrol,Auto,22242,1299000.0,2,Noida
KIA SELTOS,KIA,2020,65461,Petrol,Auto,15410,900000.0,6,Noida
Volkswagen TAIGUN,Volkswagen,2022,56239,Petrol,Auto,20290,1185000.0,4,Noida
KIA SELTOS,KIA,2021,39219,Petrol,Manual,16694,975000.0,5,Noida
KIA SELTOS,KIA,2022,38040,Petrol,Auto,22071,1289000.0,4,Noida
Hyundai GRAND I10 NIOS,Hyundai,2024,31908,Petrol,Manual,12445,705000.0,2,Noida
Maruti New Wagon-R,Maruti,2024,33773,Petrol,Manual,8950,507000.0,2,Noida
Mahindra Thar,Mahindra,2023,7857,Petrol,Auto,21403,1250000.0,3,Noida
MG HECTOR,MG,2019,76975,Petrol,Auto,20016,1169000.0,7,Noida
Mahindra Scorpio,Mahindra,2018,64341,Diesel,Manual,41947,900000.0,8,Noida
KIA SELTOS,KIA,2020,570301,Petrol,Manual,21025,967000.0,6,Noida
Maruti Vitara Brezza,Maruti,2017,89089,Diesel,Manual,35184,396000.0,9,Noida
Hyundai Creta,Hyundai,2020,72903,Diesel,Manual,23261,900000.0,6,Noida
KIA SONET,KIA,2023,53567,Petrol,Auto,16609,969999.9999999999,3,Noida
KIA SONET,KIA,2024,9000,Petrol,Manual,15033,877999.9999999999,2,Noida
Maruti Grand Vitara,Maruti,2023,30000,Petrol,Manual,17979,1050000.0,3,Noida
Toyota Glanza,Toyota,2024,43800,Petrol,Auto,13169,746000.0,2,Noida
Hyundai i20 Active,Hyundai,2018,26461,Petrol,Manual,10468,593000.0,8,Noida
Hyundai GRAND I10 NIOS,Hyundai,2024,4044,Petrol,Auto,11880,673000.0,2,Noida
Jeep Compass,Jeep,2022,47290,Diesel,Auto,34261,1800000.0,4,Noida
Mahindra XUV700,Mahindra,2024,16335,Diesel,Manual,32533,1900000.0,2,Noida
Tata Harrier,Tata,2019,108025,Diesel,Manual,28515,871000.0000000001,7,Noida
Mahindra Scorpio,Mahindra,2017,61022,Diesel,Manual,74241,840000.0,9,Noida
Hyundai VENUE,Hyundai,2019,122938,Petrol,Auto,11122,500000.0,7,Noida
KIA SELTOS,KIA,2020,166313,Diesel,Auto,23417,1077000.0,6,Noida
KIA SONET,KIA,2024,9278,Petrol,Auto,18835,1100000.0,2,Noida
KIA SONET,KIA,2024,21659,Petrol,Manual,15290,893000.0,2,Noida
KIA SELTOS,KIA,2020,87637,Diesel,Auto,27138,1050000.0,6,Noida
Skoda SLAVIA,Skoda,2024,16263,Petrol,Auto,27430,1602000.0,2,Noida
Hyundai Creta,Hyundai,2019,65747,Diesel,Auto,26387,806000.0,7,Noida
Ford Ecosport,Ford,2019,41237,Petrol,Manual,10768,610000.0,7,Noida
Maruti New Wagon-R,Maruti,2021,26125,Petrol,Manual,6973,395000.0,5,Noida
MG HECTOR PLUS,MG,2023,21382,Petrol,Auto,26540,1550000.0,3,Noida
KIA SELTOS,KIA,2021,60809,Petrol,Manual,16095,940000.0,5,Noida
Hyundai VENUE,Hyundai,2025,2835,Petrol,Manual,15838,925000.0,1,Noida
MG HECTOR,MG,2019,122631,Diesel,Manual,27239,832000.0,7,Noida
Hyundai EXTER,Hyundai,2024,31217,Petrol,Manual,12798,725000.0,2,Noida
KIA SONET,KIA,2024,11500,Petrol,Manual,15410,900000.0,2,Noida
Hyundai Creta,Hyundai,2020,86000,Diesel,Manual,29722,1150000.0,6,Noida
Jeep Compass,Jeep,2019,84079,Petrol,Auto,14554,850000.0,7,Noida
Toyota Innova Crysta,Toyota,2018,58092,Petrol,Auto,19691,1150000.0,8,Noida
Toyota Innova Crysta,Toyota,2018,132351,Diesel,Auto,56349,1209000.0,8,Noida
Mahindra XUV300,Mahindra,2023,42771,Diesel,Manual,16266,950000.0,3,Noida
Maruti Grand Vitara,Maruti,2023,57244,Petrol,Manual,19691,1150000.0,3,Noida
KIA SONET,KIA,2020,66292,Petrol,Auto,14383,840000.0,6,Noida
MG HECTOR PLUS,MG,2021,80403,Diesel,Manual,29483,1356000.0,5,Noida
Hyundai Creta,Hyundai,2021,23508,Petrol,Manual,18835,1100000.0,5,Noida
Jeep Compass,Jeep,2019,109364,Diesel,Manual,29465,900000.0,7,Noida
Tata Harrier,Tata,2021,156007,Diesel,Manual,25417,1169000.0,5,Noida
Maruti Celerio,Maruti,2023,12654,Petrol,Auto,9656,547000.0,3,Noida
Mahindra Scorpio,Mahindra,2018,96269,Diesel,Manual,44277,950000.0,8,Noida
Honda Amaze,Honda,2025,13661,Petrol,Auto,17140,1001000.0,1,Noida
KIA SELTOS,KIA,2020,64321,Petrol,Manual,14914,871000.0000000001,6,Noida
Renault Kiger,Renault,2024,5540,Petrol,Manual,12357,700000.0,2,Noida
KIA SELTOS,KIA,2019,55711,Petrol,Manual,14069,797000.0,7,Noida
Hyundai Creta,Hyundai,2022,55100,Diesel,Manual,22841,1200000.0,4,Noida
Hyundai VENUE,Hyundai,2021,51484,Petrol,Manual,12357,700000.0,5,Noida
Maruti Grand Vitara,Maruti,2023,22410,Petrol,Manual,16523,965000.0,3,Noida
Maruti Grand Vitara,Maruti,2023,9032,Petrol,Manual,17893,1044999.9999999999,3,Noida
MG HECTOR,MG,2021,40572,Petrol,Auto,22122,1292000.0,5,Noida
Maruti New Wagon-R,Maruti,2023,55000,Petrol,Manual,8473,480000.0,3,Noida
Maruti BREZZA,Maruti,2024,5643,Petrol,Auto,17448,1019000.0,2,Noida
Tata TIAGO EV,Tata,2023,44562,Electric,Auto,11139,631000.0,3,Noida
Volkswagen TAIGUN,Volkswagen,2025,11105,Petrol,Auto,24742,1445000.0,1,Noida
Mahindra MARAZZO,Mahindra,2018,114596,Diesel,Manual,21136,449000.0,8,Noida
Maruti WAGON R MAV,Maruti,2022,31900,Petrol,Manual,7326,415000.00000000006,4,Noida
Tata Harrier,Tata,2021,132000,Diesel,Auto,25265,1162000.0,5,Noida
KIA SELTOS,KIA,2019,72233,Petrol,Auto,16420,959000.0,7,Noida
Toyota Urban Cruiser Taisor,Toyota,2024,2601,Petrol,Auto,20581,1202000.0,2,Noida
Mahindra Thar,Mahindra,2022,42714,Diesel,Manual,24249,1274000.0,4,Noida
Maruti Grand Vitara,Maruti,2023,56840,Petrol,Manual,18818,1099000.0,3,Noida
MG HECTOR,MG,2020,72409,Diesel,Manual,24993,967000.0,6,Noida
Volkswagen TAIGUN,Volkswagen,2024,40146,Petrol,Manual,23629,1380000.0,2,Noida
Maruti Grand Vitara,Maruti,2022,82156,Petrol,Auto,19023,1111000.0,4,Noida
Honda CRV,Honda,2013,124322,Petrol,Auto,19959,424000.0,13,Noida
Honda CRV,Honda,2013,54055,Petrol,Auto,31916,678000.0,13,Noida
Maruti BREZZA,Maruti,2023,25345,Petrol,Manual,16095,940000.0,3,Noida
Jeep Compass,Jeep,2021,51159,Petrol,Auto,17979,1050000.0,5,Noida
KIA SELTOS,KIA,2019,74821,Diesel,Auto,40334,1232000.0,7,Noida
Tata PUNCH,Tata,2022,44029,Petrol,Manual,9321,528000.0,4,Noida
Hyundai VENUE,Hyundai,2025,3838,Petrol,Auto,18835,1100000.0,1,Noida
Tata Harrier,Tata,2021,102695,Diesel,Manual,20655,950000.0,5,Noida
Tata Harrier,Tata,2023,29335,Diesel,Auto,24828,1450000.0,3,Noida
MG HECTOR PLUS,MG,2020,68508,Petrol,Auto,20547,1200000.0,6,Noida
Toyota URBAN CRUISER,Toyota,2022,73549,Petrol,Manual,11615,658000.0,4,Noida
Maruti Celerio,Maruti,2022,46428,Petrol,Manual,7873,446000.0,4,Noida
Skoda SLAVIA,Skoda,2022,137039,Petrol,Manual,17573,790000.0,4,Noida
Honda City,Honda,2019,78190,Petrol,Manual,14554,850000.0,7,Noida
Tata Safari,Tata,2021,135841,Diesel,Auto,25004,1150000.0,5,Noida
Mahindra XUV300,Mahindra,2022,88533,Diesel,Auto,17321,910000.0,4,Noida
Maruti Grand Vitara,Maruti,2023,51998,Petrol,Manual,21403,1250000.0,3,Noida
MG HECTOR,MG,2020,76049,Petrol,Manual,15051,878999.9999999999,6,Noida
Toyota Innova Crysta,Toyota,2022,51210,Diesel,Auto,35575,1869000.0000000002,4,Noida
Hyundai Tucson,Hyundai,2018,99202,Diesel,Auto,57095,1225000.0,8,Noida
Tata PUNCH,Tata,2022,36903,Petrol,Manual,8791,498000.00000000006,4,Noida
Toyota Innova Crysta,Toyota,2016,330504,Diesel,Manual,8791,1146000.0,10,Noida
Maruti BREZZA,Maruti,2022,56011,Petrol,Manual,15307,894000.0,4,Noida
Hyundai Creta,Hyundai,2023,59391,Petrol,Manual,20393,1191000.0,3,Noida
MG HECTOR PLUS,MG,2021,61225,Diesel,Manual,23917,1100000.0,5,Noida
Maruti New Wagon-R,Maruti,2024,3082,Petrol,Manual,10486,594000.0,2,Noida
Tata NEXON EV,Tata,2024,22207,Electric,Auto,23749,1387000.0,2,Noida
Mahindra SCORPIO CLASSIC,Mahindra,2023,79287,Diesel,Manual,23971,1400000.0,3,Noida
MG HECTOR,MG,2020,50378,Diesel,Manual,32333,1251000.0,6,Noida
Jeep Compass,Jeep,2020,31672,Petrol,Auto,18835,1100000.0,6,Noida
Mahindra Scorpio,Mahindra,2018,52470,Diesel,Manual,44277,950000.0,8,Noida
Tata TIGOR EV,Tata,2021,51244,Electric,Auto,8826,500000.0,5,Noida
Tata Harrier,Tata,2023,29432,Diesel,Manual,22088,1290000.0,3,Noida
Maruti Vitara Brezza,Maruti,2017,86301,Diesel,Manual,38205,430000.0,9,Noida
Jeep Compass,Jeep,2021,41889,Petrol,Auto,26540,1550000.0,5,Noida
Tata TIAGO EV,Tata,2023,41009,Electric,Auto,11898,674000.0,3,Noida
Mahindra MARAZZO,Mahindra,2018,119943,Diesel,Manual,19300,409999.99999999994,8,Noida
Toyota Innova Crysta,Toyota,2016,117564,Diesel,Auto,19300,1325000.0,10,Noida
Tata Safari,Tata,2023,48436,Diesel,Auto,30992,1810000.0000000002,3,Noida
Tata Harrier,Tata,2021,31880,Diesel,Auto,29091,1338000.0,5,Noida
Skoda Superb,Skoda,2018,82371,Petrol,Auto,23509,1373000.0,8,Noida
Toyota Camry,Toyota,2017,109020,Hybrid,Auto,26634,1225000.0,9,Noida
Tata Harrier,Tata,2023,54423,Diesel,Auto,27927,1630999.9999999998,3,Noida
KIA SELTOS,KIA,2020,54065,Diesel,Auto,27112,1049000.0,6,Noida
Maruti New Wagon-R,Maruti,2022,19523,Petrol,Manual,7926,449000.0,4,Noida
Toyota Corolla Altis,Toyota,2015,105510,Petrol,Auto,13299,505000.0,11,Noida
Tata Harrier,Tata,2023,72930,Diesel,Manual,27259,1592000.0,3,Noida
Maruti Grand Vitara,Maruti,2023,53011,Petrol,Manual,19314,1128000.0,3,Noida
MG HECTOR,MG,2023,71316,Diesel,Manual,25684,1500000.0,3,Noida
Mahindra XUV300,Mahindra,2019,108901,Diesel,Manual,14382,433000.0,7,Noida
MG HECTOR,MG,2023,25705,Petrol,Auto,26540,1550000.0,3,Noida
KIA SONET,KIA,2022,37097,Petrol,Auto,16129,942000.0,4,Noida
MG ASTOR,MG,2021,41287,Petrol,Auto,15239,890000.0,5,Noida
Mahindra XUV300,Mahindra,2021,40166,Diesel,Manual,22656,1042000.0,5,Noida
Tata NEXON EV,Tata,2022,68891,Electric,Auto,20924,1222000.0,4,Noida
Mahindra Scorpio,Mahindra,2017,46642,Diesel,Manual,65926,742000.0,9,Noida
KIA SELTOS,KIA,2022,68509,Petrol,Auto,25101,1466000.0,4,Noida
Mahindra SCORPIO-N,Mahindra,2024,10698,Petrol,Manual,28903,1688000.0,2,Noida
Honda Amaze,Honda,2024,26321,Petrol,Auto,13363,757000.0,2,Noida
KIA SELTOS,KIA,2022,62000,Petrol,Manual,17122,1000000.0,4,Noida
MG HECTOR,MG,2023,18631,Petrol,Auto,26968,1575000.0,3,Noida
Tata PUNCH EV,Tata,2024,32000,Electric,Auto,15410,900000.0,2,Noida
Mahindra Thar,Mahindra,2024,57449,Diesel,Manual,18167,1061000.0,2,Noida
Mahindra Thar,Mahindra,2021,60696,Diesel,Manual,23917,1100000.0,5,Noida
Maruti New Wagon-R,Maruti,2025,2426,Petrol,Manual,10009,567000.0,1,Noida
Mahindra Scorpio,Mahindra,2016,92400,Diesel,Manual,10009,735000.0,10,Noida
MG HECTOR,MG,2019,38418,Petrol,Auto,16438,960000.0,7,Noida
Hyundai Creta,Hyundai,2024,11469,Petrol,Auto,28971,1692000.0000000002,2,Noida
MG HECTOR PLUS,MG,2022,75130,Petrol,Auto,21403,1250000.0,4,Noida
Maruti BREZZA,Maruti,2024,57855,Petrol,Manual,16609,969999.9999999999,2,Noida
CITROEN C5 AIRCROSS,CITROEN,2022,52456,Diesel,Auto,48537,2550000.0,4,Noida
Jeep Compass,Jeep,2018,114704,Diesel,Manual,35305,750000.0,8,Noida
MG HECTOR,MG,2019,91369,Diesel,Manual,30218,923000.0,7,Noida
Mahindra SCORPIO-N,Mahindra,2024,30057,Diesel,Manual,31505,1839999.9999999998,2,Noida
MG HECTOR,MG,2022,41795,Petrol,Auto,21609,1262000.0,4,Noida
Maruti FRONX,Maruti,2025,14460,Petrol,Manual,14760,861999.9999999999,1,Noida
Tata TIAGO EV,Tata,2024,54968,Electric,Auto,11280,639000.0,2,Noida
Hyundai Creta,Hyundai,2024,11091,Diesel,Auto,31129,1818000.0,2,Noida
Tata NEXON EV,Tata,2022,50868,Electric,Auto,20376,1190000.0,4,Noida
Ford Endeavour,Ford,2021,70048,Diesel,Auto,61444,2826000.0,5,Noida
Mahindra XUV300,Mahindra,2021,85097,Diesel,Auto,17306,778000.0,5,Noida
Tata NEXON EV,Tata,2023,49961,Electric,Auto,22841,1334000.0,3,Noida
Tata Harrier,Tata,2021,78242,Diesel,Auto,26091,1200000.0,5,Noida
Hyundai Creta,Hyundai,2020,70489,Petrol,Auto,17687,1033000.0,6,Noida
Hyundai ALCAZAR,Hyundai,2023,12638,Petrol,Manual,24828,1450000.0,3,Noida
Mahindra Bolero,Mahindra,2022,42048,Diesel,Manual,18844,990000.0,4,Noida
Mahindra XUV300,Mahindra,2021,95832,Diesel,Auto,17039,766000.0,5,Noida
Tata Harrier,Tata,2023,50560,Diesel,Auto,32533,1900000.0,3,Noida
Hyundai Creta,Hyundai,2025,6892,Petrol,Auto,29622,1730000.0,1,Noida
MG HECTOR PLUS,MG,2021,89643,Diesel,Manual,22830,1050000.0,5,Noida
Maruti BREZZA,Maruti,2024,12133,Petrol,Manual,13715,801000.0,2,Noida
Mahindra Scorpio,Mahindra,2018,121889,Diesel,Manual,36482,775000.0,8,Noida
Mahindra XUV700,Mahindra,2022,26271,Petrol,Manual,22858,1335000.0,4,Noida
Mahindra SCORPIO CLASSIC,Mahindra,2025,15157,Diesel,Manual,35786,2089999.9999999998,1,Noida
Mahindra XUV300,Mahindra,2022,23500,Diesel,Manual,17245,906000.0,4,Noida
Tata NEXON EV,Tata,2021,44555,Electric,Auto,18407,1075000.0,5,Noida
MG HECTOR,MG,2022,74056,Petrol,Auto,18749,1095000.0,4,Noida
Toyota Innova Crysta,Toyota,2021,61249,Diesel,Auto,36962,1700000.0,5,Noida
Hyundai Creta,Hyundai,2023,32320,Petrol,Manual,20547,1200000.0,3,Noida
Mahindra Scorpio,Mahindra,2017,148978,Diesel,Manual,62194,700000.0,9,Noida
KIA Carens Clavis,KIA,2025,9094,Petrol,Auto,35546,2076000.0000000002,1,Noida
Toyota Innova Crysta,Toyota,2019,105776,Diesel,Auto,46424,1418000.0,7,Noida
Hyundai ALCAZAR,Hyundai,2023,29747,Petrol,Manual,24228,1415000.0,3,Noida
Maruti New Wagon-R,Maruti,2024,9164,Petrol,Manual,10062,570000.0,2,Noida
Mahindra Scorpio,Mahindra,2017,96766,Diesel,Manual,64238,723000.0,9,Noida
Mahindra Thar,Mahindra,2022,69421,Diesel,Auto,22118,1162000.0,4,Noida
Tata NEXON EV,Tata,2022,81638,Electric,Auto,17979,1050000.0,4,Noida
Maruti Dzire,Maruti,2023,26611,Petrol,Auto,11951,677000.0,3,Noida
Maruti Ertiga,Maruti,2023,63960,Petrol,Manual,16420,959000.0,3,Noida
Tata NEXON EV,Tata,2024,26960,Electric,Auto,24554,1434000.0,2,Noida
Mahindra SCORPIO CLASSIC,Mahindra,2023,78326,Diesel,Manual,26506,1548000.0,3,Noida
Mahindra SCORPIO CLASSIC,Mahindra,2023,40024,Diesel,Manual,26112,1525000.0,3,Noida
Mahindra Scorpio,Mahindra,2022,57403,Diesel,Manual,30949,1626000.0000000002,4,Noida
Tata Safari,Tata,2023,46000,Diesel,Auto,28252,1650000.0,3,Noida
Tata PUNCH EV,Tata,2024,79652,Electric,Auto,18372,1073000.0,2,Noida
Toyota Innova Crysta,Toyota,2016,36389,Petrol,Manual,24112,1109000.0,10,Noida
Hyundai Creta,Hyundai,2024,17202,Petrol,Auto,26848,1568000.0,2,Noida
Toyota Innova Crysta,Toyota,2021,24616,Petrol,Auto,27396,1600000.0,5,Noida
Mahindra SCORPIO CLASSIC,Mahindra,2022,96302,Diesel,Manual,26990,1418000.0,4,Noida
MG HECTOR,MG,2020,89637,Diesel,Manual,23261,900000.0,6,Noida
Hyundai Creta,Hyundai,2020,46959,Petrol,Auto,20889,1220000.0,6,Noida
KIA SELTOS,KIA,2020,170724,Diesel,Auto,25846,1000000.0,6,Noida
Tata Safari,Tata,2023,53176,Diesel,Manual,24656,1440000.0,3,Noida
Toyota Innova Crysta,Toyota,2019,145165,Diesel,Auto,28570,1314000.0,7,Noida
Tata TIGOR EV,Tata,2021,87314,Electric,Auto,13416,760000.0,5,Noida
Tata TIAGO EV,Tata,2023,34612,Electric,Auto,13938,814000.0,3,Noida
Skoda Kodiaq,Skoda,2022,66309,Petrol,Auto,53080,3100000.0,4,Noida
Jeep Compass,Jeep,2022,55368,Petrol,Auto,31163,1820000.0,4,Noida
Tata PUNCH EV,Tata,2024,34286,Electric,Auto,18835,1100000.0,2,Noida
Volkswagen VIRTUS,Volkswagen,2024,9231,Petrol,Auto,21660,1265000.0,2,Noida
Tata NEXON EV,Tata,2021,139465,Electric,Auto,16683,750000.0,5,Noida
Hyundai Creta,Hyundai,2018,59527,Diesel,Auto,41947,900000.0,8,Noida
KIA CARNIVAL,KIA,2021,49345,Diesel,Auto,48312,2222000.0,5,Noida
Tata Safari,Tata,2023,54235,Diesel,Manual,22259,1300000.0,3,Noida
Mahindra Scorpio,Mahindra,2020,102690,Diesel,Manual,28999,1122000.0,6,Noida
Hyundai Tucson,Hyundai,2017,74928,Diesel,Auto,89884,1017000.0,9,Noida
Toyota Innova Crysta,Toyota,2019,135149,Diesel,Manual,37715,1152000.0,7,Noida
KIA SELTOS,KIA,2020,37736,Petrol,Auto,20119,1175000.0,6,Noida
Toyota Innova Crysta,Toyota,2019,54914,Diesel,Auto,44197,1350000.0,7,Noida
MG GLOSTER,MG,2023,29904,Diesel,Auto,51607,3014000.0,3,Noida
Jeep Compass,Jeep,2022,92855,Petrol,Auto,24828,1450000.0,4,Noida
MG HECTOR PLUS,MG,2020,32092,Diesel,Manual,27784,1075000.0,6,Noida
MG HECTOR,MG,2022,68355,Petrol,Auto,18835,1100000.0,4,Noida
Maruti Grand Vitara,Maruti,2023,83939,Petrol,Manual,16523,965000.0,3,Noida
Mahindra Scorpio,Mahindra,2020,101483,Diesel,Manual,26879,1040000.0,6,Noida
Tata Safari,Tata,2023,31000,Diesel,Auto,30478,1780000.0,3,Noida
Mahindra SCORPIO-N,Mahindra,2025,16159,Petrol,Auto,38115,2226000.0,1,Noida
Tata NEXON EV,Tata,2023,39505,Electric,Auto,20735,1211000.0,3,Noida
Maruti Grand Vitara,Maruti,2023,46837,Petrol,Manual,16266,950000.0,3,Noida
Tata NEXON EV,Tata,2021,66178,Electric,Auto,13698,800000.0,5,Noida
Tata NEXON EV,Tata,2023,40719,Electric,Auto,22841,1334000.0,3,Noida
Jeep Compass,Jeep,2020,30054,Petrol,Auto,24828,1450000.0,6,Noida
Hyundai Creta,Hyundai,2024,11294,Petrol,Auto,31933,1864999.9999999998,2,Noida
MG ZS EV,MG,2024,36000,Electric,Auto,29964,1750000.0,2,Noida
Tata Safari,Tata,2021,144144,Diesel,Auto,23917,1100000.0,5,Noida
Tata NEXON EV,Tata,2022,52855,Electric,Auto,15462,902999.9999999999,4,Noida
Toyota Innova Crysta,Toyota,2019,252936,Diesel,Auto,37650,1150000.0,7,Noida
Toyota Innova Crysta,Toyota,2022,67254,Diesel,Manual,35936,1888000.0,4,Noida
Toyota Innova Crysta,Toyota,2019,116936,Diesel,Manual,46031,1406000.0,7,Noida
MG GLOSTER,MG,2022,161494,Diesel,Auto,77903,3583000.0,4,Noida
Hyundai ALCAZAR,Hyundai,2022,45475,Diesel,Auto,25410,1484000.0,4,Noida
Honda City,Honda,2021,53054,Petrol,Manual,11774,667000.0,5,Noida
Hyundai Elite i20,Hyundai,2018,119018,Petrol,Manual,8364,376000.0,8,Noida
Hyundai Creta,Hyundai,2016,106647,Petrol,Manual,9988,449000.0,10,Noida
Maruti Wagon R 1.0,Maruti,2018,101697,Petrol,Manual,6340,285000.0,8,Noida
Ford Figo Aspire,Ford,2016,169835,Diesel,Manual,6340,184000.0,10,Noida
Maruti Dzire,Maruti,2018,98436,Petrol,Auto,7661,434000.0,8,Noida
Hyundai Santro Xing,Hyundai,2012,120500,Petrol,Manual,7819,88000.0,14,Noida
Honda Amaze,Honda,2015,74290,Petrol,Manual,5526,210000.0,11,Noida
Honda City,Honda,2015,79501,Petrol,Manual,8532,324000.0,11,Noida
Honda City,Honda,2017,83381,Petrol,Manual,7820,400000.0,9,Noida
Maruti Ertiga,Maruti,2024,35002,Petrol,Manual,18681,1091000.0,2,Noida
Hyundai Verna,Hyundai,2013,83032,Petrol,Manual,12098,256999.99999999997,13,Noida
Maruti Alto,Maruti,2022,62729,Petrol,Manual,6073,344000.0,4,Noida
Mahindra Thar,Mahindra,2021,60727,Petrol,Auto,19280,1126000.0,5,Noida
Hyundai Accent,Hyundai,2011,88034,Petrol,Manual,19280,81000.0,15,Noida
Maruti Swift,Maruti,2017,90923,Petrol,Manual,6667,341000.0,9,Noida
Hyundai Santro Xing,Hyundai,2012,97798,Petrol,Manual,11817,133000.0,14,Noida
Maruti Swift Dzire,Maruti,2016,141111,Petrol,Manual,4916,221000.0,10,Noida
Hyundai Creta,Hyundai,2017,107958,Petrol,Manual,14837,667000.0,9,Noida
Hyundai i10,Hyundai,2014,166091,Petrol,Manual,5912,178000.0,12,Noida
KIA SELTOS,KIA,2021,116146,Diesel,Auto,25960,1194000.0,5,Noida
Maruti Alto 800,Maruti,2014,107273,Petrol,Manual,4085,123000.0,12,Noida
Toyota Corolla Altis,Toyota,2016,112012,Petrol,Auto,13836,622000.0,10,Noida
MG HECTOR PLUS,MG,2022,43413,Petrol,Auto,25512,1490000.0,4,Noida
Hyundai Creta,Hyundai,2019,52677,Petrol,Manual,12251,694000.0,7,Noida
Mahindra Thar,Mahindra,2024,9429,Diesel,Manual,18681,1091000.0,2,Noida
Skoda Octavia,Skoda,2016,68323,Petrol,Auto,12279,552000.0,10,Noida
Honda City,Honda,2015,99327,Petrol,Manual,8270,314000.0,11,Noida
Maruti Vitara Brezza,Maruti,2019,42954,Diesel,Auto,19331,582000.0,7,Noida
Maruti S Cross,Maruti,2016,147440,Diesel,Manual,19331,292000.0,10,Noida
Honda Amaze,Honda,2015,74172,Petrol,Manual,8532,324000.0,11,Noida
Maruti Wagon R 1.0,Maruti,2013,135276,Petrol,Manual,5884,125000.0,13,Noida
Tata PUNCH,Tata,2024,8241,Petrol,Manual,10892,617000.0,2,Noida
Hyundai Grand i10,Hyundai,2015,106955,Petrol,Manual,4608,175000.0,11,Noida
Hyundai Creta,Hyundai,2021,62467,Petrol,Manual,12745,722000.0,5,Noida
Maruti Zen Estilo,Maruti,2012,54235,Petrol,Manual,11017,124000.0,14,Noida
Hyundai GRAND I10 NIOS,Hyundai,2023,89878,Petrol,Manual,8632,488999.99999999994,3,Noida
Audi A3,Audi,2015,120984,Petrol,Auto,21323,825000.0,11,Noida
Ford Ecosport,Ford,2017,137077,Petrol,Manual,9454,425000.0,9,Noida
Hyundai Elite i20,Hyundai,2019,26681,Petrol,Manual,10380,588000.0,7,Noida
KIA SONET,KIA,2020,80706,Diesel,Manual,18118,688000.0,6,Noida
Toyota Innova Crysta,Toyota,2016,227862,Diesel,Auto,18118,1195000.0,10,Noida
Maruti Alto 800,Maruti,2019,84499,Petrol,Manual,4307,244000.0,7,Noida
Hyundai i10,Hyundai,2011,56564,Petrol,Manual,4307,83000.0,15,Noida
Hyundai NEW SANTRO,Hyundai,2018,71278,Petrol,Manual,5596,317000.0,8,Noida
Hyundai ALCAZAR,Hyundai,2021,68212,Petrol,Auto,18698,1092000.0,5,Noida
KIA SYROS,KIA,2025,5846,Petrol,Manual,19896,1162000.0,1,Noida
Maruti Baleno,Maruti,2019,35154,Petrol,Manual,7767,440000.00000000006,7,Noida
Ford Ecosport,Ford,2016,57698,Diesel,Manual,7767,301000.0,10,Noida
Maruti Swift,Maruti,2018,104243,Petrol,Manual,9676,434999.99999999994,8,Noida
Honda City,Honda,2014,29385,Petrol,Manual,10496,316000.0,12,Noida
Hyundai i20,Hyundai,2011,93526,Petrol,Manual,10496,100000.0,15,Noida
Maruti Vitara Brezza,Maruti,2016,178019,Diesel,Manual,10496,455999.99999999994,10,Noida
Maruti Vitara Brezza,Maruti,2020,71763,Petrol,Manual,10150,575000.0,6,Noida
Skoda Rapid,Skoda,2012,88639,Petrol,Manual,11817,133000.0,14,Noida
Hyundai Verna,Hyundai,2011,54830,Petrol,Manual,11817,184000.0,15,Noida
Toyota Corolla Altis,Toyota,2013,120324,Petrol,Auto,11863,252000.0,13,Noida
Tata PUNCH,Tata,2024,8276,Petrol,Manual,11086,628000.0,2,Noida
Maruti Ciaz,Maruti,2019,32574,Petrol,Manual,9621,545000.0,7,Noida
Maruti Zen Estilo,Maruti,2011,82988,Petrol,Manual,9621,68000.0,15,Noida
KIA SELTOS,KIA,2020,105892,Diesel,Auto,32565,1260000.0,6,Noida
Maruti Alto 800,Maruti,2014,91907,Petrol,Manual,4418,133000.0,12,Noida
Maruti Baleno,Maruti,2021,53965,Petrol,Manual,8279,469000.00000000006,5,Noida
Maruti Baleno,Maruti,2020,78542,Petrol,Manual,6832,387000.0,6,Noida
Skoda SLAVIA,Skoda,2022,34402,Petrol,Auto,22927,1339000.0,4,Noida
Volkswagen TIGUAN,Volkswagen,2022,43802,Petrol,Auto,40957,2392000.0,4,Noida
Honda City,Honda,2012,55866,Petrol,Manual,17681,199000.0,14,Noida
Toyota Etios,Toyota,2011,92011,Petrol,Manual,17681,118000.0,15,Noida
Honda City,Honda,2011,101901,Petrol,Manual,17681,145000.0,15,Noida
Hyundai Verna,Hyundai,2013,90253,Petrol,Manual,12569,267000.0,13,Noida
Maruti Grand Vitara,Maruti,2024,7317,Petrol,Manual,17225,1006000.0,2,Noida
Maruti Celerio,Maruti,2016,85647,Petrol,Auto,4004,180000.0,10,Noida
Maruti Swift,Maruti,2014,68764,Petrol,Manual,10330,311000.0,12,Noida
Honda WR-V,Honda,2018,76470,Diesel,Manual,16805,357000.0,8,Noida
Hyundai Elite i20,Hyundai,2015,62033,Petrol,Manual,8479,322000.0,11,Noida
Hyundai Grand i10,Hyundai,2018,121806,Petrol,Manual,6607,297000.0,8,Noida
Maruti Wagon R 1.0,Maruti,2011,85620,Petrol,Manual,6607,108000.0,15,Noida
Maruti Ertiga,Maruti,2020,12001,Petrol,Manual,15119,883000.0,6,Noida
Hyundai EXTER,Hyundai,2025,7979,Petrol,Auto,15359,897000.0000000001,1,Noida
Tata PUNCH,Tata,2022,58416,Petrol,Manual,9091,515000.00000000006,4,Noida
Mahindra Scorpio,Mahindra,2018,48995,Diesel,Manual,32622,693000.0,8,Noida
Volkswagen Polo,Volkswagen,2018,88840,Petrol,Manual,5190,294000.0,8,Noida
Nissan MAGNITE,Nissan,2021,5715,Petrol,Manual,6830,387000.0,5,Noida
Renault TRIBER,Renault,2021,73427,Petrol,Manual,5935,336000.0,5,Noida
Maruti Baleno,Maruti,2016,47892,Petrol,Manual,6095,274000.0,10,Noida
Skoda SLAVIA,Skoda,2022,36805,Petrol,Auto,14571,851000.0,4,Noida
Mahindra Bolero,Mahindra,2022,36818,Diesel,Manual,12677,648000.0,4,Noida
Maruti IGNIS,Maruti,2018,50504,Petrol,Manual,4872,276000.0,8,Noida
Nissan Kicks,Nissan,2019,27818,Petrol,Manual,8650,490000.00000000006,7,Noida
Honda Amaze,Honda,2019,73310,Petrol,Manual,6602,374000.0,7,Noida
MG HECTOR,MG,2019,83300,Petrol,Auto,14602,852999.9999999999,7,Noida
MG ASTOR,MG,2022,39486,Petrol,Manual,11931,676000.0,4,Noida
Honda City,Honda,2018,46469,Petrol,Manual,7344,416000.0,8,Noida
Hyundai AURA,Hyundai,2022,63952,CNG,Manual,8464,479000.0,4,Noida
Ford Ecosport,Ford,2016,50410,Petrol,Manual,6028,271000.0,10,Noida
Maruti Ciaz,Maruti,2018,64035,Petrol,Manual,6955,394000.0,8,Noida
Tata PUNCH,Tata,2024,9051,Petrol,Manual,9709,550000.0,2,Noida
Tata NEXON,Tata,2022,59477,Petrol,Manual,8385,475000.0,4,Noida
Maruti Baleno,Maruti,2020,85113,Petrol,Manual,6938,393000.0,6,Noida
Maruti Swift,Maruti,2020,96007,CNG,Manual,7032,398000.0,6,Noida
Hyundai Creta,Hyundai,2019,49323,Petrol,Manual,8950,507000.0,7,Noida
Nissan MAGNITE,Nissan,2022,66035,Petrol,Manual,7920,449000.0,4,Noida
KIA SONET,KIA,2023,15887,Diesel,Manual,15307,894000.0,3,Noida
Tata NEXON,Tata,2024,14516,Petrol,Auto,15239,890000.0,2,Noida
Renault TRIBER,Renault,2020,39623,Petrol,Manual,5790,328000.0,6,Noida
KIA SONET,KIA,2021,84963,Petrol,Manual,9254,524000.0,5,Noida
Toyota URBAN CRUISER,Toyota,2021,79757,CNG,Manual,9674,548000.0,5,Noida
KIA SELTOS,KIA,2020,67505,Petrol,Manual,13416,760000.0,6,Noida
Nissan MAGNITE,Nissan,2022,49559,CNG,Manual,8191,463999.99999999994,4,Noida
Hyundai Grand i10,Hyundai,2014,70601,Petrol,Manual,5979,180000.0,12,Noida
Hyundai Elite i20,Hyundai,2015,46195,Petrol,Manual,8558,325000.0,11,Noida
MG HECTOR,MG,2020,82542,Petrol,Auto,14417,842000.0,6,Noida
Maruti Baleno,Maruti,2021,25861,Petrol,Manual,6973,395000.0,5,Noida
Hyundai Grand i10,Hyundai,2015,41078,Petrol,Manual,5925,225000.0,11,Noida
Nissan MAGNITE,Nissan,2023,47686,Petrol,Manual,8385,475000.0,3,Noida
Toyota Glanza,Toyota,2024,21359,Petrol,Manual,10262,581000.0,2,Noida
Volkswagen TAIGUN,Volkswagen,2024,10143,Petrol,Manual,16335,953999.9999999999,2,Noida
KIA CARENS,KIA,2024,14649,Petrol,Manual,17294,1010000.0,2,Noida
MG HECTOR,MG,2019,12823,Diesel,Manual,26518,810000.0,7,Noida
Honda Jazz,Honda,2020,89822,Petrol,Auto,8938,505999.99999999994,6,Noida
Ford Ecosport,Ford,2019,58921,Petrol,Manual,7975,451999.99999999994,7,Noida
Hyundai Grand i10,Hyundai,2015,80240,Petrol,Auto,8767,333000.0,11,Noida
KIA SONET,KIA,2022,40431,CNG,Manual,10927,619000.0,4,Noida
Maruti S Cross,Maruti,2021,68503,Petrol,Manual,11079,628000.0,5,Noida
Hyundai NEW I20,Hyundai,2021,60500,Petrol,Auto,10233,580000.0,5,Noida
Hyundai GRAND I10 NIOS,Hyundai,2022,69688,CNG,Manual,8769,497000.0,4,Noida
Maruti S Cross,Maruti,2022,69882,Petrol,Manual,9074,513999.99999999994,4,Noida
Hyundai Creta,Hyundai,2022,73388,Petrol,Manual,13416,760000.0,4,Noida
Honda City,Honda,2014,73496,Petrol,Auto,8835,266000.0,12,Noida
Hyundai Creta,Hyundai,2017,98252,Petrol,Auto,10850,555000.0,9,Noida
Hyundai Creta,Hyundai,2019,67956,Petrol,Manual,10998,623000.0,7,Noida
Hyundai Elite i20,Hyundai,2020,28357,Petrol,Manual,7520,426000.0,6,Noida
Renault Kwid,Renault,2016,43942,Petrol,Manual,3470,156000.0,10,Noida
Ford Figo Aspire,Ford,2019,64643,CNG,Manual,6256,320000.0,7,Noida
Tata NEXON,Tata,2023,23059,Petrol,Manual,10892,617000.0,3,Noida
Hyundai Elite i20,Hyundai,2015,49578,Petrol,Manual,7268,276000.0,11,Noida
Maruti IGNIS,Maruti,2017,31725,Petrol,Manual,6354,325000.0,9,Noida
Tata ALTROZ,Tata,2020,14556,Petrol,Manual,8261,468000.0,6,Noida
Honda BR-V,Honda,2018,56546,Petrol,Manual,7979,451999.99999999994,8,Noida
Hyundai Creta,Hyundai,2016,79126,Petrol,Manual,9765,438999.99999999994,10,Noida
Tata ALTROZ,Tata,2022,73391,Diesel,Manual,10753,550000.0,4,Noida
Hyundai Elite i20,Hyundai,2020,13658,Petrol,Manual,8173,463000.0,6,Noida
KIA SELTOS,KIA,2022,84971,Diesel,Manual,14995,767000.0,4,Noida
Honda City,Honda,2018,68627,Petrol,Auto,8685,492000.0,8,Noida
KIA SONET,KIA,2022,17161,Petrol,Manual,13010,737000.0,4,Noida
Tata NEXON,Tata,2019,54946,Petrol,Auto,8509,482000.0,7,Noida
Hyundai Creta,Hyundai,2016,28671,Petrol,Manual,12274,552000.0,10,Noida
Honda Amaze,Honda,2019,7149,Petrol,Manual,9069,513999.99999999994,7,Noida
Hyundai AURA,Hyundai,2023,14152,CNG,Manual,11916,675000.0,3,Noida
Ford Ecosport,Ford,2020,64042,Diesel,Manual,13852,526000.0,6,Noida
KIA SELTOS,KIA,2019,56532,Petrol,Auto,14725,860000.0,7,Noida
Hyundai Creta,Hyundai,2016,59057,Petrol,Manual,10499,472000.0,10,Noida
Hyundai Creta,Hyundai,2016,46346,Petrol,Manual,10998,494000.00000000006,10,Noida
Tata NEXON,Tata,2021,61553,Petrol,Auto,12110,686000.0,5,Noida
Honda Amaze,Honda,2020,28816,Petrol,Manual,8014,454000.0,6,Noida
Hyundai Creta,Hyundai,2019,58509,Petrol,Manual,9183,520000.0,7,Noida
Maruti Swift,Maruti,2020,84087,Petrol,Auto,7396,419000.00000000006,6,Noida
Mahindra XUV700,Mahindra,2023,37993,Petrol,Manual,17465,1019999.9999999999,3,Noida
Hyundai Grand i10,Hyundai,2019,60829,Petrol,Manual,6037,342000.0,7,Noida
Maruti Baleno,Maruti,2016,70450,CNG,Manual,11799,355000.0,10,Noida
Maruti Swift Dzire,Maruti,2016,75701,Petrol,Manual,5739,258000.0,10,Noida
Tata Tiago,Tata,2020,37874,Petrol,Manual,6954,394000.0,6,Noida
Renault TRIBER,Renault,2019,37303,Petrol,Manual,6840,387000.0,7,Noida
Maruti S PRESSO,Maruti,2021,65152,CNG,Manual,5649,320000.0,5,Noida
Tata NEXON,Tata,2021,30727,Petrol,Manual,9914,562000.0,5,Noida
Honda WR-V,Honda,2020,60475,Petrol,Manual,8985,509000.0,6,Noida
Ford Ecosport,Ford,2015,54642,Petrol,Manual,8005,304000.0,11,Noida
Maruti Dzire,Maruti,2018,43215,Petrol,Manual,6479,367000.0,8,Noida
MG HECTOR PLUS,MG,2020,24671,Petrol,Auto,18749,1095000.0,6,Noida
Maruti Swift,Maruti,2020,69270,Petrol,Manual,7455,422000.0,6,Noida
Tata NEXON,Tata,2019,55501,Petrol,Manual,7185,407000.0,7,Noida
Maruti New Wagon-R,Maruti,2019,87896,CNG,Manual,6354,325000.0,7,Noida
Maruti Swift Dzire,Maruti,2014,72997,Petrol,Manual,7440,224000.00000000003,12,Noida
Mahindra Kuv100,Mahindra,2015,37253,Petrol,Manual,5132,195000.0,11,Noida
Maruti Celerio,Maruti,2022,42847,CNG,Manual,7261,411000.00000000006,4,Noida
Ford Ecosport,Ford,2016,55779,Petrol,Manual,8752,393000.0,10,Noida
Renault Kwid,Renault,2020,94786,Petrol,Manual,3937,223000.0,6,Noida
Maruti New Wagon-R,Maruti,2022,94895,CNG,Manual,6867,389000.0,4,Noida
Hyundai Elite i20,Hyundai,2017,71229,CNG,Manual,9485,360000.0,9,Noida
Ford Ecosport,Ford,2020,63346,Petrol,Manual,9550,541000.0,6,Noida
Maruti Celerio,Maruti,2017,37296,Petrol,Auto,5460,279000.0,9,Noida
Maruti Alto K10,Maruti,2017,47222,Petrol,Manual,4162,213000.0,9,Noida
Renault Kwid,Renault,2016,56447,Petrol,Manual,4449,200000.0,10,Noida
Hyundai Grand i10,Hyundai,2014,99524,Petrol,Manual,6278,189000.0,12,Noida
Maruti Ciaz,Maruti,2018,82158,Petrol,Manual,7661,434000.0,8,Noida
Maruti Baleno,Maruti,2021,13936,Petrol,Manual,8864,501999.99999999994,5,Noida
Maruti Ciaz,Maruti,2019,85161,Petrol,Auto,8703,493000.0,7,Noida
Maruti XL6,Maruti,2021,60478,Petrol,Manual,12737,722000.0,5,Noida
Tata Tiago,Tata,2018,59679,Petrol,Manual,4603,261000.0,8,Noida
Hyundai Elite i20,Hyundai,2018,75068,Petrol,Manual,7738,438000.0,8,Noida
Maruti Baleno,Maruti,2018,54952,Petrol,Manual,7679,434999.99999999994,8,Noida
Ford Ecosport,Ford,2016,63094,Petrol,Manual,8225,370000.0,10,Noida
Hyundai Elite i20,Hyundai,2014,38185,Petrol,Manual,8901,268000.0,12,Noida
Renault Kwid,Renault,2021,21689,Petrol,Manual,5208,295000.0,5,Noida
Ford Ecosport,Ford,2019,48360,Petrol,Manual,9450,535000.0,7,Noida
Maruti Ciaz,Maruti,2017,68922,Petrol,Manual,8719,446000.0,9,Noida
Hyundai Grand i10,Hyundai,2014,40044,Petrol,Manual,7174,216000.0,12,Noida
Maruti Baleno,Maruti,2021,59396,Petrol,Manual,7781,441000.0,5,Noida
Maruti Baleno,Maruti,2020,96044,Petrol,Manual,7573,429000.0,6,Noida
Hyundai Grand i10,Hyundai,2015,42136,Petrol,Manual,6873,261000.0,11,Noida
Hyundai Elite i20,Hyundai,2017,60451,Petrol,Manual,6715,343000.0,9,Noida
Maruti New Wagon-R,Maruti,2022,53797,CNG,Manual,7418,420000.0,4,Noida
Renault TRIBER,Renault,2023,16063,Petrol,Auto,9975,565000.0,3,Noida
Hyundai Grand i10,Hyundai,2016,78016,Petrol,Manual,6651,299000.0,10,Noida
Maruti Baleno,Maruti,2015,65539,Petrol,Manual,8159,310000.0,11,Noida
Mahindra Kuv100,Mahindra,2017,36967,Petrol,Manual,5455,279000.0,9,Noida
