Car Name,Company,Year of Manufacture,Distance Driven,Fuel Type,Gear Type,EMI,Price
Maruti Vitara Brezza,Maruti,2021,"52,923 km",Petrol,Manual,"EMI ₹8,643/m*",₹4.90 lakh
Maruti Swift,Maruti,2014,"61,207 km",Petrol,Manual,"EMI ₹6,477/m*",₹1.95 lakh
Volkswagen Polo,Volkswagen,2020,"33,751 km",Petrol,Manual,"EMI ₹6,814/m*",₹3.86 lakh
Toyota Fortuner,Toyota,2023,"83,352 km",Diesel,Auto,"EMI ₹55,477/m*",₹32.40 lakh
Mahindra SCORPIO-N,Mahindra,2023,"79,841 km",Diesel,Manual,"EMI ₹29,091/m*",₹16.99 lakh
Maruti Swift,Maruti,2016,"48,436 km",Petrol,Manual,"EMI ₹5,806/m*",₹2.61 lakh
Volkswagen Polo,Volkswagen,2019,"39,462 km",Petrol,Auto,"EMI ₹9,977/m*",₹5.65 lakh
Skoda KUSHAQ,Skoda,2025,"20,617 km",Petrol,Manual,"EMI ₹12,992/m*",₹7.36 lakh
Ford Ecosport,Ford,2018,"26,424 km",Diesel,Manual,"EMI ₹23,772/m*",₹5.05 lakh
Tata ALTROZ,Tata,2021,"73,822 km",Diesel,Manual,"EMI ₹15,122/m*",₹6.80 lakh
Maruti Swift Dzire,Maruti,2021,"57,071 km",CNG,Manual,"EMI ₹7,750/m*",₹4.39 lakh
Maruti Baleno,Maruti,2015,"53,068 km",Petrol,Manual,"EMI ₹6,794/m*",₹2.58 lakh
Hyundai Verna,Hyundai,2018,"24,996 km",Petrol,Manual,"EMI ₹8,584/m*",₹4.86 lakh
Hyundai NEW I20,Hyundai,2022,"19,259 km",Petrol,Manual,"EMI ₹9,356/m*",₹5.30 lakh
Hyundai VENUE,Hyundai,2021,"53,312 km",Petrol,Manual,"EMI ₹9,427/m*",₹5.34 lakh
Renault TRIBER,Renault,2021,"52,312 km",Petrol,Manual,"EMI ₹6,660/m*",₹3.77 lakh
Honda Amaze,Honda,2014,"91,353 km",Petrol,Manual,"EMI ₹5,348/m*",₹1.61 lakh
Tata NEXON,Tata,2018,"72,470 km",Petrol,Manual,"EMI ₹5,825/m*",₹3.30 lakh
Toyota Glanza,Toyota,2024,"13,172 km",Petrol,Manual,"EMI ₹9,334/m*",₹5.29 lakh
KIA SONET,KIA,2020,"38,236 km",Petrol,Manual,"EMI ₹9,938/m*",₹5.63 lakh
Maruti New Wagon-R,Maruti,2019,"74,374 km",Petrol,Manual,"EMI ₹5,719/m*",₹3.24 lakh
Hyundai NEW SANTRO,Hyundai,2022,"91,678 km",CNG,Manual,"EMI ₹6,743/m*",₹3.82 lakh
MG HECTOR,MG,2019,"52,206 km",Petrol,Auto,"EMI ₹17,379/m*",₹10.15 lakh
KIA SELTOS,KIA,2020,"16,459 km",Petrol,Manual,"EMI ₹16,266/m*",₹9.50 lakh
MG HECTOR,MG,2023,"15,809 km",Petrol,Auto,"EMI ₹25,512/m*",₹14.90 lakh
Volkswagen VIRTUS,Volkswagen,2022,"47,712 km",Petrol,Manual,"EMI ₹12,198/m*",₹6.91 lakh
Toyota Fortuner,Toyota,2020,"48,819 km",Diesel,Auto,"EMI ₹71,075/m*",₹27.50 lakh
Renault Kwid,Renault,2017,"75,770 km",Petrol,Manual,"EMI ₹3,128/m*",₹1.60 lakh
Tata PUNCH,Tata,2023,"46,004 km",Petrol,Manual,"EMI ₹8,543/m*",₹4.84 lakh
Mahindra Thar,Mahindra,2022,"30,690 km",Petrol,Manual,"EMI ₹20,119/m*",₹11.75 lakh
Hyundai Tucson,Hyundai,2024,"14,376 km",Petrol,Auto,"EMI ₹43,662/m*",₹25.50 lakh
Renault Kwid,Renault,2019,"63,301 km",Petrol,Manual,"EMI ₹3,495/m*",₹1.98 lakh
Tata Safari,Tata,2021,"43,449 km",Diesel,Auto,"EMI ₹28,265/m*",₹13.00 lakh
Skoda Superb,Skoda,2021,"33,492 km",Petrol,Auto,"EMI ₹44,518/m*",₹26.00 lakh
Hyundai Creta,Hyundai,2020,"88,094 km",Diesel,Manual,"EMI ₹18,987/m*",₹7.21 lakh
MG GLOSTER,MG,2022,"8,603 km",Diesel,Auto,"EMI ₹59,006/m*",₹31.00 lakh
KIA SELTOS,KIA,2023,"43,943 km",Diesel,Manual,"EMI ₹14,451/m*",₹8.44 lakh
Hyundai Verna,Hyundai,2018,"52,177 km",Petrol,Manual,"EMI ₹9,568/m*",₹5.42 lakh
Renault Kiger,Renault,2022,"57,927 km",Petrol,Manual,"EMI ₹6,532/m*",₹3.70 lakh
Tata Harrier,Tata,2020,"84,776 km",Diesel,Manual,"EMI ₹20,728/m*",₹8.02 lakh
Mahindra XUV 3XO,Mahindra,2024,"14,838 km",Diesel,Auto,"EMI ₹14,777/m*",₹8.63 lakh
KIA CARNIVAL,KIA,2025,"10,558 km",Diesel,Auto,"EMI ₹107,015/m*",₹62.50 lakh
Tata ALTROZ,Tata,2022,"45,910 km",Petrol,Manual,"EMI ₹6,708/m*",₹3.80 lakh
Tata Safari,Tata,2021,"64,038 km",Diesel,Manual,"EMI ₹24,786/m*",₹11.40 lakh
Mahindra XUV700,Mahindra,2022,"41,024 km",Petrol,Manual,"EMI ₹23,115/m*",₹13.50 lakh
Maruti Wagon R 1.0,Maruti,2013,"98,532 km",Petrol,Manual,"EMI ₹5,790/m*",₹1.23 lakh
BMW 3 Series,BMW,2019,"69,884 km",Diesel,Auto,"EMI ₹76,936/m*",₹23.50 lakh
Honda Amaze,Honda,2021,"39,068 km",CNG,Manual,"EMI ₹10,429/m*",₹5.91 lakh
Jeep Compass,Jeep,2019,"50,367 km",Petrol,Auto,"EMI ₹15,410/m*",₹9.00 lakh
Mahindra BE 6e,Mahindra,2025,"3,651 km",Electric,Auto,"EMI ₹41,094/m*",₹24.00 lakh
Hyundai ALCAZAR,Hyundai,2024,"4,227 km",Petrol,Auto,"EMI ₹32,105/m*",₹18.75 lakh
Maruti Baleno,Maruti,2023,"47,454 km",Petrol,Manual,"EMI ₹8,473/m*",₹4.80 lakh
Maruti Alto 800,Maruti,2017,"29,630 km",Petrol,Manual,"EMI ₹3,548/m*",₹1.81 lakh
Maruti Swift,Maruti,2019,"47,053 km",Petrol,Manual,"EMI ₹6,620/m*",₹3.75 lakh
Hyundai Verna,Hyundai,2019,"75,966 km",Petrol,Manual,"EMI ₹10,661/m*",₹6.04 lakh
Skoda Superb,Skoda,2017,"36,581 km",Petrol,Auto,"EMI ₹24,268/m*",₹12.75 lakh
Honda Amaze,Honda,2019,"47,426 km",Petrol,Auto,"EMI ₹7,079/m*",₹4.01 lakh
Mahindra XUV700,Mahindra,2024,"20,913 km",Diesel,Auto,"EMI ₹39,382/m*",₹23.00 lakh
Tata NEXON EV,Tata,2024,"29,329 km",Electric,Auto,"EMI ₹25,256/m*",₹14.75 lakh
Hyundai EXTER,Hyundai,2024,"10,309 km",Petrol,Auto,"EMI ₹14,982/m*",₹8.75 lakh
Hyundai Verna,Hyundai,2019,"51,996 km",Petrol,Auto,"EMI ₹12,304/m*",₹6.97 lakh
Hyundai VENUE,Hyundai,2021,"34,800 km",Petrol,Manual,"EMI ₹9,903/m*",₹5.61 lakh
MG HECTOR PLUS,MG,2024,"24,606 km",Petrol,Auto,"EMI ₹31,677/m*",₹18.50 lakh
MG HECTOR,MG,2021,"47,308 km",Diesel,Manual,"EMI ₹21,525/m*",₹9.90 lakh
Mahindra Scorpio,Mahindra,2019,"35,267 km",Diesel,Manual,"EMI ₹28,745/m*",₹8.78 lakh
Skoda SLAVIA,Skoda,2022,"39,259 km",Petrol,Manual,"EMI ₹12,904/m*",₹7.31 lakh
Honda Amaze,Honda,2022,"44,853 km",Petrol,Manual,"EMI ₹7,767/m*",₹4.40 lakh
Nissan MAGNITE,Nissan,2023,"60,570 km",Petrol,Manual,"EMI ₹6,814/m*",₹3.86 lakh
Hyundai Tucson,Hyundai,2023,"19,023 km",Diesel,Auto,"EMI ₹45,374/m*",₹26.50 lakh
Hyundai Tucson,Hyundai,2022,"17,916 km",Petrol,Auto,"EMI ₹40,238/m*",₹23.50 lakh
Skoda Kodiaq,Skoda,2023,"60,781 km",Petrol,Auto,"EMI ₹44,518/m*",₹26.00 lakh
Volkswagen Polo,Volkswagen,2021,"58,213 km",Petrol,Manual,"EMI ₹7,997/m*",₹4.53 lakh
Mercedes Benz GLC CLASS,Mercedes,2021,"27,513 km",Petrol,Auto,"EMI ₹67,634/m*",₹39.50 lakh
Audi A6,Audi,2021,"31,259 km",Petrol,Auto,"EMI ₹58,216/m*",₹34.00 lakh
KIA SONET,KIA,2024,"14,386 km",Petrol,Auto,"EMI ₹18,407/m*",₹10.75 lakh
BMW X1,BMW,2018,"69,892 km",Diesel,Auto,"EMI ₹76,903/m*",₹16.50 lakh
Mahindra Kuv100,Mahindra,2018,"68,537 km",Diesel,Manual,"EMI ₹12,554/m*",₹2.67 lakh
Hyundai Verna,Hyundai,2024,"31,194 km",Petrol,Manual,"EMI ₹17,367/m*",₹10.14 lakh
Renault Kiger,Renault,2022,"83,215 km",Petrol,Manual,"EMI ₹6,390/m*",₹3.62 lakh
MG HECTOR,MG,2019,"65,518 km",Petrol,Auto,"EMI ₹14,794/m*",₹8.64 lakh
Mahindra SCORPIO-N,Mahindra,2023,"43,965 km",Diesel,Auto,"EMI ₹31,677/m*",₹18.50 lakh
Honda WR-V,Honda,2021,"68,250 km",Diesel,Manual,"EMI ₹11,278/m*",₹5.07 lakh
KIA SELTOS,KIA,2022,"39,349 km",Diesel,Manual,"EMI ₹20,238/m*",₹10.63 lakh
Maruti Swift,Maruti,2018,"59,746 km",Petrol,Auto,"EMI ₹7,059/m*",₹4.00 lakh
Toyota Fortuner,Toyota,2018,"1,58,439 km",Diesel,Manual,"EMI ₹77,276/m*",₹16.58 lakh
ISUZU D-Max V Cross,ISUZU,2022,"46,876 km",Diesel,Auto,"EMI ₹39,020/m*",₹20.50 lakh
Maruti Swift,Maruti,2018,"64,451 km",Petrol,Manual,"EMI ₹6,373/m*",₹3.61 lakh
BMW 3 Series,BMW,2017,"29,226 km",Diesel,Auto,"EMI ₹172,344/m*",₹19.50 lakh
KIA SELTOS,KIA,2019,"76,363 km",Petrol,Manual,"EMI ₹16,640/m*",₹9.72 lakh
Ford Ecosport,Ford,2016,"72,113 km",Petrol,Manual,"EMI ₹6,184/m*",₹2.78 lakh
Honda WR-V,Honda,2018,"37,015 km",Petrol,Manual,"EMI ₹6,584/m*",₹3.73 lakh
Renault Kiger,Renault,2022,"25,917 km",Petrol,Manual,"EMI ₹8,175/m*",₹4.63 lakh
Hyundai Eon,Hyundai,2016,"53,770 km",Petrol,Manual,"EMI ₹3,448/m*",₹1.55 lakh
KIA SELTOS,KIA,2019,"36,269 km",Petrol,Manual,"EMI ₹13,336/m*",₹7.55 lakh
Audi A3,Audi,2018,"24,077 km",Petrol,Auto,"EMI ₹27,396/m*",₹16.00 lakh
Hyundai Verna,Hyundai,2018,"78,038 km",Petrol,Manual,"EMI ₹9,356/m*",₹5.30 lakh
Tata ALTROZ,Tata,2021,"42,989 km",Petrol,Manual,"EMI ₹6,796/m*",₹3.85 lakh
Maruti Celerio,Maruti,2014,"92,764 km",Petrol,Manual,"EMI ₹4,650/m*",₹1.40 lakh
Tata PUNCH,Tata,2023,"71,387 km",Petrol,Manual,"EMI ₹9,147/m*",₹5.18 lakh
ISUZU D-Max V Cross,ISUZU,2018,"1,14,493 km",Diesel,Manual,"EMI ₹58,260/m*",₹12.50 lakh
Mercedes Benz S Class,Mercedes,2014,"54,082 km",Diesel,Auto,"EMI ₹58,260/m*",₹27.50 lakh
Toyota YARIS,Toyota,2018,"69,389 km",Petrol,Auto,"EMI ₹7,961/m*",₹4.51 lakh
Datsun Redi Go,Datsun,2020,"25,838 km",Petrol,Manual,"EMI ₹3,283/m*",₹1.86 lakh
Maruti Ertiga,Maruti,2024,"18,586 km",CNG,Manual,"EMI ₹15,753/m*",₹9.20 lakh
Maruti Alto,Maruti,2020,"6,421 km",Petrol,Manual,"EMI ₹4,424/m*",₹2.51 lakh
KIA SONET,KIA,2021,"72,631 km",Petrol,Manual,"EMI ₹10,715/m*",₹6.07 lakh
Renault Duster,Renault,2017,"85,995 km",Petrol,Auto,"EMI ₹7,429/m*",₹3.80 lakh
Tata Harrier,Tata,2024,"19,734 km",Diesel,Auto,"EMI ₹37,669/m*",₹22.00 lakh
Maruti Alto K10,Maruti,2017,"66,405 km",Petrol,Manual,"EMI ₹3,793/m*",₹1.94 lakh
Toyota Camry,Toyota,2024,"5,399 km",Hybrid,Auto,"EMI ₹66,778/m*",₹39.00 lakh
Volkswagen TAIGUN,Volkswagen,2022,"62,917 km",Petrol,Manual,"EMI ₹11,699/m*",₹6.63 lakh
Hyundai Elite i20,Hyundai,2019,"27,376 km",Petrol,Manual,"EMI ₹7,467/m*",₹4.23 lakh
Mahindra XUV700,Mahindra,2024,"12,231 km",Petrol,Auto,"EMI ₹31,248/m*",₹18.25 lakh
Toyota Camry,Toyota,2023,"15,756 km",Hybrid,Auto,"EMI ₹59,757/m*",₹34.90 lakh
Hyundai VENUE,Hyundai,2022,"78,722 km",Petrol,Manual,"EMI ₹10,367/m*",₹5.87 lakh
Tata NEXON,Tata,2024,"20,901 km",CNG,Manual,"EMI ₹13,773/m*",₹7.80 lakh
Toyota Innova Crysta,Toyota,2018,"92,199 km",Petrol,Manual,"EMI ₹16,720/m*",₹9.76 lakh
Hyundai Verna,Hyundai,2014,"27,848 km",Petrol,Auto,"EMI ₹10,874/m*",₹3.27 lakh
Hyundai Creta,Hyundai,2018,"53,390 km",Petrol,Auto,"EMI ₹11,122/m*",₹6.30 lakh
Maruti Baleno,Maruti,2017,"76,921 km",Petrol,Manual,"EMI ₹7,163/m*",₹3.66 lakh
MG HECTOR,MG,2020,"87,364 km",Petrol,Manual,"EMI ₹14,109/m*",₹8.24 lakh
Honda Civic,Honda,2019,"70,935 km",Petrol,Auto,"EMI ₹16,181/m*",₹9.45 lakh
Toyota Urban Cruiser Taisor,Toyota,2024,"1,840 km",Petrol,Manual,"EMI ₹16,027/m*",₹9.36 lakh
Mahindra Thar,Mahindra,2022,"72,242 km",Diesel,Manual,"EMI ₹18,402/m*",₹9.67 lakh
MG HECTOR,MG,2020,"66,365 km",Petrol,Auto,"EMI ₹13,628/m*",₹7.72 lakh
Nissan MAGNITE,Nissan,2022,"26,952 km",Petrol,Manual,"EMI ₹7,326/m*",₹4.15 lakh
KIA SONET,KIA,2021,"39,789 km",Petrol,Manual,"EMI ₹11,951/m*",₹6.77 lakh
Maruti Alto K10,Maruti,2018,"67,276 km",Petrol,Manual,"EMI ₹3,601/m*",₹2.04 lakh
Renault Kwid,Renault,2024,"19,926 km",Petrol,Manual,"EMI ₹7,823/m*",₹4.43 lakh
Mahindra XUV300,Mahindra,2020,"76,769 km",Petrol,Manual,"EMI ₹7,523/m*",₹4.26 lakh
MG HECTOR,MG,2019,"59,525 km",Petrol,Manual,"EMI ₹13,840/m*",₹7.84 lakh
Maruti Vitara Brezza,Maruti,2022,"38,066 km",Petrol,Manual,"EMI ₹10,495/m*",₹5.95 lakh
Volkswagen Polo,Volkswagen,2016,"62,351 km",Petrol,Manual,"EMI ₹6,028/m*",₹2.71 lakh
Maruti Wagon R 1.0,Maruti,2018,"57,443 km",Petrol,Manual,"EMI ₹3,919/m*",₹2.22 lakh
MG HECTOR,MG,2020,"41,633 km",Petrol,Auto,"EMI ₹15,904/m*",₹9.29 lakh
Ford Ecosport,Ford,2017,"1,49,754 km",Diesel,Manual,"EMI ₹37,640/m*",₹4.24 lakh
Maruti Baleno,Maruti,2018,"91,650 km",Petrol,Auto,"EMI ₹7,638/m*",₹4.33 lakh
Honda Brio,Honda,2014,"70,678 km",Petrol,Manual,"EMI ₹6,677/m*",₹2.01 lakh
Nissan MAGNITE,Nissan,2021,"33,810 km",Petrol,Manual,"EMI ₹7,520/m*",₹4.26 lakh
Skoda KUSHAQ,Skoda,2022,"64,116 km",Petrol,Manual,"EMI ₹12,904/m*",₹7.31 lakh
Hyundai VENUE,Hyundai,2021,"44,609 km",Petrol,Manual,"EMI ₹11,126/m*",₹6.30 lakh
Tata Safari,Tata,2022,"37,287 km",Diesel,Auto,"EMI ₹26,077/m*",₹13.70 lakh
Ford Ecosport,Ford,2016,"60,315 km",Petrol,Auto,"EMI ₹7,318/m*",₹3.29 lakh
Renault TRIBER,Renault,2019,"61,337 km",CNG,Manual,"EMI ₹6,862/m*",₹3.51 lakh
Maruti Wagon R 1.0,Maruti,2018,"65,790 km",CNG,Manual,"EMI ₹6,473/m*",₹2.91 lakh
KIA SELTOS,KIA,2020,"96,978 km",Petrol,Manual,"EMI ₹12,633/m*",₹7.16 lakh
Hyundai VENUE,Hyundai,2021,"28,805 km",Petrol,Manual,"EMI ₹11,039/m*",₹6.25 lakh
Honda City,Honda,2020,"89,920 km",Petrol,Auto,"EMI ₹9,727/m*",₹5.51 lakh
KIA SELTOS,KIA,2020,"57,921 km",Petrol,Manual,"EMI ₹13,840/m*",₹7.84 lakh
Maruti Alto 800,Maruti,2013,"17,608 km",Petrol,Manual,"EMI ₹5,884/m*",₹1.25 lakh
Maruti Swift,Maruti,2019,"69,834 km",CNG,Manual,"EMI ₹7,856/m*",₹4.02 lakh
Tata Tiago,Tata,2023,"34,833 km",Petrol,Manual,"EMI ₹7,512/m*",₹4.26 lakh
Ford Ecosport,Ford,2018,"84,876 km",Petrol,Auto,"EMI ₹8,120/m*",₹4.60 lakh
Hyundai Elite i20,Hyundai,2017,"74,204 km",Petrol,Manual,"EMI ₹6,354/m*",₹3.25 lakh
Honda City,Honda,2022,"87,931 km",CNG,Auto,"EMI ₹14,588/m*",₹8.52 lakh
Maruti Ciaz,Maruti,2018,"69,630 km",Petrol,Manual,"EMI ₹7,238/m*",₹4.10 lakh
Hyundai Creta,Hyundai,2022,"79,869 km",Petrol,Manual,"EMI ₹16,626/m*",₹9.71 lakh
Datsun Go,Datsun,2020,"70,667 km",Petrol,Manual,"EMI ₹4,078/m*",₹2.31 lakh
Maruti Baleno,Maruti,2019,"29,346 km",Petrol,Manual,"EMI ₹7,220/m*",₹4.09 lakh
Maruti JIMNY,Maruti,2025,"2,589 km",Petrol,Auto,"EMI ₹20,804/m*",₹12.15 lakh
KIA SELTOS,KIA,2019,"74,448 km",Petrol,Manual,"EMI ₹12,304/m*",₹6.97 lakh
Hyundai Grand i10,Hyundai,2018,"94,763 km",Petrol,Manual,"EMI ₹4,789/m*",₹2.71 lakh
Renault Kiger,Renault,2022,"33,351 km",Petrol,Manual,"EMI ₹8,261/m*",₹4.68 lakh
Tata NEXON,Tata,2023,"5,562 km",Petrol,Manual,"EMI ₹14,873/m*",₹8.69 lakh
Hyundai Grand i10,Hyundai,2014,"48,162 km",Petrol,Manual,"EMI ₹8,487/m*",₹2.56 lakh
Maruti Swift,Maruti,2021,"30,386 km",Petrol,Manual,"EMI ₹9,356/m*",₹5.30 lakh
Maruti Swift,Maruti,2024,"42,012 km",Petrol,Manual,"EMI ₹9,780/m*",₹5.54 lakh
Renault Kwid,Renault,2016,"41,281 km",Petrol,Manual,"EMI ₹3,314/m*",₹1.49 lakh
Maruti Wagon R 1.0,Maruti,2018,"35,511 km",Petrol,Manual,"EMI ₹5,349/m*",₹3.03 lakh
Hyundai GRAND I10 NIOS,Hyundai,2019,"52,695 km",Petrol,Auto,"EMI ₹6,540/m*",₹3.71 lakh
Hyundai Elite i20,Hyundai,2015,"51,764 km",Petrol,Manual,"EMI ₹7,005/m*",₹2.66 lakh
MG HECTOR,MG,2020,"72,067 km",Petrol,Auto,"EMI ₹16,198/m*",₹9.46 lakh
KIA SELTOS,KIA,2019,"66,101 km",Petrol,Auto,"EMI ₹14,745/m*",₹8.61 lakh
Toyota Corolla Altis,Toyota,2015,"97,407 km",Petrol,Manual,"EMI ₹11,139/m*",₹4.23 lakh
Toyota Corolla Altis,Toyota,2018,"48,588 km",Petrol,Auto,"EMI ₹14,192/m*",₹8.29 lakh
Maruti Swift,Maruti,2019,"55,895 km",Petrol,Auto,"EMI ₹7,502/m*",₹4.25 lakh
Maruti Swift,Maruti,2020,"94,422 km",Petrol,Manual,"EMI ₹6,932/m*",₹3.93 lakh
Renault Kwid,Renault,2018,"62,125 km",Petrol,Auto,"EMI ₹4,307/m*",₹2.44 lakh
Hyundai Elite i20,Hyundai,2019,"40,333 km",Petrol,Manual,"EMI ₹7,326/m*",₹4.15 lakh
Renault Kiger,Renault,2021,"38,927 km",Petrol,Manual,"EMI ₹6,355/m*",₹3.60 lakh
Hyundai VENUE,Hyundai,2021,"57,535 km",Petrol,Manual,"EMI ₹11,457/m*",₹6.49 lakh
Ford Ecosport,Ford,2019,"59,310 km",Petrol,Manual,"EMI ₹8,310/m*",₹4.71 lakh
Ford Ecosport,Ford,2019,"33,076 km",Petrol,Manual,"EMI ₹9,056/m*",₹5.13 lakh
Ford Ecosport,Ford,2017,"73,655 km",Petrol,Manual,"EMI ₹7,273/m*",₹3.72 lakh
Ford Ecosport,Ford,2018,"58,642 km",Petrol,Auto,"EMI ₹9,356/m*",₹5.30 lakh
Mahindra XUV300,Mahindra,2021,"1,18,148 km",Petrol,Manual,"EMI ₹10,900/m*",₹4.90 lakh
Toyota Urban Cruiser Taisor,Toyota,2024,"18,391 km",Petrol,Manual,"EMI ₹14,092/m*",₹8.23 lakh
Renault Kwid,Renault,2017,"49,444 km",Petrol,Auto,"EMI ₹4,454/m*",₹2.28 lakh
Honda Amaze,Honda,2015,"68,267 km",Petrol,Manual,"EMI ₹5,635/m*",₹2.14 lakh
Toyota Innova Crysta,Toyota,2017,"61,710 km",Petrol,Auto,"EMI ₹18,787/m*",₹9.87 lakh
Maruti Ciaz,Maruti,2018,"91,969 km",Petrol,Manual,"EMI ₹7,520/m*",₹4.26 lakh
MG GLOSTER,MG,2023,"36,456 km",Diesel,Auto,"EMI ₹45,289/m*",₹26.45 lakh
Hyundai Elite i20,Hyundai,2016,"55,791 km",Petrol,Manual,"EMI ₹6,699/m*",₹3.01 lakh
Tata Tiago,Tata,2023,"30,462 km",Petrol,Manual,"EMI ₹6,708/m*",₹3.80 lakh
Hyundai Creta,Hyundai,2020,"28,586 km",Petrol,Auto,"EMI ₹16,546/m*",₹9.66 lakh
Hyundai Grand i10,Hyundai,2016,"78,628 km",Petrol,Manual,"EMI ₹5,272/m*",₹2.37 lakh
Toyota Glanza,Toyota,2021,"39,544 km",Petrol,Manual,"EMI ₹8,279/m*",₹4.69 lakh
Tata NEXON,Tata,2022,"27,608 km",Petrol,Manual,"EMI ₹10,103/m*",₹5.72 lakh
Renault TRIBER,Renault,2022,"1,01,614 km",Petrol,Manual,"EMI ₹7,185/m*",₹3.23 lakh
Honda City,Honda,2014,"49,020 km",Petrol,Manual,"EMI ₹10,928/m*",₹3.29 lakh
Nissan MAGNITE,Nissan,2022,"37,048 km",Petrol,Manual,"EMI ₹6,708/m*",₹3.80 lakh
KIA SONET,KIA,2021,"30,923 km",Petrol,Manual,"EMI ₹11,227/m*",₹6.36 lakh
Maruti Alto 800,Maruti,2015,"43,979 km",Petrol,Manual,"EMI ₹4,292/m*",₹1.63 lakh
Honda City,Honda,2015,"27,516 km",Petrol,Manual,"EMI ₹9,454/m*",₹3.59 lakh
Maruti Dzire,Maruti,2019,"54,316 km",Petrol,Auto,"EMI ₹7,149/m*",₹4.05 lakh
Hyundai Elite i20,Hyundai,2015,"54,437 km",Petrol,Manual,"EMI ₹7,531/m*",₹2.86 lakh
KIA SELTOS,KIA,2021,"66,115 km",Petrol,Manual,"EMI ₹12,928/m*",₹7.32 lakh
Mahindra KUV 100 NXT,Mahindra,2017,"54,683 km",Petrol,Manual,"EMI ₹5,939/m*",₹3.04 lakh
Tata NEXON,Tata,2019,"59,707 km",CNG,Manual,"EMI ₹8,758/m*",₹4.48 lakh
Maruti Swift,Maruti,2017,"29,091 km",Petrol,Manual,"EMI ₹5,613/m*",₹2.87 lakh
Datsun Go Plus,Datsun,2017,"70,806 km",CNG,Manual,"EMI ₹5,793/m*",₹2.20 lakh
Maruti Ciaz,Maruti,2018,"98,565 km",Petrol,Manual,"EMI ₹7,220/m*",₹4.09 lakh
KIA SELTOS,KIA,2020,"79,439 km",Petrol,Auto,"EMI ₹15,513/m*",₹9.06 lakh
Maruti S Cross,Maruti,2020,"33,344 km",Petrol,Manual,"EMI ₹10,039/m*",₹5.69 lakh
KIA SELTOS,KIA,2021,"64,647 km",Petrol,Auto,"EMI ₹14,931/m*",₹8.72 lakh
Hyundai Grand i10,Hyundai,2019,"64,056 km",Petrol,Manual,"EMI ₹5,578/m*",₹3.16 lakh
Honda City,Honda,2016,"55,445 km",Petrol,Auto,"EMI ₹10,166/m*",₹4.57 lakh
Toyota Corolla Altis,Toyota,2015,"81,290 km",Petrol,Auto,"EMI ₹12,851/m*",₹4.88 lakh
Tata NEXON,Tata,2023,"23,315 km",Diesel,Auto,"EMI ₹14,982/m*",₹8.75 lakh
Honda City,Honda,2016,"91,982 km",Petrol,Manual,"EMI ₹8,712/m*",₹3.92 lakh
MG ASTOR,MG,2022,"44,245 km",Petrol,Manual,"EMI ₹12,145/m*",₹6.88 lakh
Maruti Dzire,Maruti,2019,"70,875 km",Petrol,Manual,"EMI ₹7,396/m*",₹4.19 lakh
Honda Amaze,Honda,2019,"55,491 km",Petrol,Auto,"EMI ₹7,908/m*",₹4.48 lakh
Honda Amaze,Honda,2018,"47,377 km",Petrol,Manual,"EMI ₹5,455/m*",₹3.09 lakh
MG HECTOR,MG,2021,"55,082 km",Petrol,Auto,"EMI ₹15,393/m*",₹8.99 lakh
Volkswagen TAIGUN,Volkswagen,2022,"17,892 km",Petrol,Auto,"EMI ₹15,068/m*",₹8.80 lakh
Maruti Alto K10,Maruti,2015,"65,172 km",Petrol,Manual,"EMI ₹5,486/m*",₹2.08 lakh
Tata PUNCH,Tata,2023,"69,618 km",Petrol,Manual,"EMI ₹7,644/m*",₹4.33 lakh
Ford Ecosport,Ford,2019,"22,880 km",Petrol,Manual,"EMI ₹8,796/m*",₹4.98 lakh
Maruti Swift,Maruti,2016,"33,513 km",Petrol,Manual,"EMI ₹6,006/m*",₹2.70 lakh
Hyundai Elite i20,Hyundai,2016,"63,634 km",Petrol,Manual,"EMI ₹7,919/m*",₹3.56 lakh
Hyundai Creta,Hyundai,2019,"49,264 km",Petrol,Auto,"EMI ₹13,668/m*",₹7.74 lakh
Honda City,Honda,2015,"74,109 km",Petrol,Manual,"EMI ₹10,255/m*",₹3.89 lakh
Tata PUNCH,Tata,2025,"9,488 km",Petrol,Manual,"EMI ₹12,838/m*",₹7.27 lakh
Maruti Ciaz,Maruti,2018,"31,758 km",Petrol,Manual,"EMI ₹7,697/m*",₹4.36 lakh
Hyundai NEW I20,Hyundai,2023,"9,132 km",Petrol,Auto,"EMI ₹13,446/m*",₹7.62 lakh
Maruti Wagon R 1.0,Maruti,2014,"70,245 km",CNG,Manual,"EMI ₹16,881/m*",₹1.90 lakh
Maruti Wagon R 1.0,Maruti,2018,"58,511 km",Petrol,Manual,"EMI ₹4,837/m*",₹2.74 lakh
Maruti Wagon R 1.0,Maruti,2017,"69,356 km",CNG,Manual,"EMI ₹7,536/m*",₹2.86 lakh
Hyundai VENUE,Hyundai,2019,"46,131 km",Petrol,Manual,"EMI ₹8,082/m*",₹4.58 lakh
Maruti Wagon R 1.0,Maruti,2015,"54,011 km",Petrol,Manual,"EMI ₹5,590/m*",₹2.12 lakh
Maruti Baleno,Maruti,2018,"52,863 km",Petrol,Manual,"EMI ₹5,984/m*",₹3.39 lakh
Hyundai Grand i10,Hyundai,2015,"59,847 km",CNG,Manual,"EMI ₹12,419/m*",₹2.64 lakh
Hyundai Grand i10,Hyundai,2016,"51,434 km",CNG,Manual,"EMI ₹9,173/m*",₹2.76 lakh
Hyundai EXTER,Hyundai,2023,"48,641 km",CNG,Manual,"EMI ₹10,503/m*",₹5.95 lakh
Jeep Compass,Jeep,2019,"71,588 km",Petrol,Auto,"EMI ₹13,291/m*",₹7.53 lakh
Maruti Wagon R 1.0,Maruti,2018,"37,968 km",Petrol,Manual,"EMI ₹4,943/m*",₹2.80 lakh
Hyundai NEW I20 N LINE,Hyundai,2021,"65,947 km",Petrol,Manual,"EMI ₹10,609/m*",₹6.01 lakh
KIA SELTOS,KIA,2019,"82,762 km",Petrol,Auto,"EMI ₹13,681/m*",₹7.75 lakh
MG HECTOR,MG,2020,"39,412 km",Petrol,Manual,"EMI ₹13,451/m*",₹7.62 lakh
Hyundai Creta,Hyundai,2019,"88,207 km",Petrol,Manual,"EMI ₹10,345/m*",₹5.86 lakh
MG ASTOR,MG,2023,"27,978 km",Petrol,Manual,"EMI ₹18,463/m*",₹10.78 lakh
Maruti Swift,Maruti,2016,"69,519 km",Diesel,Manual,"EMI ₹18,463/m*",₹3.24 lakh
Tata NEXON,Tata,2023,"39,337 km",Petrol,Manual,"EMI ₹10,006/m*",₹5.67 lakh
Tata TIGOR,Tata,2021,"34,824 km",Petrol,Manual,"EMI ₹6,284/m*",₹3.56 lakh
Tata Tiago,Tata,2020,"34,367 km",Petrol,Manual,"EMI ₹6,655/m*",₹3.77 lakh
Maruti Baleno,Maruti,2019,"38,633 km",Petrol,Manual,"EMI ₹8,332/m*",₹4.72 lakh
Hyundai Elite i20,Hyundai,2017,"90,588 km",Petrol,Manual,"EMI ₹6,921/m*",₹3.54 lakh
Honda City,Honda,2016,"86,668 km",Petrol,Manual,"EMI ₹8,595/m*",₹3.86 lakh
Ford Figo Aspire,Ford,2017,"58,060 km",Petrol,Manual,"EMI ₹5,670/m*",₹2.90 lakh
Honda Amaze,Honda,2015,"39,498 km",Petrol,Manual,"EMI ₹6,183/m*",₹2.35 lakh
MG HECTOR,MG,2022,"81,106 km",Petrol,Manual,"EMI ₹16,763/m*",₹9.79 lakh
Honda City,Honda,2016,"70,341 km",Petrol,Manual,"EMI ₹8,097/m*",₹3.64 lakh
Maruti Ciaz,Maruti,2018,"25,927 km",Petrol,Auto,"EMI ₹10,324/m*",₹5.85 lakh
MG HECTOR,MG,2019,"55,723 km",Petrol,Auto,"EMI ₹14,280/m*",₹8.34 lakh
Maruti Baleno,Maruti,2016,"32,115 km",Petrol,Manual,"EMI ₹7,235/m*",₹3.25 lakh
Mahindra XUV700,Mahindra,2023,"52,319 km",Diesel,Manual,"EMI ₹23,167/m*",₹13.53 lakh
Maruti Ertiga,Maruti,2021,"89,102 km",Petrol,Manual,"EMI ₹11,951/m*",₹6.77 lakh
Toyota Glanza,Toyota,2020,"57,041 km",Petrol,Manual,"EMI ₹7,347/m*",₹4.16 lakh
Skoda Octavia,Skoda,2022,"43,596 km",Petrol,Auto,"EMI ₹29,673/m*",₹17.33 lakh
Hyundai Elite i20,Hyundai,2016,"93,390 km",Petrol,Manual,"EMI ₹7,207/m*",₹3.24 lakh
Maruti Alto 800,Maruti,2019,"45,382 km",CNG,Manual,"EMI ₹4,790/m*",₹2.45 lakh
Hyundai Elite i20,Hyundai,2017,"77,475 km",Petrol,Manual,"EMI ₹6,549/m*",₹3.35 lakh
KIA CARENS,KIA,2022,"67,767 km",Diesel,Auto,"EMI ₹20,724/m*",₹10.89 lakh
Nissan MAGNITE,Nissan,2021,"21,302 km",Petrol,Manual,"EMI ₹7,876/m*",₹4.46 lakh
Maruti Alto 800,Maruti,2014,"34,991 km",Petrol,Manual,"EMI ₹4,617/m*",₹1.39 lakh
Maruti Alto K10,Maruti,2025,"6,308 km",Petrol,Manual,"EMI ₹6,214/m*",₹3.52 lakh
Hyundai Creta,Hyundai,2018,"55,657 km",Petrol,Auto,"EMI ₹11,122/m*",₹6.30 lakh
Tata NEXON,Tata,2023,"19,714 km",Petrol,Manual,"EMI ₹13,928/m*",₹7.89 lakh
Honda City,Honda,2021,"49,297 km",Petrol,Manual,"EMI ₹11,601/m*",₹6.57 lakh
Maruti Alto K10,Maruti,2019,"74,835 km",Petrol,Manual,"EMI ₹4,396/m*",₹2.49 lakh
Maruti Baleno,Maruti,2016,"80,739 km",Petrol,Manual,"EMI ₹6,523/m*",₹2.93 lakh
Hyundai Grand i10,Hyundai,2015,"71,943 km",Petrol,Manual,"EMI ₹6,978/m*",₹2.65 lakh
Renault Kwid,Renault,2017,"41,687 km",Petrol,Auto,"EMI ₹4,684/m*",₹2.40 lakh
Maruti Ciaz,Maruti,2018,"60,510 km",Petrol,Auto,"EMI ₹9,532/m*",₹5.40 lakh
Honda City,Honda,2016,"94,068 km",Petrol,Auto,"EMI ₹10,851/m*",₹4.88 lakh
KIA SONET,KIA,2023,"70,770 km",Petrol,Manual,"EMI ₹13,085/m*",₹7.41 lakh
Honda City,Honda,2017,"28,344 km",Petrol,Auto,"EMI ₹9,110/m*",₹4.66 lakh
Honda City,Honda,2018,"48,398 km",Petrol,Manual,"EMI ₹8,103/m*",₹4.59 lakh
Honda City,Honda,2014,"64,542 km",Petrol,Manual,"EMI ₹9,898/m*",₹2.98 lakh
Toyota Corolla Altis,Toyota,2016,"69,628 km",Petrol,Manual,"EMI ₹10,772/m*",₹4.84 lakh
Honda Amaze,Honda,2017,"74,140 km",CNG,Manual,"EMI ₹7,926/m*",₹3.01 lakh
Maruti New Wagon-R,Maruti,2021,"26,091 km",Petrol,Manual,"EMI ₹6,532/m*",₹3.70 lakh
Hyundai Xcent,Hyundai,2014,"42,216 km",Petrol,Manual,"EMI ₹7,082/m*",₹2.13 lakh
Honda City,Honda,2016,"39,506 km",Petrol,Manual,"EMI ₹8,386/m*",₹3.77 lakh
Honda Amaze,Honda,2017,"98,131 km",Petrol,Manual,"EMI ₹5,591/m*",₹2.86 lakh
Maruti Swift,Maruti,2016,"67,154 km",Petrol,Manual,"EMI ₹5,828/m*",₹2.62 lakh
Ford Ecosport,Ford,2020,"89,671 km",Petrol,Manual,"EMI ₹8,367/m*",₹4.74 lakh
Maruti Grand Vitara,Maruti,2022,"33,032 km",Petrol,Auto,"EMI ₹18,525/m*",₹10.82 lakh
Maruti Eeco,Maruti,2023,"1,25,308 km",Petrol,Manual,"EMI ₹7,770/m*",₹3.49 lakh
Jeep Compass,Jeep,2017,"72,808 km",Petrol,Auto,"EMI ₹12,043/m*",₹6.16 lakh
Hyundai GRAND I10 NIOS,Hyundai,2021,"43,900 km",Petrol,Manual,"EMI ₹7,326/m*",₹4.15 lakh
Maruti Ertiga,Maruti,2017,"78,498 km",CNG,Manual,"EMI ₹12,553/m*",₹4.77 lakh
Tata TIGOR,Tata,2023,"60,776 km",CNG,Manual,"EMI ₹7,714/m*",₹4.37 lakh
Mahindra XUV700,Mahindra,2023,"76,365 km",Diesel,Auto,"EMI ₹26,801/m*",₹15.65 lakh
Hyundai Creta,Hyundai,2017,"72,887 km",Petrol,Manual,"EMI ₹8,934/m*",₹4.57 lakh
Maruti Swift,Maruti,2014,"43,849 km",Petrol,Manual,"EMI ₹7,945/m*",₹2.39 lakh
Hyundai Grand i10,Hyundai,2018,"36,128 km",Petrol,Manual,"EMI ₹5,830/m*",₹3.30 lakh
Hyundai Grand i10,Hyundai,2015,"38,574 km",Petrol,Manual,"EMI ₹6,926/m*",₹2.63 lakh
Maruti Vitara Brezza,Maruti,2021,"52,709 km",Petrol,Manual,"EMI ₹10,980/m*",₹6.22 lakh
Renault Kwid,Renault,2022,"54,988 km",Petrol,Manual,"EMI ₹4,851/m*",₹2.75 lakh
Honda Amaze,Honda,2019,"42,525 km",CNG,Manual,"EMI ₹8,211/m*",₹4.20 lakh
Maruti Ciaz,Maruti,2018,"72,881 km",Petrol,Auto,"EMI ₹7,979/m*",₹4.52 lakh
Maruti Alto K10,Maruti,2023,"13,918 km",Petrol,Manual,"EMI ₹5,953/m*",₹3.37 lakh
Hyundai Creta,Hyundai,2018,"1,49,778 km",Petrol,Manual,"EMI ₹11,162/m*",₹5.02 lakh
Renault Kwid,Renault,2018,"46,292 km",Petrol,Manual,"EMI ₹3,710/m*",₹2.10 lakh
KIA SONET,KIA,2020,"90,869 km",Petrol,Manual,"EMI ₹10,494/m*",₹5.94 lakh
Hyundai Creta,Hyundai,2016,"78,009 km",Petrol,Auto,"EMI ₹10,677/m*",₹4.80 lakh
Maruti Wagon R 1.0,Maruti,2018,"73,846 km",CNG,Manual,"EMI ₹6,317/m*",₹2.84 lakh
Hyundai Grand i10,Hyundai,2016,"84,495 km",Petrol,Manual,"EMI ₹5,116/m*",₹2.30 lakh
Honda Amaze,Honda,2017,"52,149 km",CNG,Manual,"EMI ₹7,742/m*",₹2.94 lakh
Maruti Wagon R 1.0,Maruti,2017,"99,250 km",CNG,Manual,"EMI ₹5,693/m*",₹2.16 lakh
Maruti Swift Dzire,Maruti,2014,"54,963 km",Petrol,Manual,"EMI ₹8,138/m*",₹2.45 lakh
Hyundai Creta,Hyundai,2021,"97,337 km",Petrol,Auto,"EMI ₹17,602/m*",₹10.28 lakh
Maruti Wagon R 1.0,Maruti,2017,"39,175 km",Petrol,Manual,"EMI ₹4,825/m*",₹2.47 lakh
Maruti Wagon R 1.0,Maruti,2014,"74,033 km",Petrol,Manual,"EMI ₹5,381/m*",₹1.62 lakh
Hyundai Elite i20,Hyundai,2019,"80,799 km",Petrol,Manual,"EMI ₹6,408/m*",₹3.63 lakh
Hyundai Creta,Hyundai,2016,"69,401 km",Petrol,Auto,"EMI ₹11,634/m*",₹5.23 lakh
Skoda Octavia,Skoda,2019,"86,569 km",Petrol,Auto,"EMI ₹19,297/m*",₹11.27 lakh
Maruti Wagon R 1.0,Maruti,2015,"48,072 km",Petrol,Manual,"EMI ₹5,741/m*",₹2.18 lakh
Honda City,Honda,2014,"71,402 km",Petrol,Manual,"EMI ₹9,366/m*",₹2.82 lakh
Hyundai Grand i10,Hyundai,2015,"15,790 km",Petrol,Manual,"EMI ₹6,346/m*",₹2.41 lakh
Maruti Swift,Maruti,2015,"32,329 km",Petrol,Manual,"EMI ₹7,189/m*",₹2.73 lakh
Maruti Ciaz,Maruti,2018,"45,657 km",Petrol,Manual,"EMI ₹7,273/m*",₹4.12 lakh
Skoda SLAVIA,Skoda,2022,"58,144 km",Petrol,Manual,"EMI ₹15,753/m*",₹9.20 lakh
Renault Kiger,Renault,2023,"23,310 km",Petrol,Manual,"EMI ₹7,644/m*",₹4.33 lakh
Tata NEXON,Tata,2023,"28,958 km",Petrol,Auto,"EMI ₹11,611/m*",₹6.58 lakh
Tata NEXON,Tata,2019,"76,538 km",Petrol,Manual,"EMI ₹7,750/m*",₹4.39 lakh
Honda WR-V,Honda,2018,"26,503 km",Petrol,Manual,"EMI ₹6,955/m*",₹3.94 lakh
Maruti Swift,Maruti,2018,"55,775 km",Petrol,Manual,"EMI ₹7,238/m*",₹4.10 lakh
Renault Kwid,Renault,2018,"47,253 km",Petrol,Manual,"EMI ₹3,654/m*",₹2.07 lakh
Honda City,Honda,2016,"72,808 km",Petrol,Auto,"EMI ₹10,121/m*",₹4.55 lakh
Hyundai ALCAZAR,Hyundai,2022,"73,803 km",Diesel,Auto,"EMI ₹21,984/m*",₹11.55 lakh
Tata NEXON,Tata,2022,"70,442 km",Diesel,Manual,"EMI ₹14,428/m*",₹7.38 lakh
Renault Kiger,Renault,2021,"41,147 km",Petrol,Auto,"EMI ₹7,467/m*",₹4.23 lakh
Hyundai Grand i10,Hyundai,2016,"34,604 km",Petrol,Manual,"EMI ₹5,761/m*",₹2.59 lakh
Hyundai i20 Active,Hyundai,2016,"73,976 km",Petrol,Manual,"EMI ₹7,118/m*",₹3.20 lakh
KIA SELTOS,KIA,2022,"38,780 km",Petrol,Manual,"EMI ₹16,501/m*",₹9.64 lakh
Maruti Wagon R 1.0,Maruti,2014,"87,492 km",Petrol,Manual,"EMI ₹5,918/m*",₹1.78 lakh
Maruti Ciaz,Maruti,2019,"25,647 km",Petrol,Manual,"EMI ₹9,603/m*",₹5.44 lakh
Hyundai Creta,Hyundai,2018,"60,896 km",Petrol,Manual,"EMI ₹9,762/m*",₹5.53 lakh
Mahindra XUV300,Mahindra,2021,"31,263 km",Petrol,Manual,"EMI ₹10,239/m*",₹5.80 lakh
Maruti Ciaz,Maruti,2019,"90,128 km",Petrol,Auto,"EMI ₹10,496/m*",₹5.95 lakh
Maruti Swift Dzire,Maruti,2015,"70,934 km",Petrol,Manual,"EMI ₹7,155/m*",₹2.72 lakh
Mahindra XUV700,Mahindra,2021,"15,831 km",Petrol,Manual,"EMI ₹18,355/m*",₹10.72 lakh
Honda WR-V,Honda,2018,"95,235 km",Petrol,Manual,"EMI ₹6,849/m*",₹3.88 lakh
Hyundai NEW SANTRO,Hyundai,2020,"76,904 km",Petrol,Auto,"EMI ₹6,041/m*",₹3.42 lakh
MG HECTOR,MG,2021,"81,832 km",Petrol,Auto,"EMI ₹16,733/m*",₹9.77 lakh
Hyundai Elite i20,Hyundai,2014,"40,815 km",Petrol,Manual,"EMI ₹11,571/m*",₹3.48 lakh
Honda Amaze,Honda,2023,"26,288 km",CNG,Manual,"EMI ₹11,504/m*",₹6.52 lakh
Honda Brio,Honda,2014,"60,371 km",Petrol,Manual,"EMI ₹6,111/m*",₹1.84 lakh
Honda City,Honda,2015,"81,695 km",Petrol,Auto,"EMI ₹9,349/m*",₹3.55 lakh
Tata Tiago,Tata,2022,"83,247 km",Petrol,Manual,"EMI ₹5,861/m*",₹3.32 lakh
Hyundai Creta,Hyundai,2018,"63,746 km",Petrol,Auto,"EMI ₹10,733/m*",₹6.08 lakh
Nissan MAGNITE,Nissan,2023,"16,395 km",Petrol,Auto,"EMI ₹11,827/m*",₹6.70 lakh
MG ASTOR,MG,2022,"67,966 km",Petrol,Manual,"EMI ₹14,378/m*",₹8.40 lakh
Toyota Etios Liva,Toyota,2014,"69,429 km",Petrol,Manual,"EMI ₹5,638/m*",₹1.70 lakh
Datsun Go,Datsun,2019,"72,675 km",Petrol,Manual,"EMI ₹3,721/m*",₹2.11 lakh
KIA SELTOS,KIA,2022,"68,988 km",Petrol,Manual,"EMI ₹13,899/m*",₹8.12 lakh
Tata ALTROZ,Tata,2024,"13,191 km",Petrol,Manual,"EMI ₹15,564/m*",₹9.09 lakh
KIA SONET,KIA,2020,"59,144 km",Petrol,Manual,"EMI ₹10,732/m*",₹6.08 lakh
Honda Amaze,Honda,2017,"41,403 km",Petrol,Manual,"EMI ₹7,260/m*",₹3.71 lakh
Honda Amaze,Honda,2020,"57,465 km",Petrol,Manual,"EMI ₹7,508/m*",₹4.25 lakh
Toyota Etios,Toyota,2014,"63,797 km",Petrol,Manual,"EMI ₹6,809/m*",₹2.05 lakh
Maruti Baleno,Maruti,2019,"57,024 km",Petrol,Manual,"EMI ₹6,782/m*",₹3.84 lakh
Mahindra XUV300,Mahindra,2022,"19,006 km",Petrol,Auto,"EMI ₹11,928/m*",₹6.76 lakh
MG HECTOR,MG,2023,"45,336 km",Petrol,Auto,"EMI ₹21,061/m*",₹12.30 lakh
Volkswagen Vento,Volkswagen,2016,"94,776 km",Petrol,Manual,"EMI ₹7,763/m*",₹3.49 lakh
Hyundai Elite i20,Hyundai,2017,"49,733 km",Petrol,Manual,"EMI ₹6,862/m*",₹3.51 lakh
Maruti Swift,Maruti,2018,"85,976 km",Petrol,Auto,"EMI ₹6,337/m*",₹3.59 lakh
Maruti Alto 800,Maruti,2019,"53,252 km",Petrol,Manual,"EMI ₹3,513/m*",₹1.99 lakh
Nissan MAGNITE,Nissan,2021,"76,368 km",Petrol,Auto,"EMI ₹8,067/m*",₹4.57 lakh
Toyota URBAN CRUISER,Toyota,2021,"66,071 km",Petrol,Manual,"EMI ₹10,186/m*",₹5.77 lakh
Maruti Ciaz,Maruti,2020,"32,072 km",Petrol,Manual,"EMI ₹10,062/m*",₹5.70 lakh
Renault Kwid,Renault,2016,"51,234 km",Petrol,Manual,"EMI ₹3,515/m*",₹1.58 lakh
Mahindra XUV300,Mahindra,2023,"28,371 km",Petrol,Manual,"EMI ₹13,098/m*",₹7.42 lakh
Hyundai Elite i20,Hyundai,2014,"28,532 km",Petrol,Manual,"EMI ₹8,071/m*",₹2.43 lakh
Hyundai Creta,Hyundai,2017,"59,366 km",Petrol,Auto,"EMI ₹10,323/m*",₹5.28 lakh
Toyota Innova Crysta,Toyota,2021,"62,142 km",Petrol,Auto,"EMI ₹27,105/m*",₹15.83 lakh
Maruti Swift,Maruti,2024,"14,906 km",Petrol,Manual,"EMI ₹10,182/m*",₹5.77 lakh
Renault Duster,Renault,2013,"1,35,055 km",Petrol,Manual,"EMI ₹8,944/m*",₹1.90 lakh
Renault TRIBER,Renault,2022,"82,088 km",Petrol,Manual,"EMI ₹6,539/m*",₹3.70 lakh
Renault Duster,Renault,2019,"75,991 km",Diesel,Manual,"EMI ₹13,286/m*",₹4.00 lakh
Mahindra XUV700,Mahindra,2022,"33,015 km",Petrol,Manual,"EMI ₹21,917/m*",₹12.80 lakh
Tata TIGOR,Tata,2018,"63,593 km",Petrol,Manual,"EMI ₹5,437/m*",₹3.08 lakh
Maruti Swift,Maruti,2017,"54,181 km",Petrol,Manual,"EMI ₹6,021/m*",₹3.08 lakh
Jeep Compass,Jeep,2019,"64,924 km",Petrol,Auto,"EMI ₹13,869/m*",₹8.10 lakh
Hyundai VENUE,Hyundai,2020,"56,321 km",Petrol,Manual,"EMI ₹10,574/m*",₹5.99 lakh
Maruti Baleno,Maruti,2022,"11,179 km",Petrol,Manual,"EMI ₹11,112/m*",₹6.29 lakh
Maruti Swift Dzire,Maruti,2014,"52,209 km",Petrol,Manual,"EMI ₹7,340/m*",₹2.21 lakh
Hyundai Grand i10,Hyundai,2018,"36,869 km",Petrol,Manual,"EMI ₹5,442/m*",₹3.08 lakh
Toyota Corolla Altis,Toyota,2015,"64,020 km",Petrol,Auto,"EMI ₹15,010/m*",₹5.70 lakh
Tata Tiago,Tata,2020,"41,031 km",Petrol,Manual,"EMI ₹5,808/m*",₹3.29 lakh
Mahindra XUV700,Mahindra,2023,"23,750 km",Petrol,Manual,"EMI ₹21,057/m*",₹12.30 lakh
Maruti Baleno,Maruti,2018,"72,925 km",Petrol,Manual,"EMI ₹5,878/m*",₹3.33 lakh
KIA SONET,KIA,2020,"48,391 km",Diesel,Manual,"EMI ₹21,189/m*",₹8.20 lakh
Nissan MAGNITE,Nissan,2021,"43,428 km",Petrol,Manual,"EMI ₹6,938/m*",₹3.93 lakh
Maruti Celerio X,Maruti,2018,"14,228 km",Petrol,Auto,"EMI ₹5,970/m*",₹3.38 lakh
Maruti Dzire,Maruti,2019,"61,188 km",Petrol,Manual,"EMI ₹7,153/m*",₹4.05 lakh
Maruti Wagon R 1.0,Maruti,2015,"25,712 km",Petrol,Manual,"EMI ₹5,240/m*",₹1.99 lakh
Hyundai Creta,Hyundai,2017,"77,797 km",Petrol,Manual,"EMI ₹11,129/m*",₹5.69 lakh
Tata Harrier,Tata,2020,"92,436 km",Diesel,Manual,"EMI ₹20,935/m*",₹7.95 lakh
Maruti Swift,Maruti,2014,"38,370 km",Petrol,Manual,"EMI ₹7,606/m*",₹2.29 lakh
Tata ALTROZ,Tata,2020,"43,628 km",Petrol,Manual,"EMI ₹7,538/m*",₹4.27 lakh
Tata Tiago,Tata,2019,"77,161 km",Petrol,Manual,"EMI ₹5,508/m*",₹3.12 lakh
Maruti Baleno,Maruti,2017,"66,155 km",Petrol,Manual,"EMI ₹5,998/m*",₹3.07 lakh
Mahindra XUV300,Mahindra,2023,"38,391 km",Petrol,Manual,"EMI ₹11,157/m*",₹6.32 lakh
Hyundai Grand i10,Hyundai,2021,"29,791 km",Petrol,Manual,"EMI ₹7,323/m*",₹4.15 lakh
Maruti New Wagon-R,Maruti,2022,"6,077 km",Petrol,Manual,"EMI ₹6,270/m*",₹3.55 lakh
Hyundai Creta,Hyundai,2019,"85,070 km",Petrol,Auto,"EMI ₹12,216/m*",₹6.92 lakh
Tata NEXON,Tata,2021,"90,829 km",Petrol,Manual,"EMI ₹9,532/m*",₹5.40 lakh
Tata NEXON,Tata,2019,"60,922 km",Petrol,Manual,"EMI ₹7,308/m*",₹4.14 lakh
Honda City,Honda,2019,"64,055 km",CNG,Manual,"EMI ₹12,414/m*",₹6.35 lakh
KIA SONET,KIA,2020,"40,443 km",Petrol,Auto,"EMI ₹11,386/m*",₹6.45 lakh
MG HECTOR,MG,2023,"68,526 km",Petrol,Auto,"EMI ₹22,139/m*",₹12.93 lakh
Hyundai Creta,Hyundai,2018,"53,082 km",Petrol,Manual,"EMI ₹13,081/m*",₹7.41 lakh
Maruti Wagon R 1.0,Maruti,2015,"47,105 km",Petrol,Manual,"EMI ₹5,056/m*",₹1.92 lakh
Honda City,Honda,2018,"33,608 km",Petrol,Manual,"EMI ₹8,509/m*",₹4.82 lakh
Mahindra XUV700,Mahindra,2023,"14,538 km",Petrol,Auto,"EMI ₹24,399/m*",₹14.25 lakh
Hyundai Xcent,Hyundai,2014,"80,611 km",Petrol,Manual,"EMI ₹7,241/m*",₹2.18 lakh
KIA CARENS,KIA,2022,"34,307 km",Petrol,Manual,"EMI ₹14,533/m*",₹8.49 lakh
Maruti Ertiga,Maruti,2015,"16,811 km",Petrol,Manual,"EMI ₹11,482/m*",₹4.36 lakh
Honda City,Honda,2016,"91,696 km",Petrol,Auto,"EMI ₹8,609/m*",₹3.87 lakh
Hyundai Elite i20,Hyundai,2017,"49,965 km",Petrol,Manual,"EMI ₹6,535/m*",₹3.34 lakh
Hyundai i20,Hyundai,2012,"67,286 km",Petrol,Manual,"EMI ₹16,437/m*",₹1.85 lakh
Skoda KUSHAQ,Skoda,2022,"47,063 km",Petrol,Manual,"EMI ₹12,803/m*",₹7.25 lakh
Hyundai Elite i20,Hyundai,2015,"85,226 km",Petrol,Manual,"EMI ₹7,373/m*",₹2.80 lakh
Mahindra XUV700,Mahindra,2023,"25,176 km",Petrol,Manual,"EMI ₹22,883/m*",₹13.36 lakh
Maruti Swift,Maruti,2022,"62,582 km",Petrol,Auto,"EMI ₹9,356/m*",₹5.30 lakh
Tata Tiago,Tata,2018,"68,178 km",Petrol,Auto,"EMI ₹6,022/m*",₹3.41 lakh
Tata TIGOR,Tata,2019,"43,277 km",Petrol,Manual,"EMI ₹5,349/m*",₹3.03 lakh
Tata Safari,Tata,2021,"60,703 km",Diesel,Auto,"EMI ₹24,460/m*",₹11.25 lakh
Tata TIGOR,Tata,2022,"70,473 km",CNG,Manual,"EMI ₹9,468/m*",₹5.36 lakh
Hyundai Grand i10,Hyundai,2015,"23,670 km",Petrol,Manual,"EMI ₹6,478/m*",₹2.46 lakh
Maruti Ertiga,Maruti,2019,"30,528 km",Petrol,Manual,"EMI ₹11,595/m*",₹6.57 lakh
Hyundai Elite i20,Hyundai,2018,"90,375 km",Petrol,Manual,"EMI ₹6,426/m*",₹3.64 lakh
Honda City,Honda,2016,"50,361 km",Petrol,Manual,"EMI ₹9,750/m*",₹4.38 lakh
Honda City,Honda,2015,"78,070 km",Petrol,Auto,"EMI ₹9,270/m*",₹3.52 lakh
Honda Amaze,Honda,2015,"74,730 km",Petrol,Manual,"EMI ₹6,531/m*",₹2.48 lakh
Hyundai Grand i10,Hyundai,2018,"48,090 km",CNG,Auto,"EMI ₹8,030/m*",₹3.61 lakh
Toyota YARIS,Toyota,2018,"46,605 km",Petrol,Auto,"EMI ₹10,253/m*",₹5.81 lakh
Hyundai Grand i10,Hyundai,2016,"35,189 km",Petrol,Manual,"EMI ₹6,006/m*",₹2.70 lakh
Hyundai Grand i10,Hyundai,2016,"72,832 km",Petrol,Auto,"EMI ₹6,162/m*",₹2.77 lakh
KIA SONET,KIA,2020,"29,298 km",Petrol,Auto,"EMI ₹12,728/m*",₹7.21 lakh
Honda City,Honda,2016,"73,025 km",Petrol,Manual,"EMI ₹8,297/m*",₹3.73 lakh
Maruti Swift,Maruti,2017,"73,534 km",Petrol,Manual,"EMI ₹5,576/m*",₹2.85 lakh
Honda WR-V,Honda,2018,"70,726 km",Petrol,Manual,"EMI ₹7,591/m*",₹4.30 lakh
MG HECTOR,MG,2022,"41,170 km",Petrol,Auto,"EMI ₹19,109/m*",₹11.16 lakh
Maruti Ciaz,Maruti,2016,"65,720 km",Petrol,Manual,"EMI ₹7,674/m*",₹3.45 lakh
Maruti Ciaz,Maruti,2018,"82,276 km",Petrol,Manual,"EMI ₹8,385/m*",₹4.75 lakh
Skoda Octavia,Skoda,2022,"47,645 km",Petrol,Auto,"EMI ₹30,883/m*",₹18.04 lakh
Maruti Dzire,Maruti,2018,"37,426 km",Petrol,Manual,"EMI ₹6,973/m*",₹3.95 lakh
Maruti Swift Dzire,Maruti,2015,"58,758 km",Petrol,Manual,"EMI ₹7,711/m*",₹2.93 lakh
Renault Kwid,Renault,2023,"43,629 km",Petrol,Manual,"EMI ₹5,066/m*",₹2.87 lakh
Tata ALTROZ,Tata,2023,"33,744 km",Petrol,Manual,"EMI ₹9,126/m*",₹5.17 lakh
Volkswagen Polo,Volkswagen,2014,"57,320 km",Petrol,Manual,"EMI ₹7,540/m*",₹2.27 lakh
Maruti Alto 800,Maruti,2016,"64,405 km",CNG,Manual,"EMI ₹7,499/m*",₹2.26 lakh
Hyundai EXTER,Hyundai,2023,"31,536 km",Petrol,Auto,"EMI ₹11,508/m*",₹6.52 lakh
KIA SELTOS,KIA,2022,"49,717 km",Diesel,Auto,"EMI ₹20,861/m*",₹10.96 lakh
Hyundai Xcent,Hyundai,2014,"68,104 km",Petrol,Manual,"EMI ₹8,104/m*",₹2.44 lakh
Renault Kiger,Renault,2023,"21,298 km",Petrol,Manual,"EMI ₹8,491/m*",₹4.81 lakh
Maruti Alto K10,Maruti,2015,"1,59,790 km",Petrol,Manual,"EMI ₹3,919/m*",₹1.49 lakh
Maruti Celerio,Maruti,2017,"20,300 km",Petrol,Manual,"EMI ₹5,376/m*",₹2.75 lakh
Renault Kwid,Renault,2017,"41,654 km",Petrol,Manual,"EMI ₹4,164/m*",₹2.13 lakh
Honda Brio,Honda,2015,"71,352 km",Petrol,Manual,"EMI ₹4,784/m*",₹1.82 lakh
Tata Tiago,Tata,2016,"60,689 km",Petrol,Manual,"EMI ₹5,183/m*",₹2.33 lakh
Tata Tiago,Tata,2020,"77,018 km",Petrol,Manual,"EMI ₹5,504/m*",₹3.12 lakh
Renault Kwid,Renault,2019,"27,315 km",Petrol,Manual,"EMI ₹4,031/m*",₹2.28 lakh
Renault Kwid,Renault,2016,"60,614 km",Petrol,Manual,"EMI ₹3,759/m*",₹1.69 lakh
Maruti Ciaz,Maruti,2019,"44,903 km",Petrol,Auto,"EMI ₹9,709/m*",₹5.50 lakh
Hyundai i10,Hyundai,2015,"66,370 km",Petrol,Manual,"EMI ₹5,056/m*",₹1.92 lakh
Hyundai Grand i10,Hyundai,2017,"46,097 km",Petrol,Manual,"EMI ₹5,533/m*",₹2.83 lakh
Maruti Ertiga,Maruti,2022,"45,483 km",Petrol,Manual,"EMI ₹14,897/m*",₹8.70 lakh
Maruti Baleno,Maruti,2017,"54,837 km",Petrol,Manual,"EMI ₹7,194/m*",₹3.68 lakh
Hyundai VENUE,Hyundai,2023,"5,981 km",Petrol,Manual,"EMI ₹11,848/m*",₹6.71 lakh
Maruti Ciaz,Maruti,2020,"47,925 km",Petrol,Manual,"EMI ₹10,553/m*",₹5.98 lakh
Maruti Ciaz,Maruti,2016,"95,574 km",Petrol,Manual,"EMI ₹7,763/m*",₹3.49 lakh
MG HECTOR PLUS,MG,2020,"55,406 km",Petrol,Auto,"EMI ₹17,362/m*",₹10.14 lakh
Hyundai NEW SANTRO,Hyundai,2018,"24,569 km",Petrol,Auto,"EMI ₹5,349/m*",₹3.03 lakh
Maruti Baleno,Maruti,2022,"39,857 km",Petrol,Manual,"EMI ₹10,366/m*",₹5.87 lakh
Skoda SLAVIA,Skoda,2022,"78,412 km",Petrol,Manual,"EMI ₹16,951/m*",₹9.90 lakh
Hyundai Grand i10,Hyundai,2016,"68,250 km",Petrol,Manual,"EMI ₹6,050/m*",₹2.72 lakh
Honda Brio,Honda,2015,"35,480 km",Petrol,Manual,"EMI ₹5,103/m*",₹1.94 lakh
KIA SONET,KIA,2020,"92,152 km",Petrol,Auto,"EMI ₹11,916/m*",₹6.75 lakh
Maruti Ertiga,Maruti,2014,"77,691 km",CNG,Manual,"EMI ₹33,229/m*",₹3.74 lakh
KIA CARENS,KIA,2022,"63,035 km",Petrol,Auto,"EMI ₹20,427/m*",₹11.93 lakh
Maruti Alto K10,Maruti,2024,"18,473 km",Petrol,Manual,"EMI ₹6,620/m*",₹3.75 lakh
Hyundai Grand i10,Hyundai,2018,"27,261 km",Petrol,Manual,"EMI ₹5,225/m*",₹2.96 lakh
Mahindra XUV700,Mahindra,2021,"92,783 km",Diesel,Auto,"EMI ₹30,704/m*",₹14.12 lakh
Ford Ecosport,Ford,2020,"50,622 km",Petrol,Manual,"EMI ₹8,932/m*",₹5.06 lakh
Tata Tiago,Tata,2023,"13,862 km",Petrol,Auto,"EMI ₹8,632/m*",₹4.89 lakh
Maruti New Wagon-R,Maruti,2020,"48,779 km",Petrol,Auto,"EMI ₹6,916/m*",₹3.92 lakh
Maruti Swift,Maruti,2021,"77,819 km",Petrol,Manual,"EMI ₹7,255/m*",₹4.11 lakh
Tata NEXON,Tata,2018,"70,917 km",CNG,Manual,"EMI ₹9,565/m*",₹4.30 lakh
Hyundai Verna,Hyundai,2017,"74,214 km",Petrol,Manual,"EMI ₹10,596/m*",₹5.42 lakh
Hyundai Elite i20,Hyundai,2015,"78,784 km",Petrol,Manual,"EMI ₹9,407/m*",₹3.57 lakh
Maruti Swift Dzire,Maruti,2014,"63,567 km",Petrol,Manual,"EMI ₹7,473/m*",₹2.25 lakh
Tata Tiago,Tata,2016,"77,558 km",Diesel,Manual,"EMI ₹7,473/m*",₹2.52 lakh
Hyundai Grand i10,Hyundai,2016,"52,592 km",Petrol,Manual,"EMI ₹5,990/m*",₹2.69 lakh
Maruti Wagon R 1.0,Maruti,2014,"19,205 km",Petrol,Manual,"EMI ₹6,211/m*",₹1.87 lakh
Hyundai Eon,Hyundai,2016,"61,900 km",Petrol,Manual,"EMI ₹3,893/m*",₹1.75 lakh
Maruti Baleno,Maruti,2018,"63,606 km",Petrol,Manual,"EMI ₹5,949/m*",₹3.37 lakh
Ford Ecosport,Ford,2016,"49,785 km",Petrol,Manual,"EMI ₹7,252/m*",₹3.26 lakh
Hyundai i10,Hyundai,2016,"39,867 km",Petrol,Manual,"EMI ₹4,627/m*",₹2.08 lakh
Maruti Swift Dzire,Maruti,2015,"60,805 km",Petrol,Manual,"EMI ₹6,978/m*",₹2.65 lakh
Maruti Alto K10,Maruti,2016,"47,570 km",Petrol,Manual,"EMI ₹3,889/m*",₹1.75 lakh
Tata TIGOR,Tata,2017,"56,510 km",Petrol,Manual,"EMI ₹5,830/m*",₹2.98 lakh
Maruti Ciaz,Maruti,2015,"83,773 km",Petrol,Manual,"EMI ₹7,874/m*",₹2.99 lakh
Maruti Ciaz,Maruti,2022,"67,478 km",Petrol,Auto,"EMI ₹12,322/m*",₹6.98 lakh
Hyundai Xcent,Hyundai,2018,"74,120 km",Petrol,Manual,"EMI ₹6,073/m*",₹3.44 lakh
MG HECTOR,MG,2023,"37,229 km",Petrol,Auto,"EMI ₹25,153/m*",₹14.69 lakh
Honda Amaze,Honda,2019,"71,278 km",Petrol,Manual,"EMI ₹6,620/m*",₹3.75 lakh
Honda Amaze,Honda,2018,"62,085 km",Petrol,Manual,"EMI ₹6,214/m*",₹3.52 lakh
Maruti Wagon R 1.0,Maruti,2015,"39,871 km",Petrol,Manual,"EMI ₹6,161/m*",₹2.34 lakh
Tata ALTROZ,Tata,2023,"33,580 km",CNG,Manual,"EMI ₹11,789/m*",₹6.68 lakh
Maruti Baleno,Maruti,2021,"70,240 km",Petrol,Auto,"EMI ₹8,981/m*",₹5.09 lakh
Hyundai NEW SANTRO,Hyundai,2019,"32,614 km",Petrol,Manual,"EMI ₹5,670/m*",₹3.21 lakh
Maruti Baleno,Maruti,2017,"69,926 km",Petrol,Auto,"EMI ₹6,491/m*",₹3.32 lakh
Hyundai Xcent,Hyundai,2015,"53,653 km",Petrol,Manual,"EMI ₹5,109/m*",₹1.94 lakh
Tata Tiago,Tata,2021,"39,004 km",Petrol,Auto,"EMI ₹7,043/m*",₹3.99 lakh
Honda City,Honda,2016,"90,298 km",CNG,Manual,"EMI ₹14,946/m*",₹4.50 lakh
Honda City,Honda,2015,"52,631 km",Petrol,Manual,"EMI ₹9,665/m*",₹3.67 lakh
Maruti New Wagon-R,Maruti,2022,"60,435 km",Petrol,Manual,"EMI ₹6,461/m*",₹3.66 lakh
Tata Tiago,Tata,2022,"37,650 km",CNG,Manual,"EMI ₹8,176/m*",₹4.63 lakh
Honda City,Honda,2019,"44,350 km",Petrol,Auto,"EMI ₹12,049/m*",₹6.83 lakh
Hyundai Elite i20,Hyundai,2020,"48,878 km",Petrol,Manual,"EMI ₹6,885/m*",₹3.90 lakh
Honda City,Honda,2016,"91,157 km",Petrol,Manual,"EMI ₹8,097/m*",₹3.64 lakh
Maruti Wagon R 1.0,Maruti,2017,"63,218 km",Petrol,Manual,"EMI ₹4,301/m*",₹2.20 lakh
Nissan Micra Active,Nissan,2018,"50,586 km",Petrol,Manual,"EMI ₹4,590/m*",₹2.60 lakh
Honda Jazz,Honda,2015,"59,611 km",Petrol,Auto,"EMI ₹7,813/m*",₹2.97 lakh
Honda Jazz,Honda,2017,"63,606 km",Petrol,Auto,"EMI ₹6,745/m*",₹3.45 lakh
Hyundai NEW SANTRO,Hyundai,2021,"52,308 km",CNG,Manual,"EMI ₹6,881/m*",₹3.90 lakh
Maruti S PRESSO,Maruti,2022,"91,275 km",Petrol,Manual,"EMI ₹5,155/m*",₹2.92 lakh
Ford Ecosport,Ford,2015,"83,407 km",Petrol,Auto,"EMI ₹8,427/m*",₹3.20 lakh
Maruti Baleno,Maruti,2017,"38,588 km",Petrol,Manual,"EMI ₹7,686/m*",₹3.93 lakh
Honda City,Honda,2016,"67,735 km",Petrol,Auto,"EMI ₹8,724/m*",₹3.92 lakh
Hyundai Eon,Hyundai,2014,"32,394 km",CNG,Manual,"EMI ₹11,942/m*",₹1.34 lakh
Tata Tiago,Tata,2023,"31,687 km",Petrol,Manual,"EMI ₹7,767/m*",₹4.40 lakh
Hyundai Xcent,Hyundai,2015,"40,327 km",Petrol,Manual,"EMI ₹6,215/m*",₹2.36 lakh
Maruti Ciaz,Maruti,2017,"94,660 km",Petrol,Manual,"EMI ₹7,722/m*",₹3.95 lakh
Mahindra XUV700,Mahindra,2022,"59,885 km",Petrol,Manual,"EMI ₹21,386/m*",₹12.49 lakh
Hyundai Grand i10,Hyundai,2014,"37,475 km",Petrol,Auto,"EMI ₹8,065/m*",₹2.43 lakh
Mahindra XUV700,Mahindra,2022,"52,998 km",Petrol,Manual,"EMI ₹20,804/m*",₹12.15 lakh
Hyundai Grand i10,Hyundai,2015,"43,553 km",Petrol,Manual,"EMI ₹6,794/m*",₹2.58 lakh
Maruti Swift,Maruti,2016,"64,708 km",Petrol,Manual,"EMI ₹6,785/m*",₹3.05 lakh
Maruti Ertiga,Maruti,2014,"58,974 km",Petrol,Manual,"EMI ₹11,592/m*",₹3.49 lakh
Honda WR-V,Honda,2017,"73,082 km",Petrol,Manual,"EMI ₹7,904/m*",₹4.04 lakh
Toyota Etios,Toyota,2012,"91,979 km",Petrol,Manual,"EMI ₹11,284/m*",₹1.27 lakh
Maruti Baleno,Maruti,2018,"61,750 km",Petrol,Manual,"EMI ₹6,323/m*",₹3.58 lakh
Maruti Dzire,Maruti,2018,"87,050 km",Petrol,Manual,"EMI ₹5,208/m*",₹2.95 lakh
Tata Tiago,Tata,2019,"68,757 km",Petrol,Manual,"EMI ₹5,402/m*",₹3.06 lakh
Maruti Ciaz,Maruti,2016,"80,669 km",Petrol,Auto,"EMI ₹8,357/m*",₹3.76 lakh
Maruti Celerio,Maruti,2022,"38,808 km",Petrol,Manual,"EMI ₹6,867/m*",₹3.89 lakh
Maruti Alto K10,Maruti,2015,"27,754 km",Petrol,Manual,"EMI ₹4,845/m*",₹1.84 lakh
Honda City,Honda,2019,"99,677 km",Petrol,Auto,"EMI ₹9,374/m*",₹5.31 lakh
Honda Amaze,Honda,2016,"67,123 km",Petrol,Manual,"EMI ₹5,822/m*",₹2.62 lakh
Maruti Ciaz,Maruti,2017,"35,410 km",Petrol,Manual,"EMI ₹9,521/m*",₹4.87 lakh
Maruti Alto,Maruti,2022,"30,517 km",CNG,Manual,"EMI ₹6,033/m*",₹3.42 lakh
Toyota Etios,Toyota,2014,"59,486 km",Petrol,Manual,"EMI ₹7,141/m*",₹2.15 lakh
Honda City,Honda,2016,"65,297 km",Petrol,Auto,"EMI ₹9,947/m*",₹4.47 lakh
Hyundai i10,Hyundai,2014,"56,193 km",Petrol,Manual,"EMI ₹4,982/m*",₹1.50 lakh
KIA CARENS,KIA,2022,"37,117 km",Petrol,Auto,"EMI ₹20,547/m*",₹12.00 lakh
Maruti Alto K10,Maruti,2016,"79,244 km",Petrol,Manual,"EMI ₹3,559/m*",₹1.60 lakh
Maruti Baleno,Maruti,2018,"61,767 km",Petrol,Manual,"EMI ₹6,443/m*",₹3.65 lakh
Renault TRIBER,Renault,2023,"48,055 km",Petrol,Manual,"EMI ₹7,608/m*",₹4.31 lakh
Hyundai Grand i10,Hyundai,2015,"37,293 km",Petrol,Manual,"EMI ₹6,531/m*",₹2.48 lakh
Hyundai Grand i10,Hyundai,2017,"62,191 km",Petrol,Manual,"EMI ₹5,627/m*",₹2.88 lakh
Honda Amaze,Honda,2019,"59,641 km",Petrol,Manual,"EMI ₹7,767/m*",₹4.40 lakh
Maruti Baleno,Maruti,2018,"58,016 km",Petrol,Manual,"EMI ₹6,334/m*",₹3.59 lakh
Maruti Wagon R 1.0,Maruti,2017,"97,744 km",Petrol,Manual,"EMI ₹3,949/m*",₹2.02 lakh
Maruti Alto 800,Maruti,2019,"64,167 km",Petrol,Manual,"EMI ₹4,078/m*",₹2.31 lakh
Honda Amaze,Honda,2015,"74,628 km",Petrol,Manual,"EMI ₹5,714/m*",₹2.17 lakh
Maruti New Wagon-R,Maruti,2022,"50,561 km",Petrol,Auto,"EMI ₹7,679/m*",₹4.35 lakh
Renault Kwid,Renault,2016,"40,536 km",Petrol,Manual,"EMI ₹3,648/m*",₹1.64 lakh
Maruti Ciaz,Maruti,2015,"92,340 km",Petrol,Manual,"EMI ₹9,210/m*",₹3.50 lakh
Hyundai Grand i10,Hyundai,2018,"62,916 km",Petrol,Manual,"EMI ₹5,102/m*",₹2.89 lakh
Datsun Redi Go,Datsun,2017,"57,959 km",Petrol,Manual,"EMI ₹3,108/m*",₹1.59 lakh
Honda City,Honda,2015,"1,37,152 km",Petrol,Auto,"EMI ₹8,848/m*",₹3.36 lakh
Maruti New Wagon-R,Maruti,2019,"67,127 km",Petrol,Manual,"EMI ₹6,020/m*",₹3.41 lakh
Hyundai Elite i20,Hyundai,2017,"53,717 km",Petrol,Manual,"EMI ₹8,264/m*",₹4.23 lakh
Toyota Glanza,Toyota,2020,"72,926 km",Petrol,Manual,"EMI ₹8,297/m*",₹4.70 lakh
Maruti Celerio,Maruti,2019,"23,808 km",Petrol,Manual,"EMI ₹5,554/m*",₹3.15 lakh
Maruti Swift,Maruti,2022,"39,745 km",Petrol,Auto,"EMI ₹9,356/m*",₹5.30 lakh
Ford Ecosport,Ford,2020,"33,963 km",Petrol,Manual,"EMI ₹11,033/m*",₹6.25 lakh
Hyundai Grand i10,Hyundai,2018,"81,830 km",Petrol,Manual,"EMI ₹5,387/m*",₹3.05 lakh
Maruti Alto 800,Maruti,2014,"50,625 km",Petrol,Manual,"EMI ₹4,716/m*",₹1.42 lakh
Maruti Swift,Maruti,2017,"55,843 km",CNG,Manual,"EMI ₹8,774/m*",₹3.33 lakh
Hyundai Elite i20,Hyundai,2017,"71,613 km",Petrol,Manual,"EMI ₹7,155/m*",₹3.66 lakh
Hyundai NEW SANTRO,Hyundai,2022,"46,996 km",CNG,Manual,"EMI ₹7,418/m*",₹4.20 lakh
Honda Amaze,Honda,2015,"67,359 km",Petrol,Manual,"EMI ₹5,872/m*",₹2.23 lakh
Maruti Baleno,Maruti,2018,"71,461 km",Petrol,Manual,"EMI ₹6,055/m*",₹3.43 lakh
Maruti Celerio,Maruti,2019,"18,713 km",Petrol,Manual,"EMI ₹5,929/m*",₹3.36 lakh
Maruti Baleno,Maruti,2018,"57,999 km",Petrol,Manual,"EMI ₹6,461/m*",₹3.66 lakh
Honda Jazz,Honda,2016,"94,262 km",Petrol,Manual,"EMI ₹5,494/m*",₹2.47 lakh
Maruti Baleno,Maruti,2018,"51,393 km",Petrol,Manual,"EMI ₹6,761/m*",₹3.83 lakh
Maruti Celerio,Maruti,2015,"40,792 km",Petrol,Auto,"EMI ₹6,557/m*",₹2.49 lakh
Maruti Swift Dzire,Maruti,2014,"49,364 km",Petrol,Manual,"EMI ₹7,805/m*",₹2.35 lakh
Honda City,Honda,2019,"70,565 km",Petrol,Manual,"EMI ₹8,791/m*",₹4.98 lakh
Maruti Alto K10,Maruti,2014,"48,947 km",Petrol,Auto,"EMI ₹6,111/m*",₹1.84 lakh
Hyundai Grand i10,Hyundai,2014,"72,675 km",Petrol,Manual,"EMI ₹7,805/m*",₹2.35 lakh
KIA SELTOS,KIA,2022,"35,386 km",Petrol,Manual,"EMI ₹17,845/m*",₹10.42 lakh
Maruti New Wagon-R,Maruti,2023,"33,092 km",CNG,Manual,"EMI ₹8,157/m*",₹4.62 lakh
Honda City,Honda,2019,"68,365 km",Petrol,Auto,"EMI ₹12,110/m*",₹6.86 lakh
Hyundai Grand i10,Hyundai,2014,"65,529 km",Petrol,Manual,"EMI ₹6,709/m*",₹2.02 lakh
Hyundai Grand i10,Hyundai,2015,"61,896 km",Petrol,Manual,"EMI ₹6,605/m*",₹2.51 lakh
Hyundai Grand i10,Hyundai,2018,"51,511 km",CNG,Manual,"EMI ₹7,363/m*",₹3.31 lakh
Maruti Wagon R 1.0,Maruti,2016,"69,991 km",Petrol,Manual,"EMI ₹5,383/m*",₹2.42 lakh
Honda Amaze,Honda,2017,"64,204 km",Petrol,Manual,"EMI ₹6,295/m*",₹3.22 lakh
Hyundai VENUE,Hyundai,2019,"42,736 km",Petrol,Auto,"EMI ₹10,980/m*",₹6.22 lakh
Maruti Baleno,Maruti,2016,"81,162 km",Petrol,Manual,"EMI ₹6,896/m*",₹3.10 lakh
Hyundai Xcent,Hyundai,2014,"97,811 km",Petrol,Manual,"EMI ₹7,174/m*",₹2.16 lakh
Maruti Swift,Maruti,2016,"59,608 km",Petrol,Manual,"EMI ₹6,295/m*",₹2.83 lakh
Maruti Swift,Maruti,2017,"59,181 km",CNG,Manual,"EMI ₹9,393/m*",₹3.57 lakh
Maruti Wagon R 1.0,Maruti,2014,"62,307 km",Petrol,Manual,"EMI ₹5,713/m*",₹1.72 lakh
Hyundai Grand i10,Hyundai,2015,"73,514 km",Petrol,Manual,"EMI ₹6,162/m*",₹2.34 lakh
Tata Tiago,Tata,2021,"72,428 km",Petrol,Manual,"EMI ₹5,649/m*",₹3.20 lakh
Maruti Swift,Maruti,2014,"90,315 km",Petrol,Manual,"EMI ₹6,809/m*",₹2.05 lakh
Hyundai VENUE,Hyundai,2019,"77,534 km",Petrol,Auto,"EMI ₹10,274/m*",₹5.82 lakh
Honda Amaze,Honda,2016,"92,186 km",Petrol,Manual,"EMI ₹5,979/m*",₹2.69 lakh
Maruti Dzire,Maruti,2024,"22,482 km",Petrol,Manual,"EMI ₹11,545/m*",₹6.54 lakh
Hyundai AURA,Hyundai,2020,"76,765 km",Petrol,Manual,"EMI ₹7,967/m*",₹4.51 lakh
Hyundai i10,Hyundai,2014,"53,340 km",Petrol,Manual,"EMI ₹4,743/m*",₹1.43 lakh
Hyundai NEW SANTRO,Hyundai,2022,"15,796 km",Petrol,Auto,"EMI ₹7,598/m*",₹4.30 lakh
Maruti Baleno,Maruti,2016,"94,575 km",Petrol,Manual,"EMI ₹7,741/m*",₹3.48 lakh
Hyundai Grand i10,Hyundai,2015,"51,234 km",Petrol,Manual,"EMI ₹6,815/m*",₹2.59 lakh
Hyundai Grand i10,Hyundai,2016,"51,058 km",Petrol,Manual,"EMI ₹6,584/m*",₹2.96 lakh
Tata Tiago,Tata,2022,"34,641 km",Petrol,Manual,"EMI ₹6,227/m*",₹3.53 lakh
Hyundai VENUE,Hyundai,2020,"50,605 km",Petrol,Auto,"EMI ₹11,655/m*",₹6.60 lakh
Hyundai Grand i10,Hyundai,2015,"56,717 km",Petrol,Manual,"EMI ₹5,951/m*",₹2.26 lakh
Honda City,Honda,2015,"64,853 km",Petrol,Manual,"EMI ₹9,375/m*",₹3.56 lakh
Maruti Alto K10,Maruti,2015,"38,989 km",Petrol,Manual,"EMI ₹5,398/m*",₹2.05 lakh
Mahindra XUV700,Mahindra,2021,"60,237 km",Petrol,Auto,"EMI ₹22,653/m*",₹13.23 lakh
Renault Kwid,Renault,2016,"53,417 km",Petrol,Manual,"EMI ₹4,160/m*",₹1.87 lakh
Maruti S PRESSO,Maruti,2021,"22,711 km",Petrol,Auto,"EMI ₹6,020/m*",₹3.41 lakh
Maruti Alto K10,Maruti,2016,"27,800 km",Petrol,Manual,"EMI ₹4,605/m*",₹2.07 lakh
Honda Brio,Honda,2015,"54,080 km",Petrol,Auto,"EMI ₹6,720/m*",₹2.55 lakh
Hyundai Grand i10,Hyundai,2016,"85,455 km",Petrol,Manual,"EMI ₹6,006/m*",₹2.70 lakh
Maruti Celerio,Maruti,2016,"66,324 km",Petrol,Manual,"EMI ₹5,098/m*",₹2.29 lakh
Maruti Wagon R 1.0,Maruti,2014,"65,448 km",Petrol,Manual,"EMI ₹6,344/m*",₹1.91 lakh
Maruti Baleno,Maruti,2017,"93,326 km",Petrol,Auto,"EMI ₹6,843/m*",₹3.50 lakh
Hyundai Grand i10,Hyundai,2014,"15,578 km",Petrol,Manual,"EMI ₹8,569/m*",₹2.58 lakh
Hyundai Grand i10,Hyundai,2018,"72,057 km",Petrol,Manual,"EMI ₹5,115/m*",₹2.90 lakh
Maruti Alto K10,Maruti,2016,"24,328 km",Petrol,Manual,"EMI ₹5,116/m*",₹2.30 lakh
Maruti Baleno,Maruti,2016,"43,646 km",Petrol,Manual,"EMI ₹7,185/m*",₹3.23 lakh
Maruti Swift,Maruti,2014,"44,131 km",Petrol,Manual,"EMI ₹6,438/m*",₹1.94 lakh
Hyundai Elite i20,Hyundai,2014,"41,304 km",Petrol,Manual,"EMI ₹8,924/m*",₹2.69 lakh
Honda Amaze,Honda,2014,"35,055 km",Petrol,Manual,"EMI ₹8,104/m*",₹2.44 lakh
Honda Amaze,Honda,2014,"73,012 km",Petrol,Manual,"EMI ₹7,241/m*",₹2.18 lakh
Hyundai Grand i10,Hyundai,2014,"72,710 km",CNG,Manual,"EMI ₹22,252/m*",₹2.50 lakh
Hyundai Grand i10,Hyundai,2018,"42,839 km",Petrol,Manual,"EMI ₹5,808/m*",₹3.29 lakh
Ford Ecosport,Ford,2014,"74,404 km",Petrol,Manual,"EMI ₹8,669/m*",₹2.61 lakh
Honda Amaze,Honda,2014,"70,399 km",Petrol,Manual,"EMI ₹7,052/m*",₹2.12 lakh
Honda Amaze,Honda,2014,"42,045 km",Petrol,Manual,"EMI ₹8,270/m*",₹2.49 lakh
Hyundai i10,Hyundai,2014,"35,058 km",Petrol,Manual,"EMI ₹6,145/m*",₹1.85 lakh
Hyundai Grand i10,Hyundai,2015,"55,078 km",Petrol,Manual,"EMI ₹6,820/m*",₹2.59 lakh
Maruti Celerio,Maruti,2016,"86,564 km",Petrol,Auto,"EMI ₹5,339/m*",₹2.40 lakh
Hyundai i10,Hyundai,2014,"72,015 km",Petrol,Manual,"EMI ₹5,547/m*",₹1.67 lakh
Maruti Alto K10,Maruti,2015,"55,739 km",Petrol,Manual,"EMI ₹4,872/m*",₹1.85 lakh
Hyundai Grand i10,Hyundai,2014,"33,354 km",Petrol,Manual,"EMI ₹8,160/m*",₹2.46 lakh
Maruti Wagon R 1.0,Maruti,2014,"99,256 km",CNG,Manual,"EMI ₹15,282/m*",₹1.72 lakh
Honda Amaze,Honda,2014,"71,263 km",Petrol,Manual,"EMI ₹8,237/m*",₹2.48 lakh
Maruti Celerio,Maruti,2015,"46,926 km",Petrol,Auto,"EMI ₹7,215/m*",₹2.74 lakh
Honda Amaze,Honda,2014,"55,014 km",Petrol,Manual,"EMI ₹7,374/m*",₹2.22 lakh
Maruti Celerio,Maruti,2016,"38,024 km",Petrol,Manual,"EMI ₹5,383/m*",₹2.42 lakh
Hyundai Grand i10,Hyundai,2015,"54,384 km",Petrol,Manual,"EMI ₹6,346/m*",₹2.41 lakh
Hyundai Grand i10,Hyundai,2014,"72,415 km",Petrol,Manual,"EMI ₹8,270/m*",₹2.49 lakh
Maruti Alto K10,Maruti,2016,"45,176 km",Petrol,Manual,"EMI ₹4,516/m*",₹2.03 lakh
Maruti Swift Dzire,Maruti,2015,"46,995 km",Petrol,Manual,"EMI ₹6,373/m*",₹2.42 lakh
Hyundai i10,Hyundai,2014,"38,066 km",Petrol,Manual,"EMI ₹5,705/m*",₹1.72 lakh
Maruti Alto K10,Maruti,2016,"64,491 km",Petrol,Manual,"EMI ₹4,471/m*",₹2.01 lakh
Maruti Wagon R 1.0,Maruti,2014,"32,154 km",Petrol,Manual,"EMI ₹5,713/m*",₹1.72 lakh
Honda Amaze,Honda,2014,"41,297 km",Petrol,Manual,"EMI ₹7,573/m*",₹2.28 lakh
Hyundai Grand i10,Hyundai,2014,"62,932 km",Petrol,Manual,"EMI ₹8,065/m*",₹2.43 lakh
Hyundai i10,Hyundai,2013,"60,984 km",Petrol,Auto,"EMI ₹8,461/m*",₹1.80 lakh
Hyundai Grand i10,Hyundai,2014,"17,274 km",Petrol,Manual,"EMI ₹7,274/m*",₹2.19 lakh
Maruti Baleno,Maruti,2018,"63,358 km",Petrol,Manual,"EMI ₹7,185/m*",₹4.07 lakh
Maruti Swift Dzire,Maruti,2015,"61,121 km",Petrol,Manual,"EMI ₹7,795/m*",₹2.96 lakh
Maruti Wagon R 1.0,Maruti,2014,"59,265 km",Petrol,Manual,"EMI ₹6,244/m*",₹1.88 lakh
Maruti Wagon R 1.0,Maruti,2016,"62,792 km",CNG,Manual,"EMI ₹7,639/m*",₹2.30 lakh
Maruti Alto K10,Maruti,2015,"72,630 km",Petrol,Manual,"EMI ₹6,121/m*",₹2.32 lakh
Maruti Wagon R 1.0,Maruti,2014,"58,574 km",Petrol,Manual,"EMI ₹5,707/m*",₹1.72 lakh
Maruti Celerio,Maruti,2014,"77,017 km",Petrol,Manual,"EMI ₹6,743/m*",₹2.03 lakh
Hyundai Grand i10,Hyundai,2015,"87,337 km",Petrol,Manual,"EMI ₹6,583/m*",₹2.50 lakh
Maruti Wagon R 1.0,Maruti,2014,"60,043 km",Petrol,Manual,"EMI ₹6,377/m*",₹1.92 lakh
Maruti Wagon R 1.0,Maruti,2014,"75,577 km",Petrol,Manual,"EMI ₹6,588/m*",₹1.98 lakh
Hyundai GRAND I10 NIOS,Hyundai,2020,"40,710 km",CNG,Manual,"EMI ₹8,116/m*",₹4.60 lakh
Hyundai EXTER,Hyundai,2023,"80,793 km",CNG,Manual,"EMI ₹11,884/m*",₹6.73 lakh
Hyundai NEW I20,Hyundai,2023,"26,119 km",Petrol,Auto,"EMI ₹13,947/m*",₹7.90 lakh
Tata TIGOR,Tata,2022,"65,676 km",CNG,Manual,"EMI ₹9,468/m*",₹5.36 lakh
Mahindra TUV300,Mahindra,2017,"36,639 km",Diesel,Manual,"EMI ₹32,874/m*",₹3.70 lakh
Maruti Swift,Maruti,2018,"31,171 km",Petrol,Manual,"EMI ₹5,737/m*",₹3.25 lakh
Tata PUNCH,Tata,2023,"43,088 km",Petrol,Manual,"EMI ₹6,967/m*",₹3.95 lakh
Maruti Wagon R 1.0,Maruti,2017,"1,84,995 km",Petrol,Manual,"EMI ₹4,785/m*",₹2.15 lakh
Tata Zest,Tata,2016,"1,07,374 km",Petrol,Manual,"EMI ₹4,382/m*",₹1.97 lakh
Maruti Wagon R 1.0,Maruti,2017,"1,09,000 km",Petrol,Manual,"EMI ₹5,494/m*",₹2.47 lakh
Maruti Swift,Maruti,2013,"1,94,099 km",Petrol,Manual,"EMI ₹9,132/m*",₹1.94 lakh
Volkswagen Polo,Volkswagen,2020,"95,573 km",Diesel,Manual,"EMI ₹5,267/m*",₹2.00 lakh
Hyundai i10,Hyundai,2012,"1,06,133 km",Petrol,Manual,"EMI ₹10,306/m*",₹1.16 lakh
Volkswagen Polo,Volkswagen,2014,"73,547 km",Petrol,Manual,"EMI ₹8,702/m*",₹2.62 lakh
Maruti Swift,Maruti,2013,"40,164 km",Petrol,Manual,"EMI ₹11,228/m*",₹2.39 lakh
Maruti Wagon R 1.0,Maruti,2015,"68,378 km",Petrol,Manual,"EMI ₹3,950/m*",₹1.50 lakh
Maruti Alto 800,Maruti,2014,"1,05,285 km",Petrol,Manual,"EMI ₹3,820/m*",₹1.15 lakh
Maruti Swift,Maruti,2018,"1,12,201 km",Petrol,Manual,"EMI ₹6,651/m*",₹2.99 lakh
Hyundai Eon,Hyundai,2017,"39,991 km",Petrol,Manual,"EMI ₹3,930/m*",₹2.01 lakh
Hyundai i20,Hyundai,2012,"32,524 km",Petrol,Manual,"EMI ₹13,683/m*",₹1.54 lakh
Tata PUNCH,Tata,2023,"14,954 km",Petrol,Manual,"EMI ₹10,574/m*",₹5.99 lakh
Maruti Wagon R 1.0,Maruti,2017,"30,222 km",Petrol,Manual,"EMI ₹5,748/m*",₹2.94 lakh
Maruti Wagon R 1.0,Maruti,2012,"74,098 km",Petrol,Manual,"EMI ₹10,928/m*",₹1.23 lakh
Tata TIGOR,Tata,2019,"37,961 km",Petrol,Manual,"EMI ₹5,967/m*",₹3.38 lakh
Maruti Wagon R 1.0,Maruti,2016,"99,525 km",Petrol,Manual,"EMI ₹5,494/m*",₹2.47 lakh
Honda Amaze,Honda,2018,"65,499 km",Petrol,Manual,"EMI ₹7,308/m*",₹4.14 lakh
Renault Duster,Renault,2014,"86,921 km",Petrol,Manual,"EMI ₹7,241/m*",₹2.18 lakh
Hyundai Grand i10,Hyundai,2014,"15,746 km",Petrol,Manual,"EMI ₹7,772/m*",₹2.34 lakh
Maruti Alto K10,Maruti,2017,"91,825 km",Petrol,Manual,"EMI ₹4,594/m*",₹2.35 lakh
Maruti Celerio,Maruti,2017,"1,82,857 km",Petrol,Manual,"EMI ₹5,672/m*",₹2.55 lakh
Mahindra TUV300,Mahindra,2016,"57,199 km",Diesel,Manual,"EMI ₹5,672/m*",₹3.50 lakh
Hyundai Grand i10,Hyundai,2014,"74,708 km",Petrol,Manual,"EMI ₹5,646/m*",₹1.70 lakh
Hyundai Grand i10,Hyundai,2016,"72,920 km",Petrol,Manual,"EMI ₹4,872/m*",₹2.19 lakh
Volkswagen Polo,Volkswagen,2021,"54,358 km",Petrol,Auto,"EMI ₹10,786/m*",₹6.11 lakh
Maruti Ertiga,Maruti,2024,"29,275 km",Petrol,Manual,"EMI ₹18,835/m*",₹11.00 lakh
Maruti Celerio,Maruti,2014,"1,24,860 km",Petrol,Manual,"EMI ₹6,410/m*",₹1.93 lakh
Renault Kwid,Renault,2015,"43,412 km",Petrol,Manual,"EMI ₹3,055/m*",₹1.16 lakh
Mahindra Kuv100,Mahindra,2017,"58,000 km",Petrol,Manual,"EMI ₹4,223/m*",₹2.16 lakh
Hyundai Grand i10,Hyundai,2014,"1,00,428 km",Petrol,Manual,"EMI ₹7,141/m*",₹2.15 lakh
Hyundai i10,Hyundai,2013,"20,220 km",Petrol,Manual,"EMI ₹13,228/m*",₹2.81 lakh
Volkswagen Vento,Volkswagen,2018,"84,972 km",Petrol,Auto,"EMI ₹9,427/m*",₹5.34 lakh
Maruti Dzire,Maruti,2019,"72,932 km",Petrol,Auto,"EMI ₹7,061/m*",₹4.00 lakh
Nissan MAGNITE,Nissan,2021,"15,328 km",Petrol,Manual,"EMI ₹7,873/m*",₹4.46 lakh
Hyundai i20,Hyundai,2012,"1,08,001 km",Petrol,Manual,"EMI ₹9,862/m*",₹1.11 lakh
Nissan MAGNITE,Nissan,2021,"40,493 km",Petrol,Auto,"EMI ₹10,486/m*",₹5.94 lakh
Honda Brio,Honda,2012,"51,015 km",Petrol,Manual,"EMI ₹13,327/m*",₹1.50 lakh
Honda Amaze,Honda,2015,"1,06,151 km",Petrol,Manual,"EMI ₹6,504/m*",₹2.47 lakh
Maruti New Wagon-R,Maruti,2019,"55,582 km",Petrol,Manual,"EMI ₹6,302/m*",₹3.57 lakh
Maruti Ciaz,Maruti,2016,"92,609 km",Diesel,Manual,"EMI ₹6,302/m*",₹2.21 lakh
Hyundai i20,Hyundai,2011,"68,382 km",Petrol,Manual,"EMI ₹6,302/m*",₹1.05 lakh
Tata Tiago,Tata,2018,"75,756 km",Petrol,Manual,"EMI ₹3,425/m*",₹1.94 lakh
Hyundai Creta,Hyundai,2017,"1,15,423 km",Diesel,Manual,"EMI ₹35,451/m*",₹3.99 lakh
Tata NEXON,Tata,2024,"14,456 km",Petrol,Auto,"EMI ₹14,075/m*",₹8.22 lakh
Honda City,Honda,2014,"61,767 km",Petrol,Manual,"EMI ₹13,153/m*",₹3.96 lakh
Tata PUNCH,Tata,2025,"21,160 km",Petrol,Manual,"EMI ₹12,339/m*",₹6.99 lakh
Honda Jazz,Honda,2015,"86,721 km",Petrol,Manual,"EMI ₹6,636/m*",₹2.52 lakh
Honda Amaze,Honda,2015,"1,36,833 km",Petrol,Manual,"EMI ₹6,926/m*",₹2.63 lakh
Maruti Swift,Maruti,2019,"1,71,337 km",Petrol,Manual,"EMI ₹8,898/m*",₹4.00 lakh
Nissan MAGNITE,Nissan,2021,"45,525 km",Petrol,Manual,"EMI ₹6,426/m*",₹3.64 lakh
Honda WR-V,Honda,2020,"91,938 km",Petrol,Manual,"EMI ₹9,497/m*",₹5.38 lakh
Ford Ecosport,Ford,2018,"72,263 km",Diesel,Manual,"EMI ₹22,089/m*",₹4.69 lakh
Hyundai Elite i20,Hyundai,2018,"79,190 km",Petrol,Manual,"EMI ₹6,743/m*",₹3.82 lakh
Tata Tiago,Tata,2018,"69,743 km",Petrol,Auto,"EMI ₹5,649/m*",₹3.20 lakh
Honda City,Honda,2015,"66,453 km",Petrol,Manual,"EMI ₹10,060/m*",₹3.82 lakh
Maruti Baleno,Maruti,2023,"70,799 km",Petrol,Manual,"EMI ₹7,714/m*",₹4.37 lakh
Hyundai Eon,Hyundai,2016,"93,443 km",Petrol,Manual,"EMI ₹2,558/m*",₹1.15 lakh
Ford Ecosport,Ford,2016,"1,03,250 km",Diesel,Manual,"EMI ₹2,558/m*",₹3.33 lakh
Maruti New Wagon-R,Maruti,2019,"2,10,850 km",Petrol,Manual,"EMI ₹7,363/m*",₹3.31 lakh
Honda Amaze,Honda,2017,"85,099 km",Petrol,Manual,"EMI ₹7,194/m*",₹3.68 lakh
Volkswagen Vento,Volkswagen,2013,"1,06,443 km",Petrol,Manual,"EMI ₹6,025/m*",₹1.28 lakh
Renault Kwid,Renault,2017,"52,481 km",Petrol,Manual,"EMI ₹2,717/m*",₹1.39 lakh
Jeep Compass,Jeep,2017,"1,34,446 km",Petrol,Auto,"EMI ₹17,503/m*",₹8.05 lakh
Maruti IGNIS,Maruti,2018,"45,026 km",Petrol,Auto,"EMI ₹5,931/m*",₹3.36 lakh
Tata Zest,Tata,2015,"42,176 km",Petrol,Manual,"EMI ₹4,345/m*",₹1.65 lakh
Maruti Baleno,Maruti,2020,"51,599 km",Petrol,Manual,"EMI ₹8,032/m*",₹4.55 lakh
Maruti Baleno,Maruti,2022,"44,480 km",Petrol,Manual,"EMI ₹9,780/m*",₹5.54 lakh
Tata Hexa,Tata,2018,"63,287 km",Diesel,Manual,"EMI ₹26,502/m*",₹5.63 lakh
Maruti Vitara Brezza,Maruti,2019,"1,16,171 km",Diesel,Manual,"EMI ₹16,939/m*",₹5.10 lakh
Maruti Celerio,Maruti,2020,"86,805 km",Petrol,Manual,"EMI ₹5,967/m*",₹3.38 lakh
Maruti Celerio,Maruti,2018,"97,108 km",Petrol,Manual,"EMI ₹5,172/m*",₹2.93 lakh
Hyundai Elite i20,Hyundai,2016,"76,501 km",Petrol,Manual,"EMI ₹5,806/m*",₹2.61 lakh
Hyundai GRAND I10 NIOS,Hyundai,2022,"36,572 km",Petrol,Manual,"EMI ₹8,897/m*",₹5.04 lakh
Maruti Grand Vitara,Maruti,2023,"5,540 km",Petrol,Manual,"EMI ₹14,948/m*",₹8.73 lakh
Renault Kwid,Renault,2016,"89,225 km",Petrol,Manual,"EMI ₹2,336/m*",₹1.05 lakh
Nissan Sunny,Nissan,2018,"65,000 km",Petrol,Manual,"EMI ₹4,131/m*",₹2.34 lakh
Tata Tiago,Tata,2019,"44,126 km",Petrol,Manual,"EMI ₹4,572/m*",₹2.59 lakh
Maruti Ciaz,Maruti,2016,"97,215 km",Petrol,Manual,"EMI ₹7,229/m*",₹3.25 lakh
Hyundai Verna,Hyundai,2021,"51,547 km",Diesel,Manual,"EMI ₹14,726/m*",₹6.62 lakh
Honda WR-V,Honda,2018,"49,988 km",Petrol,Manual,"EMI ₹8,226/m*",₹4.66 lakh
Datsun Go,Datsun,2018,"17,414 km",Petrol,Manual,"EMI ₹2,913/m*",₹1.65 lakh
Honda WR-V,Honda,2018,"78,915 km",Diesel,Manual,"EMI ₹22,077/m*",₹4.69 lakh
Maruti Swift,Maruti,2017,"35,161 km",Petrol,Manual,"EMI ₹6,256/m*",₹3.20 lakh
Maruti SX4,Maruti,2011,"91,348 km",Petrol,Manual,"EMI ₹6,256/m*",₹1.08 lakh
Volkswagen Polo,Volkswagen,2011,"75,931 km",Petrol,Manual,"EMI ₹6,256/m*",₹0.84 lakh
Hyundai Grand i10,Hyundai,2015,"13,712 km",Petrol,Manual,"EMI ₹8,269/m*",₹3.14 lakh
Hyundai Verna,Hyundai,2017,"1,04,893 km",Diesel,Auto,"EMI ₹33,763/m*",₹3.80 lakh
Maruti S PRESSO,Maruti,2020,"3,798 km",Petrol,Manual,"EMI ₹5,949/m*",₹3.37 lakh
Maruti Swift,Maruti,2018,"86,398 km",Petrol,Manual,"EMI ₹5,614/m*",₹3.18 lakh
Honda City,Honda,2015,"1,10,862 km",Petrol,Manual,"EMI ₹10,771/m*",₹4.09 lakh
Maruti Swift,Maruti,2021,"59,774 km",Petrol,Manual,"EMI ₹5,967/m*",₹3.38 lakh
Maruti Baleno,Maruti,2023,"39,312 km",Petrol,Manual,"EMI ₹8,279/m*",₹4.69 lakh
Hyundai ALCAZAR,Hyundai,2022,"89,036 km",Petrol,Auto,"EMI ₹21,454/m*",₹12.53 lakh
Honda City,Honda,2011,"1,14,966 km",Petrol,Manual,"EMI ₹21,454/m*",₹1.31 lakh
Hyundai Santro Xing,Hyundai,2012,"69,744 km",Petrol,Manual,"EMI ₹7,463/m*",₹0.84 lakh
Volkswagen Vento,Volkswagen,2011,"1,06,164 km",Petrol,Manual,"EMI ₹7,463/m*",₹0.97 lakh
Mahindra XUV500,Mahindra,2018,"69,642 km",Diesel,Manual,"EMI ₹20,948/m*",₹4.45 lakh
Maruti Baleno,Maruti,2019,"62,264 km",Petrol,Manual,"EMI ₹7,008/m*",₹3.97 lakh
Hyundai VENUE,Hyundai,2023,"29,032 km",Petrol,Manual,"EMI ₹11,986/m*",₹6.79 lakh
Hyundai i10,Hyundai,2012,"1,06,808 km",Petrol,Manual,"EMI ₹11,106/m*",₹1.25 lakh
Tata ALTROZ,Tata,2021,"34,393 km",Petrol,Manual,"EMI ₹6,584/m*",₹3.73 lakh
Hyundai Verna,Hyundai,2022,"54,818 km",Petrol,Manual,"EMI ₹14,468/m*",₹8.45 lakh
Maruti Baleno,Maruti,2019,"37,340 km",Petrol,Manual,"EMI ₹7,291/m*",₹4.13 lakh
Honda City,Honda,2011,"1,46,072 km",Petrol,Manual,"EMI ₹7,291/m*",₹1.08 lakh
Maruti Swift,Maruti,2020,"27,368 km",Petrol,Manual,"EMI ₹6,592/m*",₹3.73 lakh
Maruti Swift Dzire,Maruti,2014,"82,562 km",Petrol,Manual,"EMI ₹7,805/m*",₹2.35 lakh
Hyundai i20,Hyundai,2011,"76,084 km",Petrol,Manual,"EMI ₹7,805/m*",₹1.33 lakh
Maruti Baleno,Maruti,2016,"1,04,731 km",Petrol,Auto,"EMI ₹6,139/m*",₹2.76 lakh
Tata NEXON,Tata,2025,"7,130 km",Petrol,Manual,"EMI ₹13,822/m*",₹7.83 lakh
Maruti Swift Dzire,Maruti,2017,"1,06,394 km",Petrol,Manual,"EMI ₹8,876/m*",₹3.99 lakh
Maruti Vitara Brezza,Maruti,2018,"25,003 km",Diesel,Auto,"EMI ₹25,890/m*",₹5.50 lakh
Maruti Alto 800,Maruti,2012,"73,530 km",Petrol,Manual,"EMI ₹6,575/m*",₹0.74 lakh
Hyundai Accent,Hyundai,2013,"1,62,984 km",Petrol,Manual,"EMI ₹4,378/m*",₹0.93 lakh
Hyundai Santro Xing,Hyundai,2013,"1,14,412 km",Petrol,Manual,"EMI ₹5,931/m*",₹1.26 lakh
Chevrolet Spark,Chevrolet,2011,"1,06,605 km",Petrol,Manual,"EMI ₹5,931/m*",₹0.47 lakh
Maruti Swift,Maruti,2011,"1,14,535 km",Petrol,Manual,"EMI ₹5,931/m*",₹1.10 lakh
Hyundai i10,Hyundai,2011,"1,20,355 km",Petrol,Manual,"EMI ₹5,931/m*",₹0.71 lakh
Maruti Swift Dzire,Maruti,2013,"1,41,926 km",Petrol,Manual,"EMI ₹10,827/m*",₹2.30 lakh
Renault Kwid,Renault,2015,"55,201 km",Petrol,Manual,"EMI ₹7,584/m*",₹2.88 lakh
Renault Kiger,Renault,2022,"41,541 km",Petrol,Manual,"EMI ₹6,532/m*",₹3.70 lakh
Maruti FRONX,Maruti,2024,"12,664 km",Petrol,Manual,"EMI ₹11,810/m*",₹6.69 lakh
Maruti S Cross,Maruti,2016,"1,08,261 km",Diesel,Manual,"EMI ₹11,810/m*",₹3.07 lakh
Maruti Baleno,Maruti,2015,"96,901 km",Petrol,Manual,"EMI ₹6,373/m*",₹2.42 lakh
Hyundai Grand i10,Hyundai,2019,"98,211 km",Petrol,Manual,"EMI ₹6,037/m*",₹3.42 lakh
KIA SONET,KIA,2020,"54,646 km",Petrol,Manual,"EMI ₹9,532/m*",₹5.40 lakh
Maruti Wagon R 1.0,Maruti,2011,"1,34,547 km",Petrol,Manual,"EMI ₹9,532/m*",₹0.75 lakh
Maruti Alto K10,Maruti,2011,"1,40,172 km",Petrol,Manual,"EMI ₹9,532/m*",₹1.00 lakh
Hyundai Santro Xing,Hyundai,2014,"1,38,510 km",Petrol,Manual,"EMI ₹3,886/m*",₹1.17 lakh
Tata Tiago,Tata,2019,"15,842 km",Petrol,Manual,"EMI ₹6,267/m*",₹3.55 lakh
Renault Kiger,Renault,2022,"42,458 km",Petrol,Manual,"EMI ₹6,532/m*",₹3.70 lakh
Datsun Redi Go,Datsun,2016,"64,874 km",Petrol,Manual,"EMI ₹2,158/m*",₹0.97 lakh
Mahindra Kuv100,Mahindra,2016,"36,948 km",Petrol,Manual,"EMI ₹3,559/m*",₹1.60 lakh
Tata TIGOR,Tata,2017,"44,904 km",Petrol,Manual,"EMI ₹5,376/m*",₹2.75 lakh
Hyundai Elite i20,Hyundai,2015,"48,129 km",Petrol,Manual,"EMI ₹6,425/m*",₹2.44 lakh
Hyundai Verna,Hyundai,2021,"22,236 km",Petrol,Manual,"EMI ₹13,698/m*",₹8.00 lakh
Volkswagen Polo,Volkswagen,2015,"57,308 km",Petrol,Manual,"EMI ₹7,637/m*",₹2.90 lakh
Tata NEXON,Tata,2023,"13,207 km",Petrol,Auto,"EMI ₹17,705/m*",₹10.34 lakh
Mahindra TUV300,Mahindra,2017,"97,104 km",Diesel,Manual,"EMI ₹26,122/m*",₹2.94 lakh
Maruti Eeco,Maruti,2011,"1,68,112 km",Petrol,Manual,"EMI ₹26,122/m*",₹0.94 lakh
Hyundai Grand i10,Hyundai,2017,"84,785 km",Petrol,Auto,"EMI ₹6,940/m*",₹3.55 lakh
Renault TRIBER,Renault,2019,"91,203 km",Petrol,Manual,"EMI ₹5,190/m*",₹2.94 lakh
Tata ALTROZ,Tata,2021,"55,454 km",Petrol,Manual,"EMI ₹6,249/m*",₹3.54 lakh
Maruti Alto 800,Maruti,2013,"1,23,066 km",Petrol,Manual,"EMI ₹8,050/m*",₹1.71 lakh
Mahindra Kuv100,Mahindra,2016,"78,589 km",Diesel,Manual,"EMI ₹8,050/m*",₹1.65 lakh
Maruti Alto,Maruti,2011,"20,783 km",Petrol,Manual,"EMI ₹8,050/m*",₹0.89 lakh
Maruti Swift,Maruti,2018,"88,941 km",Petrol,Manual,"EMI ₹5,631/m*",₹3.19 lakh
Mahindra Thar,Mahindra,2021,"18,527 km",Petrol,Manual,"EMI ₹18,663/m*",₹10.90 lakh
Tata TIGOR,Tata,2017,"1,30,768 km",Diesel,Manual,"EMI ₹14,660/m*",₹1.65 lakh
Maruti Swift,Maruti,2015,"1,68,652 km",Petrol,Manual,"EMI ₹7,163/m*",₹2.72 lakh
Maruti Swift Dzire,Maruti,2013,"1,21,451 km",Petrol,Manual,"EMI ₹9,697/m*",₹2.06 lakh
Maruti Celerio,Maruti,2014,"61,516 km",Petrol,Manual,"EMI ₹5,480/m*",₹1.65 lakh
Datsun Go Plus,Datsun,2015,"73,863 km",Petrol,Manual,"EMI ₹3,555/m*",₹1.35 lakh
Hyundai i10,Hyundai,2012,"98,693 km",Petrol,Manual,"EMI ₹12,261/m*",₹1.38 lakh
Toyota Corolla Altis,Toyota,2016,"69,210 km",Petrol,Auto,"EMI ₹8,609/m*",₹3.87 lakh
Skoda Rapid,Skoda,2018,"2,38,612 km",Diesel,Manual,"EMI ₹17,982/m*",₹3.82 lakh
Maruti Swift Dzire,Maruti,2014,"1,13,645 km",Petrol,Manual,"EMI ₹9,300/m*",₹2.80 lakh
Tata Tiago,Tata,2019,"1,00,609 km",Petrol,Manual,"EMI ₹7,719/m*",₹3.47 lakh
KIA SONET,KIA,2022,"29,249 km",Petrol,Manual,"EMI ₹11,792/m*",₹6.68 lakh
Maruti Swift,Maruti,2015,"1,64,560 km",Petrol,Manual,"EMI ₹7,479/m*",₹2.84 lakh
Hyundai Creta,Hyundai,2022,"81,844 km",Diesel,Manual,"EMI ₹21,642/m*",₹11.37 lakh
Maruti Wagon R 1.0,Maruti,2018,"1,03,532 km",Petrol,Manual,"EMI ₹4,605/m*",₹2.07 lakh
Hyundai Creta,Hyundai,2018,"57,354 km",Petrol,Manual,"EMI ₹12,304/m*",₹6.97 lakh
Hyundai Eon,Hyundai,2018,"64,981 km",Petrol,Manual,"EMI ₹2,983/m*",₹1.69 lakh
Maruti Swift Dzire,Maruti,2014,"87,798 km",Petrol,Manual,"EMI ₹8,270/m*",₹2.49 lakh
Hyundai NEW SANTRO,Hyundai,2020,"1,39,977 km",Petrol,Manual,"EMI ₹6,874/m*",₹3.09 lakh
Maruti Swift Dzire,Maruti,2014,"63,383 km",Petrol,Manual,"EMI ₹8,436/m*",₹2.54 lakh
Maruti Swift Dzire,Maruti,2012,"1,83,866 km",Petrol,Manual,"EMI ₹16,348/m*",₹1.84 lakh
Honda Brio,Honda,2013,"1,61,078 km",Petrol,Auto,"EMI ₹9,179/m*",₹1.95 lakh
Ford Figo Aspire,Ford,2017,"61,651 km",Petrol,Manual,"EMI ₹4,536/m*",₹2.32 lakh
Maruti Swift Dzire,Maruti,2014,"95,477 km",Petrol,Manual,"EMI ₹8,304/m*",₹2.50 lakh
Maruti Swift Dzire,Maruti,2013,"83,672 km",Petrol,Manual,"EMI ₹12,427/m*",₹2.64 lakh
Hyundai NEW SANTRO,Hyundai,2018,"21,650 km",Petrol,Manual,"EMI ₹4,413/m*",₹2.50 lakh
Maruti Swift,Maruti,2014,"99,802 km",Petrol,Manual,"EMI ₹8,603/m*",₹2.59 lakh
Maruti Swift Dzire,Maruti,2013,"52,418 km",Petrol,Manual,"EMI ₹9,556/m*",₹2.03 lakh
Honda Amaze,Honda,2013,"63,020 km",Petrol,Manual,"EMI ₹10,403/m*",₹2.21 lakh
Maruti Wagon R 1.0,Maruti,2013,"69,454 km",Petrol,Manual,"EMI ₹8,614/m*",₹1.83 lakh
Maruti Celerio,Maruti,2015,"69,411 km",Petrol,Manual,"EMI ₹5,793/m*",₹2.20 lakh
Maruti Wagon R 1.0,Maruti,2015,"77,661 km",Petrol,Manual,"EMI ₹5,662/m*",₹2.15 lakh
Tata Safari,Tata,2022,"92,914 km",Diesel,Auto,"EMI ₹29,503/m*",₹15.50 lakh
Maruti Swift Dzire,Maruti,2014,"81,145 km",Petrol,Manual,"EMI ₹9,765/m*",₹2.94 lakh
Hyundai i10,Hyundai,2012,"1,12,773 km",Petrol,Manual,"EMI ₹9,685/m*",₹1.09 lakh
Hyundai i10,Hyundai,2014,"68,636 km",Petrol,Manual,"EMI ₹7,506/m*",₹2.26 lakh
Maruti Alto 800,Maruti,2018,"51,893 km",Petrol,Manual,"EMI ₹2,913/m*",₹1.65 lakh
Hyundai Xcent,Hyundai,2016,"1,03,009 km",Petrol,Manual,"EMI ₹3,248/m*",₹1.46 lakh
Hyundai Elite i20,Hyundai,2014,"97,821 km",Petrol,Manual,"EMI ₹7,174/m*",₹2.16 lakh
Maruti Swift,Maruti,2014,"1,04,860 km",Petrol,Manual,"EMI ₹8,337/m*",₹2.51 lakh
Renault Kwid,Renault,2019,"26,991 km",Petrol,Manual,"EMI ₹3,672/m*",₹2.08 lakh
Skoda KUSHAQ,Skoda,2022,"22,140 km",Petrol,Auto,"EMI ₹14,052/m*",₹7.96 lakh
Maruti Swift Dzire,Maruti,2014,"78,560 km",Petrol,Manual,"EMI ₹7,473/m*",₹2.25 lakh
Mahindra Thar,Mahindra,2022,"83,960 km",Petrol,Auto,"EMI ₹17,122/m*",₹10.00 lakh
KIA SELTOS,KIA,2023,"20,220 km",Petrol,Manual,"EMI ₹21,797/m*",₹12.73 lakh
Mahindra TUV300,Mahindra,2017,"46,008 km",Diesel,Manual,"EMI ₹37,583/m*",₹4.23 lakh
Tata Tiago,Tata,2017,"67,125 km",Diesel,Manual,"EMI ₹12,350/m*",₹1.39 lakh
Maruti Swift Dzire,Maruti,2015,"46,657 km",Petrol,Manual,"EMI ₹10,033/m*",₹3.81 lakh
Jeep Compass,Jeep,2017,"85,456 km",Diesel,Manual,"EMI ₹50,555/m*",₹5.69 lakh
Hyundai i10,Hyundai,2012,"1,01,926 km",Petrol,Manual,"EMI ₹11,106/m*",₹1.25 lakh
Hyundai i10,Hyundai,2013,"1,96,471 km",Petrol,Manual,"EMI ₹6,826/m*",₹1.45 lakh
Maruti Swift,Maruti,2015,"99,198 km",Petrol,Manual,"EMI ₹5,003/m*",₹1.90 lakh
Honda Brio,Honda,2013,"1,13,472 km",Petrol,Manual,"EMI ₹7,249/m*",₹1.54 lakh
Honda City,Honda,2018,"69,643 km",Petrol,Manual,"EMI ₹7,926/m*",₹4.49 lakh
Maruti Swift Dzire,Maruti,2015,"1,20,838 km",Petrol,Manual,"EMI ₹6,057/m*",₹2.30 lakh
Maruti Wagon R 1.0,Maruti,2017,"1,35,100 km",Petrol,Manual,"EMI ₹6,473/m*",₹2.91 lakh
Maruti Wagon R 1.0,Maruti,2013,"1,12,462 km",Petrol,Manual,"EMI ₹10,403/m*",₹2.21 lakh
Hyundai i10,Hyundai,2012,"1,10,893 km",Petrol,Manual,"EMI ₹14,561/m*",₹1.64 lakh
Tata NEXON,Tata,2018,"68,997 km",Petrol,Manual,"EMI ₹7,118/m*",₹3.20 lakh
Maruti Alto 800,Maruti,2016,"1,35,293 km",Petrol,Manual,"EMI ₹3,337/m*",₹1.50 lakh
Maruti Wagon R 1.0,Maruti,2015,"1,08,295 km",Petrol,Manual,"EMI ₹5,346/m*",₹2.03 lakh
Honda Accord,Honda,2011,"74,106 km",Petrol,Manual,"EMI ₹5,346/m*",₹1.76 lakh
Maruti Swift,Maruti,2018,"50,225 km",Petrol,Manual,"EMI ₹6,125/m*",₹3.47 lakh
Volkswagen Polo,Volkswagen,2015,"1,79,459 km",Petrol,Manual,"EMI ₹6,636/m*",₹2.52 lakh
Hyundai i10,Hyundai,2012,"56,231 km",Petrol,Manual,"EMI ₹9,240/m*",₹1.04 lakh
Skoda KUSHAQ,Skoda,2022,"31,405 km",Petrol,Manual,"EMI ₹11,704/m*",₹6.63 lakh
Tata ALTROZ,Tata,2021,"1,04,665 km",Petrol,Manual,"EMI ₹6,918/m*",₹3.11 lakh
Maruti Swift Dzire,Maruti,2013,"52,980 km",Petrol,Manual,"EMI ₹13,510/m*",₹2.87 lakh
Maruti Wagon R 1.0,Maruti,2013,"1,03,685 km",Petrol,Manual,"EMI ₹8,191/m*",₹1.74 lakh
Hyundai Eon,Hyundai,2012,"90,387 km",Petrol,Manual,"EMI ₹9,685/m*",₹1.09 lakh
Maruti Swift,Maruti,2018,"1,08,654 km",Petrol,Manual,"EMI ₹7,519/m*",₹3.38 lakh
Maruti Wagon R 1.0,Maruti,2014,"79,321 km",Petrol,Manual,"EMI ₹6,444/m*",₹1.94 lakh
Maruti Wagon R 1.0,Maruti,2015,"1,07,151 km",Petrol,Manual,"EMI ₹5,267/m*",₹2.00 lakh
Hyundai VENUE,Hyundai,2019,"59,073 km",Petrol,Manual,"EMI ₹11,986/m*",₹6.79 lakh
Honda Amaze,Honda,2018,"61,973 km",Petrol,Manual,"EMI ₹6,090/m*",₹3.45 lakh
KIA CARENS,KIA,2024,"15,956 km",Petrol,Manual,"EMI ₹17,773/m*",₹10.38 lakh
Hyundai Creta,Hyundai,2018,"62,440 km",Petrol,Manual,"EMI ₹12,357/m*",₹7.00 lakh
Maruti Swift Dzire,Maruti,2013,"1,27,348 km",Petrol,Manual,"EMI ₹10,592/m*",₹2.25 lakh
Tata Tiago,Tata,2017,"93,774 km",Petrol,Manual,"EMI ₹4,575/m*",₹2.34 lakh
Toyota Etios,Toyota,2012,"1,50,238 km",Petrol,Manual,"EMI ₹14,571/m*",₹1.64 lakh
Hyundai Eon,Hyundai,2012,"1,48,939 km",Petrol,Manual,"EMI ₹8,618/m*",₹0.97 lakh
Hyundai i10,Hyundai,2012,"52,295 km",Petrol,Manual,"EMI ₹10,751/m*",₹1.21 lakh
Tata NEXON,Tata,2018,"30,763 km",Petrol,Manual,"EMI ₹6,320/m*",₹3.58 lakh
Maruti Alto 800,Maruti,2013,"32,655 km",Petrol,Manual,"EMI ₹7,061/m*",₹1.50 lakh
Maruti Wagon R 1.0,Maruti,2014,"61,412 km",Petrol,Manual,"EMI ₹6,842/m*",₹2.06 lakh
Volkswagen Polo,Volkswagen,2013,"74,264 km",Petrol,Manual,"EMI ₹6,732/m*",₹1.43 lakh
Tata NEXON,Tata,2018,"46,334 km",Petrol,Manual,"EMI ₹10,486/m*",₹5.94 lakh
Maruti Swift,Maruti,2014,"66,748 km",Petrol,Manual,"EMI ₹7,241/m*",₹2.18 lakh
Tata NEXON,Tata,2019,"49,629 km",Petrol,Auto,"EMI ₹7,061/m*",₹4.00 lakh
Honda Civic,Honda,2020,"58,221 km",Petrol,Auto,"EMI ₹17,394/m*",₹8.00 lakh
Maruti Swift Dzire,Maruti,2012,"70,236 km",Petrol,Manual,"EMI ₹14,927/m*",₹1.68 lakh
Maruti Swift,Maruti,2017,"54,515 km",Petrol,Manual,"EMI ₹6,549/m*",₹3.35 lakh
Hyundai i10,Hyundai,2014,"36,192 km",Petrol,Manual,"EMI ₹7,706/m*",₹2.32 lakh
Maruti Wagon R 1.0,Maruti,2014,"1,09,004 km",Petrol,Manual,"EMI ₹7,407/m*",₹2.23 lakh
Maruti Baleno,Maruti,2021,"81,818 km",Petrol,Manual,"EMI ₹6,938/m*",₹3.93 lakh
Maruti Wagon R 1.0,Maruti,2015,"99,402 km",Petrol,Manual,"EMI ₹5,346/m*",₹2.03 lakh
Maruti Wagon R 1.0,Maruti,2015,"93,801 km",Petrol,Manual,"EMI ₹5,899/m*",₹2.24 lakh
Maruti Wagon R 1.0,Maruti,2014,"1,22,095 km",Petrol,Manual,"EMI ₹7,673/m*",₹2.31 lakh
Maruti Ciaz,Maruti,2015,"2,22,492 km",Petrol,Manual,"EMI ₹7,321/m*",₹2.78 lakh
KIA SELTOS,KIA,2024,"33,850 km",Diesel,Manual,"EMI ₹18,013/m*",₹10.52 lakh
Maruti Wagon R 1.0,Maruti,2014,"1,04,309 km",Petrol,Manual,"EMI ₹6,111/m*",₹1.84 lakh
Maruti Wagon R 1.0,Maruti,2015,"60,757 km",Petrol,Manual,"EMI ₹5,267/m*",₹2.00 lakh
Maruti Wagon R 1.0,Maruti,2016,"66,899 km",Petrol,Manual,"EMI ₹6,540/m*",₹2.94 lakh
Maruti Swift Dzire,Maruti,2016,"1,67,949 km",Petrol,Manual,"EMI ₹4,516/m*",₹2.03 lakh
Datsun Go,Datsun,2016,"53,197 km",Petrol,Manual,"EMI ₹2,336/m*",₹1.05 lakh
Maruti Swift Dzire,Maruti,2014,"1,03,123 km",Petrol,Manual,"EMI ₹7,872/m*",₹2.37 lakh
Hyundai i10,Hyundai,2012,"54,228 km",Petrol,Manual,"EMI ₹10,662/m*",₹1.20 lakh
Honda Brio,Honda,2013,"61,063 km",Petrol,Manual,"EMI ₹7,908/m*",₹1.68 lakh
Renault Kwid,Renault,2016,"1,00,413 km",Petrol,Manual,"EMI ₹2,758/m*",₹1.24 lakh
Renault TRIBER,Renault,2019,"71,752 km",Petrol,Manual,"EMI ₹5,225/m*",₹2.96 lakh
Maruti Wagon R 1.0,Maruti,2015,"53,200 km",Petrol,Manual,"EMI ₹4,082/m*",₹1.55 lakh
Datsun Go,Datsun,2015,"81,991 km",Petrol,Manual,"EMI ₹2,897/m*",₹1.10 lakh
Hyundai Eon,Hyundai,2015,"65,478 km",Petrol,Manual,"EMI ₹4,845/m*",₹1.84 lakh
Tata NEXON,Tata,2018,"50,400 km",Petrol,Manual,"EMI ₹10,256/m*",₹5.81 lakh
Maruti Swift Dzire,Maruti,2013,"67,884 km",Petrol,Manual,"EMI ₹10,450/m*",₹2.22 lakh
Maruti Wagon R 1.0,Maruti,2013,"49,107 km",Petrol,Manual,"EMI ₹8,002/m*",₹1.70 lakh
Maruti Wagon R 1.0,Maruti,2015,"84,516 km",Petrol,Manual,"EMI ₹5,451/m*",₹2.07 lakh
Renault Kwid,Renault,2017,"37,663 km",Petrol,Manual,"EMI ₹4,301/m*",₹2.20 lakh
Hyundai NEW I20,Hyundai,2022,"33,131 km",Petrol,Manual,"EMI ₹10,786/m*",₹6.11 lakh
Maruti Wagon R 1.0,Maruti,2014,"1,19,093 km",Petrol,Manual,"EMI ₹6,975/m*",₹2.10 lakh
Tata TIGOR,Tata,2017,"1,68,368 km",Petrol,Manual,"EMI ₹4,872/m*",₹2.19 lakh
Hyundai Eon,Hyundai,2012,"1,55,707 km",Petrol,Manual,"EMI ₹7,019/m*",₹0.79 lakh
KIA SELTOS,KIA,2019,"71,224 km",Petrol,Manual,"EMI ₹12,269/m*",₹6.95 lakh
Hyundai Grand i10,Hyundai,2014,"80,328 km",Petrol,Manual,"EMI ₹6,643/m*",₹2.00 lakh
Hyundai NEW I20,Hyundai,2022,"28,226 km",Petrol,Manual,"EMI ₹10,080/m*",₹5.71 lakh
Maruti Swift Dzire,Maruti,2012,"78,722 km",Petrol,Manual,"EMI ₹13,238/m*",₹1.49 lakh
Hyundai Eon,Hyundai,2012,"1,20,375 km",Petrol,Manual,"EMI ₹7,463/m*",₹0.84 lakh
Maruti Alto,Maruti,2020,"41,133 km",Petrol,Manual,"EMI ₹4,131/m*",₹2.34 lakh
Hyundai Eon,Hyundai,2012,"71,350 km",Petrol,Manual,"EMI ₹8,618/m*",₹0.97 lakh
Maruti Swift Dzire,Maruti,2014,"94,756 km",Petrol,Manual,"EMI ₹8,237/m*",₹2.48 lakh
Maruti Swift,Maruti,2017,"90,452 km",Petrol,Manual,"EMI ₹6,901/m*",₹3.53 lakh
Renault TRIBER,Renault,2020,"95,161 km",Petrol,Manual,"EMI ₹5,296/m*",₹3.00 lakh
Hyundai i10,Hyundai,2014,"66,668 km",Petrol,Manual,"EMI ₹4,883/m*",₹1.47 lakh
Hyundai Eon,Hyundai,2014,"38,182 km",Petrol,Manual,"EMI ₹3,587/m*",₹1.08 lakh
Hyundai Verna,Hyundai,2012,"99,528 km",Petrol,Manual,"EMI ₹13,238/m*",₹1.49 lakh
Maruti Wagon R 1.0,Maruti,2014,"2,28,770 km",Petrol,Manual,"EMI ₹7,075/m*",₹2.13 lakh
Maruti Wagon R 1.0,Maruti,2012,"51,663 km",Petrol,Manual,"EMI ₹13,238/m*",₹1.49 lakh
Maruti Wagon R 1.0,Maruti,2013,"51,500 km",Petrol,Manual,"EMI ₹8,897/m*",₹1.89 lakh
Maruti Swift,Maruti,2018,"70,006 km",Petrol,Manual,"EMI ₹6,532/m*",₹3.70 lakh
Maruti Swift,Maruti,2014,"81,265 km",Petrol,Manual,"EMI ₹6,344/m*",₹1.91 lakh
Hyundai i10,Hyundai,2012,"32,130 km",Petrol,Manual,"EMI ₹13,061/m*",₹1.47 lakh
Maruti Alto K10,Maruti,2012,"1,14,016 km",Petrol,Manual,"EMI ₹7,197/m*",₹0.81 lakh
Maruti Alto 800,Maruti,2015,"11,849 km",Petrol,Manual,"EMI ₹5,398/m*",₹2.05 lakh
Maruti Alto 800,Maruti,2014,"50,659 km",Petrol,Manual,"EMI ₹5,879/m*",₹1.77 lakh
Maruti Alto 800,Maruti,2012,"1,06,460 km",Petrol,Manual,"EMI ₹7,197/m*",₹0.81 lakh
Honda Amaze,Honda,2014,"1,15,247 km",Petrol,Manual,"EMI ₹7,673/m*",₹2.31 lakh
Maruti Alto K10,Maruti,2012,"52,734 km",Petrol,Manual,"EMI ₹9,151/m*",₹1.03 lakh
Maruti Wagon R 1.0,Maruti,2016,"1,22,910 km",Petrol,Manual,"EMI ₹5,672/m*",₹2.55 lakh
Maruti Alto 800,Maruti,2014,"67,258 km",Petrol,Manual,"EMI ₹4,550/m*",₹1.37 lakh
Maruti Swift Dzire,Maruti,2014,"2,26,000 km",Petrol,Manual,"EMI ₹7,573/m*",₹2.28 lakh
Honda Accord,Honda,2013,"89,026 km",Petrol,Auto,"EMI ₹11,486/m*",₹2.44 lakh
Volkswagen Ameo,Volkswagen,2017,"44,349 km",Diesel,Manual,"EMI ₹32,074/m*",₹3.61 lakh
Maruti Swift Dzire,Maruti,2016,"85,810 km",Petrol,Manual,"EMI ₹4,805/m*",₹2.16 lakh
Honda Brio,Honda,2013,"64,427 km",Petrol,Manual,"EMI ₹7,202/m*",₹1.53 lakh
Hyundai i20,Hyundai,2013,"65,861 km",Petrol,Manual,"EMI ₹7,579/m*",₹1.61 lakh
Hyundai Verna,Hyundai,2012,"1,37,640 km",Petrol,Manual,"EMI ₹17,237/m*",₹1.94 lakh
Maruti Wagon R 1.0,Maruti,2015,"37,240 km",Petrol,Manual,"EMI ₹6,294/m*",₹2.39 lakh
Hyundai i20,Hyundai,2013,"69,108 km",Petrol,Manual,"EMI ₹6,590/m*",₹1.40 lakh
Honda Jazz,Honda,2018,"51,956 km",Petrol,Manual,"EMI ₹6,073/m*",₹3.44 lakh
Hyundai Verna,Hyundai,2017,"91,774 km",Petrol,Manual,"EMI ₹9,404/m*",₹4.81 lakh
Tata Tiago,Tata,2017,"1,14,011 km",Petrol,Manual,"EMI ₹4,048/m*",₹1.82 lakh
Maruti Ritz,Maruti,2014,"94,920 km",Petrol,Manual,"EMI ₹6,444/m*",₹1.94 lakh
Maruti FRONX,Maruti,2023,"55,753 km",Petrol,Manual,"EMI ₹13,766/m*",₹8.04 lakh
Maruti IGNIS,Maruti,2017,"1,35,799 km",Petrol,Manual,"EMI ₹5,561/m*",₹2.50 lakh
Honda Brio,Honda,2013,"72,832 km",Petrol,Manual,"EMI ₹7,014/m*",₹1.49 lakh
Maruti Wagon R 1.0,Maruti,2017,"70,623 km",Petrol,Manual,"EMI ₹4,829/m*",₹2.47 lakh
Tata PUNCH,Tata,2022,"18,063 km",Petrol,Manual,"EMI ₹9,074/m*",₹5.14 lakh
Tata NEXON,Tata,2018,"1,38,930 km",Diesel,Manual,"EMI ₹20,195/m*",₹4.29 lakh
Volkswagen Ameo,Volkswagen,2018,"54,685 km",Petrol,Manual,"EMI ₹5,614/m*",₹3.18 lakh
Hyundai Grand i10,Hyundai,2014,"75,999 km",Petrol,Manual,"EMI ₹7,374/m*",₹2.22 lakh
Renault Kwid,Renault,2018,"74,811 km",Petrol,Manual,"EMI ₹3,177/m*",₹1.80 lakh
Hyundai i10,Hyundai,2012,"12,359 km",Petrol,Manual,"EMI ₹14,305/m*",₹1.61 lakh
Audi A4,Audi,2010,"67,536 km",Petrol,Auto,"EMI ₹14,305/m*",₹2.44 lakh
Maruti Swift,Maruti,2015,"48,972 km",Petrol,Manual,"EMI ₹7,136/m*",₹2.71 lakh
Honda Amaze,Honda,2015,"74,445 km",Petrol,Manual,"EMI ₹7,479/m*",₹2.84 lakh
Maruti S Cross,Maruti,2018,"46,403 km",Diesel,Manual,"EMI ₹29,138/m*",₹6.19 lakh
Maruti Swift,Maruti,2014,"70,847 km",Petrol,Manual,"EMI ₹6,643/m*",₹2.00 lakh
Hyundai i10,Hyundai,2015,"53,774 km",Petrol,Manual,"EMI ₹4,292/m*",₹1.63 lakh
Hyundai Verna,Hyundai,2011,"57,216 km",Petrol,Auto,"EMI ₹4,292/m*",₹1.49 lakh
Maruti New Wagon-R,Maruti,2020,"80,333 km",Petrol,Manual,"EMI ₹5,596/m*",₹3.17 lakh
Skoda KUSHAQ,Skoda,2021,"50,689 km",Petrol,Manual,"EMI ₹11,827/m*",₹6.70 lakh
Hyundai Eon,Hyundai,2014,"75,434 km",Petrol,Manual,"EMI ₹3,753/m*",₹1.13 lakh
Hyundai i10,Hyundai,2012,"1,05,977 km",Petrol,Manual,"EMI ₹7,996/m*",₹0.90 lakh
Maruti Alto K10,Maruti,2012,"50,016 km",Petrol,Manual,"EMI ₹9,151/m*",₹1.03 lakh
Hyundai i10,Hyundai,2012,"1,06,118 km",Petrol,Manual,"EMI ₹9,418/m*",₹1.06 lakh
Mahindra XUV 3XO,Mahindra,2024,"13,656 km",Petrol,Manual,"EMI ₹12,357/m*",₹7.00 lakh
Ford Figo Aspire,Ford,2017,"78,322 km",Petrol,Manual,"EMI ₹4,938/m*",₹2.22 lakh
Maruti Ciaz,Maruti,2015,"2,11,498 km",Petrol,Manual,"EMI ₹7,505/m*",₹2.85 lakh
Honda Amaze,Honda,2015,"49,676 km",Petrol,Manual,"EMI ₹4,213/m*",₹1.60 lakh
Maruti Alto 800,Maruti,2015,"32,483 km",Petrol,Manual,"EMI ₹3,950/m*",₹1.50 lakh
Maruti Baleno,Maruti,2016,"59,530 km",Petrol,Manual,"EMI ₹6,050/m*",₹2.72 lakh
Mahindra Kuv100,Mahindra,2016,"41,600 km",Petrol,Manual,"EMI ₹3,448/m*",₹1.55 lakh
Hyundai i20,Hyundai,2013,"1,02,079 km",Petrol,Manual,"EMI ₹9,838/m*",₹2.09 lakh
Maruti Wagon R 1.0,Maruti,2014,"1,02,858 km",Petrol,Manual,"EMI ₹7,971/m*",₹2.40 lakh
Maruti Swift Dzire,Maruti,2013,"1,11,139 km",Petrol,Manual,"EMI ₹7,061/m*",₹1.50 lakh
Maruti Swift,Maruti,2018,"1,70,878 km",Petrol,Manual,"EMI ₹7,341/m*",₹3.30 lakh
Honda Amaze,Honda,2014,"66,423 km",Petrol,Manual,"EMI ₹8,802/m*",₹2.65 lakh
Maruti Celerio,Maruti,2018,"93,785 km",Petrol,Manual,"EMI ₹4,131/m*",₹2.34 lakh
Maruti Wagon R 1.0,Maruti,2015,"1,20,795 km",Petrol,Manual,"EMI ₹5,056/m*",₹1.92 lakh
Renault Duster,Renault,2016,"1,30,615 km",Diesel,Auto,"EMI ₹5,056/m*",₹3.37 lakh
Honda Brio,Honda,2013,"60,581 km",Petrol,Manual,"EMI ₹7,908/m*",₹1.68 lakh
Mahindra Kuv100,Mahindra,2016,"99,692 km",Diesel,Manual,"EMI ₹7,908/m*",₹1.45 lakh
Maruti Alto K10,Maruti,2012,"59,180 km",Petrol,Manual,"EMI ₹8,618/m*",₹0.97 lakh
Tata NEXON,Tata,2025,"8,148 km",Petrol,Manual,"EMI ₹13,938/m*",₹8.14 lakh
Honda Jazz,Honda,2017,"78,189 km",Petrol,Manual,"EMI ₹5,865/m*",₹3.00 lakh
Datsun Redi Go,Datsun,2017,"61,110 km",Petrol,Manual,"EMI ₹3,636/m*",₹1.86 lakh
Hyundai Grand i10,Hyundai,2014,"89,626 km",Petrol,Manual,"EMI ₹5,746/m*",₹1.73 lakh
Hyundai Xcent,Hyundai,2015,"81,200 km",Petrol,Manual,"EMI ₹4,345/m*",₹1.65 lakh
Maruti Wagon R 1.0,Maruti,2016,"2,45,068 km",Petrol,Manual,"EMI ₹4,137/m*",₹1.86 lakh
Maruti Celerio,Maruti,2016,"45,632 km",Diesel,Manual,"EMI ₹4,137/m*",₹1.45 lakh
Hyundai Santro Xing,Hyundai,2010,"53,607 km",Petrol,Manual,"EMI ₹4,137/m*",₹1.15 lakh
Tata Tiago,Tata,2017,"81,259 km",Diesel,Manual,"EMI ₹20,613/m*",₹2.32 lakh
Hyundai Grand i10,Hyundai,2015,"68,350 km",Petrol,Manual,"EMI ₹5,082/m*",₹1.93 lakh
Maruti Vitara Brezza,Maruti,2021,"60,214 km",Petrol,Manual,"EMI ₹8,844/m*",₹5.01 lakh
Maruti Alto 800,Maruti,2017,"36,122 km",Petrol,Manual,"EMI ₹4,203/m*",₹2.15 lakh
Hyundai Eon,Hyundai,2012,"74,629 km",Petrol,Manual,"EMI ₹7,730/m*",₹0.87 lakh
Volkswagen Polo,Volkswagen,2013,"1,41,416 km",Petrol,Manual,"EMI ₹8,332/m*",₹1.77 lakh
Maruti Alto 800,Maruti,2014,"55,239 km",Petrol,Manual,"EMI ₹4,085/m*",₹1.23 lakh
Maruti Alto 800,Maruti,2018,"56,548 km",Petrol,Manual,"EMI ₹3,566/m*",₹2.02 lakh
Maruti Alto K10,Maruti,2014,"56,908 km",Petrol,Auto,"EMI ₹5,813/m*",₹1.75 lakh
Hyundai Elite i20,Hyundai,2016,"56,200 km",Petrol,Manual,"EMI ₹6,028/m*",₹2.71 lakh
Maruti Ciaz,Maruti,2015,"1,43,775 km",Petrol,Manual,"EMI ₹6,820/m*",₹2.59 lakh
Maruti Alto 800,Maruti,2017,"29,754 km",Petrol,Manual,"EMI ₹3,793/m*",₹1.94 lakh
Honda Amaze,Honda,2014,"60,340 km",Petrol,Manual,"EMI ₹8,304/m*",₹2.50 lakh
Maruti Alto K10,Maruti,2018,"1,22,705 km",Petrol,Manual,"EMI ₹4,894/m*",₹2.20 lakh
Maruti Alto 800,Maruti,2014,"89,998 km",Petrol,Manual,"EMI ₹3,720/m*",₹1.12 lakh
Maruti Swift Dzire,Maruti,2012,"91,745 km",Petrol,Manual,"EMI ₹13,772/m*",₹1.55 lakh
Honda Amaze,Honda,2014,"75,327 km",Petrol,Manual,"EMI ₹7,805/m*",₹2.35 lakh
Renault Kwid,Renault,2016,"9,717 km",Petrol,Manual,"EMI ₹4,137/m*",₹1.86 lakh
Maruti Wagon R 1.0,Maruti,2012,"74,546 km",Petrol,Manual,"EMI ₹11,284/m*",₹1.27 lakh
Maruti Baleno,Maruti,2016,"45,857 km",Petrol,Manual,"EMI ₹6,228/m*",₹2.80 lakh
Honda Amaze,Honda,2018,"1,10,035 km",Petrol,Manual,"EMI ₹6,896/m*",₹3.10 lakh
Maruti Alto K10,Maruti,2018,"51,613 km",Petrol,Manual,"EMI ₹4,290/m*",₹2.43 lakh
Skoda Superb,Skoda,2011,"47,719 km",Petrol,Manual,"EMI ₹4,290/m*",₹2.18 lakh
Maruti Grand Vitara,Maruti,2023,"5,870 km",Petrol,Manual,"EMI ₹17,722/m*",₹10.35 lakh
Maruti Grand Vitara,Maruti,2023,"19,498 km",Petrol,Auto,"EMI ₹18,595/m*",₹10.86 lakh
Mahindra TUV300,Mahindra,2017,"59,259 km",Diesel,Manual,"EMI ₹39,982/m*",₹4.50 lakh
Hyundai Eon,Hyundai,2012,"35,976 km",Petrol,Manual,"EMI ₹10,222/m*",₹1.15 lakh
Tata Tiago,Tata,2016,"56,797 km",Diesel,Manual,"EMI ₹10,222/m*",₹1.62 lakh
Hyundai i10,Hyundai,2012,"50,288 km",Petrol,Manual,"EMI ₹9,685/m*",₹1.09 lakh
Hyundai Xcent,Hyundai,2017,"1,21,051 km",Diesel,Manual,"EMI ₹20,702/m*",₹2.33 lakh
Renault Kwid,Renault,2016,"92,357 km",Petrol,Manual,"EMI ₹3,003/m*",₹1.35 lakh
Maruti Wagon R 1.0,Maruti,2012,"49,635 km",Petrol,Manual,"EMI ₹12,083/m*",₹1.36 lakh
Maruti Vitara Brezza,Maruti,2016,"1,57,164 km",Diesel,Manual,"EMI ₹12,083/m*",₹4.80 lakh
Hyundai Eon,Hyundai,2014,"98,788 km",Petrol,Manual,"EMI ₹3,753/m*",₹1.13 lakh
Honda Amaze,Honda,2014,"72,635 km",Petrol,Manual,"EMI ₹8,569/m*",₹2.58 lakh
Hyundai Eon,Hyundai,2014,"96,673 km",Petrol,Manual,"EMI ₹3,953/m*",₹1.19 lakh
Maruti Swift,Maruti,2017,"1,42,057 km",Petrol,Manual,"EMI ₹7,897/m*",₹3.55 lakh
Hyundai i10,Hyundai,2013,"66,666 km",Petrol,Manual,"EMI ₹5,884/m*",₹1.25 lakh
Honda Brio,Honda,2014,"51,490 km",Petrol,Manual,"EMI ₹5,414/m*",₹1.63 lakh
Maruti Wagon R 1.0,Maruti,2016,"67,817 km",Petrol,Manual,"EMI ₹4,071/m*",₹1.83 lakh
Ford Figo Aspire,Ford,2017,"2,45,582 km",Diesel,Manual,"EMI ₹15,993/m*",₹1.80 lakh
Mahindra TUV300,Mahindra,2017,"40,255 km",Diesel,Manual,"EMI ₹31,008/m*",₹3.49 lakh
Maruti Alto K10,Maruti,2014,"86,193 km",Petrol,Manual,"EMI ₹5,248/m*",₹1.58 lakh
Maruti Grand Vitara,Maruti,2023,"24,285 km",Petrol,Manual,"EMI ₹16,814/m*",₹9.82 lakh
Honda Brio,Honda,2012,"83,427 km",Petrol,Manual,"EMI ₹10,928/m*",₹1.23 lakh
Tata NEXON,Tata,2018,"1,08,438 km",Petrol,Manual,"EMI ₹9,454/m*",₹4.25 lakh
Volkswagen Polo,Volkswagen,2012,"2,12,998 km",Petrol,Manual,"EMI ₹10,395/m*",₹1.17 lakh
Datsun Go,Datsun,2014,"90,559 km",Petrol,Manual,"EMI ₹2,989/m*",₹0.90 lakh
Hyundai Grand i10,Hyundai,2015,"62,300 km",Petrol,Manual,"EMI ₹7,558/m*",₹2.87 lakh
Datsun Go Plus,Datsun,2016,"33,704 km",Petrol,Manual,"EMI ₹2,291/m*",₹1.03 lakh
Maruti Swift,Maruti,2017,"34,745 km",Petrol,Manual,"EMI ₹7,136/m*",₹3.65 lakh
Tata Tiago,Tata,2018,"1,24,823 km",Petrol,Manual,"EMI ₹5,161/m*",₹2.32 lakh
Maruti Wagon R 1.0,Maruti,2016,"92,813 km",Petrol,Manual,"EMI ₹5,606/m*",₹2.52 lakh
Ford Figo Aspire,Ford,2017,"1,23,756 km",Diesel,Manual,"EMI ₹19,991/m*",₹2.25 lakh
Maruti Ritz,Maruti,2012,"1,06,868 km",Petrol,Manual,"EMI ₹11,284/m*",₹1.27 lakh
Maruti Swift Dzire,Maruti,2013,"63,702 km",Petrol,Manual,"EMI ₹10,356/m*",₹2.20 lakh
Renault Kwid,Renault,2019,"52,664 km",Petrol,Manual,"EMI ₹4,095/m*",₹2.32 lakh
Maruti Swift Dzire,Maruti,2015,"1,47,706 km",Petrol,Manual,"EMI ₹6,162/m*",₹2.34 lakh
Hyundai Verna,Hyundai,2013,"67,640 km",Petrol,Manual,"EMI ₹9,791/m*",₹2.08 lakh
Maruti Ciaz,Maruti,2015,"1,36,257 km",Petrol,Manual,"EMI ₹9,243/m*",₹3.51 lakh
Hyundai Grand i10,Hyundai,2015,"74,302 km",Petrol,Manual,"EMI ₹6,452/m*",₹2.45 lakh
Hyundai Santro Xing,Hyundai,2011,"56,838 km",Petrol,Manual,"EMI ₹6,452/m*",₹1.11 lakh
Maruti Wagon R 1.0,Maruti,2013,"1,42,190 km",Petrol,Manual,"EMI ₹6,261/m*",₹1.33 lakh
Maruti Swift,Maruti,2013,"1,01,186 km",Petrol,Manual,"EMI ₹10,403/m*",₹2.21 lakh
Hyundai Eon,Hyundai,2012,"83,894 km",Petrol,Manual,"EMI ₹6,664/m*",₹0.75 lakh
Renault Kwid,Renault,2016,"90,296 km",Petrol,Manual,"EMI ₹3,070/m*",₹1.38 lakh
Volkswagen Vento,Volkswagen,2015,"78,589 km",Petrol,Auto,"EMI ₹7,505/m*",₹2.85 lakh
Hyundai Eon,Hyundai,2014,"72,504 km",Petrol,Manual,"EMI ₹3,820/m*",₹1.15 lakh
Honda Civic,Honda,2019,"12,504 km",Petrol,Auto,"EMI ₹21,043/m*",₹12.29 lakh
Honda Amaze,Honda,2014,"93,522 km",Petrol,Manual,"EMI ₹9,034/m*",₹2.72 lakh
Honda Brio,Honda,2013,"40,674 km",Petrol,Manual,"EMI ₹9,509/m*",₹2.02 lakh
Maruti Swift Dzire,Maruti,2014,"38,327 km",Petrol,Manual,"EMI ₹9,068/m*",₹2.73 lakh
Toyota Etios Liva,Toyota,2012,"1,15,930 km",Petrol,Manual,"EMI ₹15,371/m*",₹1.73 lakh
Hyundai Elite i20,Hyundai,2016,"81,000 km",Petrol,Manual,"EMI ₹6,584/m*",₹2.96 lakh
Hyundai i10,Hyundai,2012,"92,845 km",Petrol,Manual,"EMI ₹8,352/m*",₹0.94 lakh
Hyundai Eon,Hyundai,2013,"52,992 km",Petrol,Manual,"EMI ₹3,954/m*",₹0.84 lakh
Hyundai i10,Hyundai,2012,"1,67,655 km",Petrol,Manual,"EMI ₹10,751/m*",₹1.21 lakh
BMW 3 Series,BMW,2011,"57,260 km",Petrol,Auto,"EMI ₹10,751/m*",₹2.37 lakh
Honda City,Honda,2011,"55,577 km",Petrol,Manual,"EMI ₹10,751/m*",₹1.09 lakh
Maruti Wagon R 1.0,Maruti,2014,"46,522 km",Petrol,Manual,"EMI ₹6,145/m*",₹1.85 lakh
Hyundai VENUE,Hyundai,2021,"51,068 km",Petrol,Manual,"EMI ₹9,709/m*",₹5.50 lakh
Maruti Vitara Brezza,Maruti,2016,"1,31,904 km",Diesel,Manual,"EMI ₹9,709/m*",₹4.69 lakh
Hyundai i20,Hyundai,2013,"68,496 km",Petrol,Manual,"EMI ₹7,767/m*",₹1.65 lakh
Maruti Swift Dzire,Maruti,2015,"93,296 km",Petrol,Manual,"EMI ₹5,267/m*",₹2.00 lakh
Mahindra TUV300,Mahindra,2017,"77,289 km",Diesel,Manual,"EMI ₹35,451/m*",₹3.99 lakh
Hyundai i10,Hyundai,2013,"79,695 km",Petrol,Manual,"EMI ₹5,084/m*",₹1.08 lakh
Maruti Alto 800,Maruti,2016,"1,00,326 km",Petrol,Manual,"EMI ₹3,070/m*",₹1.38 lakh
Maruti Wagon R 1.0,Maruti,2012,"79,017 km",Petrol,Manual,"EMI ₹10,662/m*",₹1.20 lakh
Maruti Alto K10,Maruti,2012,"42,262 km",Petrol,Manual,"EMI ₹12,577/m*",₹1.42 lakh
Maruti Wagon R 1.0,Maruti,2018,"1,16,676 km",Petrol,Manual,"EMI ₹5,005/m*",₹2.25 lakh
Honda Amaze,Honda,2015,"1,34,112 km",Petrol,Manual,"EMI ₹6,662/m*",₹2.53 lakh
Mahindra TUV300,Mahindra,2017,"1,03,595 km",Diesel,Manual,"EMI ₹38,560/m*",₹4.34 lakh
Maruti Wagon R 1.0,Maruti,2016,"1,03,604 km",Petrol,Auto,"EMI ₹6,117/m*",₹2.75 lakh
Hyundai i10,Hyundai,2012,"57,677 km",Petrol,Manual,"EMI ₹8,885/m*",₹1.00 lakh
Honda Amaze,Honda,2013,"1,32,820 km",Petrol,Manual,"EMI ₹9,132/m*",₹1.94 lakh
Hyundai i10,Hyundai,2014,"82,795 km",Petrol,Manual,"EMI ₹4,916/m*",₹1.48 lakh
Maruti Swift,Maruti,2015,"80,792 km",Petrol,Manual,"EMI ₹6,162/m*",₹2.34 lakh
Maruti Wagon R 1.0,Maruti,2012,"89,163 km",Petrol,Manual,"EMI ₹12,172/m*",₹1.37 lakh
Mahindra XUV500,Mahindra,2016,"1,31,800 km",Diesel,Manual,"EMI ₹12,172/m*",₹3.00 lakh
Maruti Ertiga,Maruti,2018,"91,556 km",Petrol,Manual,"EMI ₹6,337/m*",₹3.59 lakh
Maruti Vitara Brezza,Maruti,2016,"89,719 km",Diesel,Manual,"EMI ₹6,337/m*",₹3.67 lakh
Maruti Wagon R 1.0,Maruti,2017,"1,59,865 km",Petrol,Manual,"EMI ₹6,184/m*",₹2.78 lakh
Honda Amaze,Honda,2014,"90,073 km",Petrol,Manual,"EMI ₹8,104/m*",₹2.44 lakh
Maruti Swift,Maruti,2021,"37,755 km",Petrol,Manual,"EMI ₹8,385/m*",₹4.75 lakh
Maruti Swift Dzire,Maruti,2012,"1,04,184 km",Petrol,Manual,"EMI ₹13,061/m*",₹1.47 lakh
Honda Amaze,Honda,2014,"61,471 km",Petrol,Manual,"EMI ₹8,636/m*",₹2.60 lakh
Hyundai Grand i10,Hyundai,2014,"81,664 km",Petrol,Manual,"EMI ₹8,104/m*",₹2.44 lakh
Maruti Alto 800,Maruti,2017,"85,400 km",Petrol,Manual,"EMI ₹3,910/m*",₹2.00 lakh
Maruti Wagon R 1.0,Maruti,2013,"62,013 km",Petrol,Manual,"EMI ₹6,355/m*",₹1.35 lakh
Maruti Alto K10,Maruti,2019,"45,928 km",Petrol,Manual,"EMI ₹4,184/m*",₹2.37 lakh
Hyundai i20,Hyundai,2012,"73,865 km",Petrol,Manual,"EMI ₹10,306/m*",₹1.16 lakh
Honda Jazz,Honda,2015,"99,459 km",Petrol,Manual,"EMI ₹5,741/m*",₹2.18 lakh
Toyota Etios,Toyota,2012,"1,50,000 km",Petrol,Manual,"EMI ₹9,773/m*",₹1.10 lakh
Hyundai Grand i10,Hyundai,2013,"29,493 km",Petrol,Manual,"EMI ₹7,579/m*",₹1.61 lakh
Hyundai Elite i20,Hyundai,2014,"76,942 km",Petrol,Manual,"EMI ₹10,296/m*",₹3.10 lakh
Tata TIGOR,Tata,2018,"91,967 km",Diesel,Manual,"EMI ₹19,065/m*",₹4.05 lakh
Maruti Wagon R 1.0,Maruti,2016,"57,313 km",Petrol,Auto,"EMI ₹6,740/m*",₹3.03 lakh
Volkswagen Polo,Volkswagen,2012,"68,654 km",Petrol,Manual,"EMI ₹11,906/m*",₹1.34 lakh
Maruti Wagon R 1.0,Maruti,2013,"1,46,306 km",Petrol,Manual,"EMI ₹6,684/m*",₹1.42 lakh
Maruti Vitara Brezza,Maruti,2017,"80,943 km",Diesel,Manual,"EMI ₹48,689/m*",₹5.48 lakh
KIA CARENS,KIA,2024,"2,741 km",Petrol,Manual,"EMI ₹18,253/m*",₹10.66 lakh
Hyundai i10,Hyundai,2014,"65,181 km",Petrol,Manual,"EMI ₹6,244/m*",₹1.88 lakh
Maruti Alto 800,Maruti,2014,"70,840 km",Petrol,Manual,"EMI ₹4,716/m*",₹1.42 lakh
Datsun Redi Go,Datsun,2017,"15,553 km",Petrol,Manual,"EMI ₹3,128/m*",₹1.60 lakh
Maruti Swift,Maruti,2013,"99,248 km",Petrol,Manual,"EMI ₹8,473/m*",₹1.80 lakh
Honda City,Honda,2010,"1,12,253 km",Petrol,Auto,"EMI ₹8,473/m*",₹0.80 lakh
Maruti Wagon R 1.0,Maruti,2012,"1,18,473 km",Petrol,Manual,"EMI ₹9,109/m*",₹1.03 lakh
Hyundai Grand i10,Hyundai,2015,"83,601 km",Petrol,Manual,"EMI ₹7,373/m*",₹2.80 lakh
Hyundai Grand i10,Hyundai,2014,"78,580 km",Petrol,Manual,"EMI ₹8,370/m*",₹2.52 lakh
Renault Kwid,Renault,2018,"72,011 km",Petrol,Manual,"EMI ₹3,389/m*",₹1.92 lakh
Hyundai i20,Hyundai,2013,"91,353 km",Petrol,Manual,"EMI ₹7,061/m*",₹1.50 lakh
Hyundai i10,Hyundai,2012,"58,795 km",Petrol,Manual,"EMI ₹13,505/m*",₹1.52 lakh
Hyundai Grand i10,Hyundai,2014,"1,04,056 km",Petrol,Manual,"EMI ₹7,938/m*",₹2.39 lakh
Maruti Swift,Maruti,2014,"83,390 km",Petrol,Manual,"EMI ₹6,776/m*",₹2.04 lakh
Tata Harrier,Tata,2019,"1,26,452 km",Diesel,Manual,"EMI ₹21,888/m*",₹6.59 lakh
Hyundai Xcent,Hyundai,2014,"1,98,026 km",Petrol,Manual,"EMI ₹5,414/m*",₹1.63 lakh
Maruti Ciaz,Maruti,2015,"96,815 km",Petrol,Auto,"EMI ₹8,295/m*",₹3.15 lakh
Hyundai Grand i10,Hyundai,2015,"94,009 km",Petrol,Manual,"EMI ₹6,583/m*",₹2.50 lakh
Hyundai Eon,Hyundai,2016,"1,56,202 km",Petrol,Manual,"EMI ₹3,633/m*",₹1.63 lakh
Honda City,Honda,2013,"95,457 km",Petrol,Manual,"EMI ₹9,838/m*",₹2.09 lakh
Honda Amaze,Honda,2014,"47,834 km",Petrol,Manual,"EMI ₹8,104/m*",₹2.44 lakh
Maruti Swift,Maruti,2013,"67,790 km",Petrol,Manual,"EMI ₹9,509/m*",₹2.02 lakh
Maruti Wagon R 1.0,Maruti,2013,"92,549 km",Petrol,Manual,"EMI ₹6,826/m*",₹1.45 lakh
Ford Figo,Ford,2012,"87,278 km",Petrol,Manual,"EMI ₹9,862/m*",₹1.11 lakh
Maruti Swift Dzire,Maruti,2013,"51,475 km",Petrol,Manual,"EMI ₹13,651/m*",₹2.90 lakh
Renault Kwid,Renault,2016,"33,224 km",Petrol,Manual,"EMI ₹3,737/m*",₹1.68 lakh
Ford Figo Aspire,Ford,2017,"72,871 km",Diesel,Manual,"EMI ₹22,479/m*",₹2.53 lakh
Honda Brio,Honda,2012,"48,160 km",Petrol,Manual,"EMI ₹11,017/m*",₹1.24 lakh
Hyundai Verna,Hyundai,2013,"1,46,903 km",Petrol,Manual,"EMI ₹9,650/m*",₹2.05 lakh
KIA SELTOS,KIA,2022,"95,031 km",Petrol,Manual,"EMI ₹15,564/m*",₹9.09 lakh
Datsun Redi Go,Datsun,2017,"1,31,423 km",Petrol,Manual,"EMI ₹2,870/m*",₹1.29 lakh
Renault TRIBER,Renault,2020,"69,932 km",Petrol,Manual,"EMI ₹7,591/m*",₹4.30 lakh
Honda Brio,Honda,2012,"70,310 km",Petrol,Manual,"EMI ₹13,416/m*",₹1.51 lakh
Maruti Swift,Maruti,2016,"1,81,492 km",Petrol,Manual,"EMI ₹7,163/m*",₹3.22 lakh
Honda Amaze,Honda,2013,"1,69,207 km",Petrol,Auto,"EMI ₹8,144/m*",₹1.73 lakh
Hyundai Grand i10,Hyundai,2014,"59,588 km",Petrol,Manual,"EMI ₹5,514/m*",₹1.66 lakh
Hyundai Verna,Hyundai,2011,"45,000 km",Petrol,Manual,"EMI ₹5,514/m*",₹1.34 lakh
Hyundai Grand i10,Hyundai,2014,"1,39,323 km",Petrol,Manual,"EMI ₹8,769/m*",₹2.64 lakh
Maruti Celerio,Maruti,2014,"38,766 km",Petrol,Manual,"EMI ₹6,576/m*",₹1.98 lakh
Maruti Wagon R 1.0,Maruti,2016,"71,016 km",Petrol,Manual,"EMI ₹5,561/m*",₹2.50 lakh
Hyundai i10,Hyundai,2016,"42,207 km",Petrol,Manual,"EMI ₹4,605/m*",₹2.07 lakh
Maruti IGNIS,Maruti,2018,"82,301 km",Petrol,Auto,"EMI ₹5,631/m*",₹3.19 lakh
Honda ELEVATE,Honda,2024,"23,360 km",Petrol,Auto,"EMI ₹23,971/m*",₹14.00 lakh
Tata NEXON,Tata,2019,"80,397 km",Petrol,Manual,"EMI ₹8,191/m*",₹4.64 lakh
Honda Brio,Honda,2015,"53,875 km",Petrol,Manual,"EMI ₹5,530/m*",₹2.10 lakh
Maruti Alto 800,Maruti,2016,"1,04,200 km",Petrol,Manual,"EMI ₹3,337/m*",₹1.50 lakh
Mahindra TUV300,Mahindra,2016,"1,25,936 km",Diesel,Manual,"EMI ₹3,337/m*",₹3.81 lakh
Honda City,Honda,2014,"1,75,647 km",Diesel,Manual,"EMI ₹11,674/m*",₹2.48 lakh
KIA SELTOS,KIA,2022,"72,871 km",Petrol,Manual,"EMI ₹15,564/m*",₹9.09 lakh
Maruti Alto 800,Maruti,2014,"1,17,032 km",Petrol,Manual,"EMI ₹3,786/m*",₹1.14 lakh
Maruti Swift,Maruti,2016,"95,522 km",Petrol,Manual,"EMI ₹6,429/m*",₹2.89 lakh
Tata NEXON,Tata,2018,"1,52,908 km",Diesel,Manual,"EMI ₹23,443/m*",₹4.98 lakh
Hyundai i10,Hyundai,2011,"60,985 km",Petrol,Manual,"EMI ₹23,443/m*",₹0.68 lakh
Nissan Micra,Nissan,2015,"13,098 km",Petrol,Manual,"EMI ₹3,502/m*",₹1.33 lakh
Hyundai Eon,Hyundai,2015,"81,412 km",Petrol,Manual,"EMI ₹4,635/m*",₹1.76 lakh
Honda Amaze,Honda,2017,"69,567 km",Petrol,Manual,"EMI ₹5,474/m*",₹2.80 lakh
Maruti Alto 800,Maruti,2017,"72,862 km",Petrol,Manual,"EMI ₹3,324/m*",₹1.70 lakh
Honda Amaze,Honda,2015,"85,987 km",Petrol,Manual,"EMI ₹7,110/m*",₹2.70 lakh
Maruti Swift,Maruti,2016,"97,832 km",Petrol,Manual,"EMI ₹7,252/m*",₹3.26 lakh
Honda Amaze,Honda,2013,"83,916 km",Petrol,Manual,"EMI ₹7,061/m*",₹1.50 lakh
Maruti Ertiga,Maruti,2018,"2,09,868 km",Diesel,Manual,"EMI ₹27,303/m*",₹5.80 lakh
Toyota Etios,Toyota,2011,"69,073 km",Petrol,Manual,"EMI ₹27,303/m*",₹1.30 lakh
Maruti Swift,Maruti,2012,"69,955 km",Petrol,Manual,"EMI ₹15,549/m*",₹1.75 lakh
Maruti Celerio,Maruti,2015,"70,067 km",Petrol,Manual,"EMI ₹5,951/m*",₹2.26 lakh
Maruti Wagon R 1.0,Maruti,2015,"49,910 km",Petrol,Manual,"EMI ₹5,477/m*",₹2.08 lakh
Hyundai i10,Hyundai,2014,"51,773 km",Petrol,Manual,"EMI ₹5,049/m*",₹1.52 lakh
Maruti Celerio,Maruti,2018,"90,234 km",Petrol,Manual,"EMI ₹4,448/m*",₹2.52 lakh
Honda Amaze,Honda,2015,"51,842 km",Petrol,Manual,"EMI ₹6,768/m*",₹2.57 lakh
Maruti Swift Dzire,Maruti,2012,"1,87,000 km",Petrol,Manual,"EMI ₹10,751/m*",₹1.21 lakh
Honda Brio,Honda,2012,"68,809 km",Petrol,Manual,"EMI ₹9,329/m*",₹1.05 lakh
KIA SELTOS,KIA,2019,"66,315 km",Petrol,Manual,"EMI ₹13,921/m*",₹8.13 lakh
Maruti Swift,Maruti,2017,"71,103 km",Petrol,Manual,"EMI ₹6,706/m*",₹3.43 lakh
Mahindra KUV 100 NXT,Mahindra,2017,"60,225 km",Petrol,Manual,"EMI ₹4,868/m*",₹2.49 lakh
Maruti Swift Dzire,Maruti,2014,"61,293 km",Petrol,Manual,"EMI ₹6,145/m*",₹1.85 lakh
Hyundai Grand i10,Hyundai,2014,"79,463 km",Petrol,Manual,"EMI ₹7,839/m*",₹2.36 lakh
Maruti Swift Dzire,Maruti,2012,"2,14,412 km",Petrol,Manual,"EMI ₹16,437/m*",₹1.85 lakh
Maruti Baleno,Maruti,2016,"95,862 km",Petrol,Manual,"EMI ₹8,564/m*",₹3.85 lakh
Maruti Swift,Maruti,2019,"66,450 km",Petrol,Auto,"EMI ₹6,902/m*",₹3.91 lakh
Maruti Ciaz,Maruti,2015,"75,691 km",Petrol,Manual,"EMI ₹8,163/m*",₹3.10 lakh
Tata NEXON,Tata,2019,"55,842 km",Petrol,Manual,"EMI ₹8,968/m*",₹5.08 lakh
Mahindra TUV300,Mahindra,2016,"1,75,110 km",Diesel,Manual,"EMI ₹8,968/m*",₹2.70 lakh
Maruti Swift,Maruti,2012,"1,06,497 km",Petrol,Manual,"EMI ₹15,993/m*",₹1.80 lakh
Audi A6,Audi,2011,"90,405 km",Petrol,Auto,"EMI ₹15,993/m*",₹5.97 lakh
Maruti Ciaz,Maruti,2020,"89,774 km",Petrol,Manual,"EMI ₹9,285/m*",₹5.26 lakh
Hyundai i20,Hyundai,2013,"65,581 km",Petrol,Manual,"EMI ₹9,179/m*",₹1.95 lakh
Mahindra TUV300,Mahindra,2017,"57,775 km",Diesel,Manual,"EMI ₹42,292/m*",₹4.76 lakh
Mahindra MARAZZO,Mahindra,2019,"60,157 km",Diesel,Manual,"EMI ₹14,116/m*",₹4.25 lakh
Maruti Swift,Maruti,2016,"73,578 km",Petrol,Manual,"EMI ₹6,451/m*",₹2.90 lakh
Nissan MAGNITE,Nissan,2021,"43,415 km",Petrol,Manual,"EMI ₹6,532/m*",₹3.70 lakh
Tata NEXON,Tata,2022,"30,593 km",Petrol,Manual,"EMI ₹13,381/m*",₹7.58 lakh
Honda Amaze,Honda,2015,"1,45,477 km",Petrol,Auto,"EMI ₹6,109/m*",₹2.32 lakh
Hyundai i10,Hyundai,2014,"33,490 km",Petrol,Manual,"EMI ₹5,846/m*",₹1.76 lakh
Maruti Wagon R 1.0,Maruti,2016,"43,051 km",Petrol,Auto,"EMI ₹5,895/m*",₹2.65 lakh
Maruti Celerio,Maruti,2015,"68,350 km",Petrol,Auto,"EMI ₹6,531/m*",₹2.48 lakh
Maruti Swift Dzire,Maruti,2015,"1,53,124 km",Diesel,Manual,"EMI ₹6,531/m*",₹3.00 lakh
Hyundai i10,Hyundai,2012,"1,05,570 km",Petrol,Manual,"EMI ₹8,618/m*",₹0.97 lakh
Renault Kwid,Renault,2017,"68,253 km",Petrol,Manual,"EMI ₹2,991/m*",₹1.53 lakh
Maruti Wagon R 1.0,Maruti,2014,"69,672 km",Petrol,Manual,"EMI ₹6,012/m*",₹1.81 lakh
Hyundai Grand i10,Hyundai,2014,"88,318 km",Petrol,Manual,"EMI ₹5,613/m*",₹1.69 lakh
Hyundai i10,Hyundai,2014,"87,069 km",Petrol,Manual,"EMI ₹4,650/m*",₹1.40 lakh
Hyundai i10,Hyundai,2013,"80,763 km",Petrol,Manual,"EMI ₹4,990/m*",₹1.06 lakh
Maruti Vitara Brezza,Maruti,2016,"84,258 km",Diesel,Manual,"EMI ₹4,990/m*",₹4.42 lakh
Hyundai i10,Hyundai,2014,"70,543 km",Petrol,Manual,"EMI ₹5,314/m*",₹1.60 lakh
Maruti Baleno,Maruti,2018,"36,141 km",Petrol,Auto,"EMI ₹7,326/m*",₹4.15 lakh
Nissan MAGNITE,Nissan,2021,"20,801 km",Petrol,Auto,"EMI ₹8,826/m*",₹5.00 lakh
Hyundai i10,Hyundai,2015,"1,11,660 km",Petrol,Manual,"EMI ₹3,924/m*",₹1.49 lakh
Tata ALTROZ,Tata,2020,"57,967 km",Petrol,Manual,"EMI ₹6,938/m*",₹3.93 lakh
Volkswagen Polo,Volkswagen,2021,"81,351 km",Petrol,Auto,"EMI ₹11,474/m*",₹6.50 lakh
Maruti Alto 800,Maruti,2014,"76,171 km",Petrol,Manual,"EMI ₹4,085/m*",₹1.23 lakh
Hyundai i20,Hyundai,2014,"76,989 km",Petrol,Manual,"EMI ₹7,407/m*",₹2.23 lakh
Maruti Alto 800,Maruti,2013,"29,916 km",Petrol,Manual,"EMI ₹5,696/m*",₹1.21 lakh
Maruti Swift Dzire,Maruti,2015,"58,250 km",Petrol,Manual,"EMI ₹9,665/m*",₹3.67 lakh
Maruti Swift,Maruti,2015,"93,240 km",Petrol,Manual,"EMI ₹7,242/m*",₹2.75 lakh
Maruti Swift,Maruti,2016,"26,695 km",Petrol,Manual,"EMI ₹7,519/m*",₹3.38 lakh
Maruti Celerio,Maruti,2017,"66,698 km",Petrol,Manual,"EMI ₹4,125/m*",₹2.11 lakh
Hyundai i10,Hyundai,2013,"66,971 km",Petrol,Manual,"EMI ₹7,767/m*",₹1.65 lakh
Honda Amaze,Honda,2019,"1,08,000 km",Diesel,Manual,"EMI ₹11,525/m*",₹3.47 lakh
Maruti Wagon R 1.0,Maruti,2014,"1,83,042 km",Petrol,Manual,"EMI ₹4,351/m*",₹1.31 lakh
Maruti Alto 800,Maruti,2013,"1,20,686 km",Petrol,Manual,"EMI ₹7,296/m*",₹1.55 lakh
Honda Brio,Honda,2014,"45,016 km",Petrol,Manual,"EMI ₹5,680/m*",₹1.71 lakh
Hyundai i20,Hyundai,2012,"79,116 km",Petrol,Manual,"EMI ₹12,172/m*",₹1.37 lakh
Mahindra Kuv100,Mahindra,2016,"38,498 km",Petrol,Manual,"EMI ₹3,915/m*",₹1.76 lakh
Maruti Wagon R 1.0,Maruti,2016,"34,000 km",Petrol,Manual,"EMI ₹5,405/m*",₹2.43 lakh
Tata Tiago,Tata,2018,"1,32,885 km",Diesel,Manual,"EMI ₹9,038/m*",₹1.92 lakh
Hyundai Grand i10,Hyundai,2014,"75,134 km",Petrol,Manual,"EMI ₹6,311/m*",₹1.90 lakh
Maruti Vitara Brezza,Maruti,2016,"48,648 km",Diesel,Manual,"EMI ₹6,311/m*",₹5.49 lakh
Maruti Eeco,Maruti,2016,"76,873 km",Petrol,Manual,"EMI ₹4,471/m*",₹2.01 lakh
Renault Kwid,Renault,2017,"27,570 km",Petrol,Manual,"EMI ₹3,910/m*",₹2.00 lakh
Maruti Swift Dzire,Maruti,2012,"53,336 km",Petrol,Manual,"EMI ₹14,305/m*",₹1.61 lakh
Mitsubishi Outlander,Mitsubishi,2011,"91,511 km",Petrol,Auto,"EMI ₹14,305/m*",₹2.00 lakh
Honda Amaze,Honda,2014,"75,378 km",Petrol,Manual,"EMI ₹7,307/m*",₹2.20 lakh
Maruti Alto 800,Maruti,2013,"1,49,455 km",Petrol,Manual,"EMI ₹5,461/m*",₹1.16 lakh
Maruti Wagon R 1.0,Maruti,2018,"25,268 km",Petrol,Manual,"EMI ₹4,572/m*",₹2.59 lakh
MG HECTOR PLUS,MG,2020,"61,419 km",Diesel,Manual,"EMI ₹33,315/m*",₹12.89 lakh
Mahindra Kuv100,Mahindra,2016,"66,658 km",Petrol,Manual,"EMI ₹4,671/m*",₹2.10 lakh
Hyundai Elite i20,Hyundai,2019,"86,733 km",Petrol,Manual,"EMI ₹6,620/m*",₹3.75 lakh
Mahindra KUV 100 NXT,Mahindra,2017,"39,508 km",Diesel,Manual,"EMI ₹23,012/m*",₹2.59 lakh
Hyundai Eon,Hyundai,2012,"1,11,892 km",Petrol,Manual,"EMI ₹6,841/m*",₹0.77 lakh
Jeep Compass,Jeep,2017,"1,00,710 km",Petrol,Auto,"EMI ₹17,618/m*",₹7.92 lakh
Hyundai VENUE,Hyundai,2025,720 km,Diesel,Manual,"EMI ₹17,807/m*",₹10.40 lakh
Honda Amaze,Honda,2015,"75,723 km",Petrol,Manual,"EMI ₹9,217/m*",₹3.50 lakh
Maruti Celerio,Maruti,2014,"94,603 km",Petrol,Manual,"EMI ₹5,082/m*",₹1.53 lakh
Mahindra SCORPIO-N,Mahindra,2023,"81,604 km",Diesel,Manual,"EMI ₹19,725/m*",₹11.52 lakh
Maruti Wagon R 1.0,Maruti,2017,"81,024 km",Petrol,Manual,"EMI ₹4,966/m*",₹2.54 lakh
Renault Duster,Renault,2016,"52,791 km",Diesel,Manual,"EMI ₹4,966/m*",₹2.27 lakh
Datsun Go,Datsun,2019,"13,967 km",Petrol,Manual,"EMI ₹4,060/m*",₹2.30 lakh
Renault Kwid,Renault,2017,"59,314 km",Petrol,Manual,"EMI ₹2,972/m*",₹1.52 lakh
Hyundai Elite i20,Hyundai,2015,"1,83,251 km",Petrol,Manual,"EMI ₹6,452/m*",₹2.45 lakh
Tata NEXON,Tata,2017,"83,978 km",Diesel,Manual,"EMI ₹21,146/m*",₹2.38 lakh
Tata Tiago,Tata,2016,"1,28,143 km",Diesel,Manual,"EMI ₹21,146/m*",₹1.94 lakh
Hyundai Verna,Hyundai,2018,"98,916 km",Diesel,Manual,"EMI ₹24,996/m*",₹5.31 lakh
Maruti Swift,Maruti,2017,"37,860 km",Petrol,Manual,"EMI ₹7,801/m*",₹3.99 lakh
Honda Amaze,Honda,2015,"1,06,862 km",Petrol,Manual,"EMI ₹6,820/m*",₹2.59 lakh
Mahindra Kuv100,Mahindra,2017,"20,346 km",Petrol,Manual,"EMI ₹5,005/m*",₹2.56 lakh
Renault Duster,Renault,2013,"1,43,327 km",Petrol,Manual,"EMI ₹9,556/m*",₹2.03 lakh
Volkswagen Polo,Volkswagen,2011,"93,343 km",Petrol,Manual,"EMI ₹9,556/m*",₹0.97 lakh
Maruti Alto 800,Maruti,2013,"62,253 km",Petrol,Manual,"EMI ₹6,449/m*",₹1.37 lakh
Nissan Sunny,Nissan,2012,"69,439 km",Petrol,Manual,"EMI ₹7,730/m*",₹0.87 lakh
Maruti Swift,Maruti,2016,"2,06,505 km",Petrol,Manual,"EMI ₹5,361/m*",₹2.41 lakh
Maruti Swift,Maruti,2016,"28,658 km",Petrol,Manual,"EMI ₹4,983/m*",₹2.24 lakh
Hyundai i10,Hyundai,2012,"1,26,142 km",Petrol,Manual,"EMI ₹9,773/m*",₹1.10 lakh
Maruti Wagon R 1.0,Maruti,2014,"1,03,313 km",Petrol,Manual,"EMI ₹7,407/m*",₹2.23 lakh
Toyota Etios,Toyota,2011,"1,16,259 km",Petrol,Manual,"EMI ₹7,407/m*",₹1.22 lakh
Tata Zest,Tata,2014,"1,36,654 km",Petrol,Manual,"EMI ₹4,916/m*",₹1.48 lakh
Honda Amaze,Honda,2015,"86,399 km",Petrol,Manual,"EMI ₹6,689/m*",₹2.54 lakh
Chevrolet Beat,Chevrolet,2015,"54,254 km",Petrol,Manual,"EMI ₹3,608/m*",₹1.37 lakh
Maruti Wagon R 1.0,Maruti,2015,"26,243 km",Petrol,Manual,"EMI ₹5,214/m*",₹1.98 lakh
Maruti S PRESSO,Maruti,2021,"40,845 km",Petrol,Manual,"EMI ₹4,643/m*",₹2.63 lakh
Tata PUNCH,Tata,2023,"6,203 km",Petrol,Manual,"EMI ₹8,279/m*",₹4.69 lakh
Toyota Etios Liva,Toyota,2015,"94,779 km",Petrol,Manual,"EMI ₹5,135/m*",₹1.95 lakh
Toyota Etios,Toyota,2011,"95,384 km",Petrol,Manual,"EMI ₹5,135/m*",₹1.43 lakh
Hyundai Elite i20,Hyundai,2019,"61,254 km",Petrol,Manual,"EMI ₹7,026/m*",₹3.98 lakh
Maruti Wagon R 1.0,Maruti,2016,"53,962 km",Petrol,Manual,"EMI ₹6,117/m*",₹2.75 lakh
Nissan Sunny,Nissan,2012,"1,34,279 km",Petrol,Manual,"EMI ₹8,441/m*",₹0.95 lakh
Honda Amaze,Honda,2019,"64,090 km",Petrol,Manual,"EMI ₹7,061/m*",₹4.00 lakh
Maruti Swift Dzire,Maruti,2016,"1,83,000 km",Petrol,Manual,"EMI ₹5,850/m*",₹2.63 lakh
Maruti Dzire,Maruti,2017,"80,972 km",Diesel,Auto,"EMI ₹26,743/m*",₹3.01 lakh
Maruti Wagon R 1.0,Maruti,2011,"1,99,727 km",Petrol,Manual,"EMI ₹26,743/m*",₹0.84 lakh
Tata PUNCH,Tata,2022,"38,509 km",Petrol,Manual,"EMI ₹9,074/m*",₹5.14 lakh
Hyundai i10,Hyundai,2012,"41,307 km",Petrol,Manual,"EMI ₹11,106/m*",₹1.25 lakh
Hyundai i10,Hyundai,2013,"23,214 km",Petrol,Manual,"EMI ₹6,355/m*",₹1.35 lakh
Maruti Swift Dzire,Maruti,2017,"1,60,051 km",Petrol,Manual,"EMI ₹5,428/m*",₹2.44 lakh
Hyundai i10,Hyundai,2013,"49,450 km",Petrol,Manual,"EMI ₹5,884/m*",₹1.25 lakh
Mahindra Kuv100,Mahindra,2016,"58,762 km",Petrol,Manual,"EMI ₹3,960/m*",₹1.78 lakh
Nissan Terrano,Nissan,2014,"1,33,055 km",Petrol,Manual,"EMI ₹6,444/m*",₹1.94 lakh
Volkswagen Polo,Volkswagen,2021,"1,11,516 km",Petrol,Manual,"EMI ₹11,634/m*",₹5.23 lakh
Ford FREESTYLE,Ford,2019,"37,666 km",Petrol,Manual,"EMI ₹7,344/m*",₹4.16 lakh
Hyundai Xcent,Hyundai,2015,"92,147 km",Petrol,Manual,"EMI ₹7,637/m*",₹2.90 lakh
Maruti Swift,Maruti,2017,"1,25,099 km",Petrol,Manual,"EMI ₹7,207/m*",₹3.24 lakh
Honda City,Honda,2011,"1,47,349 km",Petrol,Manual,"EMI ₹7,207/m*",₹1.00 lakh
Ford Figo,Ford,2014,"1,10,351 km",Petrol,Manual,"EMI ₹4,617/m*",₹1.39 lakh
Renault Kwid,Renault,2017,"71,661 km",Petrol,Manual,"EMI ₹2,854/m*",₹1.46 lakh
Datsun Redi Go,Datsun,2017,"79,204 km",Petrol,Manual,"EMI ₹2,522/m*",₹1.29 lakh
Honda Brio,Honda,2012,"42,119 km",Petrol,Manual,"EMI ₹11,550/m*",₹1.30 lakh
Tata NEXON,Tata,2021,"47,166 km",Petrol,Manual,"EMI ₹10,592/m*",₹6.00 lakh
Hyundai i10,Hyundai,2014,"30,004 km",Petrol,Manual,"EMI ₹4,550/m*",₹1.37 lakh
Mahindra XUV500,Mahindra,2017,"1,04,500 km",Diesel,Auto,"EMI ₹36,517/m*",₹4.11 lakh
Maruti Ertiga,Maruti,2016,"1,32,604 km",Petrol,Manual,"EMI ₹9,921/m*",₹4.46 lakh
Maruti Vitara Brezza,Maruti,2016,"1,06,725 km",Diesel,Manual,"EMI ₹9,921/m*",₹5.01 lakh
Maruti Ertiga,Maruti,2019,"87,913 km",Petrol,Manual,"EMI ₹10,592/m*",₹6.00 lakh
Ford Figo Aspire,Ford,2017,"97,662 km",Diesel,Manual,"EMI ₹25,500/m*",₹2.87 lakh
Maruti Swift,Maruti,2017,"1,67,564 km",Diesel,Manual,"EMI ₹26,122/m*",₹2.94 lakh
Honda Amaze,Honda,2017,"1,19,048 km",Petrol,Manual,"EMI ₹5,784/m*",₹2.60 lakh
Maruti Swift,Maruti,2016,"87,229 km",Petrol,Manual,"EMI ₹7,407/m*",₹3.33 lakh
Hyundai Grand i10,Hyundai,2015,"80,388 km",Petrol,Manual,"EMI ₹5,214/m*",₹1.98 lakh
Hyundai Verna,Hyundai,2012,"79,962 km",Petrol,Manual,"EMI ₹12,350/m*",₹1.39 lakh
Maruti Wagon R 1.0,Maruti,2017,"1,44,750 km",Petrol,Manual,"EMI ₹4,449/m*",₹2.00 lakh
Hyundai i20,Hyundai,2013,"47,627 km",Petrol,Manual,"EMI ₹9,650/m*",₹2.05 lakh
Hyundai i20,Hyundai,2013,"93,886 km",Petrol,Manual,"EMI ₹10,497/m*",₹2.23 lakh
Volkswagen Vento,Volkswagen,2013,"1,70,093 km",Diesel,Manual,"EMI ₹12,972/m*",₹1.46 lakh
Maruti Swift Dzire,Maruti,2014,"16,655 km",Petrol,Manual,"EMI ₹9,300/m*",₹2.80 lakh
Maruti New Wagon-R,Maruti,2019,"1,34,567 km",Petrol,Manual,"EMI ₹6,651/m*",₹2.99 lakh
Hyundai i10,Hyundai,2012,"1,11,665 km",Petrol,Manual,"EMI ₹7,819/m*",₹0.88 lakh
Hyundai Grand i10,Hyundai,2014,"59,564 km",Petrol,Auto,"EMI ₹6,444/m*",₹1.94 lakh
Honda Amaze,Honda,2015,"85,000 km",Petrol,Manual,"EMI ₹5,267/m*",₹2.00 lakh
Hyundai Eon,Hyundai,2018,"72,424 km",Petrol,Manual,"EMI ₹3,319/m*",₹1.88 lakh
Hyundai Grand i10,Hyundai,2014,"1,36,922 km",Petrol,Manual,"EMI ₹5,281/m*",₹1.59 lakh
Honda Brio,Honda,2013,"81,856 km",Petrol,Manual,"EMI ₹6,402/m*",₹1.36 lakh
Volkswagen Polo,Volkswagen,2013,"94,133 km",Petrol,Manual,"EMI ₹8,850/m*",₹1.88 lakh
Maruti Wagon R 1.0,Maruti,2012,"51,577 km",Petrol,Manual,"EMI ₹11,106/m*",₹1.25 lakh
Maruti Wagon R 1.0,Maruti,2013,"99,746 km",Petrol,Manual,"EMI ₹5,837/m*",₹1.24 lakh
Maruti Wagon R 1.0,Maruti,2017,"61,146 km",Petrol,Manual,"EMI ₹5,924/m*",₹3.03 lakh
Tata Indica EV2,Tata,2015,"1,35,977 km",Petrol,Manual,"EMI ₹2,212/m*",₹0.84 lakh
Mahindra Kuv100,Mahindra,2016,"54,372 km",Diesel,Manual,"EMI ₹2,212/m*",₹1.80 lakh
Honda City,Honda,2011,"2,08,036 km",Petrol,Manual,"EMI ₹2,212/m*",₹1.00 lakh
Maruti Wagon R 1.0,Maruti,2012,"27,630 km",Petrol,Manual,"EMI ₹11,461/m*",₹1.29 lakh
Tata TIGOR EV,Tata,2021,"1,80,215 km",Electric,Auto,"EMI ₹6,673/m*",₹3.00 lakh
Maruti Eeco,Maruti,2025,"3,988 km",Petrol,Manual,"EMI ₹11,157/m*",₹6.32 lakh
Honda WR-V,Honda,2017,"83,832 km",Diesel,Manual,"EMI ₹27,543/m*",₹3.10 lakh
Maruti IGNIS,Maruti,2017,"70,233 km",Petrol,Auto,"EMI ₹5,963/m*",₹3.05 lakh
Maruti Ertiga,Maruti,2017,"64,251 km",Diesel,Manual,"EMI ₹50,733/m*",₹5.71 lakh
Hyundai i10,Hyundai,2013,"47,020 km",Petrol,Manual,"EMI ₹7,908/m*",₹1.68 lakh
Hyundai AURA,Hyundai,2021,"95,288 km",Petrol,Manual,"EMI ₹7,944/m*",₹4.50 lakh
Maruti Swift,Maruti,2016,"95,425 km",Petrol,Manual,"EMI ₹7,252/m*",₹3.26 lakh
Maruti Swift Dzire,Maruti,2012,"2,02,535 km",Petrol,Manual,"EMI ₹13,949/m*",₹1.57 lakh
Maruti Wagon R 1.0,Maruti,2015,"1,36,254 km",Petrol,Manual,"EMI ₹4,345/m*",₹1.65 lakh
Maruti Wagon R 1.0,Maruti,2018,"51,132 km",Petrol,Manual,"EMI ₹5,772/m*",₹3.27 lakh
Hyundai i20,Hyundai,2011,"85,871 km",Petrol,Manual,"EMI ₹5,772/m*",₹1.52 lakh
Hyundai i10,Hyundai,2011,"1,19,096 km",Petrol,Manual,"EMI ₹5,772/m*",₹0.91 lakh
Maruti Ciaz,Maruti,2015,"84,421 km",Petrol,Manual,"EMI ₹8,479/m*",₹3.22 lakh
Hyundai i10,Hyundai,2015,"87,628 km",Petrol,Manual,"EMI ₹5,267/m*",₹2.00 lakh
Maruti Vitara Brezza,Maruti,2017,"1,26,955 km",Diesel,Manual,"EMI ₹39,627/m*",₹4.46 lakh
Hyundai Verna,Hyundai,2014,"87,047 km",Petrol,Manual,"EMI ₹9,134/m*",₹2.75 lakh
Maruti Ciaz,Maruti,2015,"69,552 km",Petrol,Manual,"EMI ₹9,059/m*",₹3.44 lakh
Tata PUNCH,Tata,2023,"28,002 km",Petrol,Manual,"EMI ₹8,050/m*",₹4.56 lakh
Maruti Wagon R 1.0,Maruti,2016,"79,500 km",Petrol,Manual,"EMI ₹4,671/m*",₹2.10 lakh
Maruti Swift,Maruti,2018,"49,086 km",Petrol,Manual,"EMI ₹7,061/m*",₹4.00 lakh
Maruti Swift,Maruti,2012,"78,353 km",Petrol,Manual,"EMI ₹16,348/m*",₹1.84 lakh
Maruti Ciaz,Maruti,2016,"86,639 km",Diesel,Manual,"EMI ₹16,348/m*",₹2.90 lakh
Maruti Baleno,Maruti,2016,"1,06,697 km",Petrol,Manual,"EMI ₹7,919/m*",₹3.56 lakh
Maruti Baleno,Maruti,2017,"60,826 km",Petrol,Manual,"EMI ₹7,449/m*",₹3.81 lakh
Hyundai Eon,Hyundai,2015,"78,598 km",Petrol,Manual,"EMI ₹3,818/m*",₹1.45 lakh
Volkswagen Polo,Volkswagen,2012,"86,563 km",Petrol,Manual,"EMI ₹11,284/m*",₹1.27 lakh
Ford Figo,Ford,2011,"1,53,978 km",Petrol,Manual,"EMI ₹11,284/m*",₹0.71 lakh
Tata NEXON,Tata,2018,"44,018 km",Petrol,Manual,"EMI ₹7,926/m*",₹4.49 lakh
Ford Ecosport,Ford,2017,"86,058 km",Petrol,Manual,"EMI ₹7,761/m*",₹3.97 lakh
Maruti Swift,Maruti,2017,"99,772 km",Petrol,Manual,"EMI ₹6,061/m*",₹3.10 lakh
Maruti Ciaz,Maruti,2018,"80,448 km",Petrol,Manual,"EMI ₹6,408/m*",₹3.63 lakh
Tata Tiago,Tata,2017,"40,101 km",Petrol,Manual,"EMI ₹6,217/m*",₹3.18 lakh
Maruti Wagon R 1.0,Maruti,2017,"55,534 km",Petrol,Auto,"EMI ₹4,907/m*",₹2.51 lakh
Hyundai i10,Hyundai,2011,"83,457 km",Petrol,Manual,"EMI ₹4,907/m*",₹0.87 lakh
Hyundai i20,Hyundai,2013,"87,484 km",Petrol,Manual,"EMI ₹9,415/m*",₹2.00 lakh
Mahindra XUV500,Mahindra,2018,"1,09,541 km",Diesel,Manual,"EMI ₹30,598/m*",₹6.50 lakh
Nissan Terrano,Nissan,2014,"1,00,003 km",Petrol,Manual,"EMI ₹7,241/m*",₹2.18 lakh
Hyundai Santro Xing,Hyundai,2011,"60,418 km",Petrol,Manual,"EMI ₹7,241/m*",₹0.85 lakh
Maruti Wagon R 1.0,Maruti,2016,"80,836 km",Petrol,Manual,"EMI ₹4,115/m*",₹1.85 lakh
Hyundai Santro Xing,Hyundai,2013,"1,01,404 km",Petrol,Manual,"EMI ₹4,190/m*",₹0.89 lakh
Maruti Wagon R 1.0,Maruti,2013,"53,405 km",Petrol,Manual,"EMI ₹6,826/m*",₹1.45 lakh
Hyundai i10,Hyundai,2012,"66,969 km",Petrol,Manual,"EMI ₹8,618/m*",₹0.97 lakh
Hyundai Grand i10,Hyundai,2013,"1,90,494 km",Petrol,Manual,"EMI ₹6,826/m*",₹1.45 lakh
Mahindra Scorpio,Mahindra,2019,"1,20,778 km",Diesel,Manual,"EMI ₹27,402/m*",₹8.37 lakh
Maruti Wagon R 1.0,Maruti,2015,"1,18,244 km",Petrol,Manual,"EMI ₹4,161/m*",₹1.58 lakh
Hyundai i10,Hyundai,2011,"89,644 km",Petrol,Manual,"EMI ₹4,161/m*",₹1.25 lakh
Hyundai i20,Hyundai,2012,"18,696 km",Petrol,Manual,"EMI ₹12,172/m*",₹1.37 lakh
Maruti Ritz,Maruti,2010,"12,345 km",Petrol,Manual,"EMI ₹12,172/m*",₹0.65 lakh
Maruti Wagon R 1.0,Maruti,2016,"69,724 km",Petrol,Manual,"EMI ₹4,894/m*",₹2.20 lakh
Hyundai i10,Hyundai,2011,"1,11,436 km",Petrol,Manual,"EMI ₹4,894/m*",₹1.14 lakh
Honda City,Honda,2016,"91,456 km",Petrol,Manual,"EMI ₹8,342/m*",₹3.75 lakh
Maruti Swift Dzire,Maruti,2013,"71,930 km",Petrol,Manual,"EMI ₹8,238/m*",₹1.75 lakh
Hyundai Verna,Hyundai,2013,"98,897 km",Petrol,Manual,"EMI ₹10,921/m*",₹2.32 lakh
Toyota Etios,Toyota,2011,"63,001 km",Petrol,Manual,"EMI ₹10,921/m*",₹1.09 lakh
Maruti Wagon R 1.0,Maruti,2017,"74,139 km",Petrol,Manual,"EMI ₹4,712/m*",₹2.41 lakh
Maruti Swift Dzire,Maruti,2011,"71,352 km",Petrol,Manual,"EMI ₹4,712/m*",₹1.05 lakh
Hyundai Grand i10,Hyundai,2015,"1,79,162 km",Diesel,Manual,"EMI ₹4,982/m*",₹1.50 lakh
Maruti Wagon R 1.0,Maruti,2016,"38,296 km",Petrol,Manual,"EMI ₹5,005/m*",₹2.25 lakh
Hyundai NEW I20,Hyundai,2024,"4,708 km",Petrol,Manual,"EMI ₹11,086/m*",₹6.28 lakh
Maruti Alto,Maruti,2012,"62,051 km",Petrol,Manual,"EMI ₹11,461/m*",₹1.29 lakh
Maruti Swift,Maruti,2016,"61,705 km",Petrol,Manual,"EMI ₹8,742/m*",₹3.93 lakh
Maruti Baleno,Maruti,2016,"1,41,650 km",Petrol,Manual,"EMI ₹7,452/m*",₹3.35 lakh
Maruti Wagon R 1.0,Maruti,2017,"1,04,143 km",Petrol,Manual,"EMI ₹3,960/m*",₹1.78 lakh
Hyundai Elite i20,Hyundai,2014,"63,702 km",Petrol,Manual,"EMI ₹10,164/m*",₹3.06 lakh
Tata Tiago,Tata,2018,"93,764 km",Petrol,Manual,"EMI ₹5,066/m*",₹2.87 lakh
Renault Kwid,Renault,2020,"18,558 km",Petrol,Manual,"EMI ₹4,925/m*",₹2.79 lakh
Renault Kwid,Renault,2019,"64,862 km",Petrol,Manual,"EMI ₹3,531/m*",₹2.00 lakh
Maruti Baleno,Maruti,2017,"40,664 km",Petrol,Manual,"EMI ₹7,429/m*",₹3.80 lakh
Tata NEXON,Tata,2018,"21,490 km",Diesel,Manual,"EMI ₹26,408/m*",₹5.61 lakh
Maruti Swift Dzire,Maruti,2017,"2,21,199 km",Diesel,Manual,"EMI ₹22,656/m*",₹2.55 lakh
Hyundai Elite i20,Hyundai,2018,"41,529 km",Petrol,Manual,"EMI ₹6,020/m*",₹3.41 lakh
Toyota Etios,Toyota,2011,"2,00,000 km",Petrol,Manual,"EMI ₹6,020/m*",₹1.45 lakh
Mahindra TUV300,Mahindra,2017,"22,840 km",Diesel,Manual,"EMI ₹44,247/m*",₹4.98 lakh
Volkswagen Polo,Volkswagen,2018,"48,855 km",Petrol,Auto,"EMI ₹7,979/m*",₹4.52 lakh
KIA CARENS,KIA,2023,"73,660 km",Petrol,Manual,"EMI ₹14,058/m*",₹8.21 lakh
Hyundai i10,Hyundai,2011,"64,670 km",Petrol,Manual,"EMI ₹14,058/m*",₹0.85 lakh
Maruti Swift,Maruti,2014,"56,756 km",Petrol,Manual,"EMI ₹7,008/m*",₹2.11 lakh
Honda Amaze,Honda,2015,"1,11,536 km",Petrol,Manual,"EMI ₹5,925/m*",₹2.25 lakh
Mahindra TUV300,Mahindra,2017,"89,440 km",Diesel,Manual,"EMI ₹31,097/m*",₹3.50 lakh
Hyundai Santro Xing,Hyundai,2011,"90,078 km",Petrol,Manual,"EMI ₹31,097/m*",₹0.84 lakh
Maruti Wagon R 1.0,Maruti,2018,"1,69,660 km",Petrol,Manual,"EMI ₹6,451/m*",₹2.90 lakh
Nissan MAGNITE,Nissan,2021,"39,541 km",Petrol,Manual,"EMI ₹6,690/m*",₹3.79 lakh
Hyundai i20,Hyundai,2011,"53,039 km",Petrol,Manual,"EMI ₹6,690/m*",₹1.15 lakh
Maruti S PRESSO,Maruti,2021,"45,456 km",Petrol,Auto,"EMI ₹5,313/m*",₹3.01 lakh
Maruti Wagon R 1.0,Maruti,2011,"64,176 km",Petrol,Manual,"EMI ₹5,313/m*",₹1.03 lakh
Hyundai Verna,Hyundai,2014,"1,58,130 km",Petrol,Manual,"EMI ₹8,304/m*",₹2.50 lakh
Toyota Etios,Toyota,2013,"61,348 km",Petrol,Manual,"EMI ₹10,686/m*",₹2.27 lakh
Toyota Etios Liva,Toyota,2014,"45,523 km",Petrol,Manual,"EMI ₹6,842/m*",₹2.06 lakh
Volkswagen Polo,Volkswagen,2018,"74,450 km",Petrol,Manual,"EMI ₹6,690/m*",₹3.79 lakh
Honda Amaze,Honda,2015,"43,008 km",Diesel,Manual,"EMI ₹6,690/m*",₹2.00 lakh
Maruti Ertiga,Maruti,2024,"47,720 km",Petrol,Manual,"EMI ₹16,078/m*",₹9.39 lakh
Hyundai i20,Hyundai,2013,"71,076 km",Petrol,Manual,"EMI ₹11,392/m*",₹2.42 lakh
Maruti Vitara Brezza,Maruti,2016,"95,182 km",Diesel,Manual,"EMI ₹11,392/m*",₹3.45 lakh
Volkswagen Vento,Volkswagen,2013,"76,525 km",Petrol,Manual,"EMI ₹8,850/m*",₹1.88 lakh
Maruti Dzire,Maruti,2017,"1,23,685 km",Petrol,Manual,"EMI ₹8,787/m*",₹3.95 lakh
Maruti Alto 800,Maruti,2018,"1,60,417 km",Petrol,Manual,"EMI ₹4,449/m*",₹2.00 lakh
Honda Amaze,Honda,2016,"54,620 km",Petrol,Manual,"EMI ₹5,583/m*",₹2.51 lakh
KIA SONET,KIA,2024,"5,255 km",Petrol,Auto,"EMI ₹20,187/m*",₹11.79 lakh
Maruti New Wagon-R,Maruti,2020,"65,521 km",Petrol,Manual,"EMI ₹5,472/m*",₹3.10 lakh
Hyundai i10,Hyundai,2011,"62,373 km",Petrol,Manual,"EMI ₹5,472/m*",₹0.97 lakh
Renault Kwid,Renault,2018,"84,680 km",Petrol,Auto,"EMI ₹3,972/m*",₹2.25 lakh
Maruti Wagon R 1.0,Maruti,2015,"57,548 km",Petrol,Manual,"EMI ₹4,766/m*",₹1.81 lakh
Maruti Alto K10,Maruti,2012,"81,780 km",Petrol,Manual,"EMI ₹9,151/m*",₹1.03 lakh
Honda Amaze,Honda,2018,"1,74,519 km",Diesel,Manual,"EMI ₹15,205/m*",₹3.23 lakh
Maruti Swift Dzire,Maruti,2014,"50,115 km",Petrol,Manual,"EMI ₹6,809/m*",₹2.05 lakh
Hyundai i10,Hyundai,2012,"31,572 km",Petrol,Manual,"EMI ₹9,951/m*",₹1.12 lakh
Maruti Wagon R 1.0,Maruti,2016,"1,42,670 km",Petrol,Manual,"EMI ₹4,137/m*",₹1.86 lakh
Tata PUNCH,Tata,2023,"45,673 km",Petrol,Manual,"EMI ₹10,627/m*",₹6.02 lakh
Maruti Wagon R 1.0,Maruti,2011,"1,15,145 km",Petrol,Manual,"EMI ₹10,627/m*",₹0.94 lakh
Tata PUNCH,Tata,2022,"1,20,299 km",Petrol,Manual,"EMI ₹11,467/m*",₹5.15 lakh
Maruti Ciaz,Maruti,2016,"1,42,608 km",Diesel,Manual,"EMI ₹11,467/m*",₹2.49 lakh
Maruti Wagon R 1.0,Maruti,2012,"1,45,041 km",Petrol,Manual,"EMI ₹6,219/m*",₹0.70 lakh
Maruti Swift Dzire,Maruti,2011,"72,740 km",Petrol,Manual,"EMI ₹6,219/m*",₹1.14 lakh
Maruti Wagon R 1.0,Maruti,2015,"73,835 km",Petrol,Manual,"EMI ₹5,425/m*",₹2.06 lakh
Toyota Etios,Toyota,2014,"1,05,611 km",Petrol,Manual,"EMI ₹9,034/m*",₹2.72 lakh
Honda Amaze,Honda,2016,"91,437 km",Petrol,Manual,"EMI ₹6,340/m*",₹2.85 lakh
Maruti Swift Dzire,Maruti,2015,"94,310 km",Petrol,Manual,"EMI ₹7,110/m*",₹2.70 lakh
Maruti Ciaz,Maruti,2015,"70,747 km",Petrol,Manual,"EMI ₹7,821/m*",₹2.97 lakh
Maruti Wagon R 1.0,Maruti,2012,"1,25,971 km",Petrol,Manual,"EMI ₹11,639/m*",₹1.31 lakh
Maruti Wagon R 1.0,Maruti,2018,"1,36,985 km",Petrol,Manual,"EMI ₹6,607/m*",₹2.97 lakh
Honda Brio,Honda,2014,"85,864 km",Petrol,Manual,"EMI ₹5,480/m*",₹1.65 lakh
Maruti Wagon R 1.0,Maruti,2012,"1,10,707 km",Petrol,Manual,"EMI ₹8,885/m*",₹1.00 lakh
Maruti Wagon R 1.0,Maruti,2011,"1,09,440 km",Petrol,Manual,"EMI ₹8,885/m*",₹0.97 lakh
Maruti Baleno,Maruti,2018,"59,731 km",Petrol,Auto,"EMI ₹6,337/m*",₹3.59 lakh
Maruti Wagon R 1.0,Maruti,2013,"88,461 km",Petrol,Manual,"EMI ₹7,061/m*",₹1.50 lakh
Hyundai i10,Hyundai,2012,"85,949 km",Petrol,Manual,"EMI ₹8,352/m*",₹0.94 lakh
Maruti Celerio,Maruti,2015,"57,925 km",Petrol,Manual,"EMI ₹6,188/m*",₹2.35 lakh
Hyundai Grand i10,Hyundai,2014,"43,410 km",Petrol,Manual,"EMI ₹6,477/m*",₹1.95 lakh
Maruti Celerio,Maruti,2016,"1,30,185 km",Petrol,Manual,"EMI ₹5,061/m*",₹2.27 lakh
Maruti Vitara Brezza,Maruti,2017,"2,09,161 km",Diesel,Manual,"EMI ₹46,912/m*",₹5.28 lakh
Hyundai i10,Hyundai,2016,"96,313 km",Petrol,Manual,"EMI ₹5,005/m*",₹2.25 lakh
Hyundai i10,Hyundai,2011,"97,422 km",Petrol,Manual,"EMI ₹5,005/m*",₹1.29 lakh
Maruti Wagon R 1.0,Maruti,2013,"90,564 km",Petrol,Manual,"EMI ₹6,779/m*",₹1.44 lakh
Honda Amaze,Honda,2016,"75,823 km",Petrol,Manual,"EMI ₹4,827/m*",₹2.17 lakh
Maruti Swift Dzire,Maruti,2012,"87,300 km",Petrol,Manual,"EMI ₹18,925/m*",₹2.13 lakh
Tata Zest,Tata,2014,"73,554 km",Petrol,Manual,"EMI ₹4,617/m*",₹1.39 lakh
Maruti Vitara Brezza,Maruti,2021,"62,514 km",Petrol,Manual,"EMI ₹9,179/m*",₹5.20 lakh
KIA SONET,KIA,2025,"9,954 km",Petrol,Manual,"EMI ₹13,822/m*",₹7.83 lakh
Hyundai i10,Hyundai,2013,"1,36,697 km",Petrol,Manual,"EMI ₹6,355/m*",₹1.35 lakh
Maruti Swift,Maruti,2016,"62,509 km",Petrol,Manual,"EMI ₹5,672/m*",₹2.55 lakh
Hyundai Grand i10,Hyundai,2015,"1,01,864 km",Petrol,Manual,"EMI ₹4,608/m*",₹1.75 lakh
Honda Jazz,Honda,2019,"21,989 km",Petrol,Auto,"EMI ₹7,838/m*",₹4.44 lakh
Ford Ecosport,Ford,2017,"1,75,058 km",Diesel,Manual,"EMI ₹30,653/m*",₹3.45 lakh
Maruti Swift Dzire,Maruti,2015,"79,150 km",Petrol,Manual,"EMI ₹9,059/m*",₹3.44 lakh
Tata TIGOR,Tata,2021,"69,177 km",Petrol,Manual,"EMI ₹7,026/m*",₹3.98 lakh
Hyundai i10,Hyundai,2013,"92,506 km",Petrol,Manual,"EMI ₹6,167/m*",₹1.31 lakh
Hyundai i20,Hyundai,2011,"1,09,563 km",Petrol,Manual,"EMI ₹6,167/m*",₹0.70 lakh
Maruti Alto,Maruti,2022,"21,506 km",Petrol,Manual,"EMI ₹5,155/m*",₹2.92 lakh
Hyundai i10,Hyundai,2013,"90,822 km",Petrol,Manual,"EMI ₹5,743/m*",₹1.22 lakh
Maruti Ertiga,Maruti,2017,"1,34,927 km",Petrol,Manual,"EMI ₹8,453/m*",₹3.80 lakh
Hyundai Grand i10,Hyundai,2015,"1,01,373 km",Petrol,Manual,"EMI ₹5,530/m*",₹2.10 lakh
Tata Harrier,Tata,2019,"1,46,525 km",Diesel,Manual,"EMI ₹21,589/m*",₹6.50 lakh
KIA SELTOS,KIA,2024,"23,113 km",Petrol,Auto,"EMI ₹21,523/m*",₹12.57 lakh
Ford Figo,Ford,2012,"1,12,106 km",Petrol,Manual,"EMI ₹8,352/m*",₹0.94 lakh
Maruti Celerio,Maruti,2014,"1,38,343 km",Petrol,Manual,"EMI ₹5,480/m*",₹1.65 lakh
Renault Kwid,Renault,2019,"57,005 km",Petrol,Manual,"EMI ₹3,425/m*",₹1.94 lakh
Skoda Octavia,Skoda,2015,"1,06,298 km",Petrol,Auto,"EMI ₹10,033/m*",₹3.81 lakh
Nissan Sunny,Nissan,2013,"31,590 km",Petrol,Manual,"EMI ₹8,379/m*",₹1.78 lakh
Hyundai i10,Hyundai,2013,"69,051 km",Petrol,Auto,"EMI ₹9,415/m*",₹2.00 lakh
Maruti Swift,Maruti,2012,"65,261 km",Petrol,Manual,"EMI ₹19,102/m*",₹2.15 lakh
Nissan Terrano,Nissan,2016,"1,23,839 km",Diesel,Manual,"EMI ₹19,102/m*",₹2.59 lakh
Hyundai i10,Hyundai,2011,"92,350 km",Petrol,Manual,"EMI ₹19,102/m*",₹0.97 lakh
Hyundai i10,Hyundai,2013,"99,900 km",Petrol,Manual,"EMI ₹6,167/m*",₹1.31 lakh
Maruti Wagon R 1.0,Maruti,2015,"1,00,040 km",Petrol,Manual,"EMI ₹5,109/m*",₹1.94 lakh
Hyundai Eon,Hyundai,2013,"63,196 km",Petrol,Manual,"EMI ₹6,167/m*",₹1.31 lakh
Tata Tiago,Tata,2019,"38,164 km",Petrol,Manual,"EMI ₹5,049/m*",₹2.86 lakh
Maruti Baleno,Maruti,2016,"40,914 km",Petrol,Manual,"EMI ₹6,673/m*",₹3.00 lakh
Maruti Wagon R 1.0,Maruti,2014,"1,14,982 km",Petrol,Manual,"EMI ₹6,178/m*",₹1.86 lakh
Maruti Swift,Maruti,2018,"77,881 km",Petrol,Auto,"EMI ₹7,079/m*",₹4.01 lakh
Maruti Celerio,Maruti,2018,"50,862 km",Petrol,Auto,"EMI ₹4,378/m*",₹2.48 lakh
Maruti Wagon R 1.0,Maruti,2013,"1,89,857 km",Petrol,Manual,"EMI ₹5,884/m*",₹1.25 lakh
Hyundai Santro Xing,Hyundai,2012,"1,05,957 km",Petrol,Manual,"EMI ₹7,463/m*",₹0.84 lakh
Hyundai Creta,Hyundai,2015,"76,707 km",Petrol,Manual,"EMI ₹14,326/m*",₹5.44 lakh
Hyundai Elite i20,Hyundai,2020,"1,27,206 km",Petrol,Manual,"EMI ₹8,453/m*",₹3.80 lakh
Toyota Etios,Toyota,2011,"1,00,001 km",Petrol,Manual,"EMI ₹8,453/m*",₹1.38 lakh
Ford Ecosport,Ford,2018,"67,754 km",Diesel,Manual,"EMI ₹17,794/m*",₹3.78 lakh
Hyundai Elite i20,Hyundai,2017,"1,08,053 km",Petrol,Manual,"EMI ₹8,319/m*",₹3.74 lakh
Maruti Celerio,Maruti,2017,"31,000 km",Petrol,Manual,"EMI ₹4,888/m*",₹2.50 lakh
Tata NEXON,Tata,2018,"1,09,008 km",Diesel,Auto,"EMI ₹23,254/m*",₹4.94 lakh
Maruti Baleno,Maruti,2020,"33,657 km",Petrol,Manual,"EMI ₹9,144/m*",₹5.18 lakh
Hyundai Grand i10,Hyundai,2014,"87,029 km",Petrol,Manual,"EMI ₹9,466/m*",₹2.85 lakh
Hyundai Santro Xing,Hyundai,2011,"75,182 km",Petrol,Manual,"EMI ₹9,466/m*",₹0.92 lakh
Maruti Wagon R 1.0,Maruti,2011,"1,04,322 km",Petrol,Manual,"EMI ₹9,466/m*",₹1.25 lakh
Hyundai i10,Hyundai,2012,"85,408 km",Petrol,Auto,"EMI ₹10,306/m*",₹1.16 lakh
Renault Kwid,Renault,2019,"51,683 km",Petrol,Manual,"EMI ₹3,248/m*",₹1.84 lakh
Datsun Redi Go,Datsun,2019,"1,08,179 km",Petrol,Manual,"EMI ₹3,337/m*",₹1.50 lakh
Maruti Baleno,Maruti,2023,"15,101 km",Petrol,Manual,"EMI ₹9,691/m*",₹5.49 lakh
Hyundai New Elantra,Hyundai,2019,"46,772 km",Petrol,Manual,"EMI ₹14,280/m*",₹8.34 lakh
Hyundai Grand i10,Hyundai,2016,"88,464 km",Petrol,Manual,"EMI ₹5,205/m*",₹2.34 lakh
Hyundai Santro Xing,Hyundai,2011,"2,31,724 km",Petrol,Manual,"EMI ₹5,205/m*",₹0.79 lakh
Maruti Baleno,Maruti,2018,"31,097 km",Petrol,Manual,"EMI ₹7,750/m*",₹4.39 lakh
Hyundai i20,Hyundai,2012,"38,847 km",Petrol,Manual,"EMI ₹16,348/m*",₹1.84 lakh
Maruti Ritz,Maruti,2012,"86,174 km",Petrol,Manual,"EMI ₹8,529/m*",₹0.96 lakh
Hyundai i10,Hyundai,2012,"1,16,504 km",Petrol,Manual,"EMI ₹9,951/m*",₹1.12 lakh
Hyundai Grand i10,Hyundai,2017,"53,769 km",Petrol,Manual,"EMI ₹5,513/m*",₹2.82 lakh
Maruti Alto 800,Maruti,2019,"84,290 km",Petrol,Manual,"EMI ₹3,389/m*",₹1.92 lakh
Hyundai Creta,Hyundai,2018,"77,544 km",Diesel,Manual,"EMI ₹21,654/m*",₹4.60 lakh
Toyota Etios,Toyota,2011,"1,17,565 km",Petrol,Manual,"EMI ₹21,654/m*",₹1.12 lakh
Honda City,Honda,2014,"69,657 km",Petrol,Manual,"EMI ₹13,850/m*",₹4.17 lakh
Maruti Wagon R 1.0,Maruti,2016,"97,637 km",Petrol,Manual,"EMI ₹3,737/m*",₹1.68 lakh
Maruti Alto 800,Maruti,2014,"96,496 km",Petrol,Manual,"EMI ₹4,152/m*",₹1.25 lakh
Hyundai Grand i10,Hyundai,2017,"1,34,443 km",Petrol,Manual,"EMI ₹6,340/m*",₹2.85 lakh
Hyundai Santro Xing,Hyundai,2011,"65,084 km",Petrol,Manual,"EMI ₹6,340/m*",₹0.80 lakh
Hyundai Creta,Hyundai,2016,"79,070 km",Petrol,Manual,"EMI ₹12,190/m*",₹5.48 lakh
Ford Ecosport,Ford,2017,"42,576 km",Petrol,Auto,"EMI ₹6,393/m*",₹3.27 lakh
Ford Ecosport,Ford,2016,"85,000 km",Diesel,Manual,"EMI ₹6,393/m*",₹2.59 lakh
Mahindra Kuv100,Mahindra,2016,"1,02,870 km",Petrol,Manual,"EMI ₹3,937/m*",₹1.77 lakh
Hyundai VENUE,Hyundai,2019,"52,518 km",Diesel,Manual,"EMI ₹18,434/m*",₹5.55 lakh
Maruti Alto K10,Maruti,2015,"72,395 km",Petrol,Manual,"EMI ₹3,818/m*",₹1.45 lakh
Maruti Ertiga,Maruti,2019,"75,000 km",Petrol,Manual,"EMI ₹13,293/m*",₹7.53 lakh
Honda Amaze,Honda,2016,"1,16,544 km",Petrol,Manual,"EMI ₹4,449/m*",₹2.00 lakh
Maruti Alto 800,Maruti,2014,"91,733 km",Petrol,Manual,"EMI ₹4,550/m*",₹1.37 lakh
Renault Kwid,Renault,2018,"86,289 km",Petrol,Manual,"EMI ₹3,495/m*",₹1.98 lakh
Tata PUNCH,Tata,2023,"18,911 km",Petrol,Manual,"EMI ₹9,285/m*",₹5.26 lakh
Maruti Swift,Maruti,2012,"69,165 km",Petrol,Manual,"EMI ₹16,526/m*",₹1.86 lakh
Maruti Swift Dzire,Maruti,2011,"1,11,291 km",Petrol,Manual,"EMI ₹16,526/m*",₹0.93 lakh
Maruti Swift Dzire,Maruti,2015,"37,119 km",Petrol,Manual,"EMI ₹6,583/m*",₹2.50 lakh
Toyota Etios Liva,Toyota,2011,"67,391 km",Petrol,Manual,"EMI ₹6,583/m*",₹1.28 lakh
Hyundai i10,Hyundai,2013,"1,01,377 km",Petrol,Manual,"EMI ₹5,884/m*",₹1.25 lakh
Maruti Wagon R 1.0,Maruti,2011,"92,353 km",Petrol,Manual,"EMI ₹5,884/m*",₹0.82 lakh
Mahindra Kuv100,Mahindra,2017,"26,401 km",Petrol,Manual,"EMI ₹4,066/m*",₹2.08 lakh
Maruti Baleno,Maruti,2021,"38,328 km",Petrol,Manual,"EMI ₹8,279/m*",₹4.69 lakh
Maruti Alto 800,Maruti,2017,"19,480 km",Petrol,Manual,"EMI ₹4,907/m*",₹2.51 lakh
Maruti Wagon R 1.0,Maruti,2018,"91,458 km",Petrol,Manual,"EMI ₹5,296/m*",₹3.00 lakh
Hyundai Santro Xing,Hyundai,2011,"50,154 km",Petrol,Manual,"EMI ₹5,296/m*",₹0.94 lakh
Maruti Swift,Maruti,2012,"95,734 km",Petrol,Manual,"EMI ₹16,792/m*",₹1.89 lakh
Tata NEXON,Tata,2022,"35,516 km",Petrol,Manual,"EMI ₹9,709/m*",₹5.50 lakh
Hyundai Verna,Hyundai,2016,"39,579 km",Petrol,Manual,"EMI ₹8,052/m*",₹3.62 lakh
Hyundai i10,Hyundai,2013,"76,915 km",Petrol,Manual,"EMI ₹6,920/m*",₹1.47 lakh
Hyundai i20,Hyundai,2013,"1,15,156 km",Petrol,Manual,"EMI ₹9,415/m*",₹2.00 lakh
Maruti Swift,Maruti,2011,"55,285 km",Petrol,Manual,"EMI ₹9,415/m*",₹1.00 lakh
Tata PUNCH,Tata,2024,"6,977 km",Petrol,Manual,"EMI ₹13,398/m*",₹7.59 lakh
Maruti Swift Dzire,Maruti,2016,"1,31,698 km",Petrol,Manual,"EMI ₹6,384/m*",₹2.87 lakh
Hyundai NEW SANTRO,Hyundai,2020,"1,19,256 km",Petrol,Manual,"EMI ₹6,050/m*",₹2.72 lakh
Hyundai i10,Hyundai,2011,"1,05,500 km",Petrol,Manual,"EMI ₹6,050/m*",₹0.81 lakh
Tata PUNCH,Tata,2022,"17,442 km",Petrol,Manual,"EMI ₹8,579/m*",₹4.86 lakh
Toyota Etios,Toyota,2011,"1,63,150 km",Petrol,Manual,"EMI ₹8,579/m*",₹1.25 lakh
Skoda Rapid,Skoda,2012,"82,864 km",Petrol,Manual,"EMI ₹13,061/m*",₹1.47 lakh
Maruti Baleno,Maruti,2018,"1,11,161 km",Petrol,Manual,"EMI ₹15,362/m*",₹6.91 lakh
Tata PUNCH,Tata,2022,"70,777 km",Petrol,Manual,"EMI ₹11,262/m*",₹6.38 lakh
Maruti Swift,Maruti,2012,"1,40,706 km",Petrol,Manual,"EMI ₹21,057/m*",₹2.37 lakh
Hyundai GRAND I10 NIOS,Hyundai,2022,"44,096 km",Petrol,Manual,"EMI ₹7,891/m*",₹4.47 lakh
Maruti Wagon R 1.0,Maruti,2011,"77,928 km",Petrol,Manual,"EMI ₹7,891/m*",₹0.97 lakh
Mahindra TUV300,Mahindra,2016,"1,11,888 km",Diesel,Manual,"EMI ₹7,891/m*",₹3.89 lakh
Volkswagen Polo,Volkswagen,2011,"53,154 km",Petrol,Manual,"EMI ₹7,891/m*",₹1.29 lakh
Honda Brio,Honda,2012,"1,07,052 km",Petrol,Manual,"EMI ₹8,174/m*",₹0.92 lakh
Maruti Swift Dzire,Maruti,2011,"46,928 km",Petrol,Manual,"EMI ₹8,174/m*",₹1.14 lakh
Mahindra TUV300,Mahindra,2016,"1,52,527 km",Diesel,Manual,"EMI ₹8,174/m*",₹2.59 lakh
Maruti Vitara Brezza,Maruti,2021,"56,679 km",Petrol,Manual,"EMI ₹9,532/m*",₹5.40 lakh
Hyundai i10,Hyundai,2013,"84,975 km",Petrol,Manual,"EMI ₹6,449/m*",₹1.37 lakh
Maruti Ertiga,Maruti,2019,"1,10,568 km",Petrol,Manual,"EMI ₹17,807/m*",₹8.19 lakh
Maruti Wagon R 1.0,Maruti,2017,"92,937 km",Petrol,Manual,"EMI ₹4,790/m*",₹2.45 lakh
Maruti Ertiga,Maruti,2017,"1,11,242 km",Petrol,Manual,"EMI ₹12,234/m*",₹5.50 lakh
Maruti Celerio,Maruti,2015,"27,048 km",Petrol,Auto,"EMI ₹7,637/m*",₹2.90 lakh
Tata PUNCH,Tata,2024,"55,570 km",Petrol,Manual,"EMI ₹11,615/m*",₹6.58 lakh
Maruti Baleno,Maruti,2015,"1,19,464 km",Petrol,Manual,"EMI ₹8,637/m*",₹3.28 lakh
Hyundai i10,Hyundai,2013,"96,693 km",Petrol,Manual,"EMI ₹6,072/m*",₹1.29 lakh
Maruti Vitara Brezza,Maruti,2016,"1,21,533 km",Diesel,Manual,"EMI ₹6,072/m*",₹4.19 lakh
Skoda Rapid,Skoda,2011,"71,080 km",Petrol,Manual,"EMI ₹6,072/m*",₹1.25 lakh
Maruti Swift,Maruti,2020,"56,709 km",Petrol,Manual,"EMI ₹7,043/m*",₹3.99 lakh
Tata NEXON,Tata,2020,"26,147 km",Petrol,Manual,"EMI ₹9,709/m*",₹5.50 lakh
Toyota Etios,Toyota,2012,"1,21,424 km",Petrol,Manual,"EMI ₹11,728/m*",₹1.32 lakh
Honda Amaze,Honda,2017,"51,870 km",Petrol,Manual,"EMI ₹7,496/m*",₹3.83 lakh
Hyundai AURA,Hyundai,2024,"23,257 km",Petrol,Manual,"EMI ₹9,921/m*",₹5.62 lakh
Renault Kwid,Renault,2019,"17,263 km",Petrol,Auto,"EMI ₹4,660/m*",₹2.64 lakh
Maruti Wagon R 1.0,Maruti,2011,"37,395 km",Petrol,Manual,"EMI ₹4,660/m*",₹0.99 lakh
Maruti Swift Dzire,Maruti,2015,"64,734 km",Petrol,Manual,"EMI ₹8,269/m*",₹3.14 lakh
Maruti Wagon R 1.0,Maruti,2018,"48,966 km",Petrol,Manual,"EMI ₹4,802/m*",₹2.72 lakh
Maruti FRONX,Maruti,2024,"76,756 km",Petrol,Manual,"EMI ₹13,240/m*",₹7.50 lakh
Volkswagen VIRTUS,Volkswagen,2023,"36,897 km",Petrol,Manual,"EMI ₹23,355/m*",₹13.64 lakh
Maruti New Wagon-R,Maruti,2022,"36,232 km",Petrol,Manual,"EMI ₹6,443/m*",₹3.65 lakh
Tata PUNCH,Tata,2022,"12,998 km",Petrol,Manual,"EMI ₹8,473/m*",₹4.80 lakh
Maruti Swift,Maruti,2017,"1,32,965 km",Petrol,Manual,"EMI ₹6,584/m*",₹2.96 lakh
Ford Ecosport,Ford,2015,"1,37,690 km",Diesel,Manual,"EMI ₹7,075/m*",₹2.13 lakh
Maruti Alto K10,Maruti,2015,"1,62,828 km",Petrol,Manual,"EMI ₹3,529/m*",₹1.34 lakh
Tata Tiago,Tata,2018,"74,119 km",Petrol,Manual,"EMI ₹4,960/m*",₹2.81 lakh
Hyundai i10,Hyundai,2011,"79,217 km",Petrol,Manual,"EMI ₹4,960/m*",₹1.11 lakh
Maruti Wagon R 1.0,Maruti,2015,"1,50,394 km",Petrol,Manual,"EMI ₹4,793/m*",₹1.82 lakh
Maruti Baleno,Maruti,2022,"50,000 km",Petrol,Manual,"EMI ₹8,297/m*",₹4.70 lakh
Maruti Swift,Maruti,2018,"49,530 km",Petrol,Manual,"EMI ₹7,149/m*",₹4.05 lakh
Hyundai i10,Hyundai,2012,"1,34,142 km",Petrol,Manual,"EMI ₹8,352/m*",₹0.94 lakh
Maruti Swift Dzire,Maruti,2011,"73,076 km",Petrol,Manual,"EMI ₹8,352/m*",₹1.08 lakh
Maruti Wagon R 1.0,Maruti,2011,"1,00,531 km",Petrol,Manual,"EMI ₹8,352/m*",₹0.99 lakh
Tata NEXON,Tata,2024,"8,861 km",Petrol,Auto,"EMI ₹13,478/m*",₹7.63 lakh
Mahindra Scorpio,Mahindra,2016,"2,22,087 km",Diesel,Manual,"EMI ₹13,478/m*",₹6.29 lakh
Maruti Vitara Brezza,Maruti,2017,"1,03,786 km",Diesel,Manual,"EMI ₹44,424/m*",₹5.00 lakh
Maruti Swift Dzire,Maruti,2016,"1,85,848 km",Diesel,Manual,"EMI ₹44,424/m*",₹3.36 lakh
Hyundai Elite i20,Hyundai,2015,"29,293 km",Petrol,Manual,"EMI ₹7,637/m*",₹2.90 lakh
Honda City,Honda,2014,"87,865 km",Petrol,Auto,"EMI ₹8,835/m*",₹2.66 lakh
Maruti Eeco,Maruti,2011,"92,094 km",Petrol,Manual,"EMI ₹8,835/m*",₹0.85 lakh
Maruti Wagon R 1.0,Maruti,2011,"85,647 km",Petrol,Manual,"EMI ₹8,835/m*",₹0.95 lakh
Maruti Ciaz,Maruti,2016,"1,30,501 km",Diesel,Manual,"EMI ₹8,835/m*",₹2.63 lakh
Maruti Ciaz,Maruti,2023,"30,947 km",Petrol,Manual,"EMI ₹13,240/m*",₹7.50 lakh
Maruti Swift Dzire,Maruti,2011,"1,67,650 km",Petrol,Manual,"EMI ₹13,240/m*",₹1.08 lakh
Maruti Ritz,Maruti,2014,"96,766 km",Petrol,Manual,"EMI ₹5,447/m*",₹1.64 lakh
Tata TIGOR,Tata,2017,"62,504 km",Petrol,Auto,"EMI ₹5,024/m*",₹2.57 lakh
Hyundai GRAND I10 NIOS,Hyundai,2020,"30,186 km",Petrol,Auto,"EMI ₹8,279/m*",₹4.69 lakh
Maruti Swift,Maruti,2017,"44,953 km",Diesel,Manual,"EMI ₹30,297/m*",₹3.41 lakh
Chevrolet Sail UVA,Chevrolet,2012,"46,674 km",Petrol,Manual,"EMI ₹7,908/m*",₹0.89 lakh
Honda Amaze,Honda,2014,"2,04,502 km",Diesel,Manual,"EMI ₹7,249/m*",₹1.54 lakh
Hyundai i10,Hyundai,2014,"32,545 km",Petrol,Manual,"EMI ₹5,779/m*",₹1.74 lakh
Maruti Dzire,Maruti,2017,"37,800 km",Petrol,Manual,"EMI ₹6,647/m*",₹3.40 lakh
Hyundai i10,Hyundai,2011,"8,92,895 km",Petrol,Manual,"EMI ₹6,647/m*",₹0.87 lakh
Hyundai Grand i10,Hyundai,2017,"1,63,839 km",Petrol,Manual,"EMI ₹5,049/m*",₹2.27 lakh
Mahindra Scorpio,Mahindra,2019,"1,03,982 km",Diesel,Manual,"EMI ₹34,965/m*",₹10.68 lakh
Tata Tiago,Tata,2018,"1,04,997 km",Petrol,Auto,"EMI ₹5,583/m*",₹2.51 lakh
Maruti Alto K10,Maruti,2016,"1,47,911 km",Petrol,Auto,"EMI ₹5,161/m*",₹2.32 lakh
Maruti Ertiga,Maruti,2017,"86,497 km",Petrol,Manual,"EMI ₹10,029/m*",₹5.13 lakh
Honda Amaze,Honda,2016,"92,427 km",Petrol,Manual,"EMI ₹7,385/m*",₹3.32 lakh
Chevrolet Beat,Chevrolet,2015,"59,237 km",Diesel,Manual,"EMI ₹4,285/m*",₹1.29 lakh
Hyundai i10,Hyundai,2011,"1,22,702 km",Petrol,Manual,"EMI ₹4,285/m*",₹0.86 lakh
Hyundai Elite i20,Hyundai,2017,"98,268 km",Diesel,Manual,"EMI ₹28,076/m*",₹3.16 lakh
Honda Amaze,Honda,2019,"1,16,771 km",Petrol,Manual,"EMI ₹7,852/m*",₹3.53 lakh
Honda Jazz,Honda,2018,"62,139 km",Diesel,Manual,"EMI ₹14,781/m*",₹3.14 lakh
Maruti Baleno,Maruti,2018,"84,379 km",Petrol,Manual,"EMI ₹7,308/m*",₹4.14 lakh
Maruti Celerio,Maruti,2019,"77,672 km",Petrol,Manual,"EMI ₹5,631/m*",₹3.19 lakh
Ford Figo Aspire,Ford,2018,"1,15,026 km",Diesel,Manual,"EMI ₹12,710/m*",₹2.70 lakh
Maruti Swift Dzire,Maruti,2011,"89,385 km",Petrol,Manual,"EMI ₹12,710/m*",₹1.20 lakh
Maruti Wagon R 1.0,Maruti,2011,"1,25,957 km",Petrol,Manual,"EMI ₹12,710/m*",₹0.97 lakh
Maruti Swift Dzire,Maruti,2011,"1,34,370 km",Petrol,Manual,"EMI ₹12,710/m*",₹1.04 lakh
Renault Kiger,Renault,2021,"1,61,090 km",Petrol,Manual,"EMI ₹8,609/m*",₹3.87 lakh
Maruti Swift,Maruti,2017,"1,30,789 km",Petrol,Manual,"EMI ₹6,673/m*",₹3.00 lakh
Maruti New Wagon-R,Maruti,2019,"76,619 km",Petrol,Manual,"EMI ₹6,567/m*",₹3.72 lakh
MG ASTOR,MG,2022,"16,971 km",Petrol,Manual,"EMI ₹13,240/m*",₹7.50 lakh
Hyundai Accent,Hyundai,2011,"2,05,882 km",Petrol,Manual,"EMI ₹13,240/m*",₹0.82 lakh
Honda Amaze,Honda,2015,"92,500 km",Petrol,Manual,"EMI ₹5,793/m*",₹2.20 lakh
Hyundai NEW I20,Hyundai,2022,"14,235 km",Petrol,Manual,"EMI ₹10,962/m*",₹6.21 lakh
Maruti Dzire,Maruti,2017,"1,91,622 km",Petrol,Manual,"EMI ₹6,896/m*",₹3.10 lakh
Hyundai Xcent,Hyundai,2015,"69,661 km",Petrol,Manual,"EMI ₹5,820/m*",₹2.21 lakh
Mahindra XUV500,Mahindra,2018,"93,519 km",Diesel,Auto,"EMI ₹43,159/m*",₹9.26 lakh
Maruti Wagon R 1.0,Maruti,2013,"23,780 km",Petrol,Manual,"EMI ₹7,626/m*",₹1.62 lakh
Honda City,Honda,2014,"43,776 km",Petrol,Manual,"EMI ₹10,662/m*",₹3.21 lakh
Maruti Ertiga,Maruti,2017,"1,03,402 km",Diesel,Manual,"EMI ₹47,534/m*",₹5.35 lakh
Tata TIAGO NRG,Tata,2022,"14,123 km",Petrol,Auto,"EMI ₹8,826/m*",₹5.00 lakh
Maruti Ritz,Maruti,2011,"1,10,997 km",Petrol,Manual,"EMI ₹8,826/m*",₹0.95 lakh
Tata Hexa,Tata,2017,"55,347 km",Diesel,Auto,"EMI ₹87,321/m*",₹9.88 lakh
Maruti Wagon R 1.0,Maruti,2010,"1,08,164 km",Petrol,Manual,"EMI ₹87,321/m*",₹0.76 lakh
Hyundai Accent,Hyundai,2010,"1,19,993 km",Petrol,Manual,"EMI ₹87,321/m*",₹0.76 lakh
Toyota Camry,Toyota,2014,"1,20,888 km",Petrol,Auto,"EMI ₹18,268/m*",₹5.50 lakh
Maruti Baleno,Maruti,2018,"41,647 km",Petrol,Manual,"EMI ₹9,197/m*",₹5.21 lakh
Hyundai i10,Hyundai,2011,"2,26,648 km",Petrol,Manual,"EMI ₹9,197/m*",₹1.02 lakh
Maruti Swift,Maruti,2020,"57,653 km",Petrol,Manual,"EMI ₹7,238/m*",₹4.10 lakh
Hyundai Creta,Hyundai,2017,"51,903 km",Petrol,Manual,"EMI ₹13,294/m*",₹6.80 lakh
Maruti Alto K10,Maruti,2011,"69,037 km",Petrol,Manual,"EMI ₹13,294/m*",₹0.81 lakh
Maruti Alto K10,Maruti,2011,"56,759 km",Petrol,Manual,"EMI ₹13,294/m*",₹0.91 lakh
Honda Amaze,Honda,2016,"65,676 km",Petrol,Manual,"EMI ₹7,897/m*",₹3.55 lakh
Maruti Swift,Maruti,2020,"89,602 km",Petrol,Manual,"EMI ₹6,955/m*",₹3.94 lakh
Maruti Swift,Maruti,2012,"58,949 km",Petrol,Manual,"EMI ₹16,259/m*",₹1.83 lakh
KIA SELTOS,KIA,2020,"94,641 km",Diesel,Manual,"EMI ₹17,380/m*",₹6.60 lakh
Maruti Wagon R 1.0,Maruti,2011,"1,19,053 km",Petrol,Manual,"EMI ₹17,380/m*",₹0.96 lakh
Hyundai i10,Hyundai,2010,"56,826 km",Petrol,Manual,"EMI ₹17,380/m*",₹0.68 lakh
Hyundai Santro Xing,Hyundai,2011,"33,148 km",Petrol,Manual,"EMI ₹17,380/m*",₹0.89 lakh
Maruti Baleno,Maruti,2016,"95,959 km",Petrol,Manual,"EMI ₹7,229/m*",₹3.25 lakh
Honda Jazz,Honda,2011,"68,472 km",Petrol,Manual,"EMI ₹7,229/m*",₹0.87 lakh
Maruti Baleno,Maruti,2016,"1,17,093 km",Petrol,Manual,"EMI ₹6,162/m*",₹2.77 lakh
Maruti Wagon R 1.0,Maruti,2018,"1,17,424 km",Petrol,Manual,"EMI ₹5,650/m*",₹2.54 lakh
Maruti Baleno,Maruti,2016,"97,131 km",Petrol,Manual,"EMI ₹7,608/m*",₹3.42 lakh
Maruti Ciaz,Maruti,2016,"96,725 km",Diesel,Manual,"EMI ₹7,608/m*",₹2.91 lakh
Maruti Swift,Maruti,2023,"36,443 km",Petrol,Manual,"EMI ₹7,944/m*",₹4.50 lakh
Maruti Wagon R 1.0,Maruti,2011,"83,684 km",Petrol,Manual,"EMI ₹7,944/m*",₹1.06 lakh
Hyundai Grand i10,Hyundai,2015,"42,961 km",Petrol,Manual,"EMI ₹6,978/m*",₹2.65 lakh
Tata TIGOR,Tata,2018,"74,094 km",Petrol,Auto,"EMI ₹5,525/m*",₹3.13 lakh
Honda City,Honda,2011,"72,441 km",Petrol,Auto,"EMI ₹5,525/m*",₹1.87 lakh
Hyundai Santro Xing,Hyundai,2013,"67,818 km",Petrol,Manual,"EMI ₹5,461/m*",₹1.16 lakh
Maruti Swift,Maruti,2016,"98,550 km",Petrol,Manual,"EMI ₹6,006/m*",₹2.70 lakh
Maruti Wagon R 1.0,Maruti,2012,"94,953 km",Petrol,Manual,"EMI ₹8,618/m*",₹0.97 lakh
Hyundai i10,Hyundai,2010,"62,946 km",Petrol,Manual,"EMI ₹8,618/m*",₹0.50 lakh
Hyundai Accent,Hyundai,2012,"83,986 km",Petrol,Manual,"EMI ₹6,664/m*",₹0.75 lakh
Maruti Ertiga,Maruti,2022,"1,07,611 km",Petrol,Manual,"EMI ₹21,829/m*",₹10.04 lakh
Maruti Baleno,Maruti,2016,"78,334 km",Petrol,Manual,"EMI ₹9,432/m*",₹4.24 lakh
Maruti Dzire,Maruti,2022,"48,890 km",Petrol,Manual,"EMI ₹8,456/m*",₹4.79 lakh
Tata NEXON,Tata,2019,"84,873 km",Diesel,Manual,"EMI ₹18,666/m*",₹5.62 lakh
Hyundai Santro Xing,Hyundai,2011,"1,17,518 km",Petrol,Manual,"EMI ₹18,666/m*",₹0.74 lakh
Hyundai i10,Hyundai,2012,"90,645 km",Petrol,Manual,"EMI ₹8,085/m*",₹0.91 lakh
Hyundai Verna,Hyundai,2013,"83,582 km",Petrol,Manual,"EMI ₹12,710/m*",₹2.70 lakh
Honda City,Honda,2017,"16,983 km",Petrol,Manual,"EMI ₹10,948/m*",₹5.60 lakh
Hyundai i10,Hyundai,2011,"58,818 km",Petrol,Manual,"EMI ₹10,948/m*",₹1.30 lakh
Maruti Vitara Brezza,Maruti,2018,"1,24,065 km",Diesel,Manual,"EMI ₹25,278/m*",₹5.37 lakh
Honda Brio,Honda,2012,"82,494 km",Petrol,Manual,"EMI ₹8,352/m*",₹0.94 lakh
Maruti Swift Dzire,Maruti,2011,"73,396 km",Petrol,Manual,"EMI ₹8,352/m*",₹1.04 lakh
Volkswagen Polo,Volkswagen,2013,"1,25,821 km",Petrol,Auto,"EMI ₹12,286/m*",₹2.61 lakh
Nissan Micra,Nissan,2015,"72,506 km",Petrol,Manual,"EMI ₹4,055/m*",₹1.54 lakh
Maruti Baleno,Maruti,2016,"41,046 km",Petrol,Manual,"EMI ₹7,519/m*",₹3.38 lakh
Maruti Wagon R 1.0,Maruti,2018,"60,333 km",Petrol,Auto,"EMI ₹4,943/m*",₹2.80 lakh
Honda Brio,Honda,2012,"67,616 km",Petrol,Manual,"EMI ₹11,550/m*",₹1.30 lakh
Hyundai Verna,Hyundai,2011,"79,386 km",Petrol,Manual,"EMI ₹11,550/m*",₹1.21 lakh
Toyota Etios,Toyota,2011,"69,403 km",Petrol,Manual,"EMI ₹11,550/m*",₹1.15 lakh
Hyundai Grand i10,Hyundai,2014,"95,937 km",Petrol,Manual,"EMI ₹5,580/m*",₹1.68 lakh
Maruti Alto 800,Maruti,2017,"57,139 km",Petrol,Manual,"EMI ₹3,617/m*",₹1.85 lakh
Honda City,Honda,2015,"1,61,000 km",Petrol,Manual,"EMI ₹7,242/m*",₹2.75 lakh
Maruti Wagon R 1.0,Maruti,2013,"34,216 km",Petrol,Manual,"EMI ₹8,002/m*",₹1.70 lakh
Hyundai Grand i10,Hyundai,2014,"71,523 km",Petrol,Manual,"EMI ₹13,286/m*",₹4.00 lakh
Maruti Zen Estilo,Maruti,2011,"18,363 km",Petrol,Manual,"EMI ₹13,286/m*",₹0.69 lakh
Hyundai Santro Xing,Hyundai,2011,"1,12,513 km",Petrol,Manual,"EMI ₹13,286/m*",₹0.76 lakh
Maruti Baleno,Maruti,2018,"1,00,837 km",Petrol,Manual,"EMI ₹8,141/m*",₹3.66 lakh
Hyundai i10,Hyundai,2011,"1,30,034 km",Petrol,Manual,"EMI ₹8,141/m*",₹1.00 lakh
Maruti Swift,Maruti,2017,"87,210 km",Petrol,Manual,"EMI ₹5,748/m*",₹2.94 lakh
Honda City,Honda,2011,"41,954 km",Petrol,Manual,"EMI ₹5,748/m*",₹1.21 lakh
Honda City,Honda,2015,"72,821 km",Petrol,Auto,"EMI ₹12,245/m*",₹4.65 lakh
Maruti Swift,Maruti,2019,"1,56,229 km",Petrol,Manual,"EMI ₹9,587/m*",₹4.31 lakh
Maruti Ertiga,Maruti,2012,"1,75,292 km",Petrol,Manual,"EMI ₹23,545/m*",₹2.65 lakh
Maruti Vitara Brezza,Maruti,2021,"1,08,495 km",Petrol,Manual,"EMI ₹11,767/m*",₹5.29 lakh
Maruti Swift,Maruti,2017,"57,096 km",Petrol,Manual,"EMI ₹5,865/m*",₹3.00 lakh
Maruti Baleno,Maruti,2016,"80,778 km",Petrol,Manual,"EMI ₹6,362/m*",₹2.86 lakh
Hyundai i10,Hyundai,2015,"28,884 km",Petrol,Manual,"EMI ₹6,294/m*",₹2.39 lakh
Volkswagen Polo,Volkswagen,2011,"59,766 km",Petrol,Manual,"EMI ₹6,294/m*",₹1.51 lakh
Maruti Swift,Maruti,2015,"81,703 km",Petrol,Manual,"EMI ₹9,217/m*",₹3.50 lakh
Toyota Etios,Toyota,2011,"27,860 km",Petrol,Manual,"EMI ₹9,217/m*",₹1.65 lakh
Hyundai i10,Hyundai,2011,"1,10,000 km",Petrol,Manual,"EMI ₹9,217/m*",₹0.95 lakh
Maruti Swift,Maruti,2021,"45,515 km",Petrol,Manual,"EMI ₹7,238/m*",₹4.10 lakh
Renault Kwid,Renault,2020,"22,000 km",Petrol,Manual,"EMI ₹4,890/m*",₹2.77 lakh
Maruti Swift Dzire,Maruti,2011,"78,298 km",Petrol,Manual,"EMI ₹4,890/m*",₹0.84 lakh
Honda City,Honda,2017,"1,24,904 km",Diesel,Manual,"EMI ₹37,316/m*",₹4.20 lakh
Hyundai Santro Xing,Hyundai,2012,"70,162 km",Petrol,Manual,"EMI ₹8,618/m*",₹0.97 lakh
Honda WR-V,Honda,2019,"63,656 km",Petrol,Manual,"EMI ₹7,061/m*",₹4.00 lakh
Hyundai Grand i10,Hyundai,2015,"94,903 km",Petrol,Manual,"EMI ₹5,793/m*",₹2.20 lakh
Hyundai Creta,Hyundai,2015,"60,397 km",Petrol,Manual,"EMI ₹14,721/m*",₹5.59 lakh
Hyundai Grand i10,Hyundai,2017,"1,04,073 km",Diesel,Manual,"EMI ₹19,991/m*",₹2.25 lakh
Hyundai i10,Hyundai,2013,"85,030 km",Petrol,Manual,"EMI ₹6,402/m*",₹1.36 lakh
Maruti IGNIS,Maruti,2018,"15,326 km",Petrol,Manual,"EMI ₹6,320/m*",₹3.58 lakh
Hyundai i10,Hyundai,2011,"70,056 km",Petrol,Manual,"EMI ₹6,320/m*",₹0.80 lakh
Maruti Wagon R 1.0,Maruti,2017,"69,013 km",Petrol,Manual,"EMI ₹5,024/m*",₹2.57 lakh
Ford Ecosport,Ford,2016,"91,747 km",Diesel,Manual,"EMI ₹5,024/m*",₹2.66 lakh
Hyundai i20,Hyundai,2011,"1,88,723 km",Petrol,Manual,"EMI ₹5,024/m*",₹0.97 lakh
Hyundai Grand i10,Hyundai,2015,"33,878 km",Petrol,Manual,"EMI ₹7,373/m*",₹2.80 lakh
Ford Figo Aspire,Ford,2015,"1,04,671 km",Diesel,Manual,"EMI ₹7,373/m*",₹1.80 lakh
Mahindra XUV500,Mahindra,2017,"71,622 km",Diesel,Auto,"EMI ₹90,238/m*",₹10.21 lakh
Honda City,Honda,2014,"1,13,246 km",Petrol,Manual,"EMI ₹11,459/m*",₹3.45 lakh
Honda WR-V,Honda,2022,"37,355 km",Petrol,Manual,"EMI ₹10,786/m*",₹6.11 lakh
Maruti Baleno,Maruti,2020,"43,724 km",Petrol,Manual,"EMI ₹8,244/m*",₹4.67 lakh
Maruti Ertiga,Maruti,2017,"1,62,513 km",Diesel,Manual,"EMI ₹43,714/m*",₹4.92 lakh
Maruti Wagon R 1.0,Maruti,2011,"99,293 km",Petrol,Manual,"EMI ₹43,714/m*",₹0.85 lakh
Maruti Wagon R 1.0,Maruti,2012,"96,959 km",Petrol,Manual,"EMI ₹9,951/m*",₹1.12 lakh
Hyundai Creta,Hyundai,2016,"1,33,074 km",Diesel,Manual,"EMI ₹9,951/m*",₹4.57 lakh
Hyundai i20,Hyundai,2012,"85,700 km",Petrol,Manual,"EMI ₹15,282/m*",₹1.72 lakh
MG HECTOR PLUS,MG,2020,"79,752 km",Petrol,Auto,"EMI ₹14,554/m*",₹8.50 lakh
Maruti Swift,Maruti,2016,"69,808 km",Petrol,Manual,"EMI ₹6,918/m*",₹3.11 lakh
Hyundai Grand i10,Hyundai,2017,"1,09,567 km",Diesel,Manual,"EMI ₹17,237/m*",₹1.94 lakh
Hyundai i20,Hyundai,2013,"38,774 km",Petrol,Manual,"EMI ₹11,062/m*",₹2.35 lakh
Hyundai Verna,Hyundai,2013,"81,479 km",Petrol,Manual,"EMI ₹12,992/m*",₹2.76 lakh
Ford Endeavour,Ford,2017,"1,48,950 km",Diesel,Auto,"EMI ₹111,184/m*",₹12.58 lakh
Volkswagen Polo,Volkswagen,2013,"1,18,885 km",Petrol,Manual,"EMI ₹7,767/m*",₹1.65 lakh
Maruti Swift,Maruti,2016,"1,27,911 km",Petrol,Manual,"EMI ₹5,361/m*",₹2.41 lakh
Maruti Wagon R 1.0,Maruti,2010,"1,05,939 km",Petrol,Manual,"EMI ₹5,361/m*",₹0.97 lakh
Hyundai Grand i10,Hyundai,2016,"73,079 km",Petrol,Manual,"EMI ₹7,051/m*",₹3.17 lakh
Hyundai Santro Xing,Hyundai,2012,"94,382 km",Petrol,Manual,"EMI ₹7,730/m*",₹0.87 lakh
Maruti Wagon R 1.0,Maruti,2014,"1,65,787 km",Petrol,Manual,"EMI ₹4,982/m*",₹1.50 lakh
Honda City,Honda,2017,"1,25,550 km",Diesel,Manual,"EMI ₹36,961/m*",₹4.16 lakh
Maruti Celerio,Maruti,2015,"63,638 km",Petrol,Manual,"EMI ₹6,241/m*",₹2.37 lakh
Maruti Baleno,Maruti,2019,"59,230 km",Petrol,Manual,"EMI ₹7,061/m*",₹4.00 lakh
Maruti Wagon R 1.0,Maruti,2011,"82,719 km",Petrol,Manual,"EMI ₹7,061/m*",₹1.00 lakh
Maruti Ertiga,Maruti,2019,"2,37,913 km",Petrol,Manual,"EMI ₹14,993/m*",₹6.74 lakh
Honda City,Honda,2011,"1,21,636 km",Petrol,Manual,"EMI ₹14,993/m*",₹1.27 lakh
Hyundai Eon,Hyundai,2017,"28,633 km",Petrol,Manual,"EMI ₹4,301/m*",₹2.20 lakh
Toyota Etios,Toyota,2016,"85,577 km",Petrol,Manual,"EMI ₹4,738/m*",₹2.13 lakh
Chevrolet Beat,Chevrolet,2012,"52,857 km",Petrol,Manual,"EMI ₹7,463/m*",₹0.84 lakh
Tata Tiago,Tata,2018,"94,492 km",Petrol,Manual,"EMI ₹5,737/m*",₹3.25 lakh
Maruti IGNIS,Maruti,2018,"1,39,759 km",Petrol,Manual,"EMI ₹6,851/m*",₹3.08 lakh
Maruti Ciaz,Maruti,2016,"1,49,686 km",Petrol,Manual,"EMI ₹6,451/m*",₹2.90 lakh
Tata NEXON,Tata,2022,"63,305 km",Petrol,Manual,"EMI ₹9,409/m*",₹5.33 lakh
Maruti Swift Dzire,Maruti,2015,"1,06,272 km",Petrol,Manual,"EMI ₹6,926/m*",₹2.63 lakh
Hyundai i10,Hyundai,2013,"74,297 km",Petrol,Manual,"EMI ₹6,261/m*",₹1.33 lakh
Hyundai Eon,Hyundai,2013,"90,323 km",Petrol,Manual,"EMI ₹5,084/m*",₹1.08 lakh
Maruti Wagon R 1.0,Maruti,2012,"79,145 km",Petrol,Manual,"EMI ₹9,329/m*",₹1.05 lakh
Maruti Wagon R 1.0,Maruti,2017,"68,412 km",Petrol,Auto,"EMI ₹5,376/m*",₹2.75 lakh
Hyundai i10,Hyundai,2013,"95,460 km",Petrol,Manual,"EMI ₹7,908/m*",₹1.68 lakh
Maruti Ertiga,Maruti,2014,"1,19,417 km",Petrol,Manual,"EMI ₹12,156/m*",₹3.66 lakh
Maruti Swift,Maruti,2018,"32,538 km",Petrol,Manual,"EMI ₹7,961/m*",₹4.51 lakh
Honda City,Honda,2015,"90,298 km",Petrol,Manual,"EMI ₹7,373/m*",₹2.80 lakh
Toyota Corolla Altis,Toyota,2011,"77,135 km",Petrol,Manual,"EMI ₹7,373/m*",₹1.68 lakh
Hyundai Grand i10,Hyundai,2018,"38,026 km",Petrol,Manual,"EMI ₹5,296/m*",₹3.00 lakh
Tata Tiago,Tata,2018,"58,402 km",Petrol,Manual,"EMI ₹4,766/m*",₹2.70 lakh
Tata NEXON,Tata,2022,"63,244 km",Petrol,Manual,"EMI ₹9,868/m*",₹5.59 lakh
Maruti Wagon R 1.0,Maruti,2011,"1,28,901 km",Petrol,Manual,"EMI ₹9,868/m*",₹0.87 lakh
MG HECTOR,MG,2019,"64,239 km",Diesel,Manual,"EMI ₹29,432/m*",₹8.99 lakh
Hyundai Creta,Hyundai,2015,"1,15,973 km",Petrol,Manual,"EMI ₹10,112/m*",₹3.84 lakh
Hyundai Verna,Hyundai,2011,"59,426 km",Petrol,Manual,"EMI ₹10,112/m*",₹1.64 lakh
Mahindra XUV500,Mahindra,2017,"70,513 km",Diesel,Manual,"EMI ₹65,304/m*",₹7.35 lakh
Toyota Etios,Toyota,2011,"1,73,274 km",Petrol,Manual,"EMI ₹65,304/m*",₹1.15 lakh
Maruti Baleno,Maruti,2016,"65,542 km",Petrol,Manual,"EMI ₹7,964/m*",₹3.58 lakh
Tata PUNCH,Tata,2022,"65,043 km",Petrol,Auto,"EMI ₹10,856/m*",₹6.15 lakh
Tata TIGOR,Tata,2017,"1,25,100 km",Petrol,Manual,"EMI ₹6,006/m*",₹2.70 lakh
Honda BR-V,Honda,2018,"40,500 km",Petrol,Manual,"EMI ₹10,239/m*",₹5.80 lakh
Honda City,Honda,2017,"58,288 km",Petrol,Manual,"EMI ₹9,736/m*",₹4.98 lakh
Maruti Ciaz,Maruti,2016,"1,50,024 km",Diesel,Manual,"EMI ₹9,736/m*",₹2.85 lakh
Maruti Dzire,Maruti,2018,"61,271 km",Diesel,Manual,"EMI ₹16,852/m*",₹3.58 lakh
Hyundai Grand i10,Hyundai,2014,"1,31,107 km",Petrol,Manual,"EMI ₹5,480/m*",₹1.65 lakh
Ford Figo Aspire,Ford,2017,"53,217 km",Diesel,Manual,"EMI ₹29,942/m*",₹3.37 lakh
Maruti Ciaz,Maruti,2016,"49,311 km",Petrol,Manual,"EMI ₹8,008/m*",₹3.60 lakh
Hyundai i10,Hyundai,2011,"54,582 km",Petrol,Manual,"EMI ₹8,008/m*",₹0.83 lakh
Maruti Baleno,Maruti,2018,"42,865 km",Petrol,Manual,"EMI ₹7,591/m*",₹4.30 lakh
Maruti IGNIS,Maruti,2017,"80,731 km",Petrol,Auto,"EMI ₹5,670/m*",₹2.90 lakh
Honda Amaze,Honda,2015,"49,995 km",Petrol,Manual,"EMI ₹8,558/m*",₹3.25 lakh
Maruti Swift,Maruti,2017,"31,092 km",Petrol,Manual,"EMI ₹5,767/m*",₹2.95 lakh
Hyundai i10,Hyundai,2011,"63,962 km",Petrol,Manual,"EMI ₹5,767/m*",₹0.85 lakh
Honda City,Honda,2015,"1,04,941 km",Petrol,Manual,"EMI ₹10,534/m*",₹4.00 lakh
Hyundai i10,Hyundai,2011,"47,188 km",Petrol,Manual,"EMI ₹10,534/m*",₹1.03 lakh
Maruti Swift,Maruti,2019,"84,378 km",Petrol,Manual,"EMI ₹8,473/m*",₹4.80 lakh
Maruti Ertiga,Maruti,2019,"35,954 km",Petrol,Manual,"EMI ₹13,363/m*",₹7.57 lakh
Toyota Etios,Toyota,2011,"79,002 km",Petrol,Manual,"EMI ₹13,363/m*",₹1.35 lakh
Maruti Swift Dzire,Maruti,2016,"1,32,884 km",Petrol,Manual,"EMI ₹6,184/m*",₹2.78 lakh
Hyundai Grand i10,Hyundai,2015,"49,030 km",Petrol,Manual,"EMI ₹7,189/m*",₹2.73 lakh
Hyundai Eon,Hyundai,2013,"25,004 km",Petrol,Manual,"EMI ₹6,261/m*",₹1.33 lakh
Maruti Alto,Maruti,2019,"18,337 km",Petrol,Manual,"EMI ₹4,237/m*",₹2.40 lakh
Toyota Etios,Toyota,2011,"61,522 km",Petrol,Manual,"EMI ₹4,237/m*",₹1.03 lakh
Hyundai Santro Xing,Hyundai,2013,"44,582 km",Petrol,Manual,"EMI ₹7,249/m*",₹1.54 lakh
Volkswagen Polo,Volkswagen,2020,"1,11,505 km",Petrol,Manual,"EMI ₹11,122/m*",₹5.00 lakh
Honda City,Honda,2015,"1,31,571 km",Petrol,Manual,"EMI ₹9,928/m*",₹3.77 lakh
Hyundai Eon,Hyundai,2011,"7,698 km",Petrol,Manual,"EMI ₹9,928/m*",₹0.93 lakh
Tata NEXON,Tata,2024,"12,801 km",Petrol,Manual,"EMI ₹18,835/m*",₹11.00 lakh
Maruti Ertiga,Maruti,2014,"83,941 km",Petrol,Manual,"EMI ₹13,917/m*",₹4.19 lakh
Hyundai Santro Xing,Hyundai,2013,"24,691 km",Petrol,Manual,"EMI ₹6,167/m*",₹1.31 lakh
Ford Figo Aspire,Ford,2018,"35,704 km",Petrol,Manual,"EMI ₹5,296/m*",₹3.00 lakh
Maruti Wagon R 1.0,Maruti,2014,"1,03,493 km",Petrol,Manual,"EMI ₹5,646/m*",₹1.70 lakh
Honda City,Honda,2015,"73,115 km",Petrol,Manual,"EMI ₹10,534/m*",₹4.00 lakh
Toyota Etios,Toyota,2011,"98,775 km",Petrol,Manual,"EMI ₹10,534/m*",₹1.14 lakh
Renault TRIBER,Renault,2020,"51,198 km",Petrol,Manual,"EMI ₹7,061/m*",₹4.00 lakh
Ford Ecosport,Ford,2020,"46,905 km",Diesel,Manual,"EMI ₹13,852/m*",₹5.26 lakh
Renault Kwid,Renault,2019,"43,851 km",Petrol,Manual,"EMI ₹4,007/m*",₹2.27 lakh
Toyota Etios,Toyota,2014,"24,198 km",Petrol,Manual,"EMI ₹7,979/m*",₹2.40 lakh
Maruti Swift,Maruti,2011,"51,338 km",Petrol,Manual,"EMI ₹7,979/m*",₹1.05 lakh
MG HECTOR,MG,2019,"38,263 km",Petrol,Auto,"EMI ₹16,592/m*",₹9.69 lakh
Chevrolet Beat,Chevrolet,2011,"60,230 km",Petrol,Manual,"EMI ₹16,592/m*",₹0.55 lakh
Skoda Octavia,Skoda,2018,"1,11,491 km",Petrol,Auto,"EMI ₹16,683/m*",₹7.50 lakh
Honda City,Honda,2017,"96,857 km",Petrol,Auto,"EMI ₹8,993/m*",₹4.60 lakh
Renault Lodgy,Renault,2016,"94,165 km",Diesel,Manual,"EMI ₹8,993/m*",₹2.00 lakh
Maruti Wagon R 1.0,Maruti,2011,"1,02,689 km",Petrol,Manual,"EMI ₹8,993/m*",₹0.84 lakh
Maruti Wagon R 1.0,Maruti,2011,"66,298 km",Petrol,Manual,"EMI ₹8,993/m*",₹0.74 lakh
Hyundai i10,Hyundai,2011,"2,64,001 km",Petrol,Manual,"EMI ₹8,993/m*",₹0.95 lakh
Honda Amaze,Honda,2017,"73,720 km",Petrol,Manual,"EMI ₹5,161/m*",₹2.64 lakh
Hyundai Santro Xing,Hyundai,2012,"1,05,646 km",Petrol,Manual,"EMI ₹6,841/m*",₹0.77 lakh
Hyundai VENUE,Hyundai,2019,"24,662 km",Petrol,Manual,"EMI ₹9,709/m*",₹5.50 lakh
Maruti Wagon R 1.0,Maruti,2011,"58,170 km",Petrol,Manual,"EMI ₹9,709/m*",₹0.75 lakh
Mahindra Scorpio,Mahindra,2019,"2,45,781 km",Diesel,Manual,"EMI ₹27,337/m*",₹8.35 lakh
Honda City,Honda,2014,"64,613 km",Petrol,Manual,"EMI ₹9,533/m*",₹2.87 lakh
Nissan MAGNITE,Nissan,2022,"61,228 km",Petrol,Manual,"EMI ₹8,261/m*",₹4.68 lakh
Tata ALTROZ,Tata,2020,"50,430 km",Petrol,Manual,"EMI ₹7,661/m*",₹4.34 lakh
Hyundai i10,Hyundai,2011,"1,08,174 km",Petrol,Manual,"EMI ₹7,661/m*",₹1.00 lakh
Nissan MAGNITE,Nissan,2025,"8,700 km",Petrol,Auto,"EMI ₹12,975/m*",₹7.35 lakh
Maruti Celerio,Maruti,2021,"17,396 km",Petrol,Manual,"EMI ₹7,220/m*",₹4.09 lakh
Maruti Baleno,Maruti,2018,"86,957 km",Petrol,Manual,"EMI ₹7,502/m*",₹4.25 lakh
Maruti Vitara Brezza,Maruti,2017,"1,32,812 km",Diesel,Manual,"EMI ₹32,519/m*",₹3.66 lakh
Maruti Alto 800,Maruti,2013,"1,35,137 km",Petrol,Manual,"EMI ₹6,167/m*",₹1.31 lakh
Maruti Dzire,Maruti,2017,"41,490 km",Petrol,Auto,"EMI ₹10,186/m*",₹5.21 lakh
Maruti Wagon R 1.0,Maruti,2011,"19,512 km",Petrol,Manual,"EMI ₹10,186/m*",₹0.90 lakh
Maruti Wagon R 1.0,Maruti,2012,"1,17,386 km",Petrol,Manual,"EMI ₹8,974/m*",₹1.01 lakh
Maruti Alto K10,Maruti,2011,"56,975 km",Petrol,Manual,"EMI ₹8,974/m*",₹0.94 lakh
Renault TRIBER,Renault,2019,"37,383 km",Petrol,Manual,"EMI ₹7,061/m*",₹4.00 lakh
Ford Ecosport,Ford,2016,"1,94,617 km",Diesel,Manual,"EMI ₹9,243/m*",₹3.51 lakh
Hyundai i10,Hyundai,2011,"42,565 km",Petrol,Manual,"EMI ₹9,243/m*",₹0.82 lakh
Hyundai i10,Hyundai,2011,"83,688 km",Petrol,Manual,"EMI ₹9,243/m*",₹0.94 lakh
Hyundai Grand i10,Hyundai,2017,"1,37,862 km",Petrol,Manual,"EMI ₹6,384/m*",₹2.87 lakh
Maruti Wagon R 1.0,Maruti,2015,"97,221 km",Petrol,Manual,"EMI ₹4,477/m*",₹1.70 lakh
Ford Ecosport,Ford,2017,"81,315 km",Diesel,Manual,"EMI ₹37,850/m*",₹4.26 lakh
Maruti Wagon R 1.0,Maruti,2014,"90,310 km",Petrol,Manual,"EMI ₹5,580/m*",₹1.68 lakh
Mahindra SCORPIO-N,Mahindra,2023,"8,642 km",Petrol,Auto,"EMI ₹37,995/m*",₹22.19 lakh
Hyundai GRAND I10 NIOS,Hyundai,2022,"51,182 km",Petrol,Manual,"EMI ₹7,061/m*",₹4.00 lakh
Maruti Wagon R 1.0,Maruti,2012,"3,26,909 km",Petrol,Manual,"EMI ₹8,174/m*",₹0.92 lakh
Maruti Ertiga,Maruti,2013,"1,08,547 km",Petrol,Manual,"EMI ₹14,216/m*",₹3.02 lakh
Mahindra Kuv100,Mahindra,2018,"1,49,742 km",Petrol,Manual,"EMI ₹3,982/m*",₹1.79 lakh
Maruti Wagon R 1.0,Maruti,2011,"1,27,388 km",Petrol,Manual,"EMI ₹3,982/m*",₹0.93 lakh
Honda City,Honda,2015,"1,02,850 km",Petrol,Auto,"EMI ₹12,746/m*",₹4.84 lakh
Volkswagen Vento,Volkswagen,2011,"73,025 km",Petrol,Manual,"EMI ₹12,746/m*",₹1.31 lakh
Maruti Alto 800,Maruti,2015,"53,526 km",Petrol,Manual,"EMI ₹4,529/m*",₹1.72 lakh
Hyundai Santro Xing,Hyundai,2011,"1,07,505 km",Petrol,Manual,"EMI ₹4,529/m*",₹0.94 lakh
Volkswagen Polo,Volkswagen,2011,"2,50,000 km",Petrol,Manual,"EMI ₹4,529/m*",₹0.84 lakh
Honda City,Honda,2016,"99,279 km",Petrol,Manual,"EMI ₹10,611/m*",₹4.77 lakh
Renault Duster,Renault,2013,"1,08,972 km",Petrol,Manual,"EMI ₹9,415/m*",₹2.00 lakh
Maruti Wagon R 1.0,Maruti,2012,"1,01,000 km",Petrol,Manual,"EMI ₹9,418/m*",₹1.06 lakh
Hyundai Grand i10,Hyundai,2017,"1,64,004 km",Diesel,Manual,"EMI ₹22,301/m*",₹2.51 lakh
Maruti Swift,Maruti,2012,"98,801 km",Petrol,Manual,"EMI ₹13,150/m*",₹1.48 lakh
Toyota Etios,Toyota,2011,"51,180 km",Petrol,Manual,"EMI ₹13,150/m*",₹1.20 lakh
Hyundai Creta,Hyundai,2016,"2,23,270 km",Diesel,Manual,"EMI ₹13,150/m*",₹5.75 lakh
Maruti Ertiga,Maruti,2024,"28,137 km",Petrol,Manual,"EMI ₹15,958/m*",₹9.32 lakh
Maruti New Wagon-R,Maruti,2019,"48,102 km",Petrol,Manual,"EMI ₹7,449/m*",₹4.22 lakh
Hyundai i20,Hyundai,2011,"1,32,736 km",Petrol,Manual,"EMI ₹7,449/m*",₹1.15 lakh
Honda City,Honda,2016,"83,800 km",Petrol,Manual,"EMI ₹10,077/m*",₹4.53 lakh
Maruti Vitara Brezza,Maruti,2019,"93,122 km",Diesel,Manual,"EMI ₹18,268/m*",₹5.50 lakh
Honda City,Honda,2016,"1,17,530 km",Petrol,Manual,"EMI ₹9,788/m*",₹4.40 lakh
Renault TRIBER,Renault,2021,"21,553 km",Petrol,Manual,"EMI ₹8,138/m*",₹4.61 lakh
Hyundai Verna,Hyundai,2017,"92,024 km",Diesel,Manual,"EMI ₹47,978/m*",₹5.40 lakh
Hyundai Elite i20,Hyundai,2016,"93,765 km",Petrol,Manual,"EMI ₹6,651/m*",₹2.99 lakh
Toyota Etios,Toyota,2011,"1,45,544 km",Petrol,Manual,"EMI ₹6,651/m*",₹1.43 lakh
Honda Amaze,Honda,2018,"1,53,624 km",Petrol,Manual,"EMI ₹8,230/m*",₹3.70 lakh
Honda Amaze,Honda,2018,"1,06,040 km",Petrol,Manual,"EMI ₹8,075/m*",₹3.63 lakh
Hyundai i20,Hyundai,2011,"85,686 km",Petrol,Manual,"EMI ₹8,075/m*",₹0.93 lakh
Maruti Baleno,Maruti,2018,"76,341 km",Petrol,Manual,"EMI ₹7,061/m*",₹4.00 lakh
Maruti Wagon R 1.0,Maruti,2017,"64,816 km",Petrol,Manual,"EMI ₹5,220/m*",₹2.67 lakh
Maruti S Cross,Maruti,2017,"1,07,051 km",Diesel,Manual,"EMI ₹39,182/m*",₹4.41 lakh
Honda Amaze,Honda,2014,"1,13,757 km",Petrol,Manual,"EMI ₹5,049/m*",₹1.52 lakh
Maruti Ertiga,Maruti,2015,"46,839 km",Petrol,Manual,"EMI ₹12,588/m*",₹4.78 lakh
Mahindra Kuv100,Mahindra,2017,"1,51,309 km",Diesel,Manual,"EMI ₹14,394/m*",₹1.62 lakh
Hyundai Verna,Hyundai,2022,"64,002 km",Petrol,Manual,"EMI ₹17,516/m*",₹10.23 lakh
Maruti Ritz,Maruti,2011,"1,97,661 km",Petrol,Manual,"EMI ₹17,516/m*",₹0.95 lakh
Maruti Swift,Maruti,2011,"49,574 km",Petrol,Manual,"EMI ₹17,516/m*",₹1.15 lakh
Maruti Wagon R 1.0,Maruti,2012,"1,13,833 km",Petrol,Manual,"EMI ₹11,817/m*",₹1.33 lakh
Chevrolet Cruze,Chevrolet,2017,"1,07,285 km",Diesel,Auto,"EMI ₹37,583/m*",₹4.23 lakh
Mahindra XUV500,Mahindra,2018,"1,16,440 km",Diesel,Auto,"EMI ₹38,871/m*",₹8.34 lakh
Nissan Micra,Nissan,2011,"22,127 km",Petrol,Manual,"EMI ₹38,871/m*",₹0.90 lakh
Maruti Alto K10,Maruti,2016,"46,535 km",Petrol,Manual,"EMI ₹4,738/m*",₹2.13 lakh
Toyota Glanza,Toyota,2023,"16,603 km",Petrol,Manual,"EMI ₹9,444/m*",₹5.35 lakh
Hyundai Elite i20,Hyundai,2019,"51,519 km",Petrol,Manual,"EMI ₹8,261/m*",₹4.68 lakh
Hyundai i10,Hyundai,2011,"74,984 km",Petrol,Manual,"EMI ₹8,261/m*",₹0.94 lakh
Maruti Swift,Maruti,2020,"45,288 km",Petrol,Auto,"EMI ₹8,032/m*",₹4.55 lakh
Maruti Baleno,Maruti,2023,"18,800 km",Petrol,Manual,"EMI ₹9,780/m*",₹5.54 lakh
Tata NEXON,Tata,2018,"65,950 km",Diesel,Manual,"EMI ₹17,088/m*",₹3.63 lakh
Honda Amaze,Honda,2013,"71,097 km",Petrol,Manual,"EMI ₹7,861/m*",₹1.67 lakh
Maruti Wagon R 1.0,Maruti,2011,"51,788 km",Petrol,Manual,"EMI ₹7,861/m*",₹1.00 lakh
Datsun Go,Datsun,2016,"97,034 km",Petrol,Manual,"EMI ₹2,736/m*",₹1.23 lakh
Hyundai i20,Hyundai,2011,"83,188 km",Petrol,Manual,"EMI ₹2,736/m*",₹1.32 lakh
Volkswagen Polo,Volkswagen,2015,"78,067 km",Petrol,Manual,"EMI ₹7,505/m*",₹2.85 lakh
Honda BR-V,Honda,2018,"2,51,110 km",Petrol,Manual,"EMI ₹14,770/m*",₹6.64 lakh
Maruti Wagon R 1.0,Maruti,2012,"2,64,959 km",Petrol,Manual,"EMI ₹9,773/m*",₹1.10 lakh
Hyundai i10,Hyundai,2011,"84,248 km",Petrol,Manual,"EMI ₹9,773/m*",₹0.60 lakh
Maruti Alto K10,Maruti,2011,"32,493 km",Petrol,Manual,"EMI ₹9,773/m*",₹0.93 lakh
Maruti Alto K10,Maruti,2023,"38,728 km",Petrol,Manual,"EMI ₹6,267/m*",₹3.55 lakh
Maruti Swift,Maruti,2019,"57,259 km",Petrol,Manual,"EMI ₹6,832/m*",₹3.87 lakh
Maruti Swift Dzire,Maruti,2016,"98,568 km",Petrol,Manual,"EMI ₹6,896/m*",₹3.10 lakh
Hyundai Grand i10,Hyundai,2014,"1,30,388 km",Petrol,Auto,"EMI ₹7,473/m*",₹2.25 lakh
Maruti A Star,Maruti,2011,"2,23,782 km",Petrol,Manual,"EMI ₹7,473/m*",₹0.71 lakh
Toyota Etios,Toyota,2011,"1,33,350 km",Petrol,Manual,"EMI ₹7,473/m*",₹0.90 lakh
Maruti S Cross,Maruti,2022,"30,575 km",Petrol,Manual,"EMI ₹11,933/m*",₹6.76 lakh
Hyundai Accent,Hyundai,2011,"86,957 km",Petrol,Manual,"EMI ₹11,933/m*",₹0.72 lakh
Maruti Swift Dzire,Maruti,2011,"46,577 km",Petrol,Manual,"EMI ₹11,933/m*",₹1.34 lakh
Hyundai Creta,Hyundai,2016,"58,727 km",Petrol,Manual,"EMI ₹15,304/m*",₹6.88 lakh
Ford Ecosport,Ford,2016,"75,188 km",Petrol,Auto,"EMI ₹7,563/m*",₹3.40 lakh
KIA SELTOS,KIA,2023,"20,523 km",Petrol,Manual,"EMI ₹16,711/m*",₹9.76 lakh
Ford Figo,Ford,2011,"49,647 km",Petrol,Manual,"EMI ₹16,711/m*",₹0.90 lakh
Hyundai i10,Hyundai,2011,"47,873 km",Petrol,Manual,"EMI ₹16,711/m*",₹1.03 lakh
Tata ALTROZ,Tata,2021,"75,524 km",Diesel,Manual,"EMI ₹8,103/m*",₹4.59 lakh
Maruti Alto,Maruti,2021,"28,538 km",Petrol,Manual,"EMI ₹5,508/m*",₹3.12 lakh
Ford Figo,Ford,2011,"75,357 km",Petrol,Manual,"EMI ₹5,508/m*",₹0.89 lakh
Maruti Swift Dzire,Maruti,2015,"1,50,643 km",Petrol,Manual,"EMI ₹8,111/m*",₹3.08 lakh
Maruti Baleno,Maruti,2018,"1,28,319 km",Petrol,Auto,"EMI ₹8,520/m*",₹3.83 lakh
Hyundai Grand i10,Hyundai,2015,"80,054 km",Petrol,Manual,"EMI ₹7,558/m*",₹2.87 lakh
Hyundai i10,Hyundai,2011,"1,28,322 km",Petrol,Manual,"EMI ₹7,558/m*",₹0.74 lakh
Toyota Corolla Altis,Toyota,2011,"63,975 km",Petrol,Manual,"EMI ₹7,558/m*",₹1.80 lakh
Maruti IGNIS,Maruti,2018,"1,67,786 km",Petrol,Manual,"EMI ₹7,274/m*",₹3.27 lakh
Hyundai Creta,Hyundai,2017,"64,211 km",Petrol,Manual,"EMI ₹11,730/m*",₹6.00 lakh
Hyundai Santro Xing,Hyundai,2012,"1,59,834 km",Petrol,Manual,"EMI ₹10,751/m*",₹1.21 lakh
Honda City,Honda,2011,"98,793 km",Petrol,Manual,"EMI ₹10,751/m*",₹1.58 lakh
Hyundai Santro Xing,Hyundai,2013,"1,53,288 km",Petrol,Manual,"EMI ₹4,237/m*",₹0.90 lakh
Maruti Swift Dzire,Maruti,2011,"1,00,000 km",Petrol,Manual,"EMI ₹4,237/m*",₹0.97 lakh
Maruti Swift,Maruti,2020,"66,352 km",Petrol,Auto,"EMI ₹8,950/m*",₹5.07 lakh
Hyundai GRAND I10 NIOS,Hyundai,2021,"29,638 km",Petrol,Manual,"EMI ₹7,502/m*",₹4.25 lakh
Honda City,Honda,2014,"1,16,580 km",Petrol,Manual,"EMI ₹9,931/m*",₹2.99 lakh
Maruti Zen Estilo,Maruti,2011,"1,69,998 km",Petrol,Manual,"EMI ₹9,931/m*",₹0.50 lakh
Hyundai VENUE,Hyundai,2021,"57,986 km",Petrol,Manual,"EMI ₹9,532/m*",₹5.40 lakh
Hyundai Santro Xing,Hyundai,2012,"1,65,091 km",Petrol,Manual,"EMI ₹8,618/m*",₹0.97 lakh
Honda BR-V,Honda,2016,"63,417 km",Petrol,Manual,"EMI ₹7,652/m*",₹3.44 lakh
Ford Figo,Ford,2011,"66,252 km",Petrol,Manual,"EMI ₹7,652/m*",₹0.77 lakh
Maruti Dzire,Maruti,2022,"82,754 km",Petrol,Manual,"EMI ₹9,656/m*",₹5.47 lakh
Maruti Swift,Maruti,2010,"50,020 km",Petrol,Manual,"EMI ₹9,656/m*",₹1.18 lakh
Honda Amaze,Honda,2016,"60,934 km",Petrol,Manual,"EMI ₹7,285/m*",₹3.27 lakh
Hyundai Grand i10,Hyundai,2016,"89,841 km",Petrol,Manual,"EMI ₹6,028/m*",₹2.71 lakh
Tata TIGOR,Tata,2018,"1,07,944 km",Petrol,Manual,"EMI ₹6,607/m*",₹2.97 lakh
Skoda Fabia,Skoda,2011,"56,422 km",Petrol,Manual,"EMI ₹6,607/m*",₹0.97 lakh
Maruti Wagon R 1.0,Maruti,2010,999 km,Petrol,Manual,"EMI ₹6,607/m*",₹0.74 lakh
Honda City,Honda,2013,"77,413 km",Petrol,Manual,"EMI ₹7,296/m*",₹1.55 lakh
Hyundai Elite i20,Hyundai,2020,"46,915 km",Petrol,Manual,"EMI ₹8,279/m*",₹4.69 lakh
Maruti Wagon R 1.0,Maruti,2015,"1,35,781 km",Petrol,Manual,"EMI ₹4,503/m*",₹1.71 lakh
Tata NEXON,Tata,2019,"2,05,365 km",Diesel,Manual,"EMI ₹14,116/m*",₹4.25 lakh
Maruti Vitara Brezza,Maruti,2017,"2,62,512 km",Diesel,Manual,"EMI ₹40,515/m*",₹4.56 lakh
Honda City,Honda,2011,"1,29,267 km",Petrol,Manual,"EMI ₹40,515/m*",₹1.48 lakh
Honda City,Honda,2011,"79,639 km",Petrol,Manual,"EMI ₹40,515/m*",₹1.21 lakh
Maruti Alto K10,Maruti,2011,"1,510 km",Petrol,Manual,"EMI ₹40,515/m*",₹1.00 lakh
Maruti Swift Dzire,Maruti,2011,"1,22,293 km",Petrol,Manual,"EMI ₹40,515/m*",₹1.27 lakh
Honda Amaze,Honda,2017,"71,358 km",Petrol,Manual,"EMI ₹6,764/m*",₹3.46 lakh
Maruti Wagon R 1.0,Maruti,2011,"42,624 km",Petrol,Manual,"EMI ₹6,764/m*",₹1.35 lakh
Volkswagen Vento,Volkswagen,2011,"65,180 km",Petrol,Manual,"EMI ₹6,764/m*",₹1.37 lakh
Maruti Vitara Brezza,Maruti,2016,"1,23,042 km",Diesel,Manual,"EMI ₹6,764/m*",₹4.68 lakh
Toyota Corolla Altis,Toyota,2011,"1,82,553 km",Petrol,Manual,"EMI ₹6,764/m*",₹1.72 lakh
Honda City,Honda,2010,"93,483 km",Petrol,Auto,"EMI ₹6,764/m*",₹1.32 lakh
Nissan Micra,Nissan,2012,"1,51,045 km",Petrol,Manual,"EMI ₹7,463/m*",₹0.84 lakh
Hyundai Elite i20,Hyundai,2017,"60,570 km",Petrol,Manual,"EMI ₹6,491/m*",₹3.32 lakh
Honda City,Honda,2012,"72,517 km",Petrol,Manual,"EMI ₹12,617/m*",₹1.42 lakh
Honda City,Honda,2011,1 km,Petrol,Manual,"EMI ₹12,617/m*",₹1.12 lakh
Maruti Alto K10,Maruti,2017,"41,104 km",Petrol,Auto,"EMI ₹4,731/m*",₹2.42 lakh
Ford Ecosport,Ford,2016,"95,107 km",Diesel,Manual,"EMI ₹4,731/m*",₹2.66 lakh
Honda City,Honda,2011,"1,48,248 km",Petrol,Manual,"EMI ₹4,731/m*",₹1.25 lakh
Honda Amaze,Honda,2015,"77,203 km",Petrol,Manual,"EMI ₹7,900/m*",₹3.00 lakh
Hyundai i10,Hyundai,2011,"69,572 km",Petrol,Manual,"EMI ₹7,900/m*",₹0.65 lakh
Hyundai Grand i10,Hyundai,2014,"47,126 km",Petrol,Manual,"EMI ₹7,473/m*",₹2.25 lakh
Maruti A Star,Maruti,2011,"71,813 km",Petrol,Manual,"EMI ₹7,473/m*",₹0.80 lakh
Maruti Wagon R 1.0,Maruti,2011,"40,920 km",Petrol,Manual,"EMI ₹7,473/m*",₹1.06 lakh
Hyundai Accent,Hyundai,2012,"1,12,332 km",Petrol,Manual,"EMI ₹8,352/m*",₹0.94 lakh
Maruti Swift,Maruti,2011,"1,66,609 km",Petrol,Manual,"EMI ₹8,352/m*",₹1.06 lakh
Hyundai Elite i20,Hyundai,2015,"76,837 km",Petrol,Manual,"EMI ₹9,849/m*",₹3.74 lakh
Maruti Wagon R 1.0,Maruti,2011,"66,062 km",Petrol,Manual,"EMI ₹9,849/m*",₹0.83 lakh
Toyota Etios Liva,Toyota,2017,"26,481 km",Petrol,Manual,"EMI ₹6,725/m*",₹3.44 lakh
Honda City,Honda,2011,"80,441 km",Petrol,Manual,"EMI ₹6,725/m*",₹1.60 lakh
Maruti Wagon R 1.0,Maruti,2011,"31,056 km",Petrol,Manual,"EMI ₹6,725/m*",₹1.16 lakh
Maruti Swift Dzire,Maruti,2016,"72,876 km",Petrol,Manual,"EMI ₹6,785/m*",₹3.05 lakh
Hyundai Santro Xing,Hyundai,2010,"28,481 km",Petrol,Manual,"EMI ₹6,785/m*",₹0.63 lakh
Maruti Swift Dzire,Maruti,2015,"97,977 km",Petrol,Manual,"EMI ₹9,164/m*",₹3.48 lakh
Honda Civic,Honda,2012,"1,13,785 km",Petrol,Manual,"EMI ₹13,772/m*",₹1.55 lakh
Maruti S PRESSO,Maruti,2020,"38,489 km",Petrol,Manual,"EMI ₹6,973/m*",₹3.95 lakh
Maruti Wagon R 1.0,Maruti,2012,"72,742 km",Petrol,Manual,"EMI ₹18,658/m*",₹2.10 lakh
Honda City,Honda,2012,"1,38,141 km",Petrol,Manual,"EMI ₹13,150/m*",₹1.48 lakh
Volkswagen Polo,Volkswagen,2020,"31,353 km",Petrol,Manual,"EMI ₹13,010/m*",₹7.37 lakh
Hyundai Santro Xing,Hyundai,2011,"57,878 km",Petrol,Manual,"EMI ₹13,010/m*",₹0.80 lakh
Hyundai Grand i10,Hyundai,2014,"48,090 km",Petrol,Manual,"EMI ₹7,008/m*",₹2.11 lakh
Chevrolet Beat,Chevrolet,2011,"92,950 km",Petrol,Manual,"EMI ₹7,008/m*",₹0.63 lakh
Maruti Celerio,Maruti,2014,"91,251 km",Petrol,Manual,"EMI ₹5,765/m*",₹1.74 lakh
Hyundai i10,Hyundai,2013,"1,16,873 km",Petrol,Manual,"EMI ₹6,881/m*",₹1.46 lakh
Maruti Dzire,Maruti,2019,"89,704 km",Petrol,Manual,"EMI ₹6,618/m*",₹3.75 lakh
Honda City,Honda,2015,"1,47,795 km",Petrol,Auto,"EMI ₹11,166/m*",₹4.24 lakh
Hyundai Elite i20,Hyundai,2019,"54,429 km",Petrol,Manual,"EMI ₹7,997/m*",₹4.53 lakh
Hyundai Santro Xing,Hyundai,2011,"1,06,403 km",Petrol,Manual,"EMI ₹7,997/m*",₹0.68 lakh
Maruti Vitara Brezza,Maruti,2016,"65,491 km",Diesel,Manual,"EMI ₹7,997/m*",₹4.10 lakh
Maruti Wagon R 1.0,Maruti,2014,"1,83,440 km",Petrol,Manual,"EMI ₹5,447/m*",₹1.64 lakh
Maruti Eeco,Maruti,2016,"2,41,952 km",Petrol,Manual,"EMI ₹4,026/m*",₹1.81 lakh
Chevrolet Beat,Chevrolet,2012,"86,000 km",Petrol,Manual,"EMI ₹6,042/m*",₹0.68 lakh
Honda Amaze,Honda,2016,"1,44,558 km",Petrol,Manual,"EMI ₹5,383/m*",₹2.42 lakh
Hyundai Grand i10,Hyundai,2016,"67,040 km",Petrol,Manual,"EMI ₹5,583/m*",₹2.51 lakh
Hyundai Santro Xing,Hyundai,2011,"95,495 km",Petrol,Manual,"EMI ₹5,583/m*",₹0.84 lakh
Hyundai Grand i10,Hyundai,2016,"60,189 km",Petrol,Manual,"EMI ₹6,429/m*",₹2.89 lakh
Maruti Baleno,Maruti,2022,"53,247 km",Petrol,Manual,"EMI ₹8,897/m*",₹5.04 lakh
Honda Brio,Honda,2012,"44,081 km",Petrol,Manual,"EMI ₹11,550/m*",₹1.30 lakh
Hyundai Grand i10,Hyundai,2019,"29,322 km",Petrol,Manual,"EMI ₹6,196/m*",₹3.51 lakh
Tata NEXON,Tata,2020,"50,703 km",Petrol,Auto,"EMI ₹13,240/m*",₹7.50 lakh
KIA SELTOS,KIA,2020,"79,954 km",Petrol,Manual,"EMI ₹11,916/m*",₹6.75 lakh
Maruti Swift,Maruti,2017,"1,35,991 km",Petrol,Manual,"EMI ₹6,451/m*",₹2.90 lakh
Honda City,Honda,2011,"1,19,837 km",Petrol,Manual,"EMI ₹6,451/m*",₹1.35 lakh
Hyundai i20,Hyundai,2011,"1,13,572 km",Petrol,Manual,"EMI ₹6,451/m*",₹1.23 lakh
Mahindra XUV500,Mahindra,2018,"1,48,556 km",Diesel,Manual,"EMI ₹26,691/m*",₹5.67 lakh
Maruti Swift,Maruti,2011,"70,913 km",Petrol,Manual,"EMI ₹26,691/m*",₹1.12 lakh
Maruti Ertiga,Maruti,2012,"1,92,484 km",Petrol,Manual,"EMI ₹19,724/m*",₹2.22 lakh
Maruti Baleno,Maruti,2016,"1,90,056 km",Petrol,Manual,"EMI ₹6,673/m*",₹3.00 lakh
Mahindra XUV500,Mahindra,2017,"1,16,700 km",Diesel,Auto,"EMI ₹50,555/m*",₹5.69 lakh
Maruti Alto,Maruti,2011,"55,806 km",Petrol,Manual,"EMI ₹50,555/m*",₹0.82 lakh
Honda Amaze,Honda,2016,"54,104 km",Petrol,Manual,"EMI ₹6,006/m*",₹2.70 lakh
Toyota Etios,Toyota,2011,"65,045 km",Petrol,Manual,"EMI ₹6,006/m*",₹1.00 lakh
Honda City,Honda,2017,"1,03,574 km",Diesel,Manual,"EMI ₹37,494/m*",₹4.22 lakh
Honda City,Honda,2015,"1,10,575 km",Petrol,Manual,"EMI ₹11,850/m*",₹4.50 lakh
Mahindra Scorpio,Mahindra,2019,"52,728 km",Diesel,Manual,"EMI ₹36,013/m*",₹11.00 lakh
Tata NEXON,Tata,2018,"98,298 km",Diesel,Auto,"EMI ₹21,183/m*",₹4.50 lakh
Maruti Alto K10,Maruti,2011,"88,807 km",Petrol,Manual,"EMI ₹21,183/m*",₹0.97 lakh
Tata ALTROZ,Tata,2020,"72,220 km",Petrol,Manual,"EMI ₹6,161/m*",₹3.49 lakh
Renault TRIBER,Renault,2020,"54,688 km",Petrol,Auto,"EMI ₹7,467/m*",₹4.23 lakh
Hyundai Grand i10,Hyundai,2016,"1,07,868 km",Petrol,Manual,"EMI ₹5,984/m*",₹2.69 lakh
Maruti Alto,Maruti,2012,"63,161 km",Petrol,Manual,"EMI ₹7,730/m*",₹0.87 lakh
Hyundai i20,Hyundai,2011,"1,54,455 km",Petrol,Manual,"EMI ₹7,730/m*",₹0.84 lakh
Maruti Swift,Maruti,2015,"1,04,357 km",Petrol,Manual,"EMI ₹7,031/m*",₹2.67 lakh
Maruti Baleno,Maruti,2018,"43,507 km",Petrol,Manual,"EMI ₹7,132/m*",₹4.04 lakh
Hyundai i10,Hyundai,2011,"62,556 km",Petrol,Manual,"EMI ₹7,132/m*",₹0.85 lakh
Maruti Swift,Maruti,2012,"96,350 km",Petrol,Manual,"EMI ₹14,660/m*",₹1.65 lakh
Chevrolet Beat,Chevrolet,2012,"32,097 km",Petrol,Manual,"EMI ₹6,397/m*",₹0.72 lakh
Renault TRIBER,Renault,2019,"50,490 km",Petrol,Manual,"EMI ₹7,043/m*",₹3.99 lakh
Volkswagen Vento,Volkswagen,2011,"70,000 km",Petrol,Manual,"EMI ₹7,043/m*",₹1.35 lakh
Maruti Ertiga,Maruti,2012,"76,523 km",Petrol,Manual,"EMI ₹24,433/m*",₹2.75 lakh
Maruti Vitara Brezza,Maruti,2018,"88,450 km",Diesel,Auto,"EMI ₹25,090/m*",₹5.33 lakh
Maruti Ritz,Maruti,2011,"1,10,000 km",Petrol,Manual,"EMI ₹25,090/m*",₹0.81 lakh
Hyundai Santro Xing,Hyundai,2013,"88,420 km",Petrol,Manual,"EMI ₹5,178/m*",₹1.10 lakh
Maruti Alto,Maruti,2020,"17,073 km",Petrol,Manual,"EMI ₹5,261/m*",₹2.98 lakh
Maruti Swift Dzire,Maruti,2011,"1,13,891 km",Petrol,Manual,"EMI ₹5,261/m*",₹1.24 lakh
Hyundai i20,Hyundai,2014,"54,483 km",Petrol,Manual,"EMI ₹8,304/m*",₹2.50 lakh
Maruti Dzire,Maruti,2017,"1,14,761 km",Diesel,Manual,"EMI ₹8,230/m*",₹3.70 lakh
Honda WR-V,Honda,2019,"42,424 km",Petrol,Manual,"EMI ₹9,532/m*",₹5.40 lakh
Hyundai i10,Hyundai,2012,"89,028 km",Petrol,Manual,"EMI ₹7,819/m*",₹0.88 lakh
Maruti Ritz,Maruti,2013,"92,786 km",Petrol,Manual,"EMI ₹7,720/m*",₹1.64 lakh
Maruti New Wagon-R,Maruti,2021,"68,018 km",Petrol,Manual,"EMI ₹6,708/m*",₹3.80 lakh
Honda City,Honda,2012,"1,00,000 km",Petrol,Manual,"EMI ₹19,102/m*",₹2.15 lakh
Ford Ecosport,Ford,2016,"67,317 km",Diesel,Manual,"EMI ₹19,102/m*",₹3.00 lakh
Maruti Celerio,Maruti,2018,"1,48,226 km",Petrol,Manual,"EMI ₹6,451/m*",₹2.90 lakh
Honda City,Honda,2011,"94,669 km",Petrol,Manual,"EMI ₹6,451/m*",₹1.31 lakh
Hyundai i20,Hyundai,2013,"1,13,740 km",Petrol,Manual,"EMI ₹7,908/m*",₹1.68 lakh
Tata PUNCH,Tata,2024,"26,635 km",Petrol,Manual,"EMI ₹11,298/m*",₹6.40 lakh
Honda City,Honda,2011,"1,01,845 km",Petrol,Manual,"EMI ₹11,298/m*",₹1.64 lakh
Maruti Baleno,Maruti,2019,"93,986 km",Petrol,Manual,"EMI ₹6,620/m*",₹3.75 lakh
Maruti Celerio,Maruti,2016,"1,43,237 km",Petrol,Manual,"EMI ₹5,450/m*",₹2.45 lakh
Hyundai NEW I20,Hyundai,2022,"56,587 km",Petrol,Auto,"EMI ₹10,239/m*",₹5.80 lakh
Maruti Vitara Brezza,Maruti,2019,"90,785 km",Diesel,Manual,"EMI ₹17,205/m*",₹5.18 lakh
Ford Ecosport,Ford,2017,"1,04,947 km",Diesel,Manual,"EMI ₹27,543/m*",₹3.10 lakh
Tata NEXON,Tata,2022,"56,000 km",Petrol,Manual,"EMI ₹10,450/m*",₹5.92 lakh
Maruti Swift,Maruti,2016,"90,224 km",Petrol,Manual,"EMI ₹5,895/m*",₹2.65 lakh
Maruti Swift,Maruti,2015,"82,002 km",Petrol,Manual,"EMI ₹7,979/m*",₹3.03 lakh
Honda City,Honda,2018,"74,898 km",Petrol,Manual,"EMI ₹9,515/m*",₹5.39 lakh
Honda Amaze,Honda,2015,"77,169 km",Petrol,Manual,"EMI ₹5,293/m*",₹2.01 lakh
Maruti Alto,Maruti,2012,"62,554 km",Petrol,Manual,"EMI ₹6,575/m*",₹0.74 lakh
Honda Amaze,Honda,2016,"80,000 km",Petrol,Manual,"EMI ₹5,784/m*",₹2.60 lakh
Maruti Celerio,Maruti,2015,"44,216 km",Petrol,Manual,"EMI ₹7,610/m*",₹2.89 lakh
Honda City,Honda,2012,"98,899 km",Petrol,Manual,"EMI ₹13,772/m*",₹1.55 lakh
Maruti Baleno,Maruti,2016,"1,13,167 km",Petrol,Manual,"EMI ₹6,740/m*",₹3.03 lakh
Ford Ecosport,Ford,2018,"58,675 km",Petrol,Auto,"EMI ₹9,320/m*",₹4.19 lakh
Mahindra MARAZZO,Mahindra,2019,"42,676 km",Diesel,Manual,"EMI ₹19,663/m*",₹5.92 lakh
Maruti Swift,Maruti,2016,"24,608 km",Petrol,Manual,"EMI ₹7,318/m*",₹3.29 lakh
Tata Tiago,Tata,2021,"17,500 km",Petrol,Manual,"EMI ₹6,708/m*",₹3.80 lakh
Maruti Alto K10,Maruti,2016,"14,493 km",Petrol,Manual,"EMI ₹5,895/m*",₹2.65 lakh
Maruti Baleno,Maruti,2022,"31,906 km",Petrol,Manual,"EMI ₹8,809/m*",₹4.99 lakh
Maruti Alto K10,Maruti,2011,"74,184 km",Petrol,Manual,"EMI ₹8,809/m*",₹0.75 lakh
Maruti Ritz,Maruti,2011,"71,537 km",Petrol,Manual,"EMI ₹8,809/m*",₹0.93 lakh
Honda City,Honda,2012,"86,852 km",Petrol,Auto,"EMI ₹15,726/m*",₹1.77 lakh
Mahindra Scorpio,Mahindra,2019,"37,603 km",Diesel,Manual,"EMI ₹40,923/m*",₹12.50 lakh
Maruti Swift,Maruti,2015,"93,073 km",Petrol,Manual,"EMI ₹7,637/m*",₹2.90 lakh
Maruti Wagon R 1.0,Maruti,2011,"60,241 km",Petrol,Manual,"EMI ₹7,637/m*",₹0.90 lakh
Maruti Wagon R 1.0,Maruti,2011,"1,32,545 km",Petrol,Manual,"EMI ₹7,637/m*",₹0.97 lakh
Mahindra XUV500,Mahindra,2018,"63,512 km",Diesel,Manual,"EMI ₹38,218/m*",₹8.20 lakh
Hyundai i10,Hyundai,2011,"95,000 km",Petrol,Manual,"EMI ₹38,218/m*",₹0.79 lakh
Honda City,Honda,2014,"99,969 km",Petrol,Manual,"EMI ₹11,359/m*",₹3.42 lakh
Honda WR-V,Honda,2017,"73,881 km",Diesel,Manual,"EMI ₹34,296/m*",₹3.86 lakh
Hyundai i10,Hyundai,2011,"39,676 km",Petrol,Manual,"EMI ₹34,296/m*",₹0.91 lakh
Maruti Wagon R 1.0,Maruti,2011,"1,33,787 km",Petrol,Manual,"EMI ₹34,296/m*",₹0.79 lakh
Maruti Ritz,Maruti,2011,"39,361 km",Petrol,Manual,"EMI ₹34,296/m*",₹1.00 lakh
Maruti Baleno,Maruti,2019,"98,427 km",Petrol,Manual,"EMI ₹8,209/m*",₹4.65 lakh
Maruti Ciaz,Maruti,2018,"51,714 km",Petrol,Manual,"EMI ₹9,003/m*",₹5.10 lakh
Hyundai Creta,Hyundai,2016,"9,00,001 km",Petrol,Manual,"EMI ₹12,279/m*",₹5.52 lakh
Hyundai Verna,Hyundai,2014,"41,885 km",Petrol,Manual,"EMI ₹13,618/m*",₹4.10 lakh
Toyota Etios Liva,Toyota,2011,"1,21,836 km",Petrol,Manual,"EMI ₹13,618/m*",₹1.42 lakh
Renault TRIBER,Renault,2023,"83,484 km",Petrol,Manual,"EMI ₹7,538/m*",₹4.27 lakh
Hyundai Santro Xing,Hyundai,2013,"28,822 km",Petrol,Manual,"EMI ₹5,884/m*",₹1.25 lakh
Honda Amaze,Honda,2017,"1,20,000 km",Petrol,Manual,"EMI ₹5,984/m*",₹2.69 lakh
Hyundai Santro Xing,Hyundai,2011,"1,37,591 km",Petrol,Manual,"EMI ₹5,984/m*",₹0.73 lakh
Hyundai Verna,Hyundai,2011,"1,27,118 km",Petrol,Manual,"EMI ₹5,984/m*",₹1.44 lakh
Tata NEXON,Tata,2024,"11,084 km",Petrol,Auto,"EMI ₹14,554/m*",₹8.50 lakh
Chevrolet Aveo,Chevrolet,2011,"1,00,000 km",Petrol,Manual,"EMI ₹14,554/m*",₹0.48 lakh
Maruti Vitara Brezza,Maruti,2017,"32,158 km",Diesel,Manual,"EMI ₹46,468/m*",₹5.23 lakh
Toyota Corolla Altis,Toyota,2011,"86,226 km",Petrol,Manual,"EMI ₹46,468/m*",₹1.35 lakh
Maruti Wagon R 1.0,Maruti,2017,"22,507 km",Petrol,Auto,"EMI ₹6,452/m*",₹3.30 lakh
Mahindra TUV300,Mahindra,2017,"24,990 km",Diesel,Manual,"EMI ₹42,470/m*",₹4.78 lakh
Maruti Celerio,Maruti,2019,"1,18,685 km",Petrol,Manual,"EMI ₹6,651/m*",₹2.99 lakh
Tata PUNCH,Tata,2024,"4,190 km",Petrol,Auto,"EMI ₹14,468/m*",₹8.45 lakh
Hyundai i10,Hyundai,2011,"36,999 km",Petrol,Manual,"EMI ₹14,468/m*",₹0.94 lakh
Maruti Wagon R 1.0,Maruti,2016,"1,23,497 km",Petrol,Manual,"EMI ₹3,782/m*",₹1.70 lakh
Toyota URBAN CRUISER,Toyota,2022,"65,665 km",Petrol,Auto,"EMI ₹10,433/m*",₹5.91 lakh
Tata ALTROZ,Tata,2024,"27,877 km",Petrol,Manual,"EMI ₹11,404/m*",₹6.46 lakh
Maruti Alto,Maruti,2010,"1,02,473 km",Petrol,Manual,"EMI ₹11,404/m*",₹0.73 lakh
Maruti Ritz,Maruti,2013,"1,13,125 km",Petrol,Manual,"EMI ₹6,920/m*",₹1.47 lakh
Maruti Wagon R 1.0,Maruti,2018,"52,085 km",Petrol,Manual,"EMI ₹5,472/m*",₹3.10 lakh
Honda Brio,Honda,2012,"34,981 km",Petrol,Manual,"EMI ₹13,683/m*",₹1.54 lakh
Hyundai Grand i10,Hyundai,2016,"51,150 km",Petrol,Manual,"EMI ₹6,451/m*",₹2.90 lakh
Hyundai Santro Xing,Hyundai,2013,"95,531 km",Petrol,Manual,"EMI ₹5,131/m*",₹1.09 lakh
Mahindra SCORPIO-N,Mahindra,2023,"60,012 km",Diesel,Auto,"EMI ₹33,440/m*",₹19.53 lakh
Mahindra XUV500,Mahindra,2018,"1,21,348 km",Diesel,Manual,"EMI ₹37,985/m*",₹8.15 lakh
Maruti Ciaz,Maruti,2017,"1,15,797 km",Diesel,Manual,"EMI ₹27,543/m*",₹3.10 lakh
Maruti Ciaz,Maruti,2016,"47,492 km",Petrol,Manual,"EMI ₹9,031/m*",₹4.06 lakh
Tata Tiago,Tata,2022,"1,01,444 km",Petrol,Manual,"EMI ₹10,744/m*",₹4.83 lakh
Maruti Dzire,Maruti,2018,"78,629 km",Petrol,Manual,"EMI ₹8,897/m*",₹5.04 lakh
Maruti Swift,Maruti,2017,"46,406 km",Petrol,Manual,"EMI ₹5,865/m*",₹3.00 lakh
Hyundai Grand i10,Hyundai,2017,"1,31,225 km",Petrol,Manual,"EMI ₹5,850/m*",₹2.63 lakh
Honda Jazz,Honda,2018,"72,739 km",Petrol,Auto,"EMI ₹6,178/m*",₹3.50 lakh
Maruti Wagon R 1.0,Maruti,2016,"29,668 km",Petrol,Manual,"EMI ₹5,895/m*",₹2.65 lakh
Honda City,Honda,2012,"87,789 km",Petrol,Manual,"EMI ₹17,947/m*",₹2.02 lakh
Toyota Etios,Toyota,2016,"93,640 km",Petrol,Manual,"EMI ₹5,761/m*",₹2.59 lakh
Mahindra XUV500,Mahindra,2018,"78,053 km",Diesel,Manual,"EMI ₹43,112/m*",₹9.25 lakh
Hyundai i10,Hyundai,2011,"1,17,033 km",Petrol,Manual,"EMI ₹43,112/m*",₹0.71 lakh
Maruti Ciaz,Maruti,2016,"69,928 km",Petrol,Manual,"EMI ₹8,475/m*",₹3.81 lakh
Honda City,Honda,2012,"2,41,500 km",Petrol,Manual,"EMI ₹13,772/m*",₹1.55 lakh
Maruti Ritz,Maruti,2011,"46,319 km",Petrol,Manual,"EMI ₹13,772/m*",₹0.80 lakh
Honda City,Honda,2011,"93,830 km",Petrol,Manual,"EMI ₹13,772/m*",₹1.65 lakh
Honda Jazz,Honda,2011,"56,154 km",Petrol,Manual,"EMI ₹13,772/m*",₹0.99 lakh
Maruti Swift,Maruti,2015,"51,590 km",Petrol,Manual,"EMI ₹8,301/m*",₹3.15 lakh
Maruti Wagon R 1.0,Maruti,2012,"90,061 km",Petrol,Manual,"EMI ₹9,596/m*",₹1.08 lakh
Maruti Celerio,Maruti,2014,"1,16,571 km",Petrol,Auto,"EMI ₹6,842/m*",₹2.06 lakh
Honda Amaze,Honda,2017,"1,37,452 km",Petrol,Manual,"EMI ₹6,651/m*",₹2.99 lakh
Mahindra SCORPIO-N,Mahindra,2023,"1,13,670 km",Diesel,Auto,"EMI ₹46,551/m*",₹21.41 lakh
Mahindra Scorpio,Mahindra,2017,"44,389 km",Diesel,Manual,"EMI ₹61,039/m*",₹6.87 lakh
Maruti Swift,Maruti,2017,"55,194 km",Diesel,Manual,"EMI ₹28,609/m*",₹3.22 lakh
Hyundai i10,Hyundai,2011,"96,770 km",Petrol,Manual,"EMI ₹28,609/m*",₹1.18 lakh
Maruti Ciaz,Maruti,2017,"39,599 km",Petrol,Manual,"EMI ₹8,055/m*",₹4.12 lakh
Toyota Corolla Altis,Toyota,2011,"63,077 km",Petrol,Manual,"EMI ₹8,055/m*",₹1.84 lakh
Hyundai Eon,Hyundai,2013,"79,115 km",Petrol,Manual,"EMI ₹3,954/m*",₹0.84 lakh
Hyundai Santro Xing,Hyundai,2014,"93,216 km",Petrol,Manual,"EMI ₹6,178/m*",₹1.86 lakh
Honda City,Honda,2015,"81,296 km",Petrol,Manual,"EMI ₹10,455/m*",₹3.97 lakh
Hyundai i20,Hyundai,2011,"58,130 km",Petrol,Manual,"EMI ₹10,455/m*",₹1.06 lakh
Maruti Zen Estilo,Maruti,2011,"1,65,374 km",Petrol,Manual,"EMI ₹10,455/m*",₹0.75 lakh
Tata NEXON,Tata,2018,"1,52,116 km",Petrol,Manual,"EMI ₹8,408/m*",₹3.78 lakh
Hyundai Santro Xing,Hyundai,2011,"68,863 km",Petrol,Manual,"EMI ₹8,408/m*",₹0.76 lakh
Hyundai Elite i20,Hyundai,2019,"64,959 km",Petrol,Manual,"EMI ₹8,279/m*",₹4.69 lakh
Maruti Ritz,Maruti,2011,"61,900 km",Petrol,Manual,"EMI ₹8,279/m*",₹1.28 lakh
Mahindra XUV500,Mahindra,2018,"75,919 km",Diesel,Manual,"EMI ₹36,764/m*",₹7.81 lakh
Hyundai Elite i20,Hyundai,2016,"44,254 km",Petrol,Manual,"EMI ₹6,985/m*",₹3.14 lakh
Skoda Rapid,Skoda,2017,"56,666 km",Petrol,Manual,"EMI ₹9,658/m*",₹4.94 lakh
Honda City,Honda,2012,"70,635 km",Petrol,Manual,"EMI ₹17,770/m*",₹2.00 lakh
Maruti Ertiga,Maruti,2013,"82,331 km",Petrol,Manual,"EMI ₹15,958/m*",₹3.39 lakh
Maruti Ertiga,Maruti,2020,"51,893 km",Petrol,Manual,"EMI ₹12,357/m*",₹7.00 lakh
Ford Figo Aspire,Ford,2016,"1,45,244 km",Diesel,Manual,"EMI ₹12,357/m*",₹2.00 lakh
Maruti Vitara Brezza,Maruti,2018,"1,70,720 km",Diesel,Manual,"EMI ₹18,547/m*",₹3.94 lakh
Honda City,Honda,2012,"66,742 km",Petrol,Manual,"EMI ₹12,617/m*",₹1.42 lakh
Maruti Dzire,Maruti,2017,"1,25,726 km",Petrol,Auto,"EMI ₹9,044/m*",₹4.07 lakh
Hyundai Grand i10,Hyundai,2016,"53,843 km",Petrol,Manual,"EMI ₹6,228/m*",₹2.80 lakh
Hyundai Santro Xing,Hyundai,2011,"1,54,575 km",Petrol,Manual,"EMI ₹6,228/m*",₹0.84 lakh
Hyundai Santro Xing,Hyundai,2012,"64,258 km",Petrol,Manual,"EMI ₹9,329/m*",₹1.05 lakh
Hyundai i20,Hyundai,2011,"96,356 km",Petrol,Manual,"EMI ₹9,329/m*",₹0.85 lakh
Toyota Innova Crysta,Toyota,2017,"1,60,348 km",Diesel,Manual,"EMI ₹95,010/m*",₹10.75 lakh
Tata NEXON,Tata,2018,"83,137 km",Petrol,Manual,"EMI ₹7,096/m*",₹4.02 lakh
Honda City,Honda,2018,"66,290 km",Petrol,Manual,"EMI ₹8,756/m*",₹4.96 lakh
Mahindra XUV500,Mahindra,2016,"98,898 km",Diesel,Manual,"EMI ₹8,756/m*",₹4.01 lakh
Toyota Etios Liva,Toyota,2011,"1,02,917 km",Petrol,Manual,"EMI ₹8,756/m*",₹1.10 lakh
Maruti Celerio,Maruti,2014,"75,609 km",Petrol,Auto,"EMI ₹7,473/m*",₹2.25 lakh
Maruti Wagon R 1.0,Maruti,2011,"97,231 km",Petrol,Manual,"EMI ₹7,473/m*",₹0.81 lakh
Hyundai Elite i20,Hyundai,2019,"1,12,055 km",Diesel,Manual,"EMI ₹17,072/m*",₹5.14 lakh
Honda Brio,Honda,2013,"70,061 km",Petrol,Manual,"EMI ₹7,014/m*",₹1.49 lakh
Hyundai i20,Hyundai,2011,"94,684 km",Petrol,Manual,"EMI ₹7,014/m*",₹0.79 lakh
Tata ALTROZ,Tata,2021,"1,05,051 km",Diesel,Manual,"EMI ₹9,699/m*",₹4.36 lakh
Maruti Celerio,Maruti,2016,"43,881 km",Petrol,Auto,"EMI ₹8,008/m*",₹3.60 lakh
Maruti Swift,Maruti,2020,"13,860 km",Petrol,Manual,"EMI ₹9,956/m*",₹5.64 lakh
Maruti Baleno,Maruti,2016,"1,13,092 km",Petrol,Manual,"EMI ₹6,896/m*",₹3.10 lakh
Maruti Swift Dzire,Maruti,2011,"46,818 km",Petrol,Manual,"EMI ₹6,896/m*",₹1.03 lakh
Renault Kwid,Renault,2018,"80,148 km",Petrol,Auto,"EMI ₹3,884/m*",₹2.20 lakh
Honda Brio,Honda,2015,"83,546 km",Petrol,Manual,"EMI ₹5,925/m*",₹2.25 lakh
Hyundai Creta,Hyundai,2025,"10,556 km",Petrol,Manual,"EMI ₹18,852/m*",₹11.01 lakh
Hyundai Verna,Hyundai,2011,"1,42,597 km",Petrol,Manual,"EMI ₹18,852/m*",₹1.41 lakh
Hyundai Grand i10,Hyundai,2016,"36,964 km",Petrol,Manual,"EMI ₹6,807/m*",₹3.06 lakh
Nissan Micra,Nissan,2011,"1,02,570 km",Petrol,Manual,"EMI ₹6,807/m*",₹0.85 lakh
Hyundai Elite i20,Hyundai,2019,"54,913 km",Petrol,Manual,"EMI ₹7,911/m*",₹4.48 lakh
Hyundai NEW I20,Hyundai,2022,"25,224 km",Petrol,Manual,"EMI ₹11,192/m*",₹6.34 lakh
Toyota Etios,Toyota,2011,"1,24,449 km",Petrol,Manual,"EMI ₹11,192/m*",₹1.29 lakh
Tata NEXON,Tata,2021,"53,432 km",Petrol,Manual,"EMI ₹11,121/m*",₹6.30 lakh
Maruti SX4,Maruti,2013,"90,288 km",Petrol,Manual,"EMI ₹7,249/m*",₹1.54 lakh
Renault TRIBER,Renault,2022,"28,760 km",Petrol,Manual,"EMI ₹7,700/m*",₹4.36 lakh
Honda City,Honda,2014,"48,000 km",Petrol,Manual,"EMI ₹9,466/m*",₹2.85 lakh
Maruti Vitara Brezza,Maruti,2021,"1,04,861 km",Petrol,Manual,"EMI ₹11,701/m*",₹5.26 lakh
Honda Brio,Honda,2011,"1,98,983 km",Petrol,Manual,"EMI ₹11,701/m*",₹1.06 lakh
Hyundai Xcent,Hyundai,2015,"1,00,951 km",Petrol,Manual,"EMI ₹4,529/m*",₹1.72 lakh
Hyundai Santro Xing,Hyundai,2011,"44,975 km",Petrol,Manual,"EMI ₹4,529/m*",₹0.87 lakh
Hyundai Elite i20,Hyundai,2015,"1,04,313 km",Petrol,Manual,"EMI ₹7,163/m*",₹2.72 lakh
Honda City,Honda,2015,"1,01,622 km",Petrol,Manual,"EMI ₹8,716/m*",₹3.31 lakh
Tata Harrier,Tata,2022,"43,528 km",Diesel,Manual,"EMI ₹22,993/m*",₹12.08 lakh
Tata NEXON,Tata,2022,"32,133 km",Petrol,Auto,"EMI ₹14,126/m*",₹8.25 lakh
Maruti Wagon R 1.0,Maruti,2011,"2,86,754 km",Petrol,Manual,"EMI ₹14,126/m*",₹0.90 lakh
Maruti Swift,Maruti,2011,"1,02,392 km",Petrol,Manual,"EMI ₹14,126/m*",₹1.10 lakh
Skoda SLAVIA,Skoda,2023,"9,718 km",Petrol,Auto,"EMI ₹22,156/m*",₹12.94 lakh
Hyundai Santro Xing,Hyundai,2011,"73,879 km",Petrol,Manual,"EMI ₹22,156/m*",₹0.89 lakh
Skoda Fabia,Skoda,2011,"1,06,314 km",Petrol,Manual,"EMI ₹22,156/m*",₹0.84 lakh
Hyundai Grand i10,Hyundai,2017,"1,10,185 km",Petrol,Manual,"EMI ₹6,651/m*",₹2.99 lakh
Mahindra TUV300,Mahindra,2016,"90,059 km",Diesel,Manual,"EMI ₹6,651/m*",₹4.06 lakh
Maruti SX4,Maruti,2011,"2,10,061 km",Petrol,Manual,"EMI ₹6,651/m*",₹0.90 lakh
Maruti Wagon R 1.0,Maruti,2012,"1,60,733 km",Petrol,Manual,"EMI ₹10,573/m*",₹1.19 lakh
Maruti Wagon R 1.0,Maruti,2010,"72,616 km",Petrol,Manual,"EMI ₹10,573/m*",₹0.72 lakh
Tata Tiago,Tata,2022,"68,016 km",Petrol,Manual,"EMI ₹7,750/m*",₹4.39 lakh
Maruti A Star,Maruti,2010,"79,207 km",Petrol,Manual,"EMI ₹7,750/m*",₹0.63 lakh
Maruti New Wagon-R,Maruti,2019,"1,02,500 km",Petrol,Manual,"EMI ₹7,229/m*",₹3.25 lakh
Maruti Alto,Maruti,2012,"37,728 km",Petrol,Manual,"EMI ₹8,263/m*",₹0.93 lakh
Tata PUNCH,Tata,2022,"51,967 km",Petrol,Manual,"EMI ₹9,338/m*",₹5.29 lakh
Volkswagen Polo,Volkswagen,2011,"1,53,001 km",Petrol,Manual,"EMI ₹9,338/m*",₹1.13 lakh
Maruti Zen Estilo,Maruti,2010,"1,05,042 km",Petrol,Manual,"EMI ₹9,338/m*",₹0.61 lakh
Honda Jazz,Honda,2015,"43,235 km",Petrol,Auto,"EMI ₹7,637/m*",₹2.90 lakh
Maruti Swift,Maruti,2020,"1,09,748 km",Petrol,Manual,"EMI ₹8,720/m*",₹3.92 lakh
Maruti Baleno,Maruti,2022,"13,275 km",Petrol,Manual,"EMI ₹9,179/m*",₹5.20 lakh
Volkswagen Polo,Volkswagen,2011,"1,26,679 km",Petrol,Manual,"EMI ₹9,179/m*",₹1.11 lakh
Tata Tiago,Tata,2019,"91,932 km",Diesel,Manual,"EMI ₹8,304/m*",₹2.50 lakh
Hyundai GRAND I10 NIOS,Hyundai,2022,"29,802 km",Petrol,Manual,"EMI ₹8,985/m*",₹5.09 lakh
Maruti Wagon R 1.0,Maruti,2011,"90,119 km",Petrol,Manual,"EMI ₹8,985/m*",₹0.91 lakh
Honda City,Honda,2011,"56,754 km",Petrol,Auto,"EMI ₹8,985/m*",₹1.82 lakh
Hyundai Santro Xing,Hyundai,2012,"1,09,526 km",Petrol,Manual,"EMI ₹8,174/m*",₹0.92 lakh
Maruti Vitara Brezza,Maruti,2016,"96,789 km",Diesel,Manual,"EMI ₹8,174/m*",₹3.16 lakh
Ford New Figo,Ford,2017,"1,05,693 km",Diesel,Manual,"EMI ₹21,235/m*",₹2.39 lakh
Maruti Swift,Maruti,2022,"64,312 km",Petrol,Manual,"EMI ₹8,332/m*",₹4.72 lakh
Maruti Swift Dzire,Maruti,2017,"98,394 km",Diesel,Manual,"EMI ₹25,322/m*",₹2.85 lakh
Maruti Swift,Maruti,2011,"41,394 km",Petrol,Manual,"EMI ₹25,322/m*",₹0.85 lakh
Hyundai Santro Xing,Hyundai,2013,"86,863 km",Petrol,Manual,"EMI ₹5,319/m*",₹1.13 lakh
Hyundai Santro Xing,Hyundai,2013,"1,13,345 km",Petrol,Manual,"EMI ₹4,472/m*",₹0.95 lakh
Honda City,Honda,2015,"50,905 km",Petrol,Manual,"EMI ₹13,615/m*",₹5.17 lakh
Maruti Baleno,Maruti,2018,"77,373 km",Petrol,Manual,"EMI ₹5,702/m*",₹3.23 lakh
Renault Kwid,Renault,2019,"51,392 km",Petrol,Manual,"EMI ₹4,802/m*",₹2.72 lakh
Maruti Ertiga,Maruti,2012,"1,74,378 km",Petrol,Manual,"EMI ₹23,367/m*",₹2.63 lakh
KIA SELTOS,KIA,2023,"43,506 km",Petrol,Manual,"EMI ₹15,068/m*",₹8.80 lakh
Chevrolet Cruze,Chevrolet,2016,"93,600 km",Diesel,Auto,"EMI ₹15,068/m*",₹3.82 lakh
Maruti Baleno,Maruti,2019,"23,107 km",Petrol,Manual,"EMI ₹7,185/m*",₹4.07 lakh
Maruti Swift,Maruti,2021,"40,847 km",Petrol,Manual,"EMI ₹7,997/m*",₹4.53 lakh
Tata NEXON,Tata,2018,"57,855 km",Diesel,Auto,"EMI ₹21,042/m*",₹4.47 lakh
Maruti Swift,Maruti,2019,"30,332 km",Petrol,Manual,"EMI ₹7,908/m*",₹4.48 lakh
Hyundai Accent,Hyundai,2011,"1,16,597 km",Petrol,Manual,"EMI ₹7,908/m*",₹0.75 lakh
Hyundai Santro Xing,Hyundai,2011,"1,20,512 km",Petrol,Manual,"EMI ₹7,908/m*",₹0.63 lakh
Nissan MAGNITE,Nissan,2023,"19,390 km",Petrol,Manual,"EMI ₹8,720/m*",₹4.94 lakh
Nissan Kicks,Nissan,2019,"75,427 km",Diesel,Manual,"EMI ₹14,116/m*",₹4.25 lakh
Maruti Baleno,Maruti,2016,"1,30,795 km",Petrol,Manual,"EMI ₹6,673/m*",₹3.00 lakh
Mahindra MARAZZO,Mahindra,2019,"3,41,397 km",Diesel,Manual,"EMI ₹12,455/m*",₹3.75 lakh
Hyundai Santro Xing,Hyundai,2011,"1,21,551 km",Petrol,Manual,"EMI ₹12,455/m*",₹0.75 lakh
Maruti S Cross,Maruti,2016,"39,180 km",Diesel,Manual,"EMI ₹12,455/m*",₹3.35 lakh
Tata NEXON,Tata,2022,"59,550 km",Petrol,Manual,"EMI ₹15,579/m*",₹9.10 lakh
Maruti Baleno,Maruti,2023,"15,983 km",Petrol,Manual,"EMI ₹12,092/m*",₹6.85 lakh
Hyundai i10,Hyundai,2011,"1,17,222 km",Petrol,Manual,"EMI ₹12,092/m*",₹0.93 lakh
Hyundai VENUE,Hyundai,2024,"12,553 km",Petrol,Manual,"EMI ₹13,852/m*",₹8.09 lakh
Maruti Swift,Maruti,2011,"45,480 km",Petrol,Manual,"EMI ₹13,852/m*",₹1.23 lakh
Renault Duster,Renault,2017,"76,765 km",Diesel,Auto,"EMI ₹43,003/m*",₹4.84 lakh
Tata NEXON,Tata,2025,"15,175 km",Petrol,Manual,"EMI ₹16,164/m*",₹9.44 lakh
Ford Figo Aspire,Ford,2017,"1,49,104 km",Petrol,Manual,"EMI ₹5,361/m*",₹2.41 lakh
Maruti Wagon R 1.0,Maruti,2012,"1,00,173 km",Petrol,Manual,"EMI ₹9,240/m*",₹1.04 lakh
Hyundai Creta,Hyundai,2025,"6,238 km",Petrol,Auto,"EMI ₹26,728/m*",₹15.61 lakh
Hyundai i10,Hyundai,2011,"87,869 km",Petrol,Manual,"EMI ₹26,728/m*",₹0.91 lakh
Toyota Innova Crysta,Toyota,2016,"85,529 km",Diesel,Manual,"EMI ₹26,728/m*",₹8.65 lakh
Tata TIGOR,Tata,2020,"32,221 km",Petrol,Manual,"EMI ₹7,238/m*",₹4.10 lakh
Renault Kwid,Renault,2016,"97,103 km",Petrol,Manual,"EMI ₹3,581/m*",₹1.61 lakh
Maruti Vitara Brezza,Maruti,2016,"1,06,452 km",Diesel,Manual,"EMI ₹3,581/m*",₹4.75 lakh
Honda City,Honda,2012,"82,417 km",Petrol,Manual,"EMI ₹16,526/m*",₹1.86 lakh
Maruti Swift,Maruti,2011,"1,96,189 km",Petrol,Manual,"EMI ₹16,526/m*",₹1.26 lakh
Maruti Dzire,Maruti,2019,"1,08,934 km",Petrol,Auto,"EMI ₹11,078/m*",₹4.98 lakh
Maruti Baleno,Maruti,2018,"37,500 km",Petrol,Manual,"EMI ₹7,379/m*",₹4.18 lakh
Toyota Corolla Altis,Toyota,2011,"1,19,916 km",Petrol,Manual,"EMI ₹7,379/m*",₹1.64 lakh
Hyundai Eon,Hyundai,2012,"94,507 km",Petrol,Manual,"EMI ₹7,463/m*",₹0.84 lakh
Maruti Wagon R 1.0,Maruti,2012,"2,12,043 km",Petrol,Manual,"EMI ₹11,195/m*",₹1.26 lakh
Hyundai Santro Xing,Hyundai,2012,"73,457 km",Petrol,Manual,"EMI ₹8,085/m*",₹0.91 lakh
Toyota Glanza,Toyota,2022,"16,926 km",Petrol,Manual,"EMI ₹9,568/m*",₹5.42 lakh
Mahindra Scorpio,Mahindra,2021,"44,273 km",Diesel,Manual,"EMI ₹25,460/m*",₹11.71 lakh
Maruti Dzire,Maruti,2018,"1,81,005 km",Petrol,Auto,"EMI ₹10,766/m*",₹4.84 lakh
Maruti Swift Dzire,Maruti,2011,"1,10,454 km",Petrol,Manual,"EMI ₹10,766/m*",₹1.03 lakh
Maruti Alto 800,Maruti,2015,"1,38,426 km",Petrol,Manual,"EMI ₹4,240/m*",₹1.61 lakh
Maruti Wagon R 1.0,Maruti,2012,"84,368 km",Petrol,Manual,"EMI ₹12,528/m*",₹1.41 lakh
Maruti Ciaz,Maruti,2016,"1,03,870 km",Petrol,Manual,"EMI ₹8,275/m*",₹3.72 lakh
Maruti Swift,Maruti,2021,"97,621 km",Petrol,Manual,"EMI ₹8,209/m*",₹4.65 lakh
Tata Tiago,Tata,2018,"1,51,121 km",Petrol,Manual,"EMI ₹5,517/m*",₹2.48 lakh
Honda Brio,Honda,2011,"81,013 km",Petrol,Manual,"EMI ₹5,517/m*",₹1.14 lakh
Ford Ecosport,Ford,2016,"55,770 km",Petrol,Manual,"EMI ₹7,341/m*",₹3.30 lakh
Mahindra XUV700,Mahindra,2022,"30,874 km",Diesel,Auto,"EMI ₹35,384/m*",₹18.59 lakh
Mahindra XUV300,Mahindra,2019,"44,034 km",Diesel,Manual,"EMI ₹19,929/m*",₹6.00 lakh
Maruti Baleno,Maruti,2017,"52,905 km",Petrol,Manual,"EMI ₹8,621/m*",₹4.41 lakh
Maruti Wagon R 1.0,Maruti,2011,"1,18,951 km",Petrol,Manual,"EMI ₹8,621/m*",₹0.85 lakh
Tata TIGOR,Tata,2021,"92,239 km",Petrol,Manual,"EMI ₹6,902/m*",₹3.91 lakh
Maruti JIMNY,Maruti,2023,"62,343 km",Petrol,Manual,"EMI ₹16,609/m*",₹9.70 lakh
Maruti Ciaz,Maruti,2016,"1,11,785 km",Diesel,Manual,"EMI ₹16,609/m*",₹3.37 lakh
Hyundai i20,Hyundai,2011,"88,116 km",Petrol,Manual,"EMI ₹16,609/m*",₹0.75 lakh
Jeep Compass,Jeep,2017,"59,245 km",Diesel,Manual,"EMI ₹64,860/m*",₹7.30 lakh
Hyundai Verna,Hyundai,2019,"67,663 km",Petrol,Manual,"EMI ₹11,668/m*",₹6.61 lakh
Hyundai Grand i10,Hyundai,2016,"64,617 km",Petrol,Manual,"EMI ₹6,740/m*",₹3.03 lakh
Hyundai i20,Hyundai,2011,"78,850 km",Petrol,Manual,"EMI ₹6,740/m*",₹0.82 lakh
Maruti Celerio,Maruti,2019,"1,80,173 km",Petrol,Manual,"EMI ₹7,051/m*",₹3.17 lakh
Honda City,Honda,2015,"81,425 km",Petrol,Auto,"EMI ₹9,138/m*",₹3.47 lakh
Maruti Baleno,Maruti,2015,"1,72,802 km",Petrol,Manual,"EMI ₹7,558/m*",₹2.87 lakh
Honda City,Honda,2012,"99,455 km",Petrol,Manual,"EMI ₹14,927/m*",₹1.68 lakh
Honda City,Honda,2011,"96,647 km",Petrol,Manual,"EMI ₹14,927/m*",₹1.29 lakh
Honda City,Honda,2012,"77,206 km",Petrol,Manual,"EMI ₹15,104/m*",₹1.70 lakh
Maruti Wagon R 1.0,Maruti,2014,"1,55,261 km",Petrol,Manual,"EMI ₹4,982/m*",₹1.50 lakh
Hyundai i20,Hyundai,2011,"76,048 km",Petrol,Manual,"EMI ₹4,982/m*",₹0.95 lakh
Hyundai Grand i10,Hyundai,2017,"1,19,845 km",Petrol,Manual,"EMI ₹5,539/m*",₹2.49 lakh
Maruti Baleno,Maruti,2016,"67,974 km",Petrol,Manual,"EMI ₹7,852/m*",₹3.53 lakh
Maruti Baleno,Maruti,2016,"1,20,009 km",Petrol,Manual,"EMI ₹6,584/m*",₹2.96 lakh
Maruti Wagon R 1.0,Maruti,2011,"27,336 km",Petrol,Manual,"EMI ₹6,584/m*",₹1.03 lakh
Ford Figo Aspire,Ford,2019,"92,538 km",Petrol,Manual,"EMI ₹5,755/m*",₹3.26 lakh
Honda City,Honda,2011,"85,658 km",Petrol,Manual,"EMI ₹5,755/m*",₹1.55 lakh
Tata Harrier,Tata,2022,"59,400 km",Diesel,Auto,"EMI ₹26,115/m*",₹13.72 lakh
Maruti Ertiga,Maruti,2017,"94,629 km",Petrol,Manual,"EMI ₹11,261/m*",₹5.76 lakh
Mahindra XUV300,Mahindra,2023,"1,903 km",Petrol,Manual,"EMI ₹11,474/m*",₹6.50 lakh
Hyundai Elite i20,Hyundai,2015,"65,488 km",Petrol,Manual,"EMI ₹7,637/m*",₹2.90 lakh
Hyundai AURA,Hyundai,2021,"97,426 km",Petrol,Manual,"EMI ₹8,509/m*",₹4.82 lakh
Hyundai Verna,Hyundai,2024,"15,938 km",Petrol,Auto,"EMI ₹25,684/m*",₹15.00 lakh
Hyundai Grand i10,Hyundai,2015,"44,764 km",Petrol,Manual,"EMI ₹7,900/m*",₹3.00 lakh
Honda Amaze,Honda,2016,"72,256 km",Petrol,Manual,"EMI ₹5,361/m*",₹2.41 lakh
Tata Tiago,Tata,2023,"27,931 km",Petrol,Manual,"EMI ₹7,079/m*",₹4.01 lakh
Maruti New Wagon-R,Maruti,2021,"1,06,849 km",Petrol,Manual,"EMI ₹8,230/m*",₹3.70 lakh
Mahindra Scorpio,Mahindra,2019,"65,745 km",Diesel,Manual,"EMI ₹37,650/m*",₹11.50 lakh
Hyundai Creta,Hyundai,2018,"94,392 km",Diesel,Manual,"EMI ₹19,677/m*",₹4.18 lakh
Tata Indica EV2 Xeta,Tata,2011,"44,738 km",Petrol,Manual,"EMI ₹19,677/m*",₹0.89 lakh
Nissan MAGNITE,Nissan,2024,"14,440 km",Petrol,Auto,"EMI ₹11,121/m*",₹6.30 lakh
Maruti Swift,Maruti,2015,"47,375 km",Petrol,Manual,"EMI ₹7,874/m*",₹2.99 lakh
Hyundai GRAND I10 NIOS,Hyundai,2019,"39,599 km",Petrol,Manual,"EMI ₹7,432/m*",₹4.21 lakh
Toyota Etios,Toyota,2011,"68,740 km",Petrol,Manual,"EMI ₹7,432/m*",₹0.99 lakh
Maruti Ritz,Maruti,2011,"46,487 km",Petrol,Manual,"EMI ₹7,432/m*",₹0.73 lakh
Maruti SX4,Maruti,2014,"1,07,518 km",Petrol,Manual,"EMI ₹5,480/m*",₹1.65 lakh
Maruti Eeco,Maruti,2011,"48,235 km",Petrol,Manual,"EMI ₹5,480/m*",₹1.09 lakh
Maruti Alto K10,Maruti,2016,"48,047 km",Petrol,Manual,"EMI ₹5,539/m*",₹2.49 lakh
Maruti Celerio,Maruti,2014,"1,96,106 km",Petrol,Manual,"EMI ₹5,879/m*",₹1.77 lakh
Hyundai i10,Hyundai,2011,"21,211 km",Petrol,Manual,"EMI ₹5,879/m*",₹1.00 lakh
Maruti Baleno,Maruti,2016,"95,044 km",Petrol,Manual,"EMI ₹6,540/m*",₹2.94 lakh
Nissan Sunny,Nissan,2011,"85,734 km",Petrol,Manual,"EMI ₹6,540/m*",₹0.85 lakh
Maruti Swift,Maruti,2011,"1,15,972 km",Petrol,Manual,"EMI ₹6,540/m*",₹1.05 lakh
Maruti Baleno,Maruti,2021,"53,433 km",Petrol,Manual,"EMI ₹7,414/m*",₹4.20 lakh
Maruti Baleno,Maruti,2023,"47,885 km",Petrol,Manual,"EMI ₹11,615/m*",₹6.58 lakh
Maruti Swift Dzire,Maruti,2012,"2,32,312 km",Petrol,Manual,"EMI ₹11,995/m*",₹1.35 lakh
Hyundai i20,Hyundai,2011,"54,716 km",Petrol,Manual,"EMI ₹11,995/m*",₹0.94 lakh
Maruti Eeco,Maruti,2012,"1,39,299 km",Petrol,Manual,"EMI ₹10,306/m*",₹1.16 lakh
Hyundai GRAND I10 NIOS,Hyundai,2021,"41,267 km",Petrol,Auto,"EMI ₹8,562/m*",₹4.85 lakh
Maruti Ciaz,Maruti,2017,"40,224 km",Petrol,Manual,"EMI ₹8,016/m*",₹4.10 lakh
Volkswagen Polo,Volkswagen,2011,"42,872 km",Petrol,Manual,"EMI ₹8,016/m*",₹1.14 lakh
Maruti Swift Dzire,Maruti,2011,"96,603 km",Petrol,Manual,"EMI ₹8,016/m*",₹1.16 lakh
Maruti Ertiga,Maruti,2023,"71,365 km",Petrol,Manual,"EMI ₹14,879/m*",₹8.69 lakh
Honda City,Honda,2011,"83,273 km",Petrol,Manual,"EMI ₹14,879/m*",₹1.23 lakh
Tata NEXON,Tata,2019,"87,044 km",Diesel,Manual,"EMI ₹14,448/m*",₹4.35 lakh
Honda City,Honda,2011,"1,07,447 km",Petrol,Manual,"EMI ₹14,448/m*",₹1.32 lakh
Volvo XC 60,Volvo,2018,"2,57,641 km",Diesel,Auto,"EMI ₹97,131/m*",₹20.84 lakh
Hyundai NEW I20,Hyundai,2021,"40,476 km",Petrol,Auto,"EMI ₹11,510/m*",₹6.52 lakh
Maruti Vitara Brezza,Maruti,2019,"1,44,380 km",Diesel,Manual,"EMI ₹16,541/m*",₹4.98 lakh
Renault Duster,Renault,2017,"39,077 km",Diesel,Auto,"EMI ₹35,540/m*",₹4.00 lakh
Hyundai Grand i10,Hyundai,2014,"79,621 km",Petrol,Manual,"EMI ₹6,909/m*",₹2.08 lakh
Honda Amaze,Honda,2017,"81,598 km",Petrol,Manual,"EMI ₹5,474/m*",₹2.80 lakh
Hyundai Santro Xing,Hyundai,2012,"82,549 km",Petrol,Manual,"EMI ₹9,773/m*",₹1.10 lakh
Hyundai Creta,Hyundai,2018,"59,206 km",Petrol,Manual,"EMI ₹9,709/m*",₹5.50 lakh
Ford Ecosport,Ford,2017,"51,219 km",Diesel,Manual,"EMI ₹8,942/m*",₹4.02 lakh
Maruti Swift Dzire,Maruti,2011,"1,05,033 km",Petrol,Manual,"EMI ₹8,942/m*",₹0.99 lakh
Honda City,Honda,2011,"49,104 km",Petrol,Manual,"EMI ₹8,942/m*",₹1.58 lakh
Hyundai i10,Hyundai,2011,"73,870 km",Petrol,Manual,"EMI ₹8,942/m*",₹0.81 lakh
Hyundai Santro Xing,Hyundai,2013,"1,75,000 km",Petrol,Manual,"EMI ₹4,566/m*",₹0.97 lakh
Hyundai i20 Active,Hyundai,2017,"1,11,412 km",Petrol,Manual,"EMI ₹7,363/m*",₹3.31 lakh
Tata ALTROZ,Tata,2020,"10,448 km",Petrol,Manual,"EMI ₹7,644/m*",₹4.33 lakh
Honda City,Honda,2015,"1,04,436 km",Petrol,Manual,"EMI ₹8,374/m*",₹3.18 lakh
Maruti Vitara Brezza,Maruti,2019,"58,622 km",Diesel,Auto,"EMI ₹16,375/m*",₹4.93 lakh
Hyundai i10,Hyundai,2011,"1,15,906 km",Petrol,Manual,"EMI ₹16,375/m*",₹0.64 lakh
Maruti Swift Dzire,Maruti,2011,"79,349 km",Petrol,Manual,"EMI ₹16,375/m*",₹1.02 lakh
Ford Ecosport,Ford,2019,"94,219 km",Diesel,Manual,"EMI ₹13,286/m*",₹4.00 lakh
Honda Amaze,Honda,2016,"41,072 km",Petrol,Manual,"EMI ₹7,363/m*",₹3.31 lakh
Hyundai Elite i20,Hyundai,2016,"41,810 km",Petrol,Manual,"EMI ₹7,474/m*",₹3.36 lakh
Hyundai Elite i20,Hyundai,2018,"1,00,384 km",Petrol,Manual,"EMI ₹8,030/m*",₹3.61 lakh
Honda City,Honda,2012,"87,386 km",Petrol,Manual,"EMI ₹13,327/m*",₹1.50 lakh
Maruti Swift,Maruti,2011,"1,91,795 km",Petrol,Manual,"EMI ₹13,327/m*",₹1.04 lakh
Hyundai AURA,Hyundai,2021,"75,139 km",Petrol,Manual,"EMI ₹10,768/m*",₹6.10 lakh
Hyundai i10,Hyundai,2010,"1,19,931 km",Petrol,Manual,"EMI ₹10,768/m*",₹0.68 lakh
Honda City,Honda,2017,"83,986 km",Diesel,Manual,"EMI ₹46,734/m*",₹5.26 lakh
Hyundai NEW I20,Hyundai,2022,"98,831 km",Diesel,Manual,"EMI ₹12,512/m*",₹6.40 lakh
Hyundai Grand i10,Hyundai,2019,"91,750 km",Petrol,Manual,"EMI ₹7,803/m*",₹4.42 lakh
Hyundai i10,Hyundai,2011,"97,565 km",Petrol,Auto,"EMI ₹7,803/m*",₹1.20 lakh
Maruti Swift Dzire,Maruti,2011,"52,845 km",Petrol,Manual,"EMI ₹7,803/m*",₹0.90 lakh
Maruti Swift Dzire,Maruti,2017,"70,988 km",Diesel,Manual,"EMI ₹39,449/m*",₹4.44 lakh
Maruti FRONX,Maruti,2023,"24,683 km",Petrol,Manual,"EMI ₹11,157/m*",₹6.32 lakh
Chevrolet Beat,Chevrolet,2011,"1,03,481 km",Petrol,Manual,"EMI ₹11,157/m*",₹0.64 lakh
Toyota Etios,Toyota,2011,"94,092 km",Petrol,Manual,"EMI ₹11,157/m*",₹0.85 lakh
Tata Harrier,Tata,2019,"51,679 km",Diesel,Manual,"EMI ₹26,505/m*",₹7.98 lakh
Honda Jazz,Honda,2016,"1,33,212 km",Diesel,Manual,"EMI ₹26,505/m*",₹2.55 lakh
Jeep Compass,Jeep,2017,"1,07,202 km",Petrol,Auto,"EMI ₹17,351/m*",₹7.80 lakh
Toyota Corolla Altis,Toyota,2011,"47,844 km",Petrol,Manual,"EMI ₹17,351/m*",₹1.88 lakh
Hyundai Santro Xing,Hyundai,2012,"1,10,442 km",Petrol,Manual,"EMI ₹8,352/m*",₹0.94 lakh
Mahindra XUV500,Mahindra,2016,"1,18,730 km",Diesel,Manual,"EMI ₹8,352/m*",₹3.73 lakh
Hyundai i10,Hyundai,2010,"1,29,228 km",Petrol,Manual,"EMI ₹8,352/m*",₹0.60 lakh
Tata Harrier,Tata,2019,"59,646 km",Diesel,Manual,"EMI ₹24,977/m*",₹7.52 lakh
Mahindra XUV500,Mahindra,2017,"99,166 km",Diesel,Manual,"EMI ₹54,287/m*",₹6.11 lakh
Tata NEXON,Tata,2025,"6,889 km",Petrol,Auto,"EMI ₹18,835/m*",₹11.00 lakh
Maruti Dzire,Maruti,2017,"94,542 km",Petrol,Manual,"EMI ₹6,764/m*",₹3.46 lakh
Hyundai i10,Hyundai,2013,"1,19,275 km",Petrol,Manual,"EMI ₹6,496/m*",₹1.38 lakh
Renault TRIBER,Renault,2024,"10,341 km",Petrol,Manual,"EMI ₹11,898/m*",₹6.74 lakh
Honda Amaze,Honda,2017,"1,04,221 km",Diesel,Manual,"EMI ₹24,167/m*",₹2.72 lakh
Maruti Wagon R 1.0,Maruti,2014,"45,015 km",Petrol,Manual,"EMI ₹10,296/m*",₹3.10 lakh
Honda Amaze,Honda,2016,"91,709 km",Petrol,Manual,"EMI ₹5,784/m*",₹2.60 lakh
Hyundai Grand i10,Hyundai,2017,"1,81,463 km",Petrol,Manual,"EMI ₹6,451/m*",₹2.90 lakh
Hyundai i20,Hyundai,2011,"91,898 km",Petrol,Manual,"EMI ₹6,451/m*",₹0.80 lakh
Maruti Swift,Maruti,2015,"1,38,328 km",Petrol,Manual,"EMI ₹9,112/m*",₹3.46 lakh
Hyundai Grand i10,Hyundai,2015,"90,676 km",Petrol,Manual,"EMI ₹6,741/m*",₹2.56 lakh
Maruti Swift,Maruti,2011,"83,993 km",Petrol,Manual,"EMI ₹6,741/m*",₹0.98 lakh
Renault Duster,Renault,2014,"53,909 km",Petrol,Manual,"EMI ₹8,603/m*",₹2.59 lakh
Maruti Baleno,Maruti,2021,"45,486 km",Petrol,Manual,"EMI ₹8,314/m*",₹4.71 lakh
Toyota Etios,Toyota,2011,"63,392 km",Petrol,Manual,"EMI ₹8,314/m*",₹1.18 lakh
Volkswagen Polo,Volkswagen,2011,"1,05,480 km",Petrol,Manual,"EMI ₹8,314/m*",₹1.16 lakh
Hyundai i20,Hyundai,2011,"83,580 km",Petrol,Manual,"EMI ₹8,314/m*",₹0.93 lakh
Hyundai Santro Xing,Hyundai,2013,"98,917 km",Petrol,Manual,"EMI ₹4,425/m*",₹0.94 lakh
Maruti Baleno,Maruti,2016,"92,195 km",Petrol,Manual,"EMI ₹6,451/m*",₹2.90 lakh
Maruti Swift Dzire,Maruti,2011,"1,13,281 km",Petrol,Manual,"EMI ₹6,451/m*",₹0.88 lakh
Honda Brio,Honda,2012,"90,979 km",Petrol,Manual,"EMI ₹10,306/m*",₹1.16 lakh
Maruti Eeco,Maruti,2015,"61,416 km",Petrol,Manual,"EMI ₹4,608/m*",₹1.75 lakh
Maruti Ertiga,Maruti,2022,"1,24,326 km",Petrol,Manual,"EMI ₹19,960/m*",₹9.18 lakh
Maruti Ciaz,Maruti,2019,"57,283 km",Petrol,Manual,"EMI ₹8,985/m*",₹5.09 lakh
Hyundai i10,Hyundai,2011,"28,559 km",Petrol,Manual,"EMI ₹8,985/m*",₹0.78 lakh
Maruti Swift,Maruti,2013,"3,732 km",Petrol,Manual,"EMI ₹14,357/m*",₹3.05 lakh
Skoda SLAVIA,Skoda,2023,"42,028 km",Petrol,Auto,"EMI ₹19,400/m*",₹11.33 lakh
Tata NEXON,Tata,2023,"70,250 km",Petrol,Auto,"EMI ₹18,201/m*",₹10.63 lakh
Maruti Wagon R 1.0,Maruti,2011,"30,497 km",Petrol,Manual,"EMI ₹18,201/m*",₹0.86 lakh
Hyundai i10,Hyundai,2011,"45,972 km",Petrol,Manual,"EMI ₹18,201/m*",₹0.93 lakh
Toyota Corolla Altis,Toyota,2014,"1,85,972 km",Petrol,Manual,"EMI ₹9,134/m*",₹2.75 lakh
Maruti Dzire,Maruti,2018,"95,150 km",Petrol,Manual,"EMI ₹6,267/m*",₹3.55 lakh
Hyundai i20 Active,Hyundai,2015,"1,35,600 km",Diesel,Manual,"EMI ₹6,267/m*",₹2.63 lakh
Skoda Fabia,Skoda,2012,"1,05,640 km",Petrol,Manual,"EMI ₹7,730/m*",₹0.87 lakh
Honda City,Honda,2011,"1,06,695 km",Petrol,Manual,"EMI ₹7,730/m*",₹1.20 lakh
Maruti Swift Dzire,Maruti,2011,"1,08,824 km",Petrol,Manual,"EMI ₹7,730/m*",₹1.39 lakh
Maruti Ciaz,Maruti,2019,"42,718 km",Petrol,Auto,"EMI ₹9,938/m*",₹5.63 lakh
Maruti Dzire,Maruti,2019,"45,587 km",Petrol,Manual,"EMI ₹8,791/m*",₹4.98 lakh
Honda City,Honda,2015,"1,45,255 km",Petrol,Auto,"EMI ₹9,259/m*",₹3.52 lakh
Toyota URBAN CRUISER HYRYDER,Toyota,2022,"15,137 km",Petrol,Auto,"EMI ₹23,115/m*",₹13.50 lakh
Maruti Baleno,Maruti,2017,"72,594 km",Petrol,Manual,"EMI ₹6,158/m*",₹3.15 lakh
Maruti Swift,Maruti,2011,"1,07,641 km",Petrol,Manual,"EMI ₹6,158/m*",₹1.33 lakh
Maruti Wagon R 1.0,Maruti,2017,"79,487 km",Petrol,Manual,"EMI ₹4,203/m*",₹2.15 lakh
Renault Scala,Renault,2013,"1,17,060 km",Petrol,Manual,"EMI ₹6,449/m*",₹1.37 lakh
Maruti Ritz,Maruti,2011,"1,03,215 km",Petrol,Manual,"EMI ₹6,449/m*",₹0.81 lakh
Maruti SX4,Maruti,2010,"3,27,000 km",Petrol,Manual,"EMI ₹6,449/m*",₹0.77 lakh
Hyundai VENUE,Hyundai,2019,"48,241 km",Petrol,Auto,"EMI ₹9,921/m*",₹5.62 lakh
Renault Duster,Renault,2013,"81,874 km",Petrol,Manual,"EMI ₹7,532/m*",₹1.60 lakh
Hyundai Creta,Hyundai,2017,"70,000 km",Petrol,Manual,"EMI ₹11,359/m*",₹5.81 lakh
Ford Ecosport,Ford,2016,"74,021 km",Diesel,Manual,"EMI ₹11,359/m*",₹4.05 lakh
Maruti New Wagon-R,Maruti,2019,"39,772 km",Petrol,Manual,"EMI ₹6,178/m*",₹3.50 lakh
Honda City,Honda,2014,"26,622 km",Petrol,Manual,"EMI ₹9,931/m*",₹2.99 lakh
Maruti Vitara Brezza,Maruti,2017,"1,52,131 km",Diesel,Manual,"EMI ₹34,029/m*",₹3.83 lakh
Ford Ecosport,Ford,2016,"1,18,024 km",Petrol,Manual,"EMI ₹9,254/m*",₹4.16 lakh
Hyundai i20,Hyundai,2011,"82,317 km",Petrol,Manual,"EMI ₹9,254/m*",₹0.92 lakh
Hyundai i20,Hyundai,2011,"76,089 km",Petrol,Manual,"EMI ₹9,254/m*",₹0.93 lakh
Honda City,Honda,2011,"91,801 km",Petrol,Manual,"EMI ₹9,254/m*",₹1.25 lakh
Honda Brio,Honda,2012,"1,18,836 km",Petrol,Manual,"EMI ₹11,995/m*",₹1.35 lakh
Tata NEXON,Tata,2024,"7,684 km",Petrol,Manual,"EMI ₹13,910/m*",₹7.88 lakh
Tata NEXON,Tata,2018,"2,02,221 km",Diesel,Manual,"EMI ₹15,064/m*",₹3.20 lakh
Honda City,Honda,2014,"47,372 km",Petrol,Manual,"EMI ₹10,296/m*",₹3.10 lakh
Maruti Baleno,Maruti,2018,"54,751 km",Petrol,Manual,"EMI ₹7,061/m*",₹4.00 lakh
Maruti SX4,Maruti,2011,"87,583 km",Petrol,Manual,"EMI ₹7,061/m*",₹0.89 lakh
Mahindra MARAZZO,Mahindra,2019,"1,58,015 km",Diesel,Manual,"EMI ₹13,286/m*",₹4.00 lakh
Honda Jazz,Honda,2016,"1,17,701 km",Petrol,Manual,"EMI ₹6,673/m*",₹3.00 lakh
Maruti S Cross,Maruti,2017,"66,664 km",Diesel,Manual,"EMI ₹34,651/m*",₹3.90 lakh
Hyundai Verna,Hyundai,2020,"50,207 km",Petrol,Manual,"EMI ₹11,863/m*",₹6.72 lakh
Maruti Swift Dzire,Maruti,2011,"1,53,460 km",Petrol,Manual,"EMI ₹11,863/m*",₹0.97 lakh
Hyundai i10,Hyundai,2011,"30,231 km",Petrol,Manual,"EMI ₹11,863/m*",₹1.11 lakh
Mahindra Thar,Mahindra,2023,"18,271 km",Petrol,Auto,"EMI ₹20,359/m*",₹11.89 lakh
Toyota Corolla Altis,Toyota,2016,"72,231 km",Petrol,Auto,"EMI ₹13,347/m*",₹6.00 lakh
Mahindra XUV500,Mahindra,2018,"80,926 km",Diesel,Auto,"EMI ₹44,697/m*",₹9.59 lakh
Hyundai Creta,Hyundai,2022,"38,832 km",Petrol,Manual,"EMI ₹15,838/m*",₹9.25 lakh
Tata TIGOR,Tata,2022,"36,294 km",Petrol,Manual,"EMI ₹9,462/m*",₹5.36 lakh
Toyota Etios,Toyota,2011,"1,06,889 km",Petrol,Manual,"EMI ₹9,462/m*",₹0.85 lakh
Maruti Swift Dzire,Maruti,2011,"1,57,199 km",Petrol,Manual,"EMI ₹9,462/m*",₹0.80 lakh
Maruti Vitara Brezza,Maruti,2017,"97,999 km",Diesel,Manual,"EMI ₹35,095/m*",₹3.95 lakh
Maruti A Star,Maruti,2010,"1,12,875 km",Petrol,Auto,"EMI ₹35,095/m*",₹0.81 lakh
Hyundai EXTER,Hyundai,2024,"18,114 km",Petrol,Manual,"EMI ₹10,168/m*",₹5.76 lakh
Toyota Etios Liva,Toyota,2011,"83,916 km",Petrol,Manual,"EMI ₹10,168/m*",₹1.22 lakh
Hyundai Creta,Hyundai,2017,"1,55,387 km",Petrol,Manual,"EMI ₹11,968/m*",₹5.38 lakh
Tata PUNCH,Tata,2024,"35,818 km",Petrol,Manual,"EMI ₹8,879/m*",₹5.03 lakh
Tata Harrier,Tata,2020,"62,313 km",Diesel,Auto,"EMI ₹25,846/m*",₹10.00 lakh
Mahindra XUV700,Mahindra,2023,"21,009 km",Petrol,Auto,"EMI ₹33,680/m*",₹19.67 lakh
Volkswagen Cross Polo,Volkswagen,2016,"52,328 km",Petrol,Manual,"EMI ₹7,786/m*",₹3.50 lakh
Hyundai i10,Hyundai,2011,"44,691 km",Petrol,Manual,"EMI ₹7,786/m*",₹0.80 lakh
Tata Tiago,Tata,2018,"1,35,075 km",Diesel,Manual,"EMI ₹12,098/m*",₹2.57 lakh
Maruti Ciaz,Maruti,2016,"64,288 km",Petrol,Manual,"EMI ₹9,654/m*",₹4.34 lakh
Maruti Alto K10,Maruti,2011,"80,315 km",Petrol,Manual,"EMI ₹9,654/m*",₹0.94 lakh
Nissan MAGNITE,Nissan,2021,"32,132 km",Petrol,Manual,"EMI ₹7,873/m*",₹4.46 lakh
Hyundai Creta,Hyundai,2017,"64,324 km",Petrol,Auto,"EMI ₹12,571/m*",₹6.43 lakh
Maruti Ertiga,Maruti,2017,"68,254 km",Diesel,Manual,"EMI ₹55,175/m*",₹6.21 lakh
Maruti Alto,Maruti,2012,"76,323 km",Petrol,Manual,"EMI ₹9,151/m*",₹1.03 lakh
Maruti Baleno,Maruti,2023,"1,831 km",Petrol,Auto,"EMI ₹13,557/m*",₹7.68 lakh
Hyundai Verna,Hyundai,2012,"67,431 km",Petrol,Auto,"EMI ₹23,367/m*",₹2.63 lakh
Maruti Dzire,Maruti,2020,"63,014 km",Petrol,Manual,"EMI ₹9,691/m*",₹5.49 lakh
Maruti Wagon R 1.0,Maruti,2011,"2,15,241 km",Petrol,Manual,"EMI ₹9,691/m*",₹1.00 lakh
Maruti Baleno,Maruti,2018,"40,974 km",Petrol,Manual,"EMI ₹6,849/m*",₹3.88 lakh
Hyundai Eon,Hyundai,2013,"1,907 km",Petrol,Manual,"EMI ₹6,214/m*",₹1.32 lakh
Maruti Swift Dzire,Maruti,2016,"35,668 km",Petrol,Manual,"EMI ₹9,343/m*",₹4.20 lakh
Maruti Baleno,Maruti,2018,"33,251 km",Petrol,Manual,"EMI ₹7,096/m*",₹4.02 lakh
Mahindra TUV300,Mahindra,2019,"36,043 km",Diesel,Manual,"EMI ₹19,464/m*",₹5.86 lakh
Honda Amaze,Honda,2018,"63,722 km",Petrol,Manual,"EMI ₹6,284/m*",₹3.56 lakh
Maruti Wagon R 1.0,Maruti,2011,"96,204 km",Petrol,Manual,"EMI ₹6,284/m*",₹0.86 lakh
Maruti Swift Dzire,Maruti,2011,"2,00,033 km",Petrol,Manual,"EMI ₹6,284/m*",₹0.87 lakh
Tata Harrier,Tata,2020,"50,982 km",Diesel,Auto,"EMI ₹25,846/m*",₹10.00 lakh
Hyundai Elite i20,Hyundai,2015,"65,871 km",Petrol,Manual,"EMI ₹9,480/m*",₹3.60 lakh
Hyundai Santro Xing,Hyundai,2011,"1,95,680 km",Petrol,Manual,"EMI ₹9,480/m*",₹0.63 lakh
Maruti SX4,Maruti,2010,"1,60,695 km",Petrol,Auto,"EMI ₹9,480/m*",₹0.75 lakh
Honda City,Honda,2019,"82,531 km",Diesel,Manual,"EMI ₹19,098/m*",₹5.75 lakh
Toyota Corolla Altis,Toyota,2011,"77,527 km",Petrol,Manual,"EMI ₹19,098/m*",₹1.49 lakh
Hyundai Creta,Hyundai,2016,"1,45,392 km",Diesel,Manual,"EMI ₹19,098/m*",₹6.17 lakh
Maruti Baleno,Maruti,2018,"1,22,664 km",Petrol,Manual,"EMI ₹7,051/m*",₹3.17 lakh
Maruti Dzire,Maruti,2020,"53,065 km",Petrol,Auto,"EMI ₹10,486/m*",₹5.94 lakh
Hyundai Creta,Hyundai,2016,"91,606 km",Petrol,Manual,"EMI ₹10,900/m*",₹4.90 lakh
Mahindra XUV500,Mahindra,2018,"72,401 km",Diesel,Manual,"EMI ₹50,476/m*",₹10.83 lakh
Renault Kwid,Renault,2018,"90,001 km",Petrol,Manual,"EMI ₹3,177/m*",₹1.80 lakh
Tata Tiago,Tata,2019,"32,123 km",Petrol,Manual,"EMI ₹7,238/m*",₹4.10 lakh
Maruti Eeco,Maruti,2018,"55,532 km",Petrol,Manual,"EMI ₹5,190/m*",₹2.94 lakh
Maruti Ciaz,Maruti,2019,"55,990 km",Petrol,Manual,"EMI ₹8,932/m*",₹5.06 lakh
Nissan Sunny,Nissan,2014,"99,842 km",Petrol,Auto,"EMI ₹8,304/m*",₹2.50 lakh
Honda City,Honda,2016,"1,09,573 km",Petrol,Auto,"EMI ₹10,455/m*",₹4.70 lakh
Ford FREESTYLE,Ford,2018,"1,22,223 km",Petrol,Manual,"EMI ₹7,919/m*",₹3.56 lakh
Honda City,Honda,2019,"40,038 km",Petrol,Auto,"EMI ₹10,592/m*",₹6.00 lakh
Maruti Dzire,Maruti,2018,"1,16,752 km",Petrol,Auto,"EMI ₹10,255/m*",₹4.61 lakh
Hyundai New Elantra,Hyundai,2013,"52,723 km",Petrol,Auto,"EMI ₹14,734/m*",₹3.13 lakh
Honda Amaze,Honda,2015,"77,084 km",Petrol,Manual,"EMI ₹6,373/m*",₹2.42 lakh
Volkswagen VIRTUS,Volkswagen,2022,"38,385 km",Petrol,Auto,"EMI ₹18,800/m*",₹10.98 lakh
Tata TIGOR,Tata,2018,"24,289 km",Diesel,Manual,"EMI ₹14,452/m*",₹3.07 lakh
Tata Curvv,Tata,2024,"10,922 km",Petrol,Manual,"EMI ₹16,968/m*",₹9.91 lakh
Maruti Wagon R 1.0,Maruti,2014,"1,14,118 km",Petrol,Manual,"EMI ₹4,982/m*",₹1.50 lakh
Maruti Baleno,Maruti,2021,"55,119 km",Petrol,Manual,"EMI ₹8,491/m*",₹4.81 lakh
Hyundai Creta,Hyundai,2019,"1,41,644 km",Diesel,Manual,"EMI ₹23,748/m*",₹7.15 lakh
Skoda SLAVIA,Skoda,2023,"44,783 km",Petrol,Auto,"EMI ₹20,153/m*",₹11.77 lakh
Mahindra TUV300,Mahindra,2016,"1,42,876 km",Diesel,Manual,"EMI ₹20,153/m*",₹3.37 lakh
Hyundai Creta,Hyundai,2017,"1,02,367 km",Petrol,Auto,"EMI ₹12,346/m*",₹5.55 lakh
Honda City,Honda,2016,"80,664 km",Petrol,Manual,"EMI ₹9,187/m*",₹4.13 lakh
Maruti Baleno,Maruti,2017,"51,576 km",Petrol,Auto,"EMI ₹7,898/m*",₹4.04 lakh
Maruti Ertiga,Maruti,2019,"41,781 km",Petrol,Manual,"EMI ₹13,766/m*",₹8.04 lakh
Ford Classic,Ford,2012,"43,342 km",Petrol,Manual,"EMI ₹14,305/m*",₹1.61 lakh
Volkswagen Vento,Volkswagen,2021,"45,224 km",Petrol,Auto,"EMI ₹16,044/m*",₹9.37 lakh
Maruti New Wagon-R,Maruti,2021,"97,458 km",Petrol,Manual,"EMI ₹7,238/m*",₹4.10 lakh
Maruti IGNIS,Maruti,2018,"72,359 km",Petrol,Auto,"EMI ₹6,267/m*",₹3.55 lakh
Maruti Wagon R 1.0,Maruti,2010,"1,20,591 km",Petrol,Manual,"EMI ₹6,267/m*",₹0.73 lakh
Maruti S PRESSO,Maruti,2020,"27,770 km",Petrol,Manual,"EMI ₹7,061/m*",₹4.00 lakh
Hyundai VENUE,Hyundai,2022,"35,437 km",Petrol,Manual,"EMI ₹12,886/m*",₹7.30 lakh
Maruti Eeco,Maruti,2010,"1,15,733 km",Petrol,Manual,"EMI ₹12,886/m*",₹0.92 lakh
Honda Amaze,Honda,2017,"1,15,000 km",Petrol,Manual,"EMI ₹6,228/m*",₹2.80 lakh
MG ASTOR,MG,2023,"12,129 km",Petrol,Auto,"EMI ₹23,115/m*",₹13.50 lakh
Maruti Alto,Maruti,2012,"81,851 km",Petrol,Manual,"EMI ₹7,019/m*",₹0.79 lakh
Maruti Ritz,Maruti,2011,"1,10,330 km",Petrol,Manual,"EMI ₹7,019/m*",₹1.12 lakh
Maruti Baleno,Maruti,2018,"86,640 km",Petrol,Manual,"EMI ₹6,426/m*",₹3.64 lakh
Tata TIAGO NRG,Tata,2018,"67,677 km",Petrol,Manual,"EMI ₹5,296/m*",₹3.00 lakh
Maruti S Cross,Maruti,2016,"1,68,159 km",Diesel,Manual,"EMI ₹5,296/m*",₹2.96 lakh
Tata Hexa,Tata,2018,"69,232 km",Diesel,Manual,"EMI ₹25,843/m*",₹5.49 lakh
Tata NEXON,Tata,2019,"69,254 km",Diesel,Manual,"EMI ₹15,611/m*",₹4.70 lakh
Renault Duster,Renault,2019,"83,831 km",Diesel,Manual,"EMI ₹15,876/m*",₹4.78 lakh
Maruti Eeco,Maruti,2016,"1,16,295 km",Petrol,Manual,"EMI ₹3,559/m*",₹1.60 lakh
Tata NEXON,Tata,2024,"8,384 km",Petrol,Manual,"EMI ₹13,981/m*",₹7.92 lakh
Tata NEXON,Tata,2018,"90,191 km",Diesel,Auto,"EMI ₹22,360/m*",₹4.75 lakh
Tata NEXON,Tata,2020,"49,295 km",Petrol,Manual,"EMI ₹11,474/m*",₹6.50 lakh
Hyundai i10,Hyundai,2011,"75,258 km",Petrol,Manual,"EMI ₹11,474/m*",₹0.83 lakh
Maruti Eeco,Maruti,2016,"1,18,525 km",Petrol,Manual,"EMI ₹4,649/m*",₹2.09 lakh
Hyundai Elite i20,Hyundai,2018,"92,272 km",Petrol,Manual,"EMI ₹6,620/m*",₹3.75 lakh
Honda City,Honda,2015,"1,09,721 km",Petrol,Manual,"EMI ₹12,272/m*",₹4.66 lakh
Hyundai Creta,Hyundai,2018,"59,559 km",Petrol,Manual,"EMI ₹10,415/m*",₹5.90 lakh
Hyundai Verna,Hyundai,2017,"67,254 km",Diesel,Manual,"EMI ₹36,606/m*",₹4.12 lakh
Maruti New Wagon-R,Maruti,2019,"1,66,921 km",Petrol,Manual,"EMI ₹7,341/m*",₹3.30 lakh
Maruti Zen Estilo,Maruti,2012,"92,652 km",Petrol,Manual,"EMI ₹11,106/m*",₹1.25 lakh
Ford Ecosport,Ford,2017,"56,227 km",Petrol,Manual,"EMI ₹7,996/m*",₹4.09 lakh
Nissan MAGNITE,Nissan,2021,"89,607 km",Petrol,Manual,"EMI ₹7,273/m*",₹4.12 lakh
Renault Kwid,Renault,2024,"8,063 km",Petrol,Auto,"EMI ₹7,043/m*",₹3.99 lakh
Mahindra XUV700,Mahindra,2022,"78,424 km",Diesel,Manual,"EMI ₹31,730/m*",₹16.67 lakh
Hyundai Santro Xing,Hyundai,2011,"1,40,971 km",Petrol,Manual,"EMI ₹31,730/m*",₹0.55 lakh
Honda City,Honda,2012,"1,24,332 km",Petrol,Manual,"EMI ₹19,191/m*",₹2.16 lakh
Maruti Alto,Maruti,2011,"2,54,112 km",Petrol,Manual,"EMI ₹19,191/m*",₹0.68 lakh
Maruti Eeco,Maruti,2017,"1,40,185 km",Petrol,Manual,"EMI ₹5,494/m*",₹2.47 lakh
Tata PUNCH,Tata,2024,"15,689 km",Petrol,Manual,"EMI ₹8,950/m*",₹5.07 lakh
Ford Ecosport,Ford,2016,"78,326 km",Petrol,Manual,"EMI ₹8,097/m*",₹3.64 lakh
Maruti Swift,Maruti,2021,"85,782 km",Petrol,Manual,"EMI ₹8,385/m*",₹4.75 lakh
Honda City,Honda,2015,"90,429 km",Petrol,Manual,"EMI ₹12,298/m*",₹4.67 lakh
Tata Tiago,Tata,2019,"1,02,284 km",Petrol,Auto,"EMI ₹7,608/m*",₹3.42 lakh
Honda City,Honda,2015,"1,19,511 km",Petrol,Auto,"EMI ₹12,061/m*",₹4.58 lakh
Maruti Alto,Maruti,2011,"40,412 km",Petrol,Manual,"EMI ₹12,061/m*",₹0.64 lakh
Maruti Swift Dzire,Maruti,2011,"1,05,466 km",Petrol,Manual,"EMI ₹12,061/m*",₹1.20 lakh
Maruti Dzire,Maruti,2017,"73,940 km",Diesel,Manual,"EMI ₹33,940/m*",₹3.82 lakh
Chevrolet Beat,Chevrolet,2011,"80,290 km",Petrol,Manual,"EMI ₹33,940/m*",₹0.70 lakh
Tata Tiago,Tata,2020,"61,177 km",Petrol,Manual,"EMI ₹6,390/m*",₹3.62 lakh
Hyundai i10,Hyundai,2011,"67,665 km",Petrol,Manual,"EMI ₹6,390/m*",₹0.89 lakh
Hyundai Creta,Hyundai,2017,"65,338 km",Petrol,Manual,"EMI ₹9,032/m*",₹4.62 lakh
Hyundai GRAND I10 NIOS,Hyundai,2022,"19,446 km",Petrol,Manual,"EMI ₹8,915/m*",₹5.05 lakh
Hyundai VENUE,Hyundai,2021,"52,990 km",Petrol,Manual,"EMI ₹9,938/m*",₹5.63 lakh
Mahindra XUV300,Mahindra,2019,"38,377 km",Petrol,Manual,"EMI ₹8,985/m*",₹5.09 lakh
Maruti Ciaz,Maruti,2016,"68,000 km",Petrol,Manual,"EMI ₹7,341/m*",₹3.30 lakh
Maruti Alto,Maruti,2012,"95,000 km",Petrol,Manual,"EMI ₹6,664/m*",₹0.75 lakh
Ford Ecosport,Ford,2017,"52,434 km",Diesel,Manual,"EMI ₹41,137/m*",₹4.63 lakh
Tata NEXON,Tata,2022,"47,436 km",Petrol,Auto,"EMI ₹12,145/m*",₹6.88 lakh
Maruti A Star,Maruti,2011,"70,000 km",Petrol,Manual,"EMI ₹12,145/m*",₹0.80 lakh
Maruti Swift,Maruti,2019,"28,388 km",Petrol,Manual,"EMI ₹7,449/m*",₹4.22 lakh
KIA SONET,KIA,2024,"16,470 km",Petrol,Manual,"EMI ₹13,610/m*",₹7.71 lakh
Hyundai Elite i20,Hyundai,2019,"46,292 km",Petrol,Auto,"EMI ₹8,544/m*",₹4.84 lakh
Maruti Alto,Maruti,2011,"59,649 km",Petrol,Manual,"EMI ₹8,544/m*",₹0.70 lakh
Hyundai i20,Hyundai,2011,"1,06,982 km",Petrol,Manual,"EMI ₹8,544/m*",₹0.93 lakh
Hyundai Elite i20,Hyundai,2018,"58,153 km",Petrol,Manual,"EMI ₹6,461/m*",₹3.66 lakh
Tata Tiago,Tata,2017,"24,523 km",Petrol,Auto,"EMI ₹6,843/m*",₹3.50 lakh
Renault Kiger,Renault,2022,"40,659 km",Petrol,Manual,"EMI ₹9,126/m*",₹5.17 lakh
Maruti Zen Estilo,Maruti,2010,"1,93,092 km",Petrol,Manual,"EMI ₹9,126/m*",₹0.55 lakh
Honda City,Honda,2020,"49,439 km",Petrol,Manual,"EMI ₹13,946/m*",₹7.90 lakh
Maruti IGNIS,Maruti,2024,"22,554 km",Petrol,Manual,"EMI ₹8,826/m*",₹5.00 lakh
Mahindra MARAZZO,Mahindra,2019,"47,420 km",Diesel,Manual,"EMI ₹18,268/m*",₹5.50 lakh
Tata NEXON,Tata,2021,"66,553 km",Petrol,Manual,"EMI ₹9,585/m*",₹5.43 lakh
Honda Jazz,Honda,2015,"80,746 km",Petrol,Manual,"EMI ₹6,873/m*",₹2.61 lakh
Hyundai Creta,Hyundai,2016,"1,56,297 km",Diesel,Manual,"EMI ₹6,873/m*",₹5.50 lakh
Maruti Wagon R 1.0,Maruti,2010,"1,07,902 km",Petrol,Manual,"EMI ₹6,873/m*",₹0.77 lakh
Maruti Wagon R 1.0,Maruti,2011,"1,15,704 km",Petrol,Manual,"EMI ₹6,873/m*",₹0.95 lakh
Hyundai Creta,Hyundai,2018,"77,298 km",Diesel,Manual,"EMI ₹11,730/m*",₹6.00 lakh
Hyundai i10,Hyundai,2011,"1,53,100 km",Petrol,Manual,"EMI ₹11,730/m*",₹1.04 lakh
Maruti Vitara Brezza,Maruti,2018,"94,196 km",Diesel,Manual,"EMI ₹20,336/m*",₹4.32 lakh
Maruti Dzire,Maruti,2017,"1,08,788 km",Petrol,Manual,"EMI ₹8,475/m*",₹3.81 lakh
Tata PUNCH,Tata,2022,"20,125 km",Petrol,Manual,"EMI ₹8,491/m*",₹4.81 lakh
Honda City,Honda,2011,"97,719 km",Petrol,Manual,"EMI ₹8,491/m*",₹1.31 lakh
Hyundai Grand i10,Hyundai,2017,"8,05,000 km",Petrol,Manual,"EMI ₹6,540/m*",₹2.94 lakh
Ford Ecosport,Ford,2014,"63,848 km",Petrol,Auto,"EMI ₹7,905/m*",₹2.38 lakh
Toyota Etios,Toyota,2015,"1,00,617 km",Petrol,Manual,"EMI ₹6,636/m*",₹2.52 lakh
Hyundai Grand i10,Hyundai,2017,"77,306 km",Petrol,Manual,"EMI ₹5,670/m*",₹2.90 lakh
Hyundai AURA,Hyundai,2022,"13,535 km",Petrol,Auto,"EMI ₹10,486/m*",₹5.94 lakh
Hyundai Santro Xing,Hyundai,2013,"1,15,953 km",Petrol,Manual,"EMI ₹7,155/m*",₹1.52 lakh
Hyundai Creta,Hyundai,2017,"1,57,979 km",Diesel,Auto,"EMI ₹57,574/m*",₹6.48 lakh
Maruti Ciaz,Maruti,2016,"64,171 km",Petrol,Manual,"EMI ₹7,763/m*",₹3.49 lakh
Honda City,Honda,2016,"1,16,598 km",Petrol,Manual,"EMI ₹8,497/m*",₹3.82 lakh
Maruti Baleno,Maruti,2016,"1,16,781 km",Petrol,Manual,"EMI ₹7,407/m*",₹3.33 lakh
Hyundai Creta,Hyundai,2016,"1,24,593 km",Petrol,Manual,"EMI ₹12,234/m*",₹5.50 lakh
Honda City,Honda,2015,"64,327 km",Petrol,Manual,"EMI ₹8,295/m*",₹3.15 lakh
Maruti Swift,Maruti,2023,"8,484 km",Petrol,Manual,"EMI ₹10,592/m*",₹6.00 lakh
Maruti Baleno,Maruti,2018,"58,664 km",Petrol,Manual,"EMI ₹7,096/m*",₹4.02 lakh
Maruti Vitara Brezza,Maruti,2018,"91,899 km",Diesel,Manual,"EMI ₹25,937/m*",₹5.51 lakh
Honda City,Honda,2017,"1,05,873 km",Petrol,Manual,"EMI ₹9,298/m*",₹4.18 lakh
Honda Amaze,Honda,2017,"56,153 km",Petrol,Manual,"EMI ₹6,080/m*",₹3.11 lakh
Hyundai Creta,Hyundai,2019,"1,35,944 km",Diesel,Manual,"EMI ₹20,747/m*",₹6.25 lakh
Tata PUNCH,Tata,2023,"42,729 km",Petrol,Manual,"EMI ₹9,179/m*",₹5.20 lakh
Maruti Swift,Maruti,2011,"97,082 km",Petrol,Manual,"EMI ₹9,179/m*",₹0.80 lakh
Maruti New Wagon-R,Maruti,2020,"43,377 km",Petrol,Manual,"EMI ₹6,673/m*",₹3.78 lakh
Mahindra XUV700,Mahindra,2023,"11,538 km",Petrol,Auto,"EMI ₹32,533/m*",₹19.00 lakh
Maruti Dzire,Maruti,2022,"89,620 km",Petrol,Manual,"EMI ₹10,503/m*",₹5.95 lakh
Maruti Dzire,Maruti,2020,"56,758 km",Petrol,Manual,"EMI ₹8,226/m*",₹4.66 lakh
Hyundai Santro Xing,Hyundai,2011,"1,00,026 km",Petrol,Manual,"EMI ₹8,226/m*",₹0.79 lakh
Volkswagen VIRTUS,Volkswagen,2024,"17,278 km",Petrol,Auto,"EMI ₹24,965/m*",₹14.58 lakh
Hyundai i20,Hyundai,2011,"1,78,904 km",Petrol,Manual,"EMI ₹24,965/m*",₹1.14 lakh
Mahindra XUV500,Mahindra,2018,"72,600 km",Diesel,Auto,"EMI ₹33,187/m*",₹7.05 lakh
Maruti Dzire,Maruti,2018,"65,243 km",Petrol,Manual,"EMI ₹6,832/m*",₹3.87 lakh
Maruti Wagon R 1.0,Maruti,2012,"80,362 km",Petrol,Manual,"EMI ₹10,928/m*",₹1.23 lakh
Maruti Vitara Brezza,Maruti,2016,"1,53,962 km",Diesel,Manual,"EMI ₹12,166/m*",₹4.62 lakh
Maruti S Cross,Maruti,2017,"1,09,389 km",Diesel,Manual,"EMI ₹49,400/m*",₹5.56 lakh
Hyundai i20,Hyundai,2011,"1,07,819 km",Petrol,Manual,"EMI ₹49,400/m*",₹0.90 lakh
Ford Ecosport,Ford,2016,"1,07,469 km",Petrol,Manual,"EMI ₹6,718/m*",₹3.02 lakh
Ford Ecosport,Ford,2016,"89,743 km",Diesel,Manual,"EMI ₹6,583/m*",₹2.50 lakh
Hyundai Creta,Hyundai,2016,"99,478 km",Diesel,Auto,"EMI ₹6,583/m*",₹6.35 lakh
Tata NEXON,Tata,2023,"37,578 km",Petrol,Manual,"EMI ₹11,068/m*",₹6.27 lakh
Honda City,Honda,2015,"67,767 km",Petrol,Manual,"EMI ₹9,217/m*",₹3.50 lakh
Maruti Swift Dzire,Maruti,2011,"1,05,392 km",Petrol,Manual,"EMI ₹9,217/m*",₹0.86 lakh
Ford Ecosport,Ford,2017,"1,51,619 km",Diesel,Manual,"EMI ₹33,141/m*",₹3.73 lakh
Maruti Alto,Maruti,2021,"25,825 km",Petrol,Manual,"EMI ₹4,907/m*",₹2.78 lakh
Tata NEXON,Tata,2020,"79,650 km",Petrol,Auto,"EMI ₹9,956/m*",₹5.64 lakh
Ford Ecosport,Ford,2017,"1,48,024 km",Diesel,Manual,"EMI ₹44,247/m*",₹4.98 lakh
Toyota Corolla Altis,Toyota,2011,"45,782 km",Petrol,Manual,"EMI ₹44,247/m*",₹2.03 lakh
Hyundai Creta,Hyundai,2018,"96,639 km",Petrol,Auto,"EMI ₹9,709/m*",₹5.50 lakh
Tata Harrier,Tata,2020,"43,000 km",Diesel,Auto,"EMI ₹22,841/m*",₹13.34 lakh
Tata NEXON,Tata,2021,"29,440 km",Petrol,Manual,"EMI ₹11,457/m*",₹6.49 lakh
Tata Tiago,Tata,2019,"62,603 km",Petrol,Manual,"EMI ₹4,819/m*",₹2.73 lakh
Maruti Baleno,Maruti,2018,"23,206 km",Petrol,Manual,"EMI ₹7,608/m*",₹4.31 lakh
Ford Ecosport,Ford,2015,"81,320 km",Petrol,Manual,"EMI ₹9,428/m*",₹3.58 lakh
Tata PUNCH,Tata,2023,"58,492 km",Petrol,Manual,"EMI ₹8,826/m*",₹5.00 lakh
Tata NEXON,Tata,2019,"68,502 km",Petrol,Manual,"EMI ₹6,973/m*",₹3.95 lakh
Hyundai i20,Hyundai,2011,"1,14,524 km",Petrol,Manual,"EMI ₹6,973/m*",₹0.94 lakh
Honda Brio,Honda,2016,"55,531 km",Petrol,Manual,"EMI ₹5,717/m*",₹2.57 lakh
Hyundai Santro Xing,Hyundai,2012,"1,38,656 km",Petrol,Manual,"EMI ₹6,664/m*",₹0.75 lakh
Maruti Dzire,Maruti,2018,"73,509 km",Petrol,Manual,"EMI ₹6,867/m*",₹3.89 lakh
Hyundai AURA,Hyundai,2023,"7,010 km",Petrol,Manual,"EMI ₹10,450/m*",₹5.92 lakh
Mahindra XUV500,Mahindra,2017,"44,000 km",Diesel,Manual,"EMI ₹44,424/m*",₹5.00 lakh
Maruti Baleno,Maruti,2018,"90,244 km",Petrol,Manual,"EMI ₹6,002/m*",₹3.40 lakh
Honda City,Honda,2015,"1,29,523 km",Petrol,Auto,"EMI ₹10,823/m*",₹4.11 lakh
Maruti Celerio,Maruti,2020,"1,04,804 km",Petrol,Manual,"EMI ₹8,831/m*",₹3.97 lakh
Honda City,Honda,2015,"1,12,107 km",Petrol,Manual,"EMI ₹8,163/m*",₹3.10 lakh
Hyundai Elite i20,Hyundai,2018,"59,439 km",Petrol,Manual,"EMI ₹8,526/m*",₹4.83 lakh
Mahindra BOLERO NEO,Mahindra,2023,"16,302 km",Diesel,Manual,"EMI ₹16,609/m*",₹9.70 lakh
Maruti Celerio,Maruti,2021,"29,007 km",Petrol,Auto,"EMI ₹8,050/m*",₹4.56 lakh
Tata NEXON,Tata,2024,"23,377 km",Petrol,Auto,"EMI ₹14,554/m*",₹8.50 lakh
Maruti Alto K10,Maruti,2011,"82,806 km",Petrol,Manual,"EMI ₹14,554/m*",₹0.97 lakh
Ford FREESTYLE,Ford,2020,"1,08,233 km",Petrol,Manual,"EMI ₹8,787/m*",₹3.95 lakh
Maruti Ritz,Maruti,2011,"1,00,001 km",Petrol,Manual,"EMI ₹8,787/m*",₹0.85 lakh
Maruti New Wagon-R,Maruti,2020,"1,08,391 km",Petrol,Manual,"EMI ₹8,408/m*",₹3.78 lakh
Hyundai Grand i10,Hyundai,2017,"46,970 km",Petrol,Manual,"EMI ₹5,670/m*",₹2.90 lakh
Maruti Swift,Maruti,2025,"8,887 km",Petrol,Manual,"EMI ₹13,610/m*",₹7.71 lakh
Renault TRIBER,Renault,2022,"94,999 km",Petrol,Manual,"EMI ₹6,708/m*",₹3.80 lakh
Tata NEXON,Tata,2021,"40,333 km",Petrol,Manual,"EMI ₹13,715/m*",₹8.01 lakh
Mahindra XUV500,Mahindra,2017,"61,571 km",Diesel,Manual,"EMI ₹72,561/m*",₹8.21 lakh
Skoda SLAVIA,Skoda,2022,"37,331 km",Petrol,Manual,"EMI ₹14,087/m*",₹7.98 lakh
Tata Safari Storme,Tata,2018,"23,852 km",Diesel,Manual,"EMI ₹30,927/m*",₹6.57 lakh
Ford Ecosport,Ford,2017,"1,25,714 km",Diesel,Manual,"EMI ₹26,388/m*",₹2.97 lakh
Honda Amaze,Honda,2019,"52,571 km",Petrol,Manual,"EMI ₹7,432/m*",₹4.21 lakh
Maruti Ertiga,Maruti,2017,"2,36,715 km",Petrol,Manual,"EMI ₹10,677/m*",₹4.80 lakh
Maruti New Wagon-R,Maruti,2020,"1,05,079 km",Petrol,Manual,"EMI ₹7,786/m*",₹3.50 lakh
Maruti Ertiga,Maruti,2017,"72,931 km",Petrol,Manual,"EMI ₹9,931/m*",₹5.08 lakh
Tata NEXON,Tata,2019,"54,265 km",Petrol,Manual,"EMI ₹8,791/m*",₹4.98 lakh
Honda City,Honda,2014,"1,12,609 km",Petrol,Manual,"EMI ₹11,160/m*",₹3.36 lakh
Hyundai Elite i20,Hyundai,2019,"72,628 km",Petrol,Manual,"EMI ₹7,855/m*",₹4.45 lakh
Maruti Baleno,Maruti,2018,"1,16,000 km",Diesel,Manual,"EMI ₹18,688/m*",₹3.97 lakh
Honda City,Honda,2015,"48,777 km",Petrol,Manual,"EMI ₹12,114/m*",₹4.60 lakh
Maruti IGNIS,Maruti,2018,"50,946 km",Petrol,Auto,"EMI ₹6,938/m*",₹3.93 lakh
Tata NEXON,Tata,2021,"70,844 km",Petrol,Manual,"EMI ₹10,592/m*",₹6.00 lakh
Maruti Wagon R 1.0,Maruti,2011,"1,03,737 km",Petrol,Manual,"EMI ₹10,592/m*",₹1.12 lakh
Hyundai ALCAZAR,Hyundai,2022,"34,651 km",Petrol,Auto,"EMI ₹22,876/m*",₹13.36 lakh
Hyundai Creta,Hyundai,2016,"55,041 km",Petrol,Manual,"EMI ₹13,413/m*",₹6.03 lakh
Honda Amaze,Honda,2022,"31,862 km",Petrol,Manual,"EMI ₹10,239/m*",₹5.80 lakh
Maruti Swift,Maruti,2022,"61,801 km",Petrol,Manual,"EMI ₹7,432/m*",₹4.21 lakh
Nissan MAGNITE,Nissan,2023,"19,696 km",Petrol,Manual,"EMI ₹8,279/m*",₹4.69 lakh
Skoda Rapid,Skoda,2017,"74,025 km",Petrol,Manual,"EMI ₹8,974/m*",₹4.59 lakh
Hyundai AURA,Hyundai,2022,"54,417 km",Petrol,Manual,"EMI ₹10,044/m*",₹5.69 lakh
Maruti Baleno,Maruti,2023,135 km,Petrol,Manual,"EMI ₹12,180/m*",₹6.90 lakh
Maruti New Wagon-R,Maruti,2019,"1,12,584 km",Petrol,Manual,"EMI ₹7,585/m*",₹3.41 lakh
Maruti Eeco,Maruti,2011,"2,57,888 km",Petrol,Manual,"EMI ₹7,585/m*",₹0.85 lakh
Maruti Baleno,Maruti,2017,"27,393 km",Petrol,Manual,"EMI ₹8,016/m*",₹4.10 lakh
Mahindra XUV500,Mahindra,2016,"58,240 km",Diesel,Auto,"EMI ₹8,016/m*",₹6.50 lakh
Tata ALTROZ,Tata,2021,"25,540 km",Petrol,Manual,"EMI ₹8,173/m*",₹4.63 lakh
Renault Duster,Renault,2016,"69,045 km",Diesel,Manual,"EMI ₹8,173/m*",₹2.76 lakh
Maruti IGNIS,Maruti,2023,"29,527 km",Petrol,Manual,"EMI ₹10,256/m*",₹5.81 lakh
Tata PUNCH,Tata,2021,"42,046 km",Petrol,Manual,"EMI ₹8,685/m*",₹4.92 lakh
Hyundai Xcent,Hyundai,2017,"1,36,611 km",Diesel,Manual,"EMI ₹24,167/m*",₹2.72 lakh
Maruti Ciaz,Maruti,2016,"78,618 km",Diesel,Manual,"EMI ₹24,167/m*",₹3.24 lakh
Maruti Vitara Brezza,Maruti,2017,"1,28,061 km",Diesel,Manual,"EMI ₹40,959/m*",₹4.61 lakh
Maruti Alto 800,Maruti,2013,"82,766 km",Petrol,Manual,"EMI ₹7,767/m*",₹1.65 lakh
Hyundai Verna,Hyundai,2021,"20,927 km",Petrol,Manual,"EMI ₹15,753/m*",₹9.20 lakh
Honda Amaze,Honda,2018,"78,401 km",Petrol,Manual,"EMI ₹6,973/m*",₹3.95 lakh
Hyundai i10,Hyundai,2010,"99,387 km",Petrol,Auto,"EMI ₹6,973/m*",₹0.97 lakh
Hyundai Santro Xing,Hyundai,2013,"76,959 km",Petrol,Manual,"EMI ₹6,355/m*",₹1.35 lakh
Honda City,Honda,2014,"54,784 km",Petrol,Auto,"EMI ₹11,094/m*",₹3.34 lakh
Hyundai ALCAZAR,Hyundai,2022,"97,127 km",Diesel,Auto,"EMI ₹25,506/m*",₹13.40 lakh
Tata NEXON,Tata,2021,"93,193 km",Diesel,Auto,"EMI ₹17,394/m*",₹8.00 lakh
Toyota Etios,Toyota,2014,"66,337 km",Petrol,Manual,"EMI ₹9,798/m*",₹2.95 lakh
Hyundai Elite i20,Hyundai,2015,"55,578 km",Petrol,Manual,"EMI ₹8,453/m*",₹3.21 lakh
Maruti Vitara Brezza,Maruti,2017,"1,01,904 km",Diesel,Manual,"EMI ₹37,316/m*",₹4.20 lakh
Maruti New Wagon-R,Maruti,2021,"1,43,691 km",Petrol,Manual,"EMI ₹8,230/m*",₹3.70 lakh
Maruti Swift Dzire,Maruti,2016,"1,68,775 km",Diesel,Manual,"EMI ₹8,230/m*",₹3.70 lakh
Maruti Alto K10,Maruti,2023,"19,742 km",Petrol,Manual,"EMI ₹6,902/m*",₹3.91 lakh
Tata NEXON,Tata,2020,"72,465 km",Petrol,Manual,"EMI ₹8,826/m*",₹5.00 lakh
Tata NEXON,Tata,2023,"33,613 km",Petrol,Auto,"EMI ₹18,698/m*",₹10.92 lakh
Maruti Swift Dzire,Maruti,2015,"1,31,839 km",Petrol,Manual,"EMI ₹8,980/m*",₹3.41 lakh
Maruti Dzire,Maruti,2017,"1,19,530 km",Diesel,Auto,"EMI ₹31,364/m*",₹3.53 lakh
Hyundai Verna,Hyundai,2019,"96,923 km",Petrol,Auto,"EMI ₹11,474/m*",₹6.50 lakh
Hyundai Elite i20,Hyundai,2020,"70,019 km",Petrol,Manual,"EMI ₹8,791/m*",₹4.98 lakh
Hyundai Creta,Hyundai,2017,"1,48,706 km",Petrol,Auto,"EMI ₹13,235/m*",₹5.95 lakh
Toyota Corolla Altis,Toyota,2011,"77,760 km",Petrol,Manual,"EMI ₹13,235/m*",₹1.45 lakh
Hyundai Grand i10,Hyundai,2014,"50,169 km",Petrol,Manual,"EMI ₹10,130/m*",₹3.05 lakh
Mahindra XUV300,Mahindra,2019,"59,488 km",Petrol,Manual,"EMI ₹8,738/m*",₹4.95 lakh
Skoda Superb,Skoda,2011,"1,11,644 km",Petrol,Manual,"EMI ₹8,738/m*",₹1.81 lakh
Honda City,Honda,2016,"88,713 km",Petrol,Manual,"EMI ₹8,141/m*",₹3.66 lakh
Mahindra XUV 3XO,Mahindra,2025,196 km,Petrol,Manual,"EMI ₹13,681/m*",₹7.75 lakh
Mahindra Scorpio,Mahindra,2021,"95,924 km",Diesel,Manual,"EMI ₹23,917/m*",₹11.00 lakh
Tata NEXON,Tata,2022,"16,238 km",Petrol,Auto,"EMI ₹12,710/m*",₹7.20 lakh
Hyundai Santro Xing,Hyundai,2012,"99,913 km",Petrol,Manual,"EMI ₹7,019/m*",₹0.79 lakh
Hyundai Creta,Hyundai,2017,"1,44,693 km",Petrol,Manual,"EMI ₹10,900/m*",₹4.90 lakh
Mahindra XUV700,Mahindra,2023,"20,038 km",Petrol,Manual,"EMI ₹30,290/m*",₹17.69 lakh
Honda Amaze,Honda,2018,"89,786 km",Diesel,Auto,"EMI ₹21,418/m*",₹4.55 lakh
Hyundai Elite i20,Hyundai,2017,"1,79,087 km",Diesel,Manual,"EMI ₹31,008/m*",₹3.49 lakh
Maruti Swift Dzire,Maruti,2017,"1,12,810 km",Diesel,Manual,"EMI ₹37,761/m*",₹4.25 lakh
Maruti Vitara Brezza,Maruti,2017,"1,43,125 km",Diesel,Manual,"EMI ₹36,783/m*",₹4.14 lakh
Maruti Ertiga,Maruti,2019,"52,506 km",Petrol,Manual,"EMI ₹12,798/m*",₹7.25 lakh
Tata Hexa,Tata,2017,"45,820 km",Diesel,Manual,"EMI ₹37,761/m*",₹4.25 lakh
Tata NEXON,Tata,2018,"38,585 km",Petrol,Manual,"EMI ₹8,209/m*",₹4.65 lakh
Maruti Wagon R 1.0,Maruti,2011,"91,656 km",Petrol,Manual,"EMI ₹8,209/m*",₹0.94 lakh
Tata Tiago,Tata,2022,"29,741 km",Petrol,Manual,"EMI ₹7,026/m*",₹3.98 lakh
Hyundai Verna,Hyundai,2016,"89,177 km",Petrol,Manual,"EMI ₹8,564/m*",₹3.85 lakh
Honda Jazz,Honda,2012,"42,981 km",Petrol,Manual,"EMI ₹12,883/m*",₹1.45 lakh
Maruti Eeco,Maruti,2018,"1,15,051 km",Petrol,Manual,"EMI ₹5,272/m*",₹2.37 lakh
Maruti Wagon R 1.0,Maruti,2011,"13,995 km",Petrol,Manual,"EMI ₹5,272/m*",₹0.86 lakh
Maruti Alto,Maruti,2011,"31,753 km",Petrol,Manual,"EMI ₹5,272/m*",₹0.92 lakh
Hyundai Santro Xing,Hyundai,2010,"1,48,447 km",Petrol,Manual,"EMI ₹5,272/m*",₹0.60 lakh
Hyundai Grand i10,Hyundai,2017,"23,316 km",Petrol,Manual,"EMI ₹7,234/m*",₹3.70 lakh
Maruti S PRESSO,Maruti,2021,"1,11,256 km",Petrol,Manual,"EMI ₹7,475/m*",₹3.36 lakh
Maruti Wagon R 1.0,Maruti,2018,"78,381 km",Petrol,Manual,"EMI ₹4,819/m*",₹2.73 lakh
Tata NEXON,Tata,2019,"1,02,322 km",Petrol,Auto,"EMI ₹11,434/m*",₹5.14 lakh
Mahindra SCORPIO-N,Mahindra,2023,"22,536 km",Petrol,Manual,"EMI ₹27,225/m*",₹15.90 lakh
Honda WR-V,Honda,2018,"77,451 km",Petrol,Manual,"EMI ₹9,285/m*",₹5.26 lakh
Ford Ecosport,Ford,2015,"97,023 km",Petrol,Manual,"EMI ₹8,058/m*",₹3.06 lakh
Maruti Alto 800,Maruti,2018,"29,220 km",Petrol,Manual,"EMI ₹4,307/m*",₹2.44 lakh
Volkswagen Vento,Volkswagen,2016,"2,14,898 km",Petrol,Auto,"EMI ₹7,474/m*",₹3.36 lakh
Honda Amaze,Honda,2017,"64,294 km",Petrol,Manual,"EMI ₹6,061/m*",₹3.10 lakh
Renault TRIBER,Renault,2022,"28,210 km",Petrol,Manual,"EMI ₹8,067/m*",₹4.57 lakh
Tata Harrier,Tata,2020,"98,660 km",Diesel,Manual,"EMI ₹22,272/m*",₹8.62 lakh
KIA CARENS,KIA,2022,"91,645 km",Diesel,Manual,"EMI ₹23,355/m*",₹12.27 lakh
Maruti Dzire,Maruti,2022,"72,778 km",Petrol,Manual,"EMI ₹9,780/m*",₹5.54 lakh
Hyundai Santro Xing,Hyundai,2013,"1,12,385 km",Petrol,Manual,"EMI ₹5,178/m*",₹1.10 lakh
Mahindra XUV700,Mahindra,2023,"42,942 km",Diesel,Auto,"EMI ₹34,245/m*",₹20.00 lakh
Maruti Swift,Maruti,2021,"20,285 km",Petrol,Manual,"EMI ₹10,044/m*",₹5.69 lakh
Maruti Swift,Maruti,2012,"79,024 km",Petrol,Manual,"EMI ₹16,881/m*",₹1.90 lakh
Maruti Alto,Maruti,2012,"75,806 km",Petrol,Manual,"EMI ₹7,641/m*",₹0.86 lakh
Maruti New Wagon-R,Maruti,2022,"57,276 km",Petrol,Manual,"EMI ₹7,661/m*",₹4.34 lakh
Tata NEXON,Tata,2022,"75,824 km",Petrol,Manual,"EMI ₹11,474/m*",₹6.50 lakh
Maruti Dzire,Maruti,2017,"95,835 km",Petrol,Manual,"EMI ₹7,253/m*",₹3.71 lakh
Hyundai Creta,Hyundai,2019,"70,716 km",Petrol,Auto,"EMI ₹15,410/m*",₹9.00 lakh
Honda Amaze,Honda,2019,"55,465 km",Petrol,Manual,"EMI ₹7,485/m*",₹4.24 lakh
Hyundai Creta,Hyundai,2018,"1,16,586 km",Diesel,Manual,"EMI ₹30,598/m*",₹6.50 lakh
Mahindra XUV500,Mahindra,2018,"71,536 km",Diesel,Manual,"EMI ₹37,286/m*",₹8.00 lakh
Mahindra XUV500,Mahindra,2017,"48,324 km",Diesel,Auto,"EMI ₹68,858/m*",₹7.75 lakh
Maruti New Wagon-R,Maruti,2021,"99,189 km",Petrol,Manual,"EMI ₹6,637/m*",₹3.76 lakh
Maruti Dzire,Maruti,2018,"1,05,778 km",Petrol,Manual,"EMI ₹9,765/m*",₹4.39 lakh
Mahindra XUV500,Mahindra,2017,"82,125 km",Diesel,Auto,"EMI ₹50,200/m*",₹5.65 lakh
Honda City,Honda,2013,"81,432 km",Petrol,Manual,"EMI ₹9,697/m*",₹2.06 lakh
Hyundai Creta,Hyundai,2017,"1,04,422 km",Diesel,Manual,"EMI ₹42,736/m*",₹4.81 lakh
Volkswagen Polo,Volkswagen,2013,"97,655 km",Petrol,Manual,"EMI ₹11,815/m*",₹2.51 lakh
Maruti New Wagon-R,Maruti,2021,"83,948 km",Petrol,Manual,"EMI ₹6,708/m*",₹3.80 lakh
Maruti Swift,Maruti,2020,"53,947 km",Petrol,Manual,"EMI ₹8,809/m*",₹4.99 lakh
Hyundai Eon,Hyundai,2013,"27,350 km",Petrol,Manual,"EMI ₹6,167/m*",₹1.31 lakh
Hyundai Elite i20,Hyundai,2017,"49,636 km",Petrol,Manual,"EMI ₹6,843/m*",₹3.50 lakh
Hyundai Elite i20,Hyundai,2015,"38,901 km",Petrol,Manual,"EMI ₹9,033/m*",₹3.43 lakh
Maruti New Wagon-R,Maruti,2020,"87,884 km",Petrol,Manual,"EMI ₹6,161/m*",₹3.49 lakh
Hyundai Elite i20,Hyundai,2017,"72,503 km",Petrol,Manual,"EMI ₹7,155/m*",₹3.66 lakh
Hyundai i20,Hyundai,2011,"1,10,326 km",Petrol,Manual,"EMI ₹7,155/m*",₹0.85 lakh
Toyota Innova Crysta,Toyota,2017,"90,204 km",Diesel,Manual,"EMI ₹87,675/m*",₹9.92 lakh
Maruti Ciaz,Maruti,2018,"2,25,122 km",Diesel,Manual,"EMI ₹16,476/m*",₹3.50 lakh
Ford Ecosport,Ford,2017,"78,059 km",Diesel,Manual,"EMI ₹30,031/m*",₹3.38 lakh
Ford Ecosport,Ford,2018,"1,24,848 km",Diesel,Manual,"EMI ₹23,537/m*",₹5.00 lakh
Honda Amaze,Honda,2017,"78,009 km",Petrol,Manual,"EMI ₹6,061/m*",₹3.10 lakh
Honda City,Honda,2015,"64,087 km",Petrol,Manual,"EMI ₹8,875/m*",₹3.37 lakh
Nissan MAGNITE,Nissan,2021,"1,85,051 km",Petrol,Manual,"EMI ₹8,698/m*",₹3.91 lakh
Honda Amaze,Honda,2021,"1,12,546 km",Petrol,Manual,"EMI ₹9,765/m*",₹4.39 lakh
Tata ALTROZ,Tata,2020,"65,375 km",Diesel,Manual,"EMI ₹12,983/m*",₹4.93 lakh
Maruti New Wagon-R,Maruti,2021,"81,315 km",Petrol,Manual,"EMI ₹6,743/m*",₹3.82 lakh
Maruti Vitara Brezza,Maruti,2018,"94,403 km",Diesel,Manual,"EMI ₹18,641/m*",₹3.96 lakh
Honda City,Honda,2016,"77,197 km",Petrol,Manual,"EMI ₹8,987/m*",₹4.04 lakh
Tata Hexa,Tata,2018,"78,562 km",Diesel,Manual,"EMI ₹32,650/m*",₹6.94 lakh
Toyota Etios,Toyota,2015,"46,678 km",Petrol,Manual,"EMI ₹8,005/m*",₹3.04 lakh
Hyundai Creta,Hyundai,2017,"77,178 km",Diesel,Manual,"EMI ₹49,666/m*",₹5.59 lakh
Maruti Dzire,Maruti,2018,"1,67,909 km",Petrol,Manual,"EMI ₹9,587/m*",₹4.31 lakh
Hyundai NEW SANTRO,Hyundai,2019,"24,713 km",Petrol,Auto,"EMI ₹5,825/m*",₹3.30 lakh
Hyundai Eon,Hyundai,2013,"78,350 km",Petrol,Manual,"EMI ₹5,884/m*",₹1.25 lakh
Maruti New Wagon-R,Maruti,2022,"1,10,245 km",Petrol,Manual,"EMI ₹10,121/m*",₹4.55 lakh
Honda City,Honda,2015,"70,349 km",Petrol,Auto,"EMI ₹12,509/m*",₹4.75 lakh
Hyundai Creta,Hyundai,2017,"1,11,298 km",Diesel,Manual,"EMI ₹47,534/m*",₹5.35 lakh
Toyota Etios,Toyota,2016,"75,200 km",Petrol,Manual,"EMI ₹6,184/m*",₹2.78 lakh
Tata Hexa,Tata,2018,"1,19,265 km",Diesel,Manual,"EMI ₹27,679/m*",₹5.88 lakh
Maruti Dzire,Maruti,2017,"2,03,462 km",Diesel,Manual,"EMI ₹35,095/m*",₹3.95 lakh
Hyundai GRAND I10 NIOS,Hyundai,2022,"13,868 km",Diesel,Auto,"EMI ₹12,219/m*",₹6.25 lakh
Maruti Ertiga,Maruti,2013,"76,857 km",Petrol,Manual,"EMI ₹15,111/m*",₹3.21 lakh
Tata TIGOR,Tata,2022,"81,022 km",Petrol,Manual,"EMI ₹8,120/m*",₹4.60 lakh
Maruti Dzire,Maruti,2022,"92,559 km",Petrol,Manual,"EMI ₹11,845/m*",₹6.71 lakh
Tata Harrier,Tata,2022,"86,278 km",Diesel,Auto,"EMI ₹25,829/m*",₹13.57 lakh
Maruti IGNIS,Maruti,2020,"30,537 km",Petrol,Manual,"EMI ₹12,498/m*",₹7.08 lakh
Maruti Baleno,Maruti,2023,"52,990 km",Petrol,Manual,"EMI ₹10,821/m*",₹6.13 lakh
Hyundai Creta,Hyundai,2017,"83,261 km",Petrol,Manual,"EMI ₹9,716/m*",₹4.97 lakh
Honda City,Honda,2019,"70,727 km",Petrol,Manual,"EMI ₹10,486/m*",₹5.94 lakh
Mahindra XUV500,Mahindra,2019,"1,60,000 km",Diesel,Manual,"EMI ₹21,589/m*",₹6.50 lakh
Maruti Dzire,Maruti,2019,"95,523 km",Petrol,Manual,"EMI ₹6,708/m*",₹3.80 lakh
Honda City,Honda,2015,"1,03,493 km",Petrol,Auto,"EMI ₹8,558/m*",₹3.25 lakh
Hyundai Creta,Hyundai,2017,"1,65,119 km",Diesel,Manual,"EMI ₹40,337/m*",₹4.54 lakh
Tata NEXON,Tata,2022,"27,476 km",Petrol,Manual,"EMI ₹12,357/m*",₹7.00 lakh
Hyundai Santro Xing,Hyundai,2013,"1,12,007 km",Petrol,Manual,"EMI ₹5,272/m*",₹1.12 lakh
Ford Ecosport,Ford,2015,"93,299 km",Petrol,Manual,"EMI ₹8,348/m*",₹3.17 lakh
Tata NEXON,Tata,2021,"81,154 km",Diesel,Auto,"EMI ₹13,925/m*",₹6.26 lakh
Maruti Vitara Brezza,Maruti,2016,"1,21,216 km",Diesel,Manual,"EMI ₹13,925/m*",₹4.03 lakh
Hyundai GRAND I10 NIOS,Hyundai,2022,"12,250 km",Petrol,Manual,"EMI ₹10,150/m*",₹5.75 lakh
Maruti Vitara Brezza,Maruti,2016,"60,170 km",Diesel,Manual,"EMI ₹10,150/m*",₹4.50 lakh
Maruti Vitara Brezza,Maruti,2017,"1,77,353 km",Diesel,Manual,"EMI ₹39,360/m*",₹4.43 lakh
Hyundai AURA,Hyundai,2023,"47,504 km",Petrol,Manual,"EMI ₹11,051/m*",₹6.26 lakh
Honda Jazz,Honda,2012,"1,09,131 km",Petrol,Manual,"EMI ₹10,129/m*",₹1.14 lakh
Tata NEXON,Tata,2023,"41,990 km",Petrol,Auto,"EMI ₹13,698/m*",₹8.00 lakh
Tata TIGOR,Tata,2023,"90,517 km",Petrol,Manual,"EMI ₹10,150/m*",₹5.75 lakh
Tata PUNCH,Tata,2024,"26,222 km",Petrol,Manual,"EMI ₹9,091/m*",₹5.15 lakh
Hyundai Creta,Hyundai,2017,"44,318 km",Petrol,Auto,"EMI ₹15,246/m*",₹8.01 lakh
Hyundai AURA,Hyundai,2022,"37,679 km",Petrol,Manual,"EMI ₹10,592/m*",₹6.00 lakh
Toyota Innova Crysta,Toyota,2017,"2,85,531 km",Diesel,Manual,"EMI ₹98,811/m*",₹11.18 lakh
Maruti Celerio,Maruti,2018,"1,06,833 km",Petrol,Manual,"EMI ₹6,673/m*",₹3.00 lakh
KIA SELTOS,KIA,2019,"52,396 km",Petrol,Manual,"EMI ₹16,327/m*",₹7.34 lakh
Honda Jazz,Honda,2017,"57,888 km",Petrol,Auto,"EMI ₹8,172/m*",₹4.18 lakh
Hyundai AURA,Hyundai,2021,"1,25,910 km",Petrol,Manual,"EMI ₹11,500/m*",₹5.17 lakh
Hyundai VENUE,Hyundai,2022,"29,214 km",Petrol,Manual,"EMI ₹11,474/m*",₹6.50 lakh
Mahindra Kuv100,Mahindra,2017,"27,610 km",Petrol,Manual,"EMI ₹4,868/m*",₹2.49 lakh
Maruti Baleno,Maruti,2024,"44,413 km",Petrol,Manual,"EMI ₹9,833/m*",₹5.57 lakh
Hyundai Creta,Hyundai,2018,"58,313 km",Petrol,Manual,"EMI ₹10,592/m*",₹6.00 lakh
Maruti Ertiga,Maruti,2015,"83,280 km",Petrol,Manual,"EMI ₹10,139/m*",₹3.85 lakh
Maruti Wagon R 1.0,Maruti,2017,"64,500 km",Petrol,Manual,"EMI ₹4,731/m*",₹2.42 lakh
Maruti Baleno,Maruti,2018,"1,38,395 km",Diesel,Manual,"EMI ₹18,971/m*",₹4.03 lakh
Maruti Swift,Maruti,2017,"70,997 km",Petrol,Manual,"EMI ₹5,767/m*",₹2.95 lakh
Maruti Swift Dzire,Maruti,2020,"67,170 km",Petrol,Manual,"EMI ₹6,973/m*",₹3.95 lakh
Honda City,Honda,2019,"37,813 km",Petrol,Auto,"EMI ₹11,933/m*",₹6.76 lakh
Nissan MAGNITE,Nissan,2023,"47,805 km",Petrol,Manual,"EMI ₹7,785/m*",₹4.41 lakh
Tata NEXON,Tata,2022,"37,745 km",Petrol,Manual,"EMI ₹12,357/m*",₹7.00 lakh
Maruti IGNIS,Maruti,2021,"60,599 km",Petrol,Manual,"EMI ₹6,426/m*",₹3.64 lakh
Maruti Ertiga,Maruti,2017,"2,30,128 km",Diesel,Manual,"EMI ₹35,451/m*",₹3.99 lakh
Maruti New Wagon-R,Maruti,2023,"37,532 km",Petrol,Manual,"EMI ₹10,239/m*",₹5.80 lakh
Tata TIGOR,Tata,2022,"1,07,606 km",Petrol,Manual,"EMI ₹8,787/m*",₹3.95 lakh
Toyota Innova Crysta,Toyota,2017,"1,14,243 km",Diesel,Auto,"EMI ₹92,801/m*",₹10.50 lakh
Hyundai Elite i20,Hyundai,2017,"58,349 km",Petrol,Manual,"EMI ₹6,843/m*",₹3.50 lakh
Ford Ecosport,Ford,2021,"61,051 km",Petrol,Manual,"EMI ₹11,015/m*",₹6.24 lakh
Tata Tiago,Tata,2022,"76,672 km",Petrol,Manual,"EMI ₹6,690/m*",₹3.79 lakh
Maruti Baleno,Maruti,2018,"51,810 km",Petrol,Manual,"EMI ₹6,532/m*",₹3.70 lakh
Hyundai Elite i20,Hyundai,2016,"35,507 km",Petrol,Manual,"EMI ₹7,051/m*",₹3.17 lakh
Maruti Ertiga,Maruti,2016,"85,549 km",Diesel,Manual,"EMI ₹7,051/m*",₹6.32 lakh
Honda Jazz,Honda,2016,"35,003 km",Petrol,Manual,"EMI ₹7,407/m*",₹3.33 lakh
Maruti IGNIS,Maruti,2020,"83,204 km",Petrol,Manual,"EMI ₹6,231/m*",₹3.53 lakh
Hyundai Creta,Hyundai,2016,"94,380 km",Diesel,Manual,"EMI ₹6,231/m*",₹5.81 lakh
Hyundai Elite i20,Hyundai,2017,"80,815 km",Petrol,Manual,"EMI ₹6,628/m*",₹3.39 lakh
Maruti Vitara Brezza,Maruti,2018,"80,666 km",Diesel,Manual,"EMI ₹25,890/m*",₹5.50 lakh
Tata PUNCH,Tata,2024,"10,378 km",Petrol,Manual,"EMI ₹9,338/m*",₹5.29 lakh
Hyundai i20 Active,Hyundai,2016,"65,360 km",Petrol,Manual,"EMI ₹7,741/m*",₹3.48 lakh
Maruti Celerio,Maruti,2020,"62,484 km",Petrol,Manual,"EMI ₹6,796/m*",₹3.85 lakh
Maruti S PRESSO,Maruti,2024,"6,728 km",Petrol,Manual,"EMI ₹6,496/m*",₹3.68 lakh
Tata TIGOR,Tata,2022,"1,39,817 km",Petrol,Manual,"EMI ₹10,054/m*",₹4.52 lakh
Hyundai Elite i20,Hyundai,2017,"59,492 km",Petrol,Manual,"EMI ₹7,234/m*",₹3.70 lakh
Hyundai Creta,Hyundai,2016,"14,330 km",Petrol,Auto,"EMI ₹13,235/m*",₹5.95 lakh
Maruti Swift Dzire,Maruti,2017,"72,844 km",Diesel,Manual,"EMI ₹26,655/m*",₹3.00 lakh
Hyundai AURA,Hyundai,2023,"50,817 km",Petrol,Manual,"EMI ₹10,539/m*",₹5.97 lakh
CITROEN C3,CITROEN,2023,"11,474 km",Petrol,Manual,"EMI ₹8,985/m*",₹5.09 lakh
Mahindra XUV500,Mahindra,2017,"59,482 km",Diesel,Manual,"EMI ₹53,309/m*",₹6.00 lakh
Maruti Dzire,Maruti,2022,"51,375 km",Petrol,Manual,"EMI ₹10,927/m*",₹6.19 lakh
Hyundai Elite i20,Hyundai,2018,"16,905 km",Petrol,Manual,"EMI ₹7,767/m*",₹4.40 lakh
Hyundai GRAND I10 NIOS,Hyundai,2020,"61,155 km",Petrol,Manual,"EMI ₹7,538/m*",₹4.27 lakh
Honda Amaze,Honda,2017,"54,110 km",Petrol,Manual,"EMI ₹6,364/m*",₹3.25 lakh
Hyundai Verna,Hyundai,2023,"46,625 km",Petrol,Auto,"EMI ₹18,150/m*",₹10.60 lakh
Honda City,Honda,2015,"82,152 km",Petrol,Auto,"EMI ₹10,297/m*",₹3.91 lakh
Mahindra XUV500,Mahindra,2016,"1,60,951 km",Diesel,Manual,"EMI ₹10,297/m*",₹5.76 lakh
Hyundai Santro Xing,Hyundai,2012,"1,10,140 km",Petrol,Manual,"EMI ₹8,618/m*",₹0.97 lakh
Tata PUNCH,Tata,2023,"16,812 km",Petrol,Manual,"EMI ₹10,062/m*",₹5.70 lakh
Honda Mobilio,Honda,2015,"79,795 km",Petrol,Manual,"EMI ₹8,901/m*",₹3.38 lakh
Hyundai Grand i10,Hyundai,2018,"24,769 km",Petrol,Manual,"EMI ₹5,914/m*",₹3.35 lakh
Maruti Dzire,Maruti,2022,"54,291 km",Petrol,Manual,"EMI ₹11,721/m*",₹6.64 lakh
Maruti New Wagon-R,Maruti,2022,"34,430 km",Petrol,Manual,"EMI ₹8,562/m*",₹4.85 lakh
Hyundai Elite i20,Hyundai,2017,"1,01,144 km",Petrol,Manual,"EMI ₹7,563/m*",₹3.40 lakh
Maruti New Wagon-R,Maruti,2022,"85,070 km",Petrol,Manual,"EMI ₹7,873/m*",₹4.46 lakh
Honda City,Honda,2013,"61,941 km",Petrol,Manual,"EMI ₹12,663/m*",₹2.69 lakh
Hyundai NEW SANTRO,Hyundai,2022,"56,294 km",Petrol,Manual,"EMI ₹7,291/m*",₹4.13 lakh
Hyundai Creta,Hyundai,2018,"74,257 km",Diesel,Manual,"EMI ₹35,305/m*",₹7.50 lakh
Maruti New Wagon-R,Maruti,2022,"22,021 km",Petrol,Manual,"EMI ₹7,308/m*",₹4.14 lakh
Toyota Etios,Toyota,2015,"1,85,352 km",Petrol,Manual,"EMI ₹8,690/m*",₹3.30 lakh
Toyota Innova Crysta,Toyota,2017,"1,03,814 km",Diesel,Auto,"EMI ₹115,073/m*",₹13.02 lakh
Maruti New Wagon-R,Maruti,2020,"1,08,937 km",Petrol,Manual,"EMI ₹7,941/m*",₹3.57 lakh
Hyundai Verna,Hyundai,2018,"62,186 km",Diesel,Manual,"EMI ₹28,574/m*",₹6.07 lakh
Maruti Ciaz,Maruti,2017,"1,17,338 km",Diesel,Manual,"EMI ₹28,432/m*",₹3.20 lakh
Hyundai Creta,Hyundai,2017,"77,495 km",Petrol,Manual,"EMI ₹11,241/m*",₹5.75 lakh
Maruti Celerio,Maruti,2019,"1,02,832 km",Petrol,Manual,"EMI ₹7,496/m*",₹3.37 lakh
Maruti New Wagon-R,Maruti,2022,"97,204 km",Petrol,Manual,"EMI ₹7,520/m*",₹4.26 lakh
Hyundai Creta,Hyundai,2015,"99,585 km",Diesel,Auto,"EMI ₹7,520/m*",₹4.00 lakh
Maruti Vitara Brezza,Maruti,2018,"1,13,962 km",Diesel,Manual,"EMI ₹22,548/m*",₹4.79 lakh
Maruti S Cross,Maruti,2018,"1,02,347 km",Diesel,Manual,"EMI ₹24,949/m*",₹5.30 lakh
Renault Captur,Renault,2017,"1,44,976 km",Diesel,Manual,"EMI ₹32,430/m*",₹3.65 lakh
Maruti New Wagon-R,Maruti,2020,"35,369 km",Petrol,Manual,"EMI ₹6,214/m*",₹3.52 lakh
Maruti Swift,Maruti,2019,"50,829 km",Petrol,Manual,"EMI ₹8,138/m*",₹4.61 lakh
Hyundai Santro Xing,Hyundai,2012,"1,00,915 km",Petrol,Manual,"EMI ₹9,151/m*",₹1.03 lakh
Tata NEXON,Tata,2022,"60,817 km",Petrol,Manual,"EMI ₹11,527/m*",₹6.53 lakh
Jeep Compass,Jeep,2017,"1,01,510 km",Diesel,Manual,"EMI ₹53,309/m*",₹6.00 lakh
Hyundai Elite i20,Hyundai,2018,"53,804 km",Petrol,Manual,"EMI ₹7,255/m*",₹4.11 lakh
Mahindra XUV700,Mahindra,2023,"17,982 km",Petrol,Auto,"EMI ₹33,303/m*",₹19.45 lakh
Tata PUNCH,Tata,2024,"8,643 km",Petrol,Manual,"EMI ₹12,269/m*",₹6.95 lakh
Hyundai Elite i20,Hyundai,2016,"67,827 km",Petrol,Manual,"EMI ₹7,452/m*",₹3.35 lakh
KIA SONET,KIA,2025,"18,449 km",Diesel,Manual,"EMI ₹16,027/m*",₹9.36 lakh
Maruti Celerio,Maruti,2018,"79,701 km",Petrol,Manual,"EMI ₹5,278/m*",₹2.99 lakh
Mahindra XUV300,Mahindra,2019,"89,237 km",Diesel,Manual,"EMI ₹14,548/m*",₹4.38 lakh
Jeep Compass,Jeep,2018,"66,848 km",Petrol,Auto,"EMI ₹12,357/m*",₹7.00 lakh
Maruti Vitara Brezza,Maruti,2016,"1,74,176 km",Diesel,Manual,"EMI ₹12,357/m*",₹4.01 lakh
Hyundai Elite i20,Hyundai,2017,"92,498 km",Petrol,Manual,"EMI ₹7,194/m*",₹3.68 lakh
Maruti Baleno,Maruti,2016,"31,144 km",Petrol,Manual,"EMI ₹7,430/m*",₹3.34 lakh
Mahindra XUV500,Mahindra,2016,"1,01,197 km",Diesel,Manual,"EMI ₹7,430/m*",₹4.70 lakh
Maruti Swift,Maruti,2021,"55,047 km",Petrol,Manual,"EMI ₹8,438/m*",₹4.78 lakh
Hyundai Creta,Hyundai,2019,"66,898 km",Petrol,Manual,"EMI ₹10,592/m*",₹6.00 lakh
Maruti Baleno,Maruti,2020,"55,603 km",Petrol,Manual,"EMI ₹8,491/m*",₹4.81 lakh
Tata NEXON,Tata,2023,"22,594 km",Petrol,Manual,"EMI ₹18,955/m*",₹11.07 lakh
Maruti Ciaz,Maruti,2017,"1,13,769 km",Diesel,Manual,"EMI ₹30,742/m*",₹3.46 lakh
Hyundai GRAND I10 NIOS,Hyundai,2021,"77,450 km",Petrol,Manual,"EMI ₹7,767/m*",₹4.40 lakh
Maruti S Cross,Maruti,2018,"1,12,318 km",Diesel,Manual,"EMI ₹21,183/m*",₹4.50 lakh
Maruti Alto K10,Maruti,2018,"1,01,135 km",Petrol,Manual,"EMI ₹4,694/m*",₹2.11 lakh
Honda Amaze,Honda,2019,"74,084 km",Petrol,Manual,"EMI ₹8,667/m*",₹4.91 lakh
Honda City,Honda,2015,"85,283 km",Petrol,Manual,"EMI ₹9,349/m*",₹3.55 lakh
Chevrolet Beat,Chevrolet,2012,"3,23,303 km",Petrol,Manual,"EMI ₹31,097/m*",₹3.50 lakh
Maruti Celerio,Maruti,2019,"86,239 km",Petrol,Manual,"EMI ₹6,125/m*",₹3.47 lakh
Tata Hexa,Tata,2018,"1,63,191 km",Diesel,Manual,"EMI ₹24,478/m*",₹5.20 lakh
Ford Ecosport,Ford,2019,"54,313 km",Diesel,Manual,"EMI ₹15,910/m*",₹4.79 lakh
Hyundai Grand i10,Hyundai,2017,"42,931 km",Diesel,Manual,"EMI ₹27,010/m*",₹3.04 lakh
Ford Ecosport,Ford,2017,"1,31,481 km",Diesel,Manual,"EMI ₹36,961/m*",₹4.16 lakh
Ford Ecosport,Ford,2017,"47,682 km",Diesel,Manual,"EMI ₹33,318/m*",₹3.75 lakh
Hyundai Grand i10,Hyundai,2017,"42,767 km",Petrol,Auto,"EMI ₹7,918/m*",₹4.05 lakh
Maruti New Wagon-R,Maruti,2020,"79,790 km",Petrol,Manual,"EMI ₹5,931/m*",₹3.36 lakh
Toyota Etios Liva,Toyota,2011,"53,520 km",Petrol,Manual,"EMI ₹5,931/m*",₹1.32 lakh
Tata NEXON,Tata,2017,"88,471 km",Diesel,Manual,"EMI ₹31,541/m*",₹3.55 lakh
Tata NEXON,Tata,2019,"88,694 km",Diesel,Auto,"EMI ₹13,950/m*",₹4.20 lakh
Honda Amaze,Honda,2016,"84,383 km",Petrol,Manual,"EMI ₹6,896/m*",₹3.10 lakh
Maruti Swift,Maruti,2022,"24,813 km",Petrol,Manual,"EMI ₹8,968/m*",₹5.08 lakh
Tata Tiago,Tata,2022,"38,615 km",Petrol,Manual,"EMI ₹7,079/m*",₹4.01 lakh
Mahindra XUV500,Mahindra,2018,"92,426 km",Diesel,Manual,"EMI ₹32,292/m*",₹6.86 lakh
Maruti Ertiga,Maruti,2017,"74,911 km",Diesel,Manual,"EMI ₹56,508/m*",₹6.36 lakh
Mahindra TUV300,Mahindra,2018,"99,935 km",Diesel,Manual,"EMI ₹17,605/m*",₹3.74 lakh
Renault TRIBER,Renault,2022,"76,145 km",Petrol,Manual,"EMI ₹7,432/m*",₹4.21 lakh
Hyundai GRAND I10 NIOS,Hyundai,2022,"10,402 km",Petrol,Auto,"EMI ₹10,539/m*",₹5.97 lakh
Honda WR-V,Honda,2017,"1,56,734 km",Diesel,Manual,"EMI ₹39,093/m*",₹4.40 lakh
Nissan MAGNITE,Nissan,2023,"30,138 km",Petrol,Manual,"EMI ₹8,650/m*",₹4.90 lakh
KIA SONET,KIA,2022,"44,949 km",Petrol,Manual,"EMI ₹11,157/m*",₹6.32 lakh
Hyundai Grand i10,Hyundai,2018,"78,868 km",Diesel,Manual,"EMI ₹15,393/m*",₹3.27 lakh
Hyundai Elite i20,Hyundai,2015,"86,291 km",Petrol,Manual,"EMI ₹8,954/m*",₹3.40 lakh
Tata NEXON,Tata,2024,"19,621 km",Petrol,Manual,"EMI ₹19,554/m*",₹11.42 lakh
Hyundai Verna,Hyundai,2019,"1,01,135 km",Petrol,Manual,"EMI ₹14,103/m*",₹6.34 lakh
Hyundai Grand i10,Hyundai,2017,"36,529 km",Petrol,Auto,"EMI ₹6,412/m*",₹3.28 lakh
Honda City,Honda,2019,"1,12,484 km",Petrol,Manual,"EMI ₹12,190/m*",₹5.48 lakh
Maruti Swift,Maruti,2019,"1,47,230 km",Petrol,Manual,"EMI ₹8,609/m*",₹3.87 lakh
Hyundai Creta,Hyundai,2019,"97,770 km",Diesel,Manual,"EMI ₹20,859/m*",₹6.28 lakh
Tata NEXON,Tata,2023,"24,641 km",Petrol,Auto,"EMI ₹14,034/m*",₹7.95 lakh
Maruti Ciaz,Maruti,2017,"1,10,374 km",Diesel,Manual,"EMI ₹31,541/m*",₹3.55 lakh
Maruti Vitara Brezza,Maruti,2017,"1,13,069 km",Diesel,Manual,"EMI ₹41,670/m*",₹4.69 lakh
Toyota Corolla Altis,Toyota,2015,"1,45,264 km",Petrol,Auto,"EMI ₹14,484/m*",₹5.50 lakh
Hyundai Elite i20,Hyundai,2015,"76,286 km",Petrol,Manual,"EMI ₹8,295/m*",₹3.15 lakh
Honda City,Honda,2017,"1,08,817 km",Petrol,Manual,"EMI ₹12,257/m*",₹5.51 lakh
Honda City,Honda,2017,"68,150 km",Petrol,Manual,"EMI ₹8,563/m*",₹4.38 lakh
Maruti Wagon R 1.0,Maruti,2018,"85,186 km",Petrol,Manual,"EMI ₹5,119/m*",₹2.90 lakh
Tata TIGOR,Tata,2022,"1,16,726 km",Petrol,Manual,"EMI ₹10,566/m*",₹4.75 lakh
Maruti Ciaz,Maruti,2017,"1,50,807 km",Petrol,Auto,"EMI ₹9,387/m*",₹4.22 lakh
Toyota RUMION,Toyota,2024,"9,376 km",Petrol,Manual,"EMI ₹20,256/m*",₹11.83 lakh
Mahindra XUV300,Mahindra,2021,"80,260 km",Diesel,Auto,"EMI ₹13,347/m*",₹6.00 lakh
Maruti Celerio,Maruti,2022,"57,268 km",Petrol,Manual,"EMI ₹7,061/m*",₹4.00 lakh
Maruti New Wagon-R,Maruti,2022,"79,496 km",Petrol,Manual,"EMI ₹7,202/m*",₹4.08 lakh
Maruti New Wagon-R,Maruti,2021,"1,33,402 km",Petrol,Manual,"EMI ₹9,076/m*",₹4.08 lakh
Honda Amaze,Honda,2016,"68,231 km",Petrol,Auto,"EMI ₹6,896/m*",₹3.10 lakh
Tata NEXON,Tata,2023,"26,558 km",Petrol,Manual,"EMI ₹11,704/m*",₹6.63 lakh
Mahindra BOLERO NEO,Mahindra,2023,"49,213 km",Diesel,Manual,"EMI ₹13,903/m*",₹8.12 lakh
Maruti Celerio,Maruti,2017,"53,674 km",Petrol,Auto,"EMI ₹6,354/m*",₹3.25 lakh
Mahindra XUV500,Mahindra,2019,"48,280 km",Diesel,Manual,"EMI ₹25,309/m*",₹7.62 lakh
Maruti Swift,Maruti,2016,"77,632 km",Petrol,Manual,"EMI ₹7,274/m*",₹3.27 lakh
Nissan Terrano,Nissan,2016,"1,21,391 km",Diesel,Manual,"EMI ₹7,274/m*",₹2.90 lakh
Tata PUNCH,Tata,2025,128 km,Petrol,Manual,"EMI ₹12,586/m*",₹7.13 lakh
Tata ALTROZ,Tata,2023,"16,445 km",Petrol,Auto,"EMI ₹12,745/m*",₹7.22 lakh
Hyundai Elite i20,Hyundai,2018,"84,751 km",Petrol,Manual,"EMI ₹8,544/m*",₹4.84 lakh
Maruti New Wagon-R,Maruti,2022,"99,245 km",Petrol,Manual,"EMI ₹7,132/m*",₹4.04 lakh
Mahindra XUV500,Mahindra,2021,"47,041 km",Diesel,Manual,"EMI ₹17,394/m*",₹8.00 lakh
Maruti Baleno,Maruti,2020,"61,410 km",Petrol,Manual,"EMI ₹7,344/m*",₹4.16 lakh
Hyundai Elite i20,Hyundai,2018,"76,285 km",Petrol,Manual,"EMI ₹6,178/m*",₹3.50 lakh
Maruti BREZZA,Maruti,2023,"60,543 km",Petrol,Manual,"EMI ₹13,240/m*",₹7.50 lakh
Maruti Baleno,Maruti,2016,"1,03,486 km",Petrol,Manual,"EMI ₹7,341/m*",₹3.30 lakh
Mahindra BOLERO NEO,Mahindra,2022,"15,989 km",Diesel,Manual,"EMI ₹15,542/m*",₹7.95 lakh
Mahindra XUV700,Mahindra,2022,"56,128 km",Petrol,Manual,"EMI ₹23,184/m*",₹13.54 lakh
Nissan MAGNITE,Nissan,2021,"80,365 km",Petrol,Manual,"EMI ₹8,826/m*",₹5.00 lakh
Hyundai Elite i20,Hyundai,2016,"83,583 km",Petrol,Manual,"EMI ₹7,140/m*",₹3.21 lakh
Maruti Baleno,Maruti,2018,"1,11,275 km",Petrol,Manual,"EMI ₹8,631/m*",₹3.88 lakh
Maruti New Wagon-R,Maruti,2019,"83,315 km",Petrol,Manual,"EMI ₹6,214/m*",₹3.52 lakh
Ford Ecosport,Ford,2018,"1,05,875 km",Diesel,Manual,"EMI ₹19,300/m*",₹4.10 lakh
Maruti Dzire,Maruti,2019,"54,492 km",Petrol,Manual,"EMI ₹7,891/m*",₹4.47 lakh
Hyundai Grand i10,Hyundai,2017,"87,772 km",Diesel,Manual,"EMI ₹26,477/m*",₹2.98 lakh
Maruti Ertiga,Maruti,2015,"82,932 km",Petrol,Manual,"EMI ₹10,139/m*",₹3.85 lakh
Tata NEXON,Tata,2023,"58,070 km",Petrol,Manual,"EMI ₹12,551/m*",₹7.11 lakh
Maruti New Wagon-R,Maruti,2019,"38,647 km",Petrol,Manual,"EMI ₹6,284/m*",₹3.56 lakh
Mahindra XUV700,Mahindra,2024,"5,622 km",Petrol,Auto,"EMI ₹37,378/m*",₹21.83 lakh
Maruti Alto K10,Maruti,2023,"30,305 km",Petrol,Manual,"EMI ₹7,414/m*",₹4.20 lakh
Honda BR-V,Honda,2016,"2,24,545 km",Diesel,Manual,"EMI ₹7,414/m*",₹4.10 lakh
Honda City,Honda,2015,"71,324 km",Petrol,Manual,"EMI ₹10,823/m*",₹4.11 lakh
Ford Ecosport,Ford,2021,"65,793 km",Petrol,Manual,"EMI ₹11,474/m*",₹6.50 lakh
Jeep Compass,Jeep,2018,"1,46,111 km",Diesel,Manual,"EMI ₹28,244/m*",₹6.00 lakh
Tata NEXON,Tata,2019,"95,745 km",Diesel,Auto,"EMI ₹14,946/m*",₹4.50 lakh
Force Motors Citiline,Force,2024,"7,733 km",Diesel,Manual,"EMI ₹24,382/m*",₹14.24 lakh
Maruti XL6,Maruti,2022,"51,994 km",Petrol,Manual,"EMI ₹16,061/m*",₹9.38 lakh
Maruti S Cross,Maruti,2017,"58,766 km",Diesel,Manual,"EMI ₹38,827/m*",₹4.37 lakh
Ford Ecosport,Ford,2016,"1,19,180 km",Diesel,Manual,"EMI ₹38,827/m*",₹3.06 lakh
Maruti Baleno,Maruti,2023,"49,050 km",Petrol,Manual,"EMI ₹11,510/m*",₹6.52 lakh
Maruti Baleno,Maruti,2020,"34,518 km",Petrol,Manual,"EMI ₹7,944/m*",₹4.50 lakh
Tata Tiago,Tata,2019,"42,002 km",Petrol,Manual,"EMI ₹5,508/m*",₹3.12 lakh
Toyota Glanza,Toyota,2021,"61,458 km",Petrol,Auto,"EMI ₹9,391/m*",₹5.32 lakh
Maruti Swift,Maruti,2023,"23,875 km",Petrol,Manual,"EMI ₹10,415/m*",₹5.90 lakh
Hyundai Elite i20,Hyundai,2018,"14,336 km",Petrol,Manual,"EMI ₹8,791/m*",₹4.98 lakh
Hyundai Grand i10,Hyundai,2019,"99,525 km",Petrol,Manual,"EMI ₹6,125/m*",₹3.47 lakh
Maruti New Wagon-R,Maruti,2021,"1,00,567 km",Petrol,Manual,"EMI ₹8,008/m*",₹3.60 lakh
Hyundai Creta,Hyundai,2016,"57,861 km",Petrol,Manual,"EMI ₹14,125/m*",₹6.35 lakh
Mahindra Thar,Mahindra,2017,"49,254 km",Diesel,Manual,"EMI ₹38,649/m*",₹4.35 lakh
Maruti Baleno,Maruti,2022,"54,633 km",Petrol,Manual,"EMI ₹10,044/m*",₹5.69 lakh
KIA SELTOS,KIA,2022,"39,000 km",Diesel,Manual,"EMI ₹15,227/m*",₹8.00 lakh
Hyundai Creta,Hyundai,2015,"94,197 km",Petrol,Manual,"EMI ₹10,850/m*",₹4.12 lakh
Hyundai NEW SANTRO,Hyundai,2020,"11,779 km",Petrol,Manual,"EMI ₹6,743/m*",₹3.82 lakh
Maruti Ciaz,Maruti,2018,"89,940 km",Petrol,Manual,"EMI ₹7,432/m*",₹4.21 lakh
Honda Brio,Honda,2013,"1,55,389 km",Petrol,Auto,"EMI ₹7,391/m*",₹1.57 lakh
Maruti New Wagon-R,Maruti,2022,"61,785 km",Petrol,Manual,"EMI ₹8,332/m*",₹4.72 lakh
Ford Ecosport,Ford,2016,"1,21,550 km",Diesel,Manual,"EMI ₹8,332/m*",₹3.06 lakh
Hyundai Grand i10,Hyundai,2018,"58,887 km",Petrol,Manual,"EMI ₹5,455/m*",₹3.09 lakh
Hyundai Elite i20,Hyundai,2016,"2,15,973 km",Petrol,Manual,"EMI ₹7,007/m*",₹3.15 lakh
Mahindra XUV300,Mahindra,2019,"40,736 km",Petrol,Manual,"EMI ₹9,268/m*",₹5.25 lakh
Hyundai NEW I20,Hyundai,2022,"56,943 km",Petrol,Auto,"EMI ₹12,463/m*",₹7.06 lakh
Maruti Ertiga,Maruti,2018,"1,70,103 km",Petrol,Manual,"EMI ₹11,767/m*",₹5.29 lakh
Hyundai Creta,Hyundai,2019,"1,09,921 km",Diesel,Manual,"EMI ₹18,268/m*",₹5.50 lakh
Tata NEXON,Tata,2024,"32,526 km",Petrol,Manual,"EMI ₹16,266/m*",₹9.50 lakh
Hyundai Creta,Hyundai,2018,"1,32,148 km",Diesel,Manual,"EMI ₹28,668/m*",₹6.09 lakh
Honda City,Honda,2016,"86,579 km",Petrol,Manual,"EMI ₹8,275/m*",₹3.72 lakh
Maruti Baleno,Maruti,2015,"1,00,633 km",Petrol,Manual,"EMI ₹10,033/m*",₹3.81 lakh
Maruti Ciaz,Maruti,2017,"1,07,130 km",Diesel,Manual,"EMI ₹10,299/m*",₹4.63 lakh
BMW X1,BMW,2017,"1,67,545 km",Diesel,Auto,"EMI ₹110,477/m*",₹12.50 lakh
Hyundai Creta,Hyundai,2018,"1,69,727 km",Diesel,Manual,"EMI ₹36,906/m*",₹7.84 lakh
Maruti New Wagon-R,Maruti,2022,"41,940 km",Petrol,Manual,"EMI ₹7,502/m*",₹4.25 lakh
KIA CARENS,KIA,2023,"57,192 km",Diesel,Auto,"EMI ₹23,971/m*",₹14.00 lakh
Maruti Vitara Brezza,Maruti,2017,"60,590 km",Diesel,Manual,"EMI ₹39,005/m*",₹4.39 lakh
Hyundai Elite i20,Hyundai,2018,"1,01,418 km",Petrol,Manual,"EMI ₹9,009/m*",₹4.05 lakh
Tata PUNCH,Tata,2025,"10,940 km",Petrol,Auto,"EMI ₹14,143/m*",₹8.26 lakh
Hyundai AURA,Hyundai,2023,"2,229 km",Petrol,Manual,"EMI ₹11,615/m*",₹6.58 lakh
Tata NEXON,Tata,2023,"44,000 km",Petrol,Manual,"EMI ₹14,229/m*",₹8.31 lakh
Honda WR-V,Honda,2017,"82,945 km",Diesel,Manual,"EMI ₹38,205/m*",₹4.30 lakh
ISUZU D-MAX S-CAB,ISUZU,2019,"1,10,802 km",Diesel,Manual,"EMI ₹20,925/m*",₹6.30 lakh
Honda Amaze,Honda,2017,"55,642 km",Diesel,Manual,"EMI ₹31,719/m*",₹3.57 lakh
Honda WR-V,Honda,2020,"63,254 km",Petrol,Manual,"EMI ₹10,662/m*",₹6.04 lakh
Hyundai VENUE,Hyundai,2024,"10,036 km",Petrol,Manual,"EMI ₹14,554/m*",₹8.50 lakh
Honda City,Honda,2024,"12,320 km",Petrol,Manual,"EMI ₹18,150/m*",₹10.60 lakh
Mahindra XUV500,Mahindra,2016,"1,02,639 km",Diesel,Auto,"EMI ₹18,150/m*",₹3.91 lakh
Maruti Eeco,Maruti,2018,"93,687 km",Petrol,Manual,"EMI ₹4,413/m*",₹2.50 lakh
Hyundai Verna,Hyundai,2018,"49,640 km",Petrol,Manual,"EMI ₹9,921/m*",₹5.62 lakh
Mahindra Thar,Mahindra,2022,"8,335 km",Petrol,Auto,"EMI ₹24,280/m*",₹14.18 lakh
Hyundai Creta,Hyundai,2017,"1,05,805 km",Diesel,Manual,"EMI ₹49,489/m*",₹5.57 lakh
Maruti Ertiga,Maruti,2025,"3,144 km",Petrol,Manual,"EMI ₹16,609/m*",₹9.70 lakh
Maruti Baleno,Maruti,2018,"1,49,601 km",Petrol,Manual,"EMI ₹8,052/m*",₹3.62 lakh
Ford Ecosport,Ford,2015,"78,380 km",Petrol,Auto,"EMI ₹8,084/m*",₹3.07 lakh
Maruti Baleno,Maruti,2018,"93,048 km",Petrol,Auto,"EMI ₹7,043/m*",₹3.99 lakh
Toyota Glanza,Toyota,2022,"28,484 km",Petrol,Manual,"EMI ₹12,463/m*",₹7.06 lakh
KIA SELTOS,KIA,2023,"65,709 km",Petrol,Manual,"EMI ₹14,965/m*",₹8.74 lakh
Maruti Vitara Brezza,Maruti,2018,"1,71,793 km",Diesel,Auto,"EMI ₹21,842/m*",₹4.64 lakh
Hyundai Creta,Hyundai,2017,"72,265 km",Petrol,Auto,"EMI ₹12,473/m*",₹6.38 lakh
Toyota Corolla Altis,Toyota,2017,"79,492 km",Petrol,Auto,"EMI ₹14,272/m*",₹7.30 lakh
Maruti Eeco,Maruti,2018,"1,63,227 km",Petrol,Manual,"EMI ₹6,117/m*",₹2.75 lakh
Tata Hexa,Tata,2018,"89,988 km",Diesel,Auto,"EMI ₹32,245/m*",₹6.85 lakh
Honda Amaze,Honda,2019,"48,906 km",Petrol,Manual,"EMI ₹7,626/m*",₹4.32 lakh
Tata Tiago,Tata,2020,"96,334 km",Petrol,Manual,"EMI ₹5,984/m*",₹3.39 lakh
Maruti Swift,Maruti,2022,"53,731 km",Petrol,Manual,"EMI ₹7,679/m*",₹4.35 lakh
Tata Tiago,Tata,2020,"60,237 km",Petrol,Manual,"EMI ₹6,408/m*",₹3.63 lakh
Hyundai i10,Hyundai,2011,"96,442 km",Petrol,Manual,"EMI ₹6,408/m*",₹0.66 lakh
Hyundai Grand i10,Hyundai,2018,"77,376 km",Petrol,Manual,"EMI ₹5,490/m*",₹3.11 lakh
Ford Ecosport,Ford,2018,"1,25,911 km",Diesel,Manual,"EMI ₹22,548/m*",₹4.79 lakh
Nissan MAGNITE,Nissan,2022,"51,593 km",Petrol,Manual,"EMI ₹7,149/m*",₹4.05 lakh
Maruti Dzire,Maruti,2018,"1,06,000 km",Petrol,Auto,"EMI ₹10,010/m*",₹4.50 lakh
Tata NEXON,Tata,2022,"1,01,190 km",Petrol,Manual,"EMI ₹15,260/m*",₹6.86 lakh
Tata ALTROZ,Tata,2023,"48,147 km",Petrol,Manual,"EMI ₹12,180/m*",₹6.90 lakh
Hyundai Grand i10,Hyundai,2017,"78,116 km",Petrol,Manual,"EMI ₹6,041/m*",₹3.09 lakh
Maruti Vitara Brezza,Maruti,2017,"1,05,270 km",Diesel,Manual,"EMI ₹43,980/m*",₹4.95 lakh
Ford Ecosport,Ford,2015,"50,382 km",Petrol,Auto,"EMI ₹8,690/m*",₹3.30 lakh
Hyundai Elite i20,Hyundai,2015,"77,034 km",Petrol,Manual,"EMI ₹8,637/m*",₹3.28 lakh
Maruti Baleno,Maruti,2016,"39,037 km",Petrol,Manual,"EMI ₹8,164/m*",₹3.67 lakh
Hyundai Elite i20,Hyundai,2019,"76,614 km",Petrol,Manual,"EMI ₹7,838/m*",₹4.44 lakh
Maruti Vitara Brezza,Maruti,2018,"71,765 km",Diesel,Manual,"EMI ₹25,702/m*",₹5.46 lakh
Hyundai GRAND I10 NIOS,Hyundai,2020,"65,255 km",Petrol,Manual,"EMI ₹8,226/m*",₹4.66 lakh
Maruti Ertiga,Maruti,2021,"1,33,838 km",Petrol,Manual,"EMI ₹17,394/m*",₹8.00 lakh
Maruti Vitara Brezza,Maruti,2017,"89,893 km",Diesel,Manual,"EMI ₹35,095/m*",₹3.95 lakh
Mahindra Thar,Mahindra,2017,"87,635 km",Diesel,Manual,"EMI ₹45,579/m*",₹5.13 lakh
Maruti Swift,Maruti,2021,"53,260 km",Petrol,Manual,"EMI ₹7,714/m*",₹4.37 lakh
Honda Jazz,Honda,2017,"1,26,894 km",Petrol,Auto,"EMI ₹8,742/m*",₹3.93 lakh
Toyota YARIS,Toyota,2018,"91,690 km",Petrol,Auto,"EMI ₹9,568/m*",₹5.42 lakh
Nissan MAGNITE,Nissan,2021,"50,868 km",Petrol,Manual,"EMI ₹9,444/m*",₹5.35 lakh
Tata Curvv,Tata,2025,"5,760 km",Petrol,Manual,"EMI ₹16,266/m*",₹9.50 lakh
Tata Tiago,Tata,2019,"59,121 km",Petrol,Manual,"EMI ₹6,302/m*",₹3.57 lakh
Honda WR-V,Honda,2018,"1,32,266 km",Diesel,Manual,"EMI ₹20,053/m*",₹4.26 lakh
Tata PUNCH,Tata,2022,"44,597 km",Petrol,Auto,"EMI ₹10,380/m*",₹5.88 lakh
Maruti Ciaz,Maruti,2022,"1,32,077 km",Petrol,Manual,"EMI ₹12,234/m*",₹5.50 lakh
Renault Kiger,Renault,2023,"15,187 km",Petrol,Manual,"EMI ₹9,409/m*",₹5.33 lakh
Skoda KUSHAQ,Skoda,2021,"39,091 km",Petrol,Manual,"EMI ₹16,900/m*",₹9.87 lakh
Maruti Ciaz,Maruti,2018,"1,01,545 km",Petrol,Manual,"EMI ₹11,812/m*",₹5.31 lakh
Mahindra XUV500,Mahindra,2016,"59,003 km",Diesel,Manual,"EMI ₹11,812/m*",₹5.73 lakh
Maruti Dzire,Maruti,2017,"87,521 km",Petrol,Auto,"EMI ₹6,999/m*",₹3.58 lakh
KIA SELTOS,KIA,2019,"1,67,351 km",Diesel,Manual,"EMI ₹27,173/m*",₹8.30 lakh
Tata Tiago,Tata,2019,"86,042 km",Petrol,Manual,"EMI ₹5,472/m*",₹3.10 lakh
Maruti Alto,Maruti,2019,"69,918 km",Petrol,Manual,"EMI ₹4,113/m*",₹2.33 lakh
Maruti Baleno,Maruti,2019,"74,718 km",Petrol,Manual,"EMI ₹7,220/m*",₹4.09 lakh
MG HECTOR PLUS,MG,2024,"24,821 km",Petrol,Auto,"EMI ₹30,786/m*",₹17.98 lakh
Tata NEXON,Tata,2022,"43,820 km",Diesel,Manual,"EMI ₹16,864/m*",₹8.86 lakh
Honda City,Honda,2023,"12,757 km",Petrol,Manual,"EMI ₹16,592/m*",₹9.69 lakh
KIA SELTOS,KIA,2019,"1,00,641 km",Petrol,Manual,"EMI ₹19,612/m*",₹9.02 lakh
Honda Jazz,Honda,2015,"58,388 km",Petrol,Auto,"EMI ₹9,085/m*",₹3.45 lakh
Mahindra Thar,Mahindra,2022,"40,000 km",Diesel,Auto,"EMI ₹24,135/m*",₹12.68 lakh
Hyundai GRAND I10 NIOS,Hyundai,2022,"31,594 km",Petrol,Auto,"EMI ₹10,751/m*",₹6.09 lakh
Hyundai Verna,Hyundai,2019,"55,200 km",Petrol,Auto,"EMI ₹12,710/m*",₹7.20 lakh
Toyota Innova Crysta,Toyota,2017,"1,31,610 km",Diesel,Manual,"EMI ₹110,477/m*",₹12.50 lakh
Maruti Dzire,Maruti,2018,"87,427 km",Diesel,Manual,"EMI ₹21,371/m*",₹4.54 lakh
Honda Amaze,Honda,2018,"1,28,859 km",Diesel,Auto,"EMI ₹19,394/m*",₹4.12 lakh
Maruti Baleno,Maruti,2023,"67,513 km",Petrol,Manual,"EMI ₹11,986/m*",₹6.79 lakh
Maruti Ertiga,Maruti,2020,"2,22,395 km",Petrol,Manual,"EMI ₹17,084/m*",₹7.68 lakh
Hyundai VENUE,Hyundai,2024,10 km,Petrol,Manual,"EMI ₹13,938/m*",₹8.14 lakh
Maruti S Cross,Maruti,2019,"79,003 km",Diesel,Manual,"EMI ₹17,471/m*",₹5.26 lakh
Hyundai Creta,Hyundai,2016,"79,827 km",Diesel,Manual,"EMI ₹17,471/m*",₹4.50 lakh
Maruti Ertiga,Maruti,2015,"32,008 km",Petrol,Manual,"EMI ₹11,850/m*",₹4.50 lakh
Maruti Vitara Brezza,Maruti,2018,"1,44,716 km",Diesel,Auto,"EMI ₹18,453/m*",₹3.92 lakh
Tata Tiago,Tata,2021,"42,328 km",Petrol,Manual,"EMI ₹8,226/m*",₹4.66 lakh
Maruti S Cross,Maruti,2016,"81,804 km",Diesel,Manual,"EMI ₹8,226/m*",₹3.89 lakh
Mahindra XUV500,Mahindra,2017,"43,420 km",Diesel,Manual,"EMI ₹48,956/m*",₹5.51 lakh
Honda Jazz,Honda,2016,"56,689 km",Petrol,Auto,"EMI ₹10,077/m*",₹4.53 lakh
Maruti S PRESSO,Maruti,2021,"57,402 km",Petrol,Manual,"EMI ₹5,402/m*",₹3.06 lakh
Honda CRV,Honda,2012,"1,44,078 km",Petrol,Auto,"EMI ₹24,700/m*",₹2.78 lakh
Hyundai AURA,Hyundai,2023,"54,736 km",Petrol,Manual,"EMI ₹10,345/m*",₹5.86 lakh
Tata TIGOR,Tata,2020,"52,578 km",Diesel,Manual,"EMI ₹12,819/m*",₹4.87 lakh
Maruti Ertiga,Maruti,2023,"45,888 km",Petrol,Manual,"EMI ₹16,523/m*",₹9.65 lakh
Honda Jazz,Honda,2015,"74,229 km",Petrol,Manual,"EMI ₹7,926/m*",₹3.01 lakh
Maruti Swift,Maruti,2020,"77,600 km",Petrol,Auto,"EMI ₹8,156/m*",₹4.62 lakh
Toyota Corolla Altis,Toyota,2014,"58,798 km",Petrol,Manual,"EMI ₹15,345/m*",₹4.62 lakh
Hyundai GRAND I10 NIOS,Hyundai,2021,"70,725 km",Petrol,Manual,"EMI ₹7,855/m*",₹4.45 lakh
Honda City,Honda,2018,"57,223 km",Petrol,Auto,"EMI ₹12,480/m*",₹7.07 lakh
Maruti IGNIS,Maruti,2022,"40,848 km",Petrol,Manual,"EMI ₹7,803/m*",₹4.42 lakh
Mahindra XUV700,Mahindra,2022,"1,38,070 km",Petrol,Manual,"EMI ₹29,983/m*",₹13.79 lakh
Jeep Compass,Jeep,2017,"78,251 km",Petrol,Auto,"EMI ₹15,230/m*",₹7.79 lakh
Maruti Baleno,Maruti,2021,"38,377 km",Petrol,Manual,"EMI ₹9,303/m*",₹5.27 lakh
Tata Tiago,Tata,2021,"38,306 km",Petrol,Manual,"EMI ₹5,737/m*",₹3.25 lakh
Tata Tiago,Tata,2019,"53,491 km",Petrol,Manual,"EMI ₹5,419/m*",₹3.07 lakh
Hyundai VENUE,Hyundai,2019,"34,003 km",Petrol,Auto,"EMI ₹12,657/m*",₹7.17 lakh
Tata TIGOR,Tata,2022,"29,147 km",Petrol,Manual,"EMI ₹8,544/m*",₹4.84 lakh
Mahindra XUV300,Mahindra,2019,"95,569 km",Diesel,Auto,"EMI ₹24,944/m*",₹7.51 lakh
Hyundai Grand i10,Hyundai,2016,"93,597 km",Petrol,Auto,"EMI ₹6,696/m*",₹3.01 lakh
Nissan MAGNITE,Nissan,2023,"21,149 km",Petrol,Manual,"EMI ₹8,526/m*",₹4.83 lakh
Maruti Ciaz,Maruti,2016,"44,421 km",Diesel,Manual,"EMI ₹8,526/m*",₹4.42 lakh
Hyundai Creta,Hyundai,2016,"82,729 km",Petrol,Manual,"EMI ₹10,166/m*",₹4.57 lakh
Maruti New Wagon-R,Maruti,2022,"21,103 km",Petrol,Manual,"EMI ₹7,873/m*",₹4.46 lakh
Toyota Innova Crysta,Toyota,2020,"75,156 km",Petrol,Auto,"EMI ₹24,211/m*",₹14.14 lakh
Hyundai Creta,Hyundai,2016,"1,32,000 km",Petrol,Manual,"EMI ₹11,656/m*",₹5.24 lakh
Toyota Innova Crysta,Toyota,2017,"50,322 km",Petrol,Auto,"EMI ₹22,841/m*",₹12.00 lakh
Nissan MAGNITE,Nissan,2022,"53,722 km",Petrol,Manual,"EMI ₹7,732/m*",₹4.38 lakh
Maruti Vitara Brezza,Maruti,2019,"36,917 km",Diesel,Manual,"EMI ₹20,991/m*",₹6.32 lakh
Maruti Baleno,Maruti,2019,"87,530 km",Petrol,Manual,"EMI ₹6,867/m*",₹3.89 lakh
Hyundai GRAND I10 NIOS,Hyundai,2022,"39,096 km",Petrol,Manual,"EMI ₹9,144/m*",₹5.18 lakh
Maruti Baleno,Maruti,2020,"32,082 km",Petrol,Manual,"EMI ₹9,338/m*",₹5.29 lakh
Honda City,Honda,2015,"47,981 km",Petrol,Manual,"EMI ₹10,112/m*",₹3.84 lakh
Datsun Go,Datsun,2019,"33,131 km",Petrol,Manual,"EMI ₹6,426/m*",₹3.64 lakh
Honda Amaze,Honda,2018,"1,13,953 km",Diesel,Auto,"EMI ₹19,441/m*",₹4.13 lakh
Tata Tiago,Tata,2019,"55,000 km",Petrol,Manual,"EMI ₹5,649/m*",₹3.20 lakh
Hyundai GRAND I10 NIOS,Hyundai,2022,"52,656 km",Petrol,Manual,"EMI ₹9,162/m*",₹5.19 lakh
Mahindra TUV300,Mahindra,2016,"1,05,030 km",Diesel,Manual,"EMI ₹9,162/m*",₹3.55 lakh
Maruti S Cross,Maruti,2016,"1,12,553 km",Diesel,Manual,"EMI ₹9,162/m*",₹5.13 lakh
Toyota Etios,Toyota,2011,"2,31,680 km",Petrol,Manual,"EMI ₹9,162/m*",₹0.90 lakh
Renault Duster,Renault,2017,"47,843 km",Petrol,Auto,"EMI ₹8,367/m*",₹4.28 lakh
Maruti Alto K10,Maruti,2022,"3,321 km",Petrol,Manual,"EMI ₹7,326/m*",₹4.15 lakh
Maruti Ciaz,Maruti,2018,"34,319 km",Petrol,Manual,"EMI ₹11,474/m*",₹6.50 lakh
Honda BR-V,Honda,2018,"34,415 km",Diesel,Manual,"EMI ₹32,057/m*",₹6.81 lakh
Maruti Alto K10,Maruti,2025,"2,630 km",Petrol,Manual,"EMI ₹7,485/m*",₹4.24 lakh
Maruti Vitara Brezza,Maruti,2018,"84,756 km",Diesel,Manual,"EMI ₹22,784/m*",₹4.84 lakh
Maruti New Wagon-R,Maruti,2021,"41,111 km",Petrol,Manual,"EMI ₹6,673/m*",₹3.78 lakh
Maruti Baleno,Maruti,2022,"59,521 km",Petrol,Manual,"EMI ₹10,715/m*",₹6.07 lakh
Tata Hexa,Tata,2018,"82,707 km",Diesel,Manual,"EMI ₹38,685/m*",₹8.30 lakh
Maruti Ciaz,Maruti,2017,"1,30,281 km",Diesel,Manual,"EMI ₹32,696/m*",₹3.68 lakh
KIA SELTOS,KIA,2019,"1,10,745 km",Petrol,Auto,"EMI ₹20,655/m*",₹9.50 lakh
Mahindra Scorpio,Mahindra,2021,"61,634 km",Diesel,Manual,"EMI ₹24,134/m*",₹11.10 lakh
Mahindra Thar,Mahindra,2023,"19,055 km",Diesel,Manual,"EMI ₹26,916/m*",₹15.72 lakh
Maruti Alto K10,Maruti,2023,"2,452 km",Petrol,Manual,"EMI ₹7,485/m*",₹4.24 lakh
Maruti Ciaz,Maruti,2016,"74,986 km",Petrol,Manual,"EMI ₹9,209/m*",₹4.14 lakh
Mahindra XUV500,Mahindra,2016,"1,49,169 km",Diesel,Auto,"EMI ₹9,209/m*",₹4.63 lakh
Honda City,Honda,2016,"85,355 km",Petrol,Manual,"EMI ₹10,010/m*",₹4.50 lakh
Maruti Ciaz,Maruti,2018,"75,371 km",Petrol,Manual,"EMI ₹7,485/m*",₹4.24 lakh
Maruti New Wagon-R,Maruti,2020,"63,927 km",Petrol,Manual,"EMI ₹5,878/m*",₹3.33 lakh
Hyundai Creta,Hyundai,2017,"1,13,381 km",Diesel,Manual,"EMI ₹12,902/m*",₹5.80 lakh
Maruti Dzire,Maruti,2017,"1,19,210 km",Diesel,Manual,"EMI ₹33,763/m*",₹3.80 lakh
Skoda SLAVIA,Skoda,2022,"31,563 km",Petrol,Manual,"EMI ₹15,581/m*",₹9.10 lakh
Tata NEXON,Tata,2023,"11,281 km",Petrol,Auto,"EMI ₹16,951/m*",₹9.90 lakh
Honda Amaze,Honda,2017,"56,150 km",Petrol,Manual,"EMI ₹6,940/m*",₹3.55 lakh
Maruti S Cross,Maruti,2021,"40,093 km",Petrol,Auto,"EMI ₹12,057/m*",₹6.83 lakh
Nissan Kicks,Nissan,2019,"1,39,411 km",Diesel,Manual,"EMI ₹15,777/m*",₹4.75 lakh
Maruti Vitara Brezza,Maruti,2019,"1,32,808 km",Diesel,Auto,"EMI ₹18,268/m*",₹5.50 lakh
Honda City,Honda,2017,"94,620 km",Petrol,Manual,"EMI ₹9,091/m*",₹4.65 lakh
Honda City,Honda,2015,"1,31,581 km",Petrol,Manual,"EMI ₹9,191/m*",₹3.49 lakh
Maruti Ciaz,Maruti,2016,"65,686 km",Petrol,Manual,"EMI ₹8,720/m*",₹3.92 lakh
Hyundai NEW SANTRO,Hyundai,2019,"1,07,500 km",Petrol,Manual,"EMI ₹8,186/m*",₹3.68 lakh
Hyundai Creta,Hyundai,2019,"81,464 km",Petrol,Manual,"EMI ₹10,592/m*",₹6.00 lakh
Hyundai GRAND I10 NIOS,Hyundai,2021,"96,711 km",Petrol,Manual,"EMI ₹8,032/m*",₹4.55 lakh
Mahindra MARAZZO,Mahindra,2019,"54,922 km",Diesel,Manual,"EMI ₹21,589/m*",₹6.50 lakh
Tata Tiago,Tata,2018,"39,085 km",Petrol,Auto,"EMI ₹5,949/m*",₹3.37 lakh
KIA SELTOS,KIA,2023,"14,836 km",Petrol,Auto,"EMI ₹26,386/m*",₹15.41 lakh
Ford Ecosport,Ford,2018,"60,032 km",Petrol,Manual,"EMI ₹8,526/m*",₹4.83 lakh
Mahindra XUV700,Mahindra,2024,"5,207 km",Petrol,Auto,"EMI ₹35,101/m*",₹20.50 lakh
Tata NEXON,Tata,2023,"30,278 km",Petrol,Manual,"EMI ₹16,318/m*",₹9.53 lakh
Honda City,Honda,2018,"1,06,822 km",Petrol,Manual,"EMI ₹10,255/m*",₹4.61 lakh
Maruti S PRESSO,Maruti,2021,"47,422 km",Petrol,Manual,"EMI ₹6,178/m*",₹3.50 lakh
Hyundai Grand i10,Hyundai,2017,"75,836 km",Petrol,Manual,"EMI ₹5,455/m*",₹2.79 lakh
Maruti Baleno,Maruti,2025,"4,416 km",Petrol,Manual,"EMI ₹10,786/m*",₹6.11 lakh
Toyota Innova Crysta,Toyota,2017,"1,40,099 km",Diesel,Auto,"EMI ₹97,220/m*",₹11.00 lakh
Maruti Vitara Brezza,Maruti,2018,"87,431 km",Diesel,Auto,"EMI ₹22,784/m*",₹4.84 lakh
Hyundai ALCAZAR,Hyundai,2022,"78,519 km",Diesel,Manual,"EMI ₹24,554/m*",₹12.90 lakh
KIA SELTOS,KIA,2019,"1,17,238 km",Diesel,Manual,"EMI ₹28,679/m*",₹8.76 lakh
MG ASTOR,MG,2022,"40,643 km",Petrol,Manual,"EMI ₹16,318/m*",₹9.53 lakh
Maruti XL6,Maruti,2023,"38,761 km",Petrol,Manual,"EMI ₹18,835/m*",₹11.00 lakh
Mahindra TUV300,Mahindra,2018,"1,08,052 km",Diesel,Manual,"EMI ₹16,570/m*",₹3.52 lakh
Honda Jazz,Honda,2015,"33,088 km",Petrol,Auto,"EMI ₹10,323/m*",₹3.92 lakh
Hyundai Creta,Hyundai,2018,"51,647 km",Petrol,Auto,"EMI ₹14,383/m*",₹8.40 lakh
Hyundai GRAND I10 NIOS,Hyundai,2023,"50,348 km",Petrol,Manual,"EMI ₹9,656/m*",₹5.47 lakh
Maruti Ciaz,Maruti,2018,"69,218 km",Petrol,Manual,"EMI ₹7,326/m*",₹4.15 lakh
Maruti New Wagon-R,Maruti,2022,"16,105 km",Petrol,Manual,"EMI ₹9,497/m*",₹5.38 lakh
Mahindra XUV500,Mahindra,2019,"34,950 km",Diesel,Manual,"EMI ₹24,911/m*",₹7.50 lakh
MG HECTOR PLUS,MG,2023,"18,100 km",Petrol,Auto,"EMI ₹25,769/m*",₹15.05 lakh
Tata Hexa,Tata,2017,"82,783 km",Diesel,Auto,"EMI ₹45,224/m*",₹5.09 lakh
Hyundai Verna,Hyundai,2016,"1,13,274 km",Diesel,Manual,"EMI ₹45,224/m*",₹4.10 lakh
Volvo S60,Volvo,2017,"87,621 km",Diesel,Auto,"EMI ₹101,639/m*",₹11.50 lakh
Tata NEXON,Tata,2023,"27,000 km",Petrol,Auto,"EMI ₹13,732/m*",₹8.02 lakh
Maruti Baleno,Maruti,2020,"40,813 km",Petrol,Manual,"EMI ₹9,250/m*",₹5.24 lakh
Mahindra XUV300,Mahindra,2020,"39,675 km",Diesel,Manual,"EMI ₹14,747/m*",₹5.60 lakh
Hyundai Creta,Hyundai,2020,"1,48,000 km",Diesel,Auto,"EMI ₹26,337/m*",₹10.19 lakh
Maruti New Wagon-R,Maruti,2020,"56,448 km",Petrol,Manual,"EMI ₹7,361/m*",₹4.17 lakh
Maruti Ciaz,Maruti,2025,"5,150 km",Petrol,Manual,"EMI ₹14,725/m*",₹8.60 lakh
Maruti XL6,Maruti,2023,"75,038 km",Petrol,Manual,"EMI ₹17,979/m*",₹10.50 lakh
Mahindra XUV700,Mahindra,2022,"16,370 km",Petrol,Manual,"EMI ₹21,403/m*",₹12.50 lakh
Maruti Swift,Maruti,2020,"22,720 km",Petrol,Manual,"EMI ₹8,014/m*",₹4.54 lakh
Maruti Dzire,Maruti,2019,"70,599 km",Petrol,Manual,"EMI ₹7,767/m*",₹4.40 lakh
Toyota URBAN CRUISER,Toyota,2021,"76,765 km",Petrol,Manual,"EMI ₹10,715/m*",₹6.07 lakh
Tata NEXON,Tata,2023,"28,220 km",Petrol,Manual,"EMI ₹13,381/m*",₹7.58 lakh
Mahindra Thar,Mahindra,2021,"74,337 km",Petrol,Auto,"EMI ₹20,770/m*",₹12.13 lakh
Mahindra XUV500,Mahindra,2020,"55,215 km",Diesel,Manual,"EMI ₹26,724/m*",₹10.34 lakh
Hyundai Verna,Hyundai,2019,"21,719 km",Petrol,Manual,"EMI ₹13,240/m*",₹7.50 lakh
Hyundai ALCAZAR,Hyundai,2022,"67,259 km",Diesel,Auto,"EMI ₹24,744/m*",₹13.00 lakh
Maruti XL6,Maruti,2021,"26,185 km",Petrol,Auto,"EMI ₹15,410/m*",₹9.00 lakh
Renault Kiger,Renault,2022,"30,312 km",Petrol,Auto,"EMI ₹9,215/m*",₹5.22 lakh
MG HECTOR,MG,2019,"1,36,269 km",Diesel,Manual,"EMI ₹24,413/m*",₹7.35 lakh
Maruti Dzire,Maruti,2021,"31,367 km",Petrol,Manual,"EMI ₹8,544/m*",₹4.84 lakh
Honda BR-V,Honda,2020,"40,274 km",Petrol,Manual,"EMI ₹13,240/m*",₹7.50 lakh
Maruti S Cross,Maruti,2018,"79,638 km",Diesel,Manual,"EMI ₹24,525/m*",₹5.21 lakh
Hyundai Verna,Hyundai,2018,"56,408 km",Petrol,Manual,"EMI ₹17,722/m*",₹10.35 lakh
Hyundai Creta,Hyundai,2018,"1,03,769 km",Diesel,Manual,"EMI ₹28,432/m*",₹6.04 lakh
Maruti S PRESSO,Maruti,2022,"29,415 km",Petrol,Manual,"EMI ₹7,043/m*",₹3.99 lakh
Hyundai Creta,Hyundai,2020,"60,278 km",Petrol,Manual,"EMI ₹14,999/m*",₹8.76 lakh
Hyundai Creta,Hyundai,2016,"1,54,896 km",Diesel,Manual,"EMI ₹14,999/m*",₹5.09 lakh
MG HECTOR,MG,2024,"7,004 km",Petrol,Manual,"EMI ₹24,999/m*",₹14.60 lakh
Tata NEXON,Tata,2018,"70,968 km",Diesel,Auto,"EMI ₹21,183/m*",₹4.50 lakh
Tata NEXON,Tata,2023,"29,721 km",Diesel,Manual,"EMI ₹14,034/m*",₹7.95 lakh
Mahindra XUV500,Mahindra,2016,"77,655 km",Diesel,Manual,"EMI ₹14,034/m*",₹5.56 lakh
Maruti Baleno,Maruti,2018,"58,485 km",Petrol,Manual,"EMI ₹7,573/m*",₹4.29 lakh
Hyundai Creta,Hyundai,2017,"44,707 km",Petrol,Manual,"EMI ₹10,850/m*",₹5.55 lakh
Maruti Vitara Brezza,Maruti,2020,"67,542 km",Petrol,Auto,"EMI ₹11,933/m*",₹6.76 lakh
Maruti Swift,Maruti,2019,"1,57,114 km",Petrol,Manual,"EMI ₹9,743/m*",₹4.38 lakh
Maruti XL6,Maruti,2024,"17,795 km",Petrol,Manual,"EMI ₹18,064/m*",₹10.55 lakh
Hyundai Creta,Hyundai,2022,"42,313 km",Diesel,Manual,"EMI ₹22,536/m*",₹11.84 lakh
Maruti Ciaz,Maruti,2016,"1,48,618 km",Diesel,Manual,"EMI ₹22,536/m*",₹3.25 lakh
Honda City,Honda,2015,"78,917 km",Petrol,Auto,"EMI ₹10,060/m*",₹3.82 lakh
Maruti New Wagon-R,Maruti,2021,"57,488 km",Petrol,Manual,"EMI ₹7,238/m*",₹4.10 lakh
Honda Amaze,Honda,2019,"1,27,796 km",Petrol,Auto,"EMI ₹10,700/m*",₹4.81 lakh
Maruti XL6,Maruti,2023,"30,006 km",Petrol,Manual,"EMI ₹19,348/m*",₹11.30 lakh
Maruti Baleno,Maruti,2018,"27,391 km",Petrol,Auto,"EMI ₹7,644/m*",₹4.33 lakh
Jeep Compass,Jeep,2018,"57,239 km",Petrol,Auto,"EMI ₹12,975/m*",₹7.35 lakh
Maruti Dzire,Maruti,2021,"1,33,061 km",Petrol,Manual,"EMI ₹8,408/m*",₹3.78 lakh
Hyundai Elite i20,Hyundai,2016,"83,735 km",Petrol,Manual,"EMI ₹8,675/m*",₹3.90 lakh
Hyundai Creta,Hyundai,2016,"32,723 km",Petrol,Manual,"EMI ₹11,523/m*",₹5.18 lakh
Mahindra Thar,Mahindra,2022,"20,272 km",Petrol,Manual,"EMI ₹18,715/m*",₹10.93 lakh
Maruti Ertiga,Maruti,2021,"43,800 km",Petrol,Manual,"EMI ₹15,410/m*",₹9.00 lakh
MG HECTOR PLUS,MG,2024,"8,112 km",Petrol,Auto,"EMI ₹29,023/m*",₹16.95 lakh
MG HECTOR,MG,2021,"96,193 km",Petrol,Manual,"EMI ₹16,403/m*",₹9.58 lakh
Honda City,Honda,2015,"1,15,298 km",Petrol,Auto,"EMI ₹10,560/m*",₹4.01 lakh
KIA SELTOS,KIA,2020,"1,40,575 km",Petrol,Manual,"EMI ₹15,015/m*",₹6.75 lakh
Toyota URBAN CRUISER,Toyota,2021,"36,271 km",Petrol,Manual,"EMI ₹12,004/m*",₹6.80 lakh
Hyundai Verna,Hyundai,2018,"1,09,629 km",Diesel,Auto,"EMI ₹29,186/m*",₹6.20 lakh
Mahindra XUV500,Mahindra,2018,"66,000 km",Diesel,Auto,"EMI ₹33,422/m*",₹7.10 lakh
Skoda SLAVIA,Skoda,2022,"46,677 km",Petrol,Manual,"EMI ₹13,732/m*",₹8.02 lakh
Maruti Vitara Brezza,Maruti,2019,"1,45,531 km",Diesel,Auto,"EMI ₹14,946/m*",₹4.50 lakh
Mahindra Thar,Mahindra,2023,"19,566 km",Petrol,Auto,"EMI ₹22,311/m*",₹13.03 lakh
Renault Kwid,Renault,2024,"4,683 km",Petrol,Manual,"EMI ₹7,326/m*",₹4.15 lakh
Hyundai Creta,Hyundai,2018,"91,417 km",Petrol,Auto,"EMI ₹14,143/m*",₹8.26 lakh
Jeep Compass,Jeep,2018,"1,01,251 km",Diesel,Manual,"EMI ₹30,253/m*",₹6.43 lakh
Maruti Baleno,Maruti,2018,"1,26,827 km",Diesel,Manual,"EMI ₹17,935/m*",₹3.81 lakh
KIA SELTOS,KIA,2020,"1,47,955 km",Diesel,Auto,"EMI ₹27,700/m*",₹12.74 lakh
Hyundai Grand i10,Hyundai,2018,"58,997 km",Diesel,Manual,"EMI ₹22,784/m*",₹4.84 lakh
Honda City,Honda,2015,"1,92,430 km",Petrol,Auto,"EMI ₹11,745/m*",₹4.46 lakh
Maruti Dzire,Maruti,2019,"22,184 km",Petrol,Manual,"EMI ₹8,138/m*",₹4.61 lakh
Honda Amaze,Honda,2025,"4,774 km",Petrol,Manual,"EMI ₹13,698/m*",₹8.00 lakh
Maruti Swift,Maruti,2021,"48,577 km",Petrol,Auto,"EMI ₹8,544/m*",₹4.84 lakh
Hyundai Creta,Hyundai,2017,"69,916 km",Petrol,Auto,"EMI ₹13,724/m*",₹7.02 lakh
Maruti Grand Vitara,Maruti,2024,"13,683 km",Petrol,Manual,"EMI ₹19,194/m*",₹11.21 lakh
Maruti Ertiga,Maruti,2012,"25,620 km",Petrol,Manual,"EMI ₹28,254/m*",₹3.18 lakh
Maruti Grand Vitara,Maruti,2024,"22,674 km",Hybrid,Auto,"EMI ₹26,968/m*",₹15.75 lakh
Maruti Grand Vitara,Maruti,2023,"20,748 km",Petrol,Manual,"EMI ₹15,205/m*",₹8.88 lakh
Ford Ecosport,Ford,2015,"35,960 km",Petrol,Auto,"EMI ₹10,402/m*",₹3.95 lakh
Honda City,Honda,2015,"55,889 km",Petrol,Auto,"EMI ₹11,640/m*",₹4.42 lakh
Maruti Baleno,Maruti,2019,"41,305 km",Petrol,Manual,"EMI ₹7,449/m*",₹4.22 lakh
Maruti Celerio,Maruti,2018,"85,564 km",Petrol,Manual,"EMI ₹6,055/m*",₹3.43 lakh
Maruti Alto K10,Maruti,2017,"25,221 km",Petrol,Manual,"EMI ₹5,650/m*",₹2.89 lakh
KIA SELTOS,KIA,2022,"27,810 km",Petrol,Manual,"EMI ₹24,365/m*",₹14.23 lakh
Maruti XL6,Maruti,2023,"15,206 km",Petrol,Auto,"EMI ₹22,088/m*",₹12.90 lakh
Tata Tiago,Tata,2020,"86,093 km",Petrol,Manual,"EMI ₹5,737/m*",₹3.25 lakh
KIA SONET,KIA,2023,"19,757 km",Petrol,Manual,"EMI ₹16,027/m*",₹9.36 lakh
Honda City,Honda,2014,"1,06,438 km",Petrol,Manual,"EMI ₹10,828/m*",₹3.26 lakh
Toyota Etios,Toyota,2016,"1,03,592 km",Petrol,Manual,"EMI ₹6,607/m*",₹2.97 lakh
Hyundai Creta,Hyundai,2017,"1,60,413 km",Diesel,Auto,"EMI ₹42,914/m*",₹4.83 lakh
Maruti New Wagon-R,Maruti,2022,"81,352 km",Petrol,Manual,"EMI ₹7,502/m*",₹4.25 lakh
Hyundai Verna,Hyundai,2016,"57,677 km",Petrol,Manual,"EMI ₹9,298/m*",₹4.18 lakh
MG ASTOR,MG,2022,"24,344 km",Petrol,Auto,"EMI ₹16,078/m*",₹9.39 lakh
Renault Duster,Renault,2018,"45,985 km",Petrol,Auto,"EMI ₹9,621/m*",₹5.45 lakh
Tata NEXON,Tata,2019,"17,342 km",Petrol,Auto,"EMI ₹10,256/m*",₹5.81 lakh
Maruti Dzire,Maruti,2019,"23,940 km",Petrol,Manual,"EMI ₹17,722/m*",₹10.35 lakh
Hyundai GRAND I10 NIOS,Hyundai,2020,"1,11,047 km",Petrol,Manual,"EMI ₹9,921/m*",₹4.46 lakh
KIA SONET,KIA,2020,"40,364 km",Petrol,Manual,"EMI ₹11,916/m*",₹6.75 lakh
Mahindra XUV500,Mahindra,2020,"52,973 km",Diesel,Manual,"EMI ₹19,750/m*",₹7.50 lakh
Mahindra XUV500,Mahindra,2017,"65,753 km",Diesel,Auto,"EMI ₹55,708/m*",₹6.27 lakh
Hyundai GRAND I10 NIOS,Hyundai,2022,"30,633 km",Petrol,Manual,"EMI ₹8,209/m*",₹4.65 lakh
MG ASTOR,MG,2022,"71,826 km",Petrol,Auto,"EMI ₹16,609/m*",₹9.70 lakh
KIA SONET,KIA,2023,"16,821 km",Petrol,Manual,"EMI ₹17,773/m*",₹10.38 lakh
Renault Duster,Renault,2017,"1,02,889 km",Diesel,Manual,"EMI ₹33,407/m*",₹3.76 lakh
Hyundai Creta,Hyundai,2019,"55,110 km",Petrol,Manual,"EMI ₹14,006/m*",₹8.18 lakh
Ford Ecosport,Ford,2018,"2,05,903 km",Diesel,Manual,"EMI ₹16,099/m*",₹3.42 lakh
Hyundai VENUE,Hyundai,2021,"43,435 km",Petrol,Manual,"EMI ₹14,229/m*",₹8.31 lakh
Mahindra Thar,Mahindra,2023,"54,438 km",Petrol,Manual,"EMI ₹21,403/m*",₹12.50 lakh
Mahindra Thar,Mahindra,2021,"44,978 km",Petrol,Auto,"EMI ₹18,835/m*",₹11.00 lakh
KIA SONET,KIA,2021,"42,408 km",Diesel,Manual,"EMI ₹15,527/m*",₹6.98 lakh
Mahindra XUV500,Mahindra,2016,"83,388 km",Diesel,Auto,"EMI ₹15,527/m*",₹5.77 lakh
KIA SELTOS,KIA,2019,"68,083 km",Petrol,Manual,"EMI ₹16,609/m*",₹9.70 lakh
Ford Ecosport,Ford,2018,"1,07,301 km",Diesel,Manual,"EMI ₹20,901/m*",₹4.44 lakh
Honda City,Honda,2019,"68,000 km",Petrol,Manual,"EMI ₹12,657/m*",₹7.17 lakh
Tata Tiago,Tata,2019,"38,643 km",Petrol,Manual,"EMI ₹6,938/m*",₹3.93 lakh
Maruti Vitara Brezza,Maruti,2019,"19,496 km",Diesel,Manual,"EMI ₹22,320/m*",₹6.72 lakh
Maruti Vitara Brezza,Maruti,2016,"67,359 km",Diesel,Manual,"EMI ₹22,320/m*",₹4.30 lakh
MG COMET,MG,2024,"19,780 km",Electric,Auto,"EMI ₹10,980/m*",₹6.22 lakh
Ford Ecosport,Ford,2018,"69,572 km",Diesel,Manual,"EMI ₹26,549/m*",₹5.64 lakh
KIA SELTOS,KIA,2023,"26,528 km",Petrol,Manual,"EMI ₹22,413/m*",₹13.09 lakh
Mahindra XUV700,Mahindra,2022,"45,911 km",Diesel,Manual,"EMI ₹26,020/m*",₹13.67 lakh
Maruti Ertiga,Maruti,2020,"1,40,170 km",Petrol,Manual,"EMI ₹17,394/m*",₹8.00 lakh
KIA SELTOS,KIA,2019,"1,00,566 km",Petrol,Manual,"EMI ₹15,015/m*",₹6.75 lakh
Honda WR-V,Honda,2017,"1,89,032 km",Petrol,Manual,"EMI ₹8,853/m*",₹3.98 lakh
Toyota Corolla Altis,Toyota,2016,"90,000 km",Petrol,Auto,"EMI ₹12,390/m*",₹5.57 lakh
Mahindra Thar,Mahindra,2023,"38,720 km",Diesel,Manual,"EMI ₹19,348/m*",₹11.30 lakh
Mahindra XUV500,Mahindra,2016,"2,56,638 km",Diesel,Manual,"EMI ₹19,348/m*",₹4.18 lakh
Maruti S Cross,Maruti,2018,"1,03,452 km",Diesel,Manual,"EMI ₹23,443/m*",₹4.98 lakh
Maruti BREZZA,Maruti,2022,"42,467 km",Petrol,Manual,"EMI ₹14,143/m*",₹8.26 lakh
Maruti New Wagon-R,Maruti,2021,"1,30,309 km",Petrol,Manual,"EMI ₹7,563/m*",₹3.40 lakh
Mahindra XUV700,Mahindra,2022,"1,09,300 km",Diesel,Manual,"EMI ₹25,504/m*",₹11.73 lakh
Mercedes Benz C Class,Mercedes,2012,"65,636 km",Petrol,Auto,"EMI ₹45,224/m*",₹5.09 lakh
Mahindra Thar Roxx,Mahindra,2025,"23,220 km",Diesel,Auto,"EMI ₹33,817/m*",₹19.75 lakh
Hyundai Creta,Hyundai,2021,"1,23,977 km",Diesel,Manual,"EMI ₹24,460/m*",₹11.25 lakh
Maruti New Wagon-R,Maruti,2021,"17,648 km",Petrol,Manual,"EMI ₹7,838/m*",₹4.44 lakh
Toyota Corolla Altis,Toyota,2014,"1,65,221 km",Petrol,Manual,"EMI ₹10,130/m*",₹3.05 lakh
Maruti Ciaz,Maruti,2019,"48,507 km",Petrol,Manual,"EMI ₹9,621/m*",₹5.45 lakh
Hyundai VENUE,Hyundai,2021,"51,076 km",Petrol,Manual,"EMI ₹11,192/m*",₹6.34 lakh
Hyundai Creta,Hyundai,2021,"42,031 km",Petrol,Auto,"EMI ₹18,698/m*",₹10.92 lakh
Maruti S Cross,Maruti,2018,"1,60,410 km",Diesel,Manual,"EMI ₹23,537/m*",₹5.00 lakh
Mahindra Thar,Mahindra,2021,"49,096 km",Petrol,Auto,"EMI ₹17,122/m*",₹10.00 lakh
Maruti XL6,Maruti,2025,"25,585 km",Petrol,Manual,"EMI ₹19,451/m*",₹11.36 lakh
Toyota Innova Crysta,Toyota,2017,"1,80,337 km",Diesel,Manual,"EMI ₹84,139/m*",₹9.52 lakh
Hyundai ALCAZAR,Hyundai,2022,"27,577 km",Petrol,Manual,"EMI ₹23,543/m*",₹13.75 lakh
Maruti Baleno,Maruti,2022,"51,387 km",Petrol,Manual,"EMI ₹8,900/m*",₹5.04 lakh
MG HECTOR,MG,2021,"57,355 km",Petrol,Auto,"EMI ₹16,609/m*",₹9.70 lakh
Maruti Ciaz,Maruti,2022,"42,837 km",Petrol,Auto,"EMI ₹13,963/m*",₹7.91 lakh
Maruti Celerio,Maruti,2018,"26,569 km",Petrol,Auto,"EMI ₹6,355/m*",₹3.60 lakh
Maruti Baleno,Maruti,2019,"43,600 km",Petrol,Manual,"EMI ₹8,209/m*",₹4.65 lakh
Hyundai Creta,Hyundai,2024,"33,999 km",Diesel,Manual,"EMI ₹20,633/m*",₹12.05 lakh
KIA SELTOS,KIA,2020,"1,04,716 km",Petrol,Manual,"EMI ₹20,307/m*",₹9.34 lakh
Hyundai Creta,Hyundai,2020,"23,576 km",Petrol,Manual,"EMI ₹14,708/m*",₹8.59 lakh
KIA SELTOS,KIA,2020,"76,372 km",Diesel,Manual,"EMI ₹23,907/m*",₹9.25 lakh
Maruti Ertiga,Maruti,2017,"1,67,885 km",Diesel,Manual,"EMI ₹40,249/m*",₹4.53 lakh
Honda WR-V,Honda,2019,"1,66,277 km",Diesel,Manual,"EMI ₹15,777/m*",₹4.75 lakh
Honda City,Honda,2019,"60,500 km",Petrol,Auto,"EMI ₹12,357/m*",₹7.00 lakh
Skoda KUSHAQ,Skoda,2022,"60,933 km",Petrol,Manual,"EMI ₹18,116/m*",₹10.58 lakh
Toyota Etios,Toyota,2016,"96,741 km",Diesel,Manual,"EMI ₹18,116/m*",₹4.03 lakh
Maruti Ciaz,Maruti,2019,"52,066 km",Petrol,Manual,"EMI ₹10,256/m*",₹5.81 lakh
Audi Q3,Audi,2015,"71,000 km",Diesel,Auto,"EMI ₹31,102/m*",₹9.50 lakh
Hyundai Creta,Hyundai,2018,"2,31,459 km",Diesel,Manual,"EMI ₹27,585/m*",₹5.86 lakh
Ford Ecosport,Ford,2016,"34,019 km",Petrol,Auto,"EMI ₹9,343/m*",₹4.20 lakh
Hyundai Creta,Hyundai,2017,"1,50,415 km",Diesel,Auto,"EMI ₹48,245/m*",₹5.43 lakh
Hyundai VENUE,Hyundai,2019,"42,306 km",Petrol,Auto,"EMI ₹12,286/m*",₹6.96 lakh
Renault Duster,Renault,2017,"92,704 km",Diesel,Auto,"EMI ₹35,540/m*",₹4.00 lakh
Tata NEXON,Tata,2018,"56,750 km",Diesel,Auto,"EMI ₹21,654/m*",₹4.60 lakh
Ssangyong Rexton,Ssangyong,2018,"1,06,150 km",Diesel,Auto,"EMI ₹39,943/m*",₹8.57 lakh
Hyundai i20,Hyundai,2014,"46,500 km",Petrol,Manual,"EMI ₹8,403/m*",₹2.53 lakh
Tata Safari,Tata,2022,"43,429 km",Diesel,Auto,"EMI ₹29,065/m*",₹15.27 lakh
Honda Jazz,Honda,2017,"55,957 km",Petrol,Auto,"EMI ₹6,940/m*",₹3.55 lakh
MG ASTOR,MG,2022,"39,327 km",Petrol,Auto,"EMI ₹18,715/m*",₹10.93 lakh
Maruti New Wagon-R,Maruti,2020,"69,086 km",Petrol,Manual,"EMI ₹6,885/m*",₹3.90 lakh
Mahindra SCORPIO CLASSIC,Mahindra,2024,"24,162 km",Diesel,Manual,"EMI ₹26,694/m*",₹15.59 lakh
Maruti Baleno,Maruti,2022,"3,450 km",Petrol,Manual,"EMI ₹11,174/m*",₹6.33 lakh
Hyundai Verna,Hyundai,2022,"26,810 km",Petrol,Auto,"EMI ₹17,996/m*",₹10.51 lakh
Tata Safari,Tata,2022,"37,192 km",Diesel,Auto,"EMI ₹29,027/m*",₹15.25 lakh
Tata ALTROZ,Tata,2023,"31,156 km",Petrol,Manual,"EMI ₹11,104/m*",₹6.29 lakh
Mahindra XUV700,Mahindra,2022,"19,420 km",Petrol,Manual,"EMI ₹22,910/m*",₹13.38 lakh
KIA SONET,KIA,2022,"45,789 km",Petrol,Manual,"EMI ₹13,063/m*",₹7.40 lakh
Hyundai Creta,Hyundai,2018,"96,619 km",Petrol,Manual,"EMI ₹11,298/m*",₹6.40 lakh
KIA CARENS,KIA,2022,"25,292 km",Petrol,Manual,"EMI ₹24,691/m*",₹14.42 lakh
KIA SONET,KIA,2021,"56,359 km",Petrol,Manual,"EMI ₹10,945/m*",₹6.20 lakh
Hyundai Creta,Hyundai,2020,"47,105 km",Petrol,Auto,"EMI ₹20,547/m*",₹12.00 lakh
Tata Safari,Tata,2021,"35,274 km",Diesel,Auto,"EMI ₹35,984/m*",₹16.55 lakh
KIA SELTOS,KIA,2020,"1,03,653 km",Diesel,Auto,"EMI ₹19,750/m*",₹7.50 lakh
Maruti Vitara Brezza,Maruti,2018,"65,028 km",Diesel,Manual,"EMI ₹28,244/m*",₹6.00 lakh
Hyundai Creta,Hyundai,2019,"1,04,096 km",Petrol,Manual,"EMI ₹12,234/m*",₹5.50 lakh
Hyundai Creta,Hyundai,2021,"1,12,474 km",Diesel,Manual,"EMI ₹19,938/m*",₹9.17 lakh
KIA SELTOS,KIA,2021,"1,10,031 km",Diesel,Auto,"EMI ₹26,091/m*",₹12.00 lakh
Maruti Grand Vitara,Maruti,2023,"18,446 km",Petrol,Manual,"EMI ₹17,208/m*",₹10.05 lakh
Hyundai GRAND I10 NIOS,Hyundai,2022,"26,309 km",Petrol,Manual,"EMI ₹8,773/m*",₹4.97 lakh
Hyundai Verna,Hyundai,2018,"1,18,483 km",Diesel,Manual,"EMI ₹29,091/m*",₹6.18 lakh
Maruti Ciaz,Maruti,2018,"1,06,042 km",Petrol,Manual,"EMI ₹10,766/m*",₹4.84 lakh
Nissan MAGNITE,Nissan,2021,"73,919 km",Petrol,Manual,"EMI ₹8,209/m*",₹4.65 lakh
Maruti Ciaz,Maruti,2014,"1,26,942 km",Petrol,Manual,"EMI ₹9,998/m*",₹3.01 lakh
Mahindra Thar,Mahindra,2023,"51,840 km",Diesel,Manual,"EMI ₹17,979/m*",₹10.50 lakh
Honda Amaze,Honda,2021,"48,996 km",Petrol,Manual,"EMI ₹11,474/m*",₹6.50 lakh
Mahindra Thar,Mahindra,2023,"8,805 km",Petrol,Auto,"EMI ₹20,067/m*",₹11.72 lakh
Hyundai Creta,Hyundai,2021,"38,503 km",Petrol,Manual,"EMI ₹16,420/m*",₹9.59 lakh
Hyundai Creta,Hyundai,2016,"1,05,239 km",Diesel,Auto,"EMI ₹16,420/m*",₹8.60 lakh
Hyundai Creta,Hyundai,2020,"1,30,155 km",Diesel,Auto,"EMI ₹34,504/m*",₹13.35 lakh
MG HECTOR,MG,2019,"65,612 km",Diesel,Manual,"EMI ₹26,273/m*",₹7.91 lakh
MG ASTOR,MG,2023,"23,494 km",Petrol,Auto,"EMI ₹17,979/m*",₹10.50 lakh
Hyundai Creta,Hyundai,2019,"44,379 km",Petrol,Auto,"EMI ₹13,240/m*",₹7.50 lakh
Maruti Vitara Brezza,Maruti,2016,"1,53,201 km",Diesel,Manual,"EMI ₹13,240/m*",₹3.45 lakh
KIA SELTOS,KIA,2020,"67,781 km",Petrol,Auto,"EMI ₹18,013/m*",₹10.52 lakh
Toyota Innova Crysta,Toyota,2017,"1,45,112 km",Diesel,Auto,"EMI ₹129,833/m*",₹14.69 lakh
MG HECTOR,MG,2019,"50,441 km",Diesel,Manual,"EMI ₹25,243/m*",₹7.60 lakh
Mahindra XUV 3XO,Mahindra,2024,"22,280 km",Petrol,Manual,"EMI ₹17,157/m*",₹10.02 lakh
Ford Ecosport,Ford,2019,"99,403 km",Diesel,Manual,"EMI ₹16,541/m*",₹4.98 lakh
Hyundai Creta,Hyundai,2017,"1,69,950 km",Diesel,Manual,"EMI ₹46,557/m*",₹5.24 lakh
Mahindra MARAZZO,Mahindra,2019,"1,21,332 km",Diesel,Manual,"EMI ₹17,139/m*",₹5.16 lakh
Mahindra XUV300,Mahindra,2021,"77,446 km",Petrol,Manual,"EMI ₹10,221/m*",₹5.79 lakh
Mahindra SCORPIO-N,Mahindra,2023,"72,914 km",Diesel,Auto,"EMI ₹28,303/m*",₹16.53 lakh
Tata Hexa,Tata,2018,"88,105 km",Diesel,Auto,"EMI ₹28,244/m*",₹6.00 lakh
Maruti Dzire,Maruti,2019,"78,880 km",Petrol,Manual,"EMI ₹8,473/m*",₹4.80 lakh
KIA SONET,KIA,2020,"29,604 km",Petrol,Manual,"EMI ₹12,798/m*",₹7.25 lakh
Tata Harrier,Tata,2020,"61,657 km",Diesel,Manual,"EMI ₹28,430/m*",₹11.00 lakh
Maruti Vitara Brezza,Maruti,2019,"1,24,463 km",Diesel,Auto,"EMI ₹13,881/m*",₹6.24 lakh
Renault Duster,Renault,2021,"34,808 km",Petrol,Manual,"EMI ₹13,875/m*",₹7.86 lakh
Mahindra XUV700,Mahindra,2022,"46,479 km",Diesel,Auto,"EMI ₹33,538/m*",₹17.62 lakh
Hyundai VENUE,Hyundai,2022,"35,340 km",Petrol,Manual,"EMI ₹11,474/m*",₹6.50 lakh
Maruti Baleno,Maruti,2018,"64,183 km",Petrol,Manual,"EMI ₹6,708/m*",₹3.80 lakh
Honda WR-V,Honda,2018,"49,669 km",Petrol,Manual,"EMI ₹8,385/m*",₹4.75 lakh
Hyundai Verna,Hyundai,2021,"23,119 km",Petrol,Manual,"EMI ₹14,554/m*",₹8.50 lakh
Hyundai Creta,Hyundai,2022,"33,960 km",Petrol,Auto,"EMI ₹19,691/m*",₹11.50 lakh
Maruti Ertiga,Maruti,2021,"21,451 km",Petrol,Manual,"EMI ₹16,095/m*",₹9.40 lakh
Hyundai NEW I20 N LINE,Hyundai,2024,"6,791 km",Petrol,Manual,"EMI ₹13,698/m*",₹8.00 lakh
Tata PUNCH,Tata,2023,"17,646 km",Petrol,Manual,"EMI ₹10,044/m*",₹5.69 lakh
Hyundai VENUE,Hyundai,2019,"92,769 km",Diesel,Manual,"EMI ₹22,220/m*",₹6.69 lakh
Honda WR-V,Honda,2017,"1,24,921 km",Diesel,Manual,"EMI ₹38,649/m*",₹4.35 lakh
Maruti New Wagon-R,Maruti,2021,"93,650 km",Petrol,Manual,"EMI ₹7,555/m*",₹4.28 lakh
Ford Ecosport,Ford,2018,"1,22,825 km",Diesel,Manual,"EMI ₹21,183/m*",₹4.50 lakh
Maruti Ciaz,Maruti,2018,"48,669 km",Petrol,Manual,"EMI ₹11,633/m*",₹6.59 lakh
Honda City,Honda,2022,"30,553 km",Petrol,Auto,"EMI ₹18,424/m*",₹10.76 lakh
Hyundai Creta,Hyundai,2018,"1,77,741 km",Diesel,Manual,"EMI ₹22,313/m*",₹4.74 lakh
Maruti Swift,Maruti,2022,"38,566 km",Petrol,Auto,"EMI ₹10,256/m*",₹5.81 lakh
Hyundai VENUE,Hyundai,2023,"10,004 km",Petrol,Manual,"EMI ₹13,345/m*",₹7.56 lakh
Tata ALTROZ,Tata,2023,"22,935 km",Petrol,Manual,"EMI ₹11,563/m*",₹6.55 lakh
Mahindra XUV300,Mahindra,2019,"1,30,466 km",Diesel,Manual,"EMI ₹16,607/m*",₹5.00 lakh
Renault Duster,Renault,2018,"88,317 km",Petrol,Auto,"EMI ₹7,750/m*",₹4.39 lakh
Ford Ecosport,Ford,2018,"99,420 km",Petrol,Auto,"EMI ₹8,103/m*",₹4.59 lakh
Tata Tiago,Tata,2019,"53,588 km",Diesel,Manual,"EMI ₹11,359/m*",₹3.42 lakh
Tata ALTROZ,Tata,2023,"50,512 km",Petrol,Manual,"EMI ₹10,786/m*",₹6.11 lakh
Mahindra XUV500,Mahindra,2019,"52,672 km",Diesel,Manual,"EMI ₹32,673/m*",₹9.98 lakh
Maruti XL6,Maruti,2021,"51,818 km",Petrol,Manual,"EMI ₹14,554/m*",₹8.50 lakh
Honda City,Honda,2019,"69,596 km",Petrol,Auto,"EMI ₹11,298/m*",₹6.40 lakh
Ford Ecosport,Ford,2018,"86,409 km",Diesel,Manual,"EMI ₹20,336/m*",₹4.32 lakh
Honda City,Honda,2020,"21,832 km",Petrol,Auto,"EMI ₹16,095/m*",₹9.40 lakh
Mahindra XUV300,Mahindra,2019,"94,672 km",Diesel,Manual,"EMI ₹17,271/m*",₹5.20 lakh
Toyota Corolla Altis,Toyota,2016,"1,30,110 km",Petrol,Auto,"EMI ₹10,566/m*",₹4.75 lakh
Maruti New Wagon-R,Maruti,2023,"43,178 km",Petrol,Manual,"EMI ₹7,344/m*",₹4.16 lakh
Honda City,Honda,2019,"73,007 km",Petrol,Auto,"EMI ₹11,439/m*",₹6.48 lakh
MG HECTOR,MG,2021,"95,683 km",Petrol,Auto,"EMI ₹16,266/m*",₹9.50 lakh
Hyundai Creta,Hyundai,2016,"65,224 km",Petrol,Manual,"EMI ₹10,855/m*",₹4.88 lakh
Maruti Ciaz,Maruti,2020,"99,800 km",Petrol,Auto,"EMI ₹11,298/m*",₹6.40 lakh
Hyundai Creta,Hyundai,2019,"91,276 km",Diesel,Auto,"EMI ₹25,741/m*",₹7.75 lakh
Mahindra Thar,Mahindra,2021,"11,712 km",Petrol,Auto,"EMI ₹18,116/m*",₹10.58 lakh
Toyota URBAN CRUISER HYRYDER,Toyota,2022,"74,844 km",Hybrid,Auto,"EMI ₹25,084/m*",₹14.65 lakh
Tata Safari,Tata,2021,"76,331 km",Diesel,Auto,"EMI ₹33,918/m*",₹15.60 lakh
Maruti New Wagon-R,Maruti,2020,"92,247 km",Petrol,Manual,"EMI ₹6,390/m*",₹3.62 lakh
Maruti Celerio,Maruti,2018,"77,567 km",Petrol,Manual,"EMI ₹6,196/m*",₹3.51 lakh
Mahindra Thar,Mahindra,2022,"15,847 km",Diesel,Auto,"EMI ₹29,084/m*",₹15.28 lakh
Toyota URBAN CRUISER,Toyota,2022,"79,305 km",Petrol,Manual,"EMI ₹11,757/m*",₹6.66 lakh
Tata Tiago,Tata,2019,"35,700 km",Petrol,Manual,"EMI ₹18,287/m*",₹10.68 lakh
Hyundai Creta,Hyundai,2016,"79,700 km",Petrol,Manual,"EMI ₹11,122/m*",₹5.00 lakh
Maruti Alto K10,Maruti,2019,"1,36,460 km",Petrol,Manual,"EMI ₹5,761/m*",₹2.59 lakh
Maruti Baleno,Maruti,2018,"65,603 km",Diesel,Manual,"EMI ₹18,170/m*",₹3.86 lakh
Hyundai Elite i20,Hyundai,2017,"55,866 km",Petrol,Manual,"EMI ₹7,957/m*",₹4.07 lakh
Maruti New Wagon-R,Maruti,2024,"40,922 km",Petrol,Manual,"EMI ₹8,985/m*",₹5.09 lakh
Hyundai Creta,Hyundai,2019,"1,42,097 km",Diesel,Auto,"EMI ₹21,589/m*",₹6.50 lakh
Mahindra XUV500,Mahindra,2020,"1,18,253 km",Diesel,Auto,"EMI ₹23,778/m*",₹9.20 lakh
Hyundai VENUE,Hyundai,2021,"78,256 km",Petrol,Manual,"EMI ₹10,945/m*",₹6.20 lakh
Hyundai AURA,Hyundai,2024,"33,009 km",Petrol,Manual,"EMI ₹12,410/m*",₹7.03 lakh
Maruti Baleno,Maruti,2019,"35,988 km",Petrol,Auto,"EMI ₹8,650/m*",₹4.90 lakh
KIA SELTOS,KIA,2021,"1,05,063 km",Diesel,Manual,"EMI ₹19,155/m*",₹8.81 lakh
Hyundai VENUE,Hyundai,2021,"39,551 km",Petrol,Manual,"EMI ₹12,639/m*",₹7.16 lakh
Ford Ecosport,Ford,2016,"1,52,247 km",Petrol,Auto,"EMI ₹8,342/m*",₹3.75 lakh
Maruti Swift,Maruti,2020,"62,580 km",Petrol,Manual,"EMI ₹8,862/m*",₹5.02 lakh
Maruti Ertiga,Maruti,2016,"38,632 km",Diesel,Manual,"EMI ₹8,862/m*",₹5.40 lakh
Ford Ecosport,Ford,2019,"1,14,196 km",Petrol,Manual,"EMI ₹10,010/m*",₹4.50 lakh
Maruti Vitara Brezza,Maruti,2019,"82,413 km",Diesel,Manual,"EMI ₹15,511/m*",₹4.67 lakh
Mahindra Thar Roxx,Mahindra,2025,"12,544 km",Petrol,Auto,"EMI ₹38,988/m*",₹22.77 lakh
Tata Harrier,Tata,2019,"1,82,986 km",Diesel,Manual,"EMI ₹30,742/m*",₹9.39 lakh
Honda City,Honda,2013,"45,128 km",Petrol,Manual,"EMI ₹15,675/m*",₹3.33 lakh
Maruti Vitara Brezza,Maruti,2018,"80,613 km",Diesel,Manual,"EMI ₹25,184/m*",₹5.35 lakh
Hyundai VENUE,Hyundai,2020,"68,470 km",Petrol,Manual,"EMI ₹11,986/m*",₹6.79 lakh
Maruti New Wagon-R,Maruti,2023,"21,416 km",Petrol,Manual,"EMI ₹8,473/m*",₹4.80 lakh
KIA SONET,KIA,2022,"45,737 km",Petrol,Manual,"EMI ₹13,593/m*",₹7.70 lakh
Mahindra XUV500,Mahindra,2017,"56,678 km",Diesel,Manual,"EMI ₹60,328/m*",₹6.79 lakh
Tata NEXON,Tata,2017,"1,21,332 km",Diesel,Manual,"EMI ₹38,560/m*",₹4.34 lakh
Maruti Grand Vitara,Maruti,2023,"18,965 km",Petrol,Manual,"EMI ₹16,266/m*",₹9.50 lakh
Hyundai Creta,Hyundai,2020,"51,768 km",Diesel,Manual,"EMI ₹23,416/m*",₹9.06 lakh
Honda CRV,Honda,2012,"1,64,470 km",Petrol,Auto,"EMI ₹23,012/m*",₹2.59 lakh
Tata PUNCH,Tata,2024,"51,897 km",Petrol,Manual,"EMI ₹10,980/m*",₹6.22 lakh
Hyundai VENUE,Hyundai,2019,"35,617 km",Petrol,Auto,"EMI ₹11,563/m*",₹6.55 lakh
Maruti New Wagon-R,Maruti,2021,"25,081 km",Petrol,Manual,"EMI ₹7,926/m*",₹4.49 lakh
Hyundai VENUE,Hyundai,2019,"59,507 km",Petrol,Auto,"EMI ₹11,474/m*",₹6.50 lakh
MG HECTOR PLUS,MG,2023,"30,001 km",Diesel,Manual,"EMI ₹31,009/m*",₹18.11 lakh
Hyundai Creta,Hyundai,2018,"1,67,734 km",Diesel,Auto,"EMI ₹20,721/m*",₹9.53 lakh
Hyundai Creta,Hyundai,2019,"93,772 km",Diesel,Manual,"EMI ₹21,423/m*",₹6.45 lakh
KIA SONET,KIA,2022,"44,538 km",Petrol,Manual,"EMI ₹13,575/m*",₹7.69 lakh
Maruti New Wagon-R,Maruti,2020,"76,969 km",Petrol,Manual,"EMI ₹6,426/m*",₹3.64 lakh
KIA CARENS,KIA,2023,"82,535 km",Diesel,Manual,"EMI ₹19,057/m*",₹11.13 lakh
Renault Duster,Renault,2016,"95,438 km",Diesel,Manual,"EMI ₹19,057/m*",₹3.19 lakh
Tata NEXON,Tata,2024,"4,148 km",Petrol,Manual,"EMI ₹15,205/m*",₹8.88 lakh
KIA SONET,KIA,2021,"1,19,429 km",Diesel,Manual,"EMI ₹21,090/m*",₹9.70 lakh
Mahindra SCORPIO-N,Mahindra,2023,"27,532 km",Petrol,Auto,"EMI ₹30,735/m*",₹17.95 lakh
KIA SONET,KIA,2020,"30,540 km",Diesel,Manual,"EMI ₹20,676/m*",₹8.00 lakh
Honda Amaze,Honda,2025,"3,247 km",Petrol,Manual,"EMI ₹15,410/m*",₹9.00 lakh
Tata Tiago,Tata,2018,"20,105 km",Petrol,Auto,"EMI ₹7,344/m*",₹4.16 lakh
Tata NEXON,Tata,2017,"67,915 km",Diesel,Manual,"EMI ₹42,203/m*",₹4.75 lakh
KIA SELTOS,KIA,2020,"50,563 km",Petrol,Auto,"EMI ₹16,095/m*",₹9.40 lakh
Maruti Vitara Brezza,Maruti,2017,"45,633 km",Diesel,Manual,"EMI ₹44,780/m*",₹5.04 lakh
Hyundai VENUE,Hyundai,2020,"93,777 km",Diesel,Manual,"EMI ₹18,197/m*",₹6.91 lakh
Hyundai Creta,Hyundai,2019,"1,19,532 km",Petrol,Manual,"EMI ₹15,126/m*",₹6.80 lakh
KIA SELTOS,KIA,2024,"33,974 km",Petrol,Manual,"EMI ₹22,807/m*",₹13.32 lakh
Hyundai Creta,Hyundai,2024,"27,807 km",Petrol,Manual,"EMI ₹17,893/m*",₹10.45 lakh
Mahindra Thar,Mahindra,2022,"75,666 km",Diesel,Auto,"EMI ₹25,487/m*",₹13.39 lakh
Toyota Corolla Altis,Toyota,2014,"85,920 km",Petrol,Manual,"EMI ₹11,725/m*",₹3.53 lakh
Maruti Ciaz,Maruti,2014,"1,03,924 km",Petrol,Manual,"EMI ₹9,964/m*",₹3.00 lakh
KIA SELTOS,KIA,2021,"1,25,903 km",Petrol,Manual,"EMI ₹22,656/m*",₹10.42 lakh
Tata ALTROZ,Tata,2023,"32,906 km",Petrol,Manual,"EMI ₹12,445/m*",₹7.05 lakh
KIA SONET,KIA,2020,"67,794 km",Petrol,Manual,"EMI ₹11,474/m*",₹6.50 lakh
Hyundai ALCAZAR,Hyundai,2022,"1,02,745 km",Diesel,Auto,"EMI ₹29,613/m*",₹13.62 lakh
Mahindra XUV700,Mahindra,2022,"37,565 km",Petrol,Manual,"EMI ₹23,150/m*",₹13.52 lakh
Tata Tiago,Tata,2022,"1,69,384 km",Petrol,Manual,"EMI ₹10,299/m*",₹4.63 lakh
KIA SONET,KIA,2022,"37,525 km",Petrol,Manual,"EMI ₹13,398/m*",₹7.59 lakh
Hyundai VENUE,Hyundai,2019,"27,648 km",Petrol,Manual,"EMI ₹10,645/m*",₹6.03 lakh
Tata TIAGO EV,Tata,2023,"54,653 km",Electric,Auto,"EMI ₹10,574/m*",₹5.99 lakh
Tata Safari,Tata,2021,"81,169 km",Diesel,Auto,"EMI ₹26,243/m*",₹12.07 lakh
Honda City,Honda,2015,"99,148 km",Petrol,Auto,"EMI ₹10,639/m*",₹4.04 lakh
Maruti Alto,Maruti,2021,"23,935 km",Petrol,Manual,"EMI ₹5,737/m*",₹3.25 lakh
Hyundai ALCAZAR,Hyundai,2024,"10,721 km",Petrol,Manual,"EMI ₹25,256/m*",₹14.75 lakh
Mahindra Thar,Mahindra,2017,"81,071 km",Diesel,Manual,"EMI ₹46,024/m*",₹5.18 lakh
Ford Ecosport,Ford,2019,"1,82,064 km",Diesel,Manual,"EMI ₹11,411/m*",₹5.13 lakh
KIA SONET,KIA,2021,"23,194 km",Petrol,Manual,"EMI ₹15,102/m*",₹8.82 lakh
Hyundai Creta,Hyundai,2016,"94,027 km",Petrol,Manual,"EMI ₹10,633/m*",₹4.78 lakh
Hyundai AURA,Hyundai,2022,"1,11,450 km",Petrol,Manual,"EMI ₹11,411/m*",₹5.13 lakh
Tata PUNCH,Tata,2023,"25,711 km",Petrol,Manual,"EMI ₹10,362/m*",₹5.87 lakh
Maruti Ciaz,Maruti,2022,"98,091 km",Petrol,Manual,"EMI ₹11,174/m*",₹6.33 lakh
Mahindra Thar,Mahindra,2021,"26,887 km",Diesel,Auto,"EMI ₹22,830/m*",₹10.50 lakh
Mahindra XUV500,Mahindra,2019,"1,11,404 km",Diesel,Auto,"EMI ₹31,658/m*",₹9.67 lakh
KIA SELTOS,KIA,2021,"52,329 km",Petrol,Auto,"EMI ₹20,975/m*",₹12.25 lakh
Maruti Ciaz,Maruti,2018,"47,625 km",Petrol,Auto,"EMI ₹9,815/m*",₹5.56 lakh
Maruti Vitara Brezza,Maruti,2018,"75,711 km",Diesel,Auto,"EMI ₹23,631/m*",₹5.02 lakh
Audi A4,Audi,2015,"45,664 km",Diesel,Auto,"EMI ₹23,631/m*",₹8.99 lakh
Tata Safari,Tata,2021,"63,123 km",Diesel,Manual,"EMI ₹23,917/m*",₹11.00 lakh
Ford Ecosport,Ford,2018,"1,40,914 km",Diesel,Manual,"EMI ₹19,159/m*",₹4.07 lakh
Mahindra Thar,Mahindra,2022,"18,741 km",Petrol,Manual,"EMI ₹19,006/m*",₹11.10 lakh
Tata Tiago,Tata,2024,"4,442 km",Petrol,Auto,"EMI ₹10,698/m*",₹6.06 lakh
Volkswagen Polo,Volkswagen,2022,"94,651 km",Petrol,Manual,"EMI ₹12,057/m*",₹6.83 lakh
Hyundai Creta,Hyundai,2018,"1,29,038 km",Diesel,Auto,"EMI ₹28,903/m*",₹6.14 lakh
Mahindra Bolero,Mahindra,2023,"60,310 km",Diesel,Manual,"EMI ₹13,240/m*",₹7.50 lakh
Maruti New Wagon-R,Maruti,2022,"69,299 km",Petrol,Manual,"EMI ₹7,714/m*",₹4.37 lakh
Maruti Ciaz,Maruti,2017,"1,12,770 km",Diesel,Manual,"EMI ₹33,229/m*",₹3.74 lakh
Mercedes Benz E Class,Mercedes,2011,"43,373 km",Petrol,Auto,"EMI ₹33,229/m*",₹5.50 lakh
Mahindra XUV500,Mahindra,2019,"97,306 km",Diesel,Manual,"EMI ₹24,579/m*",₹7.40 lakh
Toyota Innova Crysta,Toyota,2018,"1,85,571 km",Diesel,Manual,"EMI ₹67,442/m*",₹14.47 lakh
Maruti IGNIS,Maruti,2023,"21,584 km",Petrol,Manual,"EMI ₹9,938/m*",₹5.63 lakh
KIA SELTOS,KIA,2024,"22,505 km",Petrol,Auto,"EMI ₹23,321/m*",₹13.62 lakh
KIA SELTOS,KIA,2024,"23,442 km",Diesel,Manual,"EMI ₹25,324/m*",₹14.79 lakh
MG HECTOR,MG,2019,"86,035 km",Petrol,Manual,"EMI ₹13,698/m*",₹8.00 lakh
Hyundai Creta,Hyundai,2020,"66,650 km",Diesel,Manual,"EMI ₹22,770/m*",₹8.81 lakh
Tata Safari,Tata,2022,"64,710 km",Diesel,Auto,"EMI ₹29,750/m*",₹15.63 lakh
KIA SONET,KIA,2021,"62,988 km",Petrol,Auto,"EMI ₹14,314/m*",₹8.36 lakh
Toyota Corolla Altis,Toyota,2014,"1,04,056 km",Petrol,Manual,"EMI ₹11,094/m*",₹3.34 lakh
Ford Figo Aspire,Ford,2016,"1,97,632 km",Petrol,Manual,"EMI ₹5,561/m*",₹2.50 lakh
KIA SONET,KIA,2020,"37,496 km",Petrol,Manual,"EMI ₹13,504/m*",₹7.65 lakh
KIA SONET,KIA,2021,"62,789 km",Petrol,Manual,"EMI ₹13,818/m*",₹8.07 lakh
Toyota Corolla Altis,Toyota,2014,"74,668 km",Petrol,Auto,"EMI ₹15,212/m*",₹4.58 lakh
Maruti Vitara Brezza,Maruti,2019,"94,130 km",Diesel,Manual,"EMI ₹16,574/m*",₹4.99 lakh
Hyundai Creta,Hyundai,2019,"67,254 km",Diesel,Manual,"EMI ₹24,114/m*",₹7.26 lakh
Hyundai VENUE,Hyundai,2020,"86,747 km",Petrol,Manual,"EMI ₹12,357/m*",₹7.00 lakh
Maruti Ciaz,Maruti,2019,"52,192 km",Petrol,Manual,"EMI ₹9,833/m*",₹5.57 lakh
Ford Ecosport,Ford,2019,"1,40,829 km",Diesel,Manual,"EMI ₹15,046/m*",₹4.53 lakh
Maruti BREZZA,Maruti,2023,"14,154 km",Petrol,Manual,"EMI ₹13,946/m*",₹7.90 lakh
KIA SELTOS,KIA,2022,"1,37,495 km",Diesel,Auto,"EMI ₹28,548/m*",₹13.13 lakh
Hyundai Creta,Hyundai,2021,"36,793 km",Petrol,Auto,"EMI ₹21,900/m*",₹12.79 lakh
Honda CRV,Honda,2011,"1,35,581 km",Petrol,Auto,"EMI ₹21,900/m*",₹6.39 lakh
Renault Duster,Renault,2018,"1,37,800 km",Diesel,Auto,"EMI ₹21,183/m*",₹4.50 lakh
Hyundai VENUE,Hyundai,2020,"81,371 km",Petrol,Auto,"EMI ₹11,121/m*",₹6.30 lakh
Maruti BREZZA,Maruti,2024,"7,361 km",Petrol,Manual,"EMI ₹15,410/m*",₹9.00 lakh
Hyundai Creta,Hyundai,2023,"34,002 km",Petrol,Manual,"EMI ₹16,540/m*",₹9.66 lakh
Hyundai Verna,Hyundai,2018,"30,195 km",Petrol,Manual,"EMI ₹12,551/m*",₹7.11 lakh
Mahindra XUV700,Mahindra,2025,378 km,Petrol,Manual,"EMI ₹24,023/m*",₹14.03 lakh
Hyundai Creta,Hyundai,2019,"45,920 km",Petrol,Manual,"EMI ₹13,240/m*",₹7.50 lakh
Hyundai Creta,Hyundai,2018,"81,167 km",Diesel,Manual,"EMI ₹29,656/m*",₹6.30 lakh
Maruti JIMNY,Maruti,2023,"8,931 km",Petrol,Manual,"EMI ₹17,140/m*",₹10.01 lakh
Maruti FRONX,Maruti,2024,"34,384 km",Petrol,Manual,"EMI ₹13,857/m*",₹7.85 lakh
Maruti Ciaz,Maruti,2019,"60,432 km",Petrol,Manual,"EMI ₹10,945/m*",₹6.20 lakh
Toyota Corolla Altis,Toyota,2016,"88,162 km",Petrol,Auto,"EMI ₹12,613/m*",₹5.67 lakh
Hyundai Creta,Hyundai,2023,"8,417 km",Petrol,Manual,"EMI ₹18,098/m*",₹10.57 lakh
KIA SELTOS,KIA,2021,"1,09,086 km",Diesel,Manual,"EMI ₹18,481/m*",₹8.50 lakh
Hyundai VENUE,Hyundai,2023,"16,574 km",Petrol,Manual,"EMI ₹13,955/m*",₹8.15 lakh
Mahindra XUV700,Mahindra,2023,"46,752 km",Petrol,Auto,"EMI ₹26,540/m*",₹15.50 lakh
Hyundai VENUE,Hyundai,2020,"47,060 km",Petrol,Manual,"EMI ₹10,945/m*",₹6.20 lakh
Honda WR-V,Honda,2017,"1,51,961 km",Petrol,Manual,"EMI ₹8,141/m*",₹3.66 lakh
Hyundai Creta,Hyundai,2020,"46,058 km",Diesel,Manual,"EMI ₹23,003/m*",₹8.90 lakh
Toyota Corolla Altis,Toyota,2015,"1,08,367 km",Petrol,Auto,"EMI ₹10,665/m*",₹4.05 lakh
Hyundai Creta,Hyundai,2018,"98,458 km",Diesel,Manual,"EMI ₹30,598/m*",₹6.50 lakh
KIA SELTOS,KIA,2020,"5,045 km",Diesel,Auto,"EMI ₹25,070/m*",₹9.70 lakh
Maruti Vitara Brezza,Maruti,2018,"1,66,601 km",Diesel,Manual,"EMI ₹21,324/m*",₹4.53 lakh
Maruti Grand Vitara,Maruti,2023,"67,682 km",Petrol,Manual,"EMI ₹16,951/m*",₹9.90 lakh
Maruti Vitara Brezza,Maruti,2018,"1,25,858 km",Diesel,Manual,"EMI ₹23,396/m*",₹4.97 lakh
Hyundai Creta,Hyundai,2022,"26,634 km",Petrol,Manual,"EMI ₹18,663/m*",₹10.90 lakh
Maruti FRONX,Maruti,2024,"48,943 km",Petrol,Auto,"EMI ₹12,816/m*",₹7.26 lakh
Hyundai Verna,Hyundai,2018,"73,490 km",Petrol,Manual,"EMI ₹12,022/m*",₹6.81 lakh
KIA CARENS,KIA,2022,"52,108 km",Petrol,Auto,"EMI ₹20,067/m*",₹11.72 lakh
Maruti XL6,Maruti,2019,"1,11,605 km",Petrol,Manual,"EMI ₹16,683/m*",₹7.50 lakh
Hyundai Creta,Hyundai,2018,"17,120 km",Petrol,Auto,"EMI ₹16,146/m*",₹9.43 lakh
Maruti IGNIS,Maruti,2021,"68,966 km",Petrol,Manual,"EMI ₹6,214/m*",₹3.52 lakh
Hyundai Creta,Hyundai,2016,"78,805 km",Petrol,Manual,"EMI ₹13,814/m*",₹6.21 lakh
Jeep Compass,Jeep,2019,"58,748 km",Petrol,Manual,"EMI ₹14,451/m*",₹8.44 lakh
Maruti Celerio,Maruti,2022,"39,510 km",Petrol,Manual,"EMI ₹8,261/m*",₹4.68 lakh
Maruti Ciaz,Maruti,2019,"4,30,000 km",Petrol,Manual,"EMI ₹10,766/m*",₹4.84 lakh
Maruti Vitara Brezza,Maruti,2019,"70,123 km",Diesel,Manual,"EMI ₹15,544/m*",₹4.68 lakh
Maruti Vitara Brezza,Maruti,2018,"1,07,979 km",Diesel,Manual,"EMI ₹24,431/m*",₹5.19 lakh
KIA SELTOS,KIA,2023,"40,262 km",Diesel,Manual,"EMI ₹25,375/m*",₹14.82 lakh
Toyota Innova Crysta,Toyota,2016,"3,75,247 km",Diesel,Manual,"EMI ₹25,375/m*",₹10.29 lakh
Maruti Swift,Maruti,2023,"63,011 km",Petrol,Manual,"EMI ₹10,486/m*",₹5.94 lakh
Honda City,Honda,2021,"41,427 km",Petrol,Manual,"EMI ₹14,434/m*",₹8.43 lakh
Nissan Kicks,Nissan,2019,"37,189 km",Diesel,Manual,"EMI ₹23,117/m*",₹6.96 lakh
Audi A6,Audi,2011,"24,418 km",Petrol,Auto,"EMI ₹23,117/m*",₹7.33 lakh
MG HECTOR,MG,2021,"37,035 km",Petrol,Auto,"EMI ₹18,184/m*",₹10.62 lakh
KIA SONET,KIA,2021,"67,872 km",Petrol,Manual,"EMI ₹14,016/m*",₹7.94 lakh
Tata NEXON,Tata,2019,"1,47,607 km",Diesel,Manual,"EMI ₹14,282/m*",₹4.30 lakh
Hyundai VENUE,Hyundai,2021,"18,647 km",Petrol,Manual,"EMI ₹13,063/m*",₹7.40 lakh
Maruti S PRESSO,Maruti,2022,"11,431 km",Petrol,Manual,"EMI ₹6,743/m*",₹3.82 lakh
Skoda Superb,Skoda,2016,"97,957 km",Petrol,Auto,"EMI ₹17,394/m*",₹8.00 lakh
Hyundai Creta,Hyundai,2022,"27,949 km",Petrol,Manual,"EMI ₹18,407/m*",₹10.75 lakh
Maruti Baleno,Maruti,2019,"58,421 km",Petrol,Manual,"EMI ₹7,096/m*",₹4.02 lakh
KIA SELTOS,KIA,2022,"40,595 km",Petrol,Manual,"EMI ₹17,996/m*",₹10.51 lakh
Maruti Ertiga,Maruti,2021,"71,903 km",Petrol,Manual,"EMI ₹14,965/m*",₹8.74 lakh
KIA SELTOS,KIA,2024,"21,270 km",Diesel,Auto,"EMI ₹28,817/m*",₹16.83 lakh
Hyundai Creta,Hyundai,2019,"86,506 km",Petrol,Manual,"EMI ₹12,110/m*",₹6.86 lakh
Mahindra XUV500,Mahindra,2019,"47,398 km",Diesel,Manual,"EMI ₹32,739/m*",₹10.00 lakh
Mahindra Scorpio,Mahindra,2022,"58,751 km",Diesel,Manual,"EMI ₹24,744/m*",₹13.00 lakh
Maruti Vitara Brezza,Maruti,2019,"85,595 km",Diesel,Auto,"EMI ₹18,733/m*",₹5.64 lakh
MG HECTOR,MG,2020,"77,499 km",Petrol,Manual,"EMI ₹19,434/m*",₹11.35 lakh
KIA SELTOS,KIA,2023,"91,958 km",Diesel,Manual,"EMI ₹17,927/m*",₹10.47 lakh
KIA SELTOS,KIA,2020,"54,997 km",Petrol,Auto,"EMI ₹16,866/m*",₹9.85 lakh
Maruti Grand Vitara,Maruti,2023,"74,602 km",Petrol,Manual,"EMI ₹19,434/m*",₹11.35 lakh
Mahindra XUV300,Mahindra,2019,"1,07,006 km",Diesel,Manual,"EMI ₹16,408/m*",₹4.94 lakh
KIA SONET,KIA,2022,"1,06,454 km",Diesel,Manual,"EMI ₹16,528/m*",₹7.43 lakh
Ford Ecosport,Ford,2020,"1,16,264 km",Diesel,Manual,"EMI ₹14,905/m*",₹5.66 lakh
Hyundai Creta,Hyundai,2020,"39,767 km",Petrol,Manual,"EMI ₹17,910/m*",₹10.46 lakh
Maruti Ertiga,Maruti,2021,"85,756 km",Petrol,Manual,"EMI ₹15,068/m*",₹8.80 lakh
Maruti IGNIS,Maruti,2021,"80,895 km",Petrol,Manual,"EMI ₹7,061/m*",₹4.00 lakh
Hyundai Creta,Hyundai,2019,"49,044 km",Petrol,Auto,"EMI ₹13,869/m*",₹8.10 lakh
Toyota Glanza,Toyota,2019,"62,129 km",Petrol,Manual,"EMI ₹8,897/m*",₹5.04 lakh
Maruti Celerio,Maruti,2022,"1,01,824 km",Petrol,Manual,"EMI ₹8,564/m*",₹3.85 lakh
KIA SELTOS,KIA,2020,"89,166 km",Petrol,Auto,"EMI ₹18,646/m*",₹10.89 lakh
Honda City,Honda,2022,"67,414 km",Petrol,Auto,"EMI ₹15,427/m*",₹9.01 lakh
KIA SELTOS,KIA,2020,"91,315 km",Petrol,Auto,"EMI ₹15,410/m*",₹9.00 lakh
Hyundai Creta,Hyundai,2018,"57,855 km",Diesel,Manual,"EMI ₹29,138/m*",₹6.19 lakh
KIA SELTOS,KIA,2023,"84,626 km",Diesel,Manual,"EMI ₹18,064/m*",₹10.55 lakh
Skoda Octavia,Skoda,2013,"72,538 km",Petrol,Auto,"EMI ₹18,641/m*",₹3.96 lakh
Mahindra XUV500,Mahindra,2019,"84,595 km",Diesel,Manual,"EMI ₹34,736/m*",₹10.61 lakh
Mahindra Thar,Mahindra,2023,"19,344 km",Petrol,Auto,"EMI ₹23,372/m*",₹13.65 lakh
Hyundai VENUE,Hyundai,2021,"53,385 km",Petrol,Manual,"EMI ₹11,880/m*",₹6.73 lakh
KIA SELTOS,KIA,2024,"73,450 km",Diesel,Auto,"EMI ₹23,680/m*",₹13.83 lakh
Toyota Camry,Toyota,2017,"82,359 km",Hybrid,Auto,"EMI ₹25,962/m*",₹13.64 lakh
Tata NEXON,Tata,2021,"72,143 km",Petrol,Auto,"EMI ₹11,033/m*",₹6.25 lakh
Hyundai NEW I20 N LINE,Hyundai,2023,"16,725 km",Petrol,Auto,"EMI ₹14,897/m*",₹8.70 lakh
Hyundai VENUE,Hyundai,2022,"19,137 km",Petrol,Manual,"EMI ₹14,034/m*",₹7.95 lakh
Maruti BREZZA,Maruti,2023,"26,568 km",Petrol,Manual,"EMI ₹13,769/m*",₹7.80 lakh
KIA SELTOS,KIA,2022,"96,128 km",Diesel,Manual,"EMI ₹24,154/m*",₹12.69 lakh
Tata NEXON,Tata,2022,"91,020 km",Diesel,Manual,"EMI ₹13,685/m*",₹7.00 lakh
Mahindra SCORPIO CLASSIC,Mahindra,2022,"55,565 km",Diesel,Manual,"EMI ₹20,462/m*",₹10.75 lakh
KIA SONET,KIA,2023,"53,386 km",Diesel,Manual,"EMI ₹14,554/m*",₹8.50 lakh
KIA SONET,KIA,2021,"43,763 km",Petrol,Auto,"EMI ₹14,640/m*",₹8.55 lakh
MG HECTOR PLUS,MG,2021,"38,008 km",Petrol,Auto,"EMI ₹26,095/m*",₹15.24 lakh
KIA SELTOS,KIA,2020,"1,06,961 km",Petrol,Manual,"EMI ₹17,017/m*",₹7.65 lakh
Maruti Grand Vitara,Maruti,2022,"90,256 km",Hybrid,Auto,"EMI ₹20,461/m*",₹11.95 lakh
KIA SELTOS,KIA,2021,"73,300 km",Petrol,Manual,"EMI ₹17,550/m*",₹10.25 lakh
Skoda Rapid,Skoda,2019,"1,18,084 km",Diesel,Manual,"EMI ₹24,213/m*",₹7.29 lakh
Volkswagen TAIGUN,Volkswagen,2024,"21,403 km",Petrol,Manual,"EMI ₹17,893/m*",₹10.45 lakh
Tata Hexa,Tata,2017,"59,449 km",Diesel,Auto,"EMI ₹44,424/m*",₹5.00 lakh
Mahindra Bolero,Mahindra,2019,"64,867 km",Diesel,Manual,"EMI ₹19,929/m*",₹6.00 lakh
Mahindra Thar,Mahindra,2021,"47,697 km",Petrol,Manual,"EMI ₹18,595/m*",₹10.86 lakh
Jeep Compass,Jeep,2018,"83,092 km",Diesel,Manual,"EMI ₹29,845/m*",₹6.34 lakh
KIA SELTOS,KIA,2020,"40,422 km",Petrol,Manual,"EMI ₹14,160/m*",₹8.27 lakh
Tata Tiago,Tata,2021,"45,002 km",Petrol,Manual,"EMI ₹7,132/m*",₹4.04 lakh
KIA SONET,KIA,2022,"82,678 km",Diesel,Manual,"EMI ₹17,378/m*",₹9.13 lakh
MG HECTOR PLUS,MG,2021,"44,743 km",Petrol,Manual,"EMI ₹17,516/m*",₹10.23 lakh
MG ASTOR,MG,2022,"97,152 km",Petrol,Auto,"EMI ₹15,616/m*",₹9.12 lakh
Hyundai Grand i10,Hyundai,2019,"71,190 km",Petrol,Manual,"EMI ₹6,532/m*",₹3.70 lakh
Mahindra XUV700,Mahindra,2022,"33,641 km",Petrol,Auto,"EMI ₹27,961/m*",₹16.33 lakh
Renault Duster,Renault,2017,"1,70,101 km",Petrol,Manual,"EMI ₹7,585/m*",₹3.41 lakh
Mahindra XUV700,Mahindra,2024,"6,774 km",Petrol,Manual,"EMI ₹23,098/m*",₹13.49 lakh
Skoda Superb,Skoda,2016,"1,47,655 km",Petrol,Auto,"EMI ₹16,683/m*",₹7.50 lakh
Tata ALTROZ,Tata,2022,"22,199 km",Petrol,Auto,"EMI ₹12,533/m*",₹7.10 lakh
KIA SONET,KIA,2023,"33,818 km",Petrol,Manual,"EMI ₹14,777/m*",₹8.63 lakh
Maruti BREZZA,Maruti,2023,"33,815 km",Petrol,Manual,"EMI ₹15,188/m*",₹8.87 lakh
Mahindra MARAZZO,Mahindra,2018,"95,129 km",Diesel,Manual,"EMI ₹18,688/m*",₹3.97 lakh
KIA SELTOS,KIA,2019,"1,46,884 km",Diesel,Manual,"EMI ₹26,372/m*",₹7.94 lakh
KIA SONET,KIA,2023,"22,318 km",Petrol,Manual,"EMI ₹14,040/m*",₹8.20 lakh
Tata Safari,Tata,2021,"77,577 km",Diesel,Auto,"EMI ₹27,113/m*",₹12.47 lakh
Mahindra XUV700,Mahindra,2025,506 km,Petrol,Manual,"EMI ₹24,023/m*",₹14.03 lakh
Hyundai VENUE,Hyundai,2022,"92,732 km",Diesel,Manual,"EMI ₹15,760/m*",₹8.28 lakh
CITROEN C5 AIRCROSS,CITROEN,2022,"42,445 km",Diesel,Auto,"EMI ₹28,932/m*",₹15.20 lakh
MG HECTOR PLUS,MG,2023,"11,176 km",Petrol,Auto,"EMI ₹30,067/m*",₹17.56 lakh
Maruti Ciaz,Maruti,2014,"1,34,832 km",Petrol,Manual,"EMI ₹9,499/m*",₹2.86 lakh
Mahindra XUV300,Mahindra,2019,"81,105 km",Diesel,Manual,"EMI ₹18,666/m*",₹5.62 lakh
KIA SELTOS,KIA,2022,"52,064 km",Diesel,Manual,"EMI ₹19,034/m*",₹10.00 lakh
Maruti S Cross,Maruti,2018,"74,362 km",Diesel,Manual,"EMI ₹30,739/m*",₹6.53 lakh
KIA SELTOS,KIA,2020,"34,663 km",Petrol,Manual,"EMI ₹16,095/m*",₹9.40 lakh
Jeep Compass,Jeep,2019,"17,085 km",Diesel,Manual,"EMI ₹36,013/m*",₹11.00 lakh
Hyundai VENUE,Hyundai,2019,"25,549 km",Petrol,Auto,"EMI ₹12,692/m*",₹7.19 lakh
KIA SONET,KIA,2022,"64,292 km",Petrol,Manual,"EMI ₹13,240/m*",₹7.50 lakh
KIA SELTOS,KIA,2019,"28,999 km",Diesel,Manual,"EMI ₹31,953/m*",₹9.76 lakh
Toyota Glanza,Toyota,2024,"21,079 km",Petrol,Manual,"EMI ₹13,398/m*",₹7.59 lakh
Mahindra XUV 3XO,Mahindra,2024,"15,317 km",Petrol,Manual,"EMI ₹14,982/m*",₹8.75 lakh
Tata Safari,Tata,2021,"47,501 km",Diesel,Auto,"EMI ₹29,352/m*",₹13.50 lakh
KIA SELTOS,KIA,2020,"25,440 km",Petrol,Manual,"EMI ₹14,520/m*",₹8.48 lakh
Maruti S Cross,Maruti,2018,"1,25,828 km",Diesel,Manual,"EMI ₹24,478/m*",₹5.20 lakh
KIA SELTOS,KIA,2022,"76,898 km",Diesel,Manual,"EMI ₹19,586/m*",₹10.29 lakh
Tata Safari,Tata,2022,"67,038 km",Diesel,Manual,"EMI ₹23,602/m*",₹12.40 lakh
Hyundai Creta,Hyundai,2016,"76,276 km",Petrol,Auto,"EMI ₹14,882/m*",₹6.69 lakh
Mahindra Thar,Mahindra,2022,"37,590 km",Diesel,Auto,"EMI ₹24,173/m*",₹12.70 lakh
Mahindra XUV300,Mahindra,2019,"65,060 km",Diesel,Manual,"EMI ₹17,271/m*",₹5.20 lakh
KIA SONET,KIA,2021,"55,358 km",Diesel,Manual,"EMI ₹18,481/m*",₹8.50 lakh
MG HECTOR,MG,2024,"10,528 km",Petrol,Auto,"EMI ₹26,934/m*",₹15.73 lakh
Maruti Baleno,Maruti,2024,"3,553 km",Petrol,Auto,"EMI ₹14,280/m*",₹8.34 lakh
MG COMET,MG,2023,"13,795 km",Electric,Auto,"EMI ₹11,916/m*",₹6.75 lakh
Maruti Baleno,Maruti,2019,"60,418 km",Petrol,Manual,"EMI ₹8,544/m*",₹4.84 lakh
Maruti XL6,Maruti,2024,"22,666 km",Petrol,Auto,"EMI ₹21,985/m*",₹12.84 lakh
Tata Harrier,Tata,2019,"60,357 km",Diesel,Manual,"EMI ₹26,191/m*",₹8.00 lakh
Mahindra BOLERO NEO,Mahindra,2024,"13,252 km",Diesel,Manual,"EMI ₹15,410/m*",₹9.00 lakh
KIA SELTOS,KIA,2020,"1,05,855 km",Diesel,Auto,"EMI ₹28,689/m*",₹11.10 lakh
Mahindra XUV300,Mahindra,2023,"11,353 km",Petrol,Auto,"EMI ₹16,609/m*",₹9.70 lakh
MG HECTOR PLUS,MG,2023,"6,449 km",Petrol,Auto,"EMI ₹33,389/m*",₹19.50 lakh
KIA SELTOS,KIA,2022,"60,839 km",Petrol,Manual,"EMI ₹20,906/m*",₹12.21 lakh
Tata NEXON,Tata,2022,"1,29,956 km",Diesel,Auto,"EMI ₹17,633/m*",₹8.11 lakh
Tata Safari,Tata,2021,"78,551 km",Diesel,Auto,"EMI ₹27,293/m*",₹15.94 lakh
Toyota URBAN CRUISER HYRYDER,Toyota,2024,"54,664 km",Petrol,Manual,"EMI ₹21,403/m*",₹12.50 lakh
KIA SELTOS,KIA,2023,"26,451 km",Diesel,Manual,"EMI ₹23,441/m*",₹13.69 lakh
MG HECTOR,MG,2021,"40,964 km",Petrol,Auto,"EMI ₹19,691/m*",₹11.50 lakh
MG ASTOR,MG,2022,"38,022 km",Petrol,Manual,"EMI ₹15,393/m*",₹8.99 lakh
Maruti XL6,Maruti,2024,"29,315 km",Petrol,Manual,"EMI ₹19,502/m*",₹11.39 lakh
Mahindra XUV300,Mahindra,2021,"1,10,463 km",Petrol,Manual,"EMI ₹11,345/m*",₹5.10 lakh
KIA SONET,KIA,2021,"1,99,271 km",Diesel,Auto,"EMI ₹17,394/m*",₹8.00 lakh
Jeep Compass,Jeep,2021,"47,479 km",Petrol,Manual,"EMI ₹21,831/m*",₹12.75 lakh
Tata Hexa,Tata,2018,"79,469 km",Diesel,Auto,"EMI ₹38,079/m*",₹8.17 lakh
KIA SELTOS,KIA,2022,"53,660 km",Petrol,Manual,"EMI ₹15,410/m*",₹9.00 lakh
Hyundai Creta,Hyundai,2022,"66,144 km",Petrol,Manual,"EMI ₹16,266/m*",₹9.50 lakh
Maruti Swift Dzire,Maruti,2018,"1,10,801 km",Petrol,Manual,"EMI ₹7,763/m*",₹3.49 lakh
KIA SONET,KIA,2022,"30,026 km",Petrol,Auto,"EMI ₹16,609/m*",₹9.70 lakh
ISUZU MU-X,ISUZU,2017,"1,98,239 km",Diesel,Auto,"EMI ₹102,965/m*",₹11.65 lakh
MG HECTOR,MG,2020,"26,711 km",Petrol,Auto,"EMI ₹17,636/m*",₹10.30 lakh
Tata PUNCH,Tata,2025,"5,981 km",Petrol,Manual,"EMI ₹13,886/m*",₹8.11 lakh
KIA SONET,KIA,2022,"58,609 km",Petrol,Manual,"EMI ₹13,681/m*",₹7.75 lakh
MG HECTOR,MG,2020,"50,599 km",Petrol,Auto,"EMI ₹23,064/m*",₹13.47 lakh
Tata Harrier,Tata,2023,"88,382 km",Diesel,Manual,"EMI ₹23,800/m*",₹13.90 lakh
MG HECTOR PLUS,MG,2023,"57,382 km",Petrol,Auto,"EMI ₹26,540/m*",₹15.50 lakh
MG HECTOR,MG,2019,"1,48,288 km",Diesel,Manual,"EMI ₹24,911/m*",₹7.50 lakh
Hyundai Creta,Hyundai,2019,"51,388 km",Petrol,Auto,"EMI ₹13,698/m*",₹8.00 lakh
Tata Harrier,Tata,2021,"60,002 km",Diesel,Manual,"EMI ₹21,742/m*",₹10.00 lakh
Hyundai Creta,Hyundai,2018,"91,702 km",Diesel,Manual,"EMI ₹27,303/m*",₹5.80 lakh
KIA SELTOS,KIA,2019,"99,103 km",Petrol,Auto,"EMI ₹14,263/m*",₹8.33 lakh
KIA SELTOS,KIA,2022,"24,100 km",Petrol,Manual,"EMI ₹18,235/m*",₹10.65 lakh
Mahindra XUV700,Mahindra,2024,"31,787 km",Petrol,Manual,"EMI ₹25,684/m*",₹15.00 lakh
Mercedes Benz C Class,Mercedes,2015,"97,670 km",Petrol,Auto,"EMI ₹41,947/m*",₹16.23 lakh
Volkswagen TAIGUN,Volkswagen,2022,"1,05,067 km",Petrol,Manual,"EMI ₹22,090/m*",₹10.16 lakh
Toyota Innova Crysta,Toyota,2020,"24,795 km",Petrol,Manual,"EMI ₹22,037/m*",₹12.87 lakh
Maruti Ertiga,Maruti,2021,"1,06,344 km",Petrol,Manual,"EMI ₹17,573/m*",₹7.90 lakh
Hyundai GRAND I10 NIOS,Hyundai,2024,"21,520 km",Petrol,Manual,"EMI ₹9,709/m*",₹5.50 lakh
Mahindra SCORPIO-N,Mahindra,2024,"59,776 km",Diesel,Auto,"EMI ₹36,711/m*",₹21.44 lakh
Hyundai Creta,Hyundai,2019,"79,663 km",Diesel,Manual,"EMI ₹32,739/m*",₹10.00 lakh
KIA SONET,KIA,2023,"31,290 km",Petrol,Manual,"EMI ₹14,914/m*",₹8.71 lakh
Hyundai GRAND I10 NIOS,Hyundai,2025,"1,346 km",Petrol,Auto,"EMI ₹12,798/m*",₹7.25 lakh
Hyundai EXTER,Hyundai,2025,"7,466 km",Petrol,Auto,"EMI ₹13,869/m*",₹8.10 lakh
Toyota Innova Crysta,Toyota,2018,"81,793 km",Diesel,Manual,"EMI ₹48,565/m*",₹10.42 lakh
Mahindra XUV300,Mahindra,2019,"39,381 km",Diesel,Manual,"EMI ₹19,895/m*",₹5.99 lakh
MG HECTOR,MG,2021,"17,627 km",Petrol,Manual,"EMI ₹19,160/m*",₹11.19 lakh
MG HECTOR PLUS,MG,2023,"24,268 km",Petrol,Auto,"EMI ₹30,529/m*",₹17.83 lakh
KIA SELTOS,KIA,2019,"1,66,224 km",Diesel,Manual,"EMI ₹29,825/m*",₹9.11 lakh
Maruti XL6,Maruti,2024,"17,295 km",Petrol,Manual,"EMI ₹19,160/m*",₹11.19 lakh
Mahindra XUV500,Mahindra,2019,"80,500 km",Diesel,Manual,"EMI ₹24,911/m*",₹7.50 lakh
KIA SELTOS,KIA,2022,"21,860 km",Petrol,Manual,"EMI ₹18,287/m*",₹10.68 lakh
KIA SONET,KIA,2024,"15,117 km",Petrol,Manual,"EMI ₹15,119/m*",₹8.83 lakh
KIA SELTOS,KIA,2019,"57,952 km",Petrol,Manual,"EMI ₹13,240/m*",₹7.50 lakh
KIA SONET,KIA,2025,"12,402 km",Diesel,Manual,"EMI ₹17,636/m*",₹10.30 lakh
Hyundai Creta,Hyundai,2018,"37,053 km",Diesel,Auto,"EMI ₹40,409/m*",₹8.67 lakh
KIA SELTOS,KIA,2020,"1,00,589 km",Petrol,Auto,"EMI ₹20,655/m*",₹9.50 lakh
Mahindra XUV300,Mahindra,2022,"59,098 km",Diesel,Manual,"EMI ₹15,523/m*",₹7.94 lakh
Hyundai EXTER,Hyundai,2023,"49,325 km",Petrol,Manual,"EMI ₹13,134/m*",₹7.44 lakh
Mercedes Benz E Class,Mercedes,2016,"55,938 km",Diesel,Auto,"EMI ₹33,573/m*",₹12.99 lakh
Hyundai VENUE,Hyundai,2021,"53,320 km",Petrol,Manual,"EMI ₹11,492/m*",₹6.51 lakh
KIA SONET,KIA,2022,"70,733 km",Diesel,Auto,"EMI ₹16,575/m*",₹9.68 lakh
Honda City,Honda,2022,"66,700 km",Petrol,Manual,"EMI ₹16,266/m*",₹9.50 lakh
Jeep Compass,Jeep,2021,"44,593 km",Petrol,Auto,"EMI ₹27,567/m*",₹16.10 lakh
Tata Hexa,Tata,2017,"91,576 km",Diesel,Auto,"EMI ₹52,598/m*",₹5.92 lakh
Maruti Vitara Brezza,Maruti,2022,"6,893 km",Petrol,Manual,"EMI ₹13,787/m*",₹7.81 lakh
Mahindra XUV300,Mahindra,2019,"1,02,432 km",Diesel,Manual,"EMI ₹14,780/m*",₹4.45 lakh
KIA SONET,KIA,2021,"21,193 km",Petrol,Auto,"EMI ₹13,903/m*",₹8.12 lakh
Hyundai VENUE,Hyundai,2023,"21,290 km",Petrol,Auto,"EMI ₹17,448/m*",₹10.19 lakh
Ford Ecosport,Ford,2017,"1,21,766 km",Diesel,Manual,"EMI ₹36,161/m*",₹4.07 lakh
Tata Tiago,Tata,2025,"1,568 km",Petrol,Auto,"EMI ₹10,998/m*",₹6.23 lakh
Tata Safari,Tata,2024,"29,507 km",Diesel,Auto,"EMI ₹28,184/m*",₹16.46 lakh
Maruti Eeco,Maruti,2024,"12,313 km",Petrol,Manual,"EMI ₹10,945/m*",₹6.20 lakh
Hyundai Creta,Hyundai,2021,"81,232 km",Diesel,Auto,"EMI ₹26,091/m*",₹12.00 lakh
Maruti Vitara Brezza,Maruti,2017,"41,437 km",Diesel,Manual,"EMI ₹38,383/m*",₹4.32 lakh
BMW X1,BMW,2018,"1,35,511 km",Diesel,Auto,"EMI ₹34,657/m*",₹15.94 lakh
Skoda Superb,Skoda,2019,"95,898 km",Petrol,Auto,"EMI ₹23,115/m*",₹13.50 lakh
Tata Safari,Tata,2022,"22,743 km",Diesel,Manual,"EMI ₹28,513/m*",₹14.98 lakh
KIA SELTOS,KIA,2022,"40,672 km",Petrol,Auto,"EMI ₹21,454/m*",₹12.53 lakh
MG HECTOR,MG,2019,"1,32,139 km",Petrol,Manual,"EMI ₹19,003/m*",₹8.74 lakh
Maruti Ertiga,Maruti,2021,"1,33,000 km",Petrol,Manual,"EMI ₹19,394/m*",₹8.92 lakh
Tata Safari,Tata,2022,"38,209 km",Diesel,Auto,"EMI ₹28,018/m*",₹14.72 lakh
KIA SELTOS,KIA,2024,"42,111 km",Diesel,Manual,"EMI ₹20,650/m*",₹12.06 lakh
KIA SELTOS,KIA,2019,"1,31,022 km",Diesel,Manual,"EMI ₹26,306/m*",₹7.92 lakh
KIA SELTOS,KIA,2020,"1,06,504 km",Diesel,Manual,"EMI ₹21,478/m*",₹8.31 lakh
Hyundai Creta,Hyundai,2021,"80,480 km",Petrol,Manual,"EMI ₹15,872/m*",₹9.27 lakh
MG HECTOR,MG,2019,"1,01,335 km",Petrol,Auto,"EMI ₹24,373/m*",₹11.21 lakh
KIA SONET,KIA,2023,"40,554 km",Petrol,Auto,"EMI ₹15,513/m*",₹9.06 lakh
Tata Harrier,Tata,2019,"1,29,150 km",Diesel,Manual,"EMI ₹27,173/m*",₹8.30 lakh
Mahindra Scorpio,Mahindra,2017,"61,737 km",Diesel,Manual,"EMI ₹63,882/m*",₹7.19 lakh
KIA SELTOS,KIA,2021,"85,146 km",Petrol,Manual,"EMI ₹14,879/m*",₹8.69 lakh
Mahindra XUV300,Mahindra,2019,"24,759 km",Petrol,Manual,"EMI ₹10,239/m*",₹5.80 lakh
Tata Safari,Tata,2021,"45,314 km",Diesel,Auto,"EMI ₹28,830/m*",₹13.26 lakh
Mahindra SCORPIO CLASSIC,Mahindra,2023,"49,448 km",Diesel,Manual,"EMI ₹23,971/m*",₹14.00 lakh
Maruti IGNIS,Maruti,2021,"67,683 km",Petrol,Manual,"EMI ₹6,955/m*",₹3.94 lakh
Tata Harrier,Tata,2023,"49,350 km",Diesel,Auto,"EMI ₹26,146/m*",₹15.27 lakh
KIA SELTOS,KIA,2020,"49,453 km",Diesel,Auto,"EMI ₹17,585/m*",₹10.27 lakh
Tata Hexa,Tata,2017,"1,20,465 km",Diesel,Manual,"EMI ₹57,752/m*",₹6.50 lakh
Volkswagen TAIGUN,Volkswagen,2023,"60,828 km",Petrol,Auto,"EMI ₹17,550/m*",₹10.25 lakh
KIA SELTOS,KIA,2020,"1,14,300 km",Diesel,Auto,"EMI ₹25,587/m*",₹9.90 lakh
Mahindra XUV300,Mahindra,2022,"4,271 km",Petrol,Manual,"EMI ₹11,827/m*",₹6.70 lakh
Mahindra Scorpio,Mahindra,2018,"55,620 km",Diesel,Manual,"EMI ₹37,799/m*",₹8.11 lakh
Maruti IGNIS,Maruti,2021,"27,372 km",Petrol,Manual,"EMI ₹8,562/m*",₹4.85 lakh
MG ASTOR,MG,2022,"37,574 km",Petrol,Manual,"EMI ₹14,605/m*",₹8.53 lakh
Maruti Ciaz,Maruti,2014,"85,679 km",Petrol,Manual,"EMI ₹11,127/m*",₹3.35 lakh
Toyota URBAN CRUISER HYRYDER,Toyota,2024,"32,665 km",Petrol,Manual,"EMI ₹23,201/m*",₹13.55 lakh
Honda WR-V,Honda,2022,"35,877 km",Petrol,Manual,"EMI ₹13,681/m*",₹7.75 lakh
Tata Safari,Tata,2025,"7,538 km",Diesel,Auto,"EMI ₹38,525/m*",₹22.50 lakh
Toyota Innova Crysta,Toyota,2018,"1,18,905 km",Diesel,Manual,"EMI ₹51,548/m*",₹11.06 lakh
MG HECTOR,MG,2024,"11,601 km",Petrol,Auto,"EMI ₹30,135/m*",₹17.60 lakh
MG HECTOR,MG,2021,"39,057 km",Petrol,Manual,"EMI ₹20,906/m*",₹12.21 lakh
Mahindra SCORPIO CLASSIC,Mahindra,2024,"87,773 km",Diesel,Manual,"EMI ₹28,954/m*",₹16.91 lakh
Toyota Corolla Altis,Toyota,2014,"47,262 km",Petrol,Auto,"EMI ₹17,969/m*",₹5.41 lakh
Toyota Urban Cruiser Taisor,Toyota,2024,"3,192 km",Petrol,Manual,"EMI ₹17,636/m*",₹10.30 lakh
Toyota Innova Crysta,Toyota,2018,"1,25,762 km",Diesel,Auto,"EMI ₹28,809/m*",₹13.25 lakh
Jeep Compass,Jeep,2019,"84,981 km",Petrol,Manual,"EMI ₹15,205/m*",₹8.88 lakh
Toyota Fortuner,Toyota,2017,"1,84,043 km",Diesel,Manual,"EMI ₹44,246/m*",₹20.35 lakh
Mahindra Thar,Mahindra,2022,"44,486 km",Diesel,Manual,"EMI ₹22,060/m*",₹11.59 lakh
MG HECTOR,MG,2020,"2,00,000 km",Diesel,Manual,"EMI ₹23,261/m*",₹9.00 lakh
Hyundai VENUE,Hyundai,2021,"60,804 km",Petrol,Manual,"EMI ₹11,192/m*",₹6.34 lakh
Maruti Vitara Brezza,Maruti,2017,"60,927 km",Diesel,Manual,"EMI ₹36,695/m*",₹4.13 lakh
Hyundai VENUE,Hyundai,2025,"2,992 km",Petrol,Manual,"EMI ₹16,215/m*",₹9.47 lakh
Tata Safari,Tata,2021,"28,025 km",Diesel,Auto,"EMI ₹28,809/m*",₹13.25 lakh
KIA SONET,KIA,2021,"1,01,338 km",Petrol,Manual,"EMI ₹15,215/m*",₹6.84 lakh
KIA SONET,KIA,2025,"4,493 km",Petrol,Auto,"EMI ₹21,848/m*",₹12.76 lakh
MG HECTOR,MG,2021,"49,159 km",Diesel,Manual,"EMI ₹23,917/m*",₹11.00 lakh
Tata Curvv,Tata,2024,"22,889 km",Diesel,Manual,"EMI ₹24,879/m*",₹14.53 lakh
KIA SONET,KIA,2022,"38,000 km",Diesel,Auto,"EMI ₹20,043/m*",₹10.53 lakh
KIA SELTOS,KIA,2025,"2,528 km",Diesel,Manual,"EMI ₹24,965/m*",₹14.58 lakh
KIA SONET,KIA,2024,"8,607 km",Petrol,Manual,"EMI ₹15,667/m*",₹9.15 lakh
Maruti BREZZA,Maruti,2022,"28,943 km",Petrol,Manual,"EMI ₹15,753/m*",₹9.20 lakh
Tata Hexa,Tata,2017,"60,235 km",Diesel,Manual,"EMI ₹51,621/m*",₹5.81 lakh
KIA SONET,KIA,2024,"36,189 km",Diesel,Auto,"EMI ₹20,341/m*",₹11.88 lakh
Maruti Vitara Brezza,Maruti,2020,"1,16,826 km",Diesel,Manual,"EMI ₹14,837/m*",₹6.67 lakh
Hyundai Verna,Hyundai,2020,"69,493 km",Diesel,Auto,"EMI ₹22,925/m*",₹8.87 lakh
KIA SELTOS,KIA,2021,"60,652 km",Diesel,Manual,"EMI ₹19,568/m*",₹9.00 lakh
Mahindra XUV400,Mahindra,2023,"42,140 km",Electric,Auto,"EMI ₹16,266/m*",₹9.50 lakh
Tata Harrier,Tata,2021,"53,013 km",Diesel,Manual,"EMI ₹28,243/m*",₹12.99 lakh
Mercedes Benz C Class,Mercedes,2014,"41,406 km",Petrol,Auto,"EMI ₹45,114/m*",₹13.78 lakh
KIA SONET,KIA,2021,"43,767 km",Petrol,Auto,"EMI ₹14,126/m*",₹8.25 lakh
Mahindra SCORPIO-N,Mahindra,2024,"32,909 km",Diesel,Auto,"EMI ₹36,368/m*",₹21.24 lakh
Maruti Dzire,Maruti,2019,"59,778 km",Petrol,Manual,"EMI ₹8,014/m*",₹4.54 lakh
Maruti S Cross,Maruti,2018,"1,22,000 km",Diesel,Manual,"EMI ₹23,537/m*",₹5.00 lakh
Mahindra Scorpio,Mahindra,2017,"1,80,182 km",Diesel,Manual,"EMI ₹67,259/m*",₹7.57 lakh
Hyundai VENUE,Hyundai,2024,"35,772 km",Petrol,Auto,"EMI ₹18,749/m*",₹10.95 lakh
KIA SELTOS,KIA,2020,"73,594 km",Petrol,Manual,"EMI ₹13,698/m*",₹8.00 lakh
MG HECTOR,MG,2024,"34,783 km",Petrol,Manual,"EMI ₹27,396/m*",₹16.00 lakh
Mahindra Scorpio,Mahindra,2018,"1,84,962 km",Diesel,Manual,"EMI ₹48,379/m*",₹10.38 lakh
Mahindra XUV300,Mahindra,2022,"26,831 km",Petrol,Manual,"EMI ₹14,023/m*",₹8.19 lakh
Jeep Compass,Jeep,2018,"77,357 km",Diesel,Manual,"EMI ₹37,047/m*",₹7.87 lakh
Mahindra SCORPIO-N,Mahindra,2024,"4,370 km",Petrol,Auto,"EMI ₹31,985/m*",₹18.68 lakh
Toyota Innova Crysta,Toyota,2016,"92,354 km",Diesel,Manual,"EMI ₹31,985/m*",₹9.84 lakh
Honda Jazz,Honda,2018,"93,131 km",Petrol,Manual,"EMI ₹6,514/m*",₹3.69 lakh
Tata Tiago,Tata,2024,"60,794 km",Petrol,Auto,"EMI ₹12,516/m*",₹7.09 lakh
Volkswagen VIRTUS,Volkswagen,2024,"6,889 km",Petrol,Auto,"EMI ₹22,242/m*",₹12.99 lakh
KIA SELTOS,KIA,2020,"65,461 km",Petrol,Auto,"EMI ₹15,410/m*",₹9.00 lakh
Volkswagen TAIGUN,Volkswagen,2022,"56,239 km",Petrol,Auto,"EMI ₹20,290/m*",₹11.85 lakh
KIA SELTOS,KIA,2021,"39,219 km",Petrol,Manual,"EMI ₹16,694/m*",₹9.75 lakh
KIA SELTOS,KIA,2022,"38,040 km",Petrol,Auto,"EMI ₹22,071/m*",₹12.89 lakh
Hyundai GRAND I10 NIOS,Hyundai,2024,"31,908 km",Petrol,Manual,"EMI ₹12,445/m*",₹7.05 lakh
Maruti New Wagon-R,Maruti,2024,"33,773 km",Petrol,Manual,"EMI ₹8,950/m*",₹5.07 lakh
Mahindra Thar,Mahindra,2023,"7,857 km",Petrol,Auto,"EMI ₹21,403/m*",₹12.50 lakh
MG HECTOR,MG,2019,"76,975 km",Petrol,Auto,"EMI ₹20,016/m*",₹11.69 lakh
Mahindra Scorpio,Mahindra,2018,"64,341 km",Diesel,Manual,"EMI ₹41,947/m*",₹9.00 lakh
KIA SELTOS,KIA,2020,"5,70,301 km",Petrol,Manual,"EMI ₹21,025/m*",₹9.67 lakh
Maruti Vitara Brezza,Maruti,2017,"89,089 km",Diesel,Manual,"EMI ₹35,184/m*",₹3.96 lakh
Hyundai Creta,Hyundai,2020,"72,903 km",Diesel,Manual,"EMI ₹23,261/m*",₹9.00 lakh
KIA SONET,KIA,2023,"53,567 km",Petrol,Auto,"EMI ₹16,609/m*",₹9.70 lakh
KIA SONET,KIA,2024,"9,000 km",Petrol,Manual,"EMI ₹15,033/m*",₹8.78 lakh
Maruti Grand Vitara,Maruti,2023,"30,000 km",Petrol,Manual,"EMI ₹17,979/m*",₹10.50 lakh
Toyota Glanza,Toyota,2024,"43,800 km",Petrol,Auto,"EMI ₹13,169/m*",₹7.46 lakh
Hyundai i20 Active,Hyundai,2018,"26,461 km",Petrol,Manual,"EMI ₹10,468/m*",₹5.93 lakh
Hyundai GRAND I10 NIOS,Hyundai,2024,"4,044 km",Petrol,Auto,"EMI ₹11,880/m*",₹6.73 lakh
Jeep Compass,Jeep,2022,"47,290 km",Diesel,Auto,"EMI ₹34,261/m*",₹18.00 lakh
Mahindra XUV700,Mahindra,2024,"16,335 km",Diesel,Manual,"EMI ₹32,533/m*",₹19.00 lakh
Tata Harrier,Tata,2019,"1,08,025 km",Diesel,Manual,"EMI ₹28,515/m*",₹8.71 lakh
Mahindra Scorpio,Mahindra,2017,"61,022 km",Diesel,Manual,"EMI ₹74,241/m*",₹8.40 lakh
Hyundai VENUE,Hyundai,2019,"1,22,938 km",Petrol,Auto,"EMI ₹11,122/m*",₹5.00 lakh
KIA SELTOS,KIA,2020,"1,66,313 km",Diesel,Auto,"EMI ₹23,417/m*",₹10.77 lakh
KIA SONET,KIA,2024,"9,278 km",Petrol,Auto,"EMI ₹18,835/m*",₹11.00 lakh
KIA SONET,KIA,2024,"21,659 km",Petrol,Manual,"EMI ₹15,290/m*",₹8.93 lakh
KIA SELTOS,KIA,2020,"87,637 km",Diesel,Auto,"EMI ₹27,138/m*",₹10.50 lakh
Skoda SLAVIA,Skoda,2024,"16,263 km",Petrol,Auto,"EMI ₹27,430/m*",₹16.02 lakh
Hyundai Creta,Hyundai,2019,"65,747 km",Diesel,Auto,"EMI ₹26,387/m*",₹8.06 lakh
Ford Ecosport,Ford,2019,"41,237 km",Petrol,Manual,"EMI ₹10,768/m*",₹6.10 lakh
Maruti New Wagon-R,Maruti,2021,"26,125 km",Petrol,Manual,"EMI ₹6,973/m*",₹3.95 lakh
MG HECTOR PLUS,MG,2023,"21,382 km",Petrol,Auto,"EMI ₹26,540/m*",₹15.50 lakh
KIA SELTOS,KIA,2021,"60,809 km",Petrol,Manual,"EMI ₹16,095/m*",₹9.40 lakh
Hyundai VENUE,Hyundai,2025,"2,835 km",Petrol,Manual,"EMI ₹15,838/m*",₹9.25 lakh
MG HECTOR,MG,2019,"1,22,631 km",Diesel,Manual,"EMI ₹27,239/m*",₹8.32 lakh
Hyundai EXTER,Hyundai,2024,"31,217 km",Petrol,Manual,"EMI ₹12,798/m*",₹7.25 lakh
KIA SONET,KIA,2024,"11,500 km",Petrol,Manual,"EMI ₹15,410/m*",₹9.00 lakh
Hyundai Creta,Hyundai,2020,"86,000 km",Diesel,Manual,"EMI ₹29,722/m*",₹11.50 lakh
Jeep Compass,Jeep,2019,"84,079 km",Petrol,Auto,"EMI ₹14,554/m*",₹8.50 lakh
Toyota Innova Crysta,Toyota,2018,"58,092 km",Petrol,Auto,"EMI ₹19,691/m*",₹11.50 lakh
Toyota Innova Crysta,Toyota,2018,"1,32,351 km",Diesel,Auto,"EMI ₹56,349/m*",₹12.09 lakh
Mahindra XUV300,Mahindra,2023,"42,771 km",Diesel,Manual,"EMI ₹16,266/m*",₹9.50 lakh
Maruti Grand Vitara,Maruti,2023,"57,244 km",Petrol,Manual,"EMI ₹19,691/m*",₹11.50 lakh
KIA SONET,KIA,2020,"66,292 km",Petrol,Auto,"EMI ₹14,383/m*",₹8.40 lakh
MG HECTOR PLUS,MG,2021,"80,403 km",Diesel,Manual,"EMI ₹29,483/m*",₹13.56 lakh
Hyundai Creta,Hyundai,2021,"23,508 km",Petrol,Manual,"EMI ₹18,835/m*",₹11.00 lakh
Jeep Compass,Jeep,2019,"1,09,364 km",Diesel,Manual,"EMI ₹29,465/m*",₹9.00 lakh
Tata Harrier,Tata,2021,"1,56,007 km",Diesel,Manual,"EMI ₹25,417/m*",₹11.69 lakh
Maruti Celerio,Maruti,2023,"12,654 km",Petrol,Auto,"EMI ₹9,656/m*",₹5.47 lakh
Mahindra Scorpio,Mahindra,2018,"96,269 km",Diesel,Manual,"EMI ₹44,277/m*",₹9.50 lakh
Honda Amaze,Honda,2025,"13,661 km",Petrol,Auto,"EMI ₹17,140/m*",₹10.01 lakh
KIA SELTOS,KIA,2020,"64,321 km",Petrol,Manual,"EMI ₹14,914/m*",₹8.71 lakh
Renault Kiger,Renault,2024,"5,540 km",Petrol,Manual,"EMI ₹12,357/m*",₹7.00 lakh
KIA SELTOS,KIA,2019,"55,711 km",Petrol,Manual,"EMI ₹14,069/m*",₹7.97 lakh
Hyundai Creta,Hyundai,2022,"55,100 km",Diesel,Manual,"EMI ₹22,841/m*",₹12.00 lakh
Hyundai VENUE,Hyundai,2021,"51,484 km",Petrol,Manual,"EMI ₹12,357/m*",₹7.00 lakh
Maruti Grand Vitara,Maruti,2023,"22,410 km",Petrol,Manual,"EMI ₹16,523/m*",₹9.65 lakh
Maruti Grand Vitara,Maruti,2023,"9,032 km",Petrol,Manual,"EMI ₹17,893/m*",₹10.45 lakh
MG HECTOR,MG,2021,"40,572 km",Petrol,Auto,"EMI ₹22,122/m*",₹12.92 lakh
Maruti New Wagon-R,Maruti,2023,"55,000 km",Petrol,Manual,"EMI ₹8,473/m*",₹4.80 lakh
Maruti BREZZA,Maruti,2024,"5,643 km",Petrol,Auto,"EMI ₹17,448/m*",₹10.19 lakh
Tata TIAGO EV,Tata,2023,"44,562 km",Electric,Auto,"EMI ₹11,139/m*",₹6.31 lakh
Volkswagen TAIGUN,Volkswagen,2025,"11,105 km",Petrol,Auto,"EMI ₹24,742/m*",₹14.45 lakh
Mahindra MARAZZO,Mahindra,2018,"1,14,596 km",Diesel,Manual,"EMI ₹21,136/m*",₹4.49 lakh
Maruti WAGON R MAV,Maruti,2022,"31,900 km",Petrol,Manual,"EMI ₹7,326/m*",₹4.15 lakh
Tata Harrier,Tata,2021,"1,32,000 km",Diesel,Auto,"EMI ₹25,265/m*",₹11.62 lakh
KIA SELTOS,KIA,2019,"72,233 km",Petrol,Auto,"EMI ₹16,420/m*",₹9.59 lakh
Toyota Urban Cruiser Taisor,Toyota,2024,"2,601 km",Petrol,Auto,"EMI ₹20,581/m*",₹12.02 lakh
Mahindra Thar,Mahindra,2022,"42,714 km",Diesel,Manual,"EMI ₹24,249/m*",₹12.74 lakh
Maruti Grand Vitara,Maruti,2023,"56,840 km",Petrol,Manual,"EMI ₹18,818/m*",₹10.99 lakh
MG HECTOR,MG,2020,"72,409 km",Diesel,Manual,"EMI ₹24,993/m*",₹9.67 lakh
Volkswagen TAIGUN,Volkswagen,2024,"40,146 km",Petrol,Manual,"EMI ₹23,629/m*",₹13.80 lakh
Maruti Grand Vitara,Maruti,2022,"82,156 km",Petrol,Auto,"EMI ₹19,023/m*",₹11.11 lakh
Honda CRV,Honda,2013,"1,24,322 km",Petrol,Auto,"EMI ₹19,959/m*",₹4.24 lakh
Honda CRV,Honda,2013,"54,055 km",Petrol,Auto,"EMI ₹31,916/m*",₹6.78 lakh
Maruti BREZZA,Maruti,2023,"25,345 km",Petrol,Manual,"EMI ₹16,095/m*",₹9.40 lakh
Jeep Compass,Jeep,2021,"51,159 km",Petrol,Auto,"EMI ₹17,979/m*",₹10.50 lakh
KIA SELTOS,KIA,2019,"74,821 km",Diesel,Auto,"EMI ₹40,334/m*",₹12.32 lakh
Tata PUNCH,Tata,2022,"44,029 km",Petrol,Manual,"EMI ₹9,321/m*",₹5.28 lakh
Hyundai VENUE,Hyundai,2025,"3,838 km",Petrol,Auto,"EMI ₹18,835/m*",₹11.00 lakh
Tata Harrier,Tata,2021,"1,02,695 km",Diesel,Manual,"EMI ₹20,655/m*",₹9.50 lakh
Tata Harrier,Tata,2023,"29,335 km",Diesel,Auto,"EMI ₹24,828/m*",₹14.50 lakh
MG HECTOR PLUS,MG,2020,"68,508 km",Petrol,Auto,"EMI ₹20,547/m*",₹12.00 lakh
Toyota URBAN CRUISER,Toyota,2022,"73,549 km",Petrol,Manual,"EMI ₹11,615/m*",₹6.58 lakh
Maruti Celerio,Maruti,2022,"46,428 km",Petrol,Manual,"EMI ₹7,873/m*",₹4.46 lakh
Skoda SLAVIA,Skoda,2022,"1,37,039 km",Petrol,Manual,"EMI ₹17,573/m*",₹7.90 lakh
Honda City,Honda,2019,"78,190 km",Petrol,Manual,"EMI ₹14,554/m*",₹8.50 lakh
Tata Safari,Tata,2021,"1,35,841 km",Diesel,Auto,"EMI ₹25,004/m*",₹11.50 lakh
Mahindra XUV300,Mahindra,2022,"88,533 km",Diesel,Auto,"EMI ₹17,321/m*",₹9.10 lakh
Maruti Grand Vitara,Maruti,2023,"51,998 km",Petrol,Manual,"EMI ₹21,403/m*",₹12.50 lakh
MG HECTOR,MG,2020,"76,049 km",Petrol,Manual,"EMI ₹15,051/m*",₹8.79 lakh
Toyota Innova Crysta,Toyota,2022,"51,210 km",Diesel,Auto,"EMI ₹35,575/m*",₹18.69 lakh
Hyundai Tucson,Hyundai,2018,"99,202 km",Diesel,Auto,"EMI ₹57,095/m*",₹12.25 lakh
Tata PUNCH,Tata,2022,"36,903 km",Petrol,Manual,"EMI ₹8,791/m*",₹4.98 lakh
Toyota Innova Crysta,Toyota,2016,"3,30,504 km",Diesel,Manual,"EMI ₹8,791/m*",₹11.46 lakh
Maruti BREZZA,Maruti,2022,"56,011 km",Petrol,Manual,"EMI ₹15,307/m*",₹8.94 lakh
Hyundai Creta,Hyundai,2023,"59,391 km",Petrol,Manual,"EMI ₹20,393/m*",₹11.91 lakh
MG HECTOR PLUS,MG,2021,"61,225 km",Diesel,Manual,"EMI ₹23,917/m*",₹11.00 lakh
Maruti New Wagon-R,Maruti,2024,"3,082 km",Petrol,Manual,"EMI ₹10,486/m*",₹5.94 lakh
Tata NEXON EV,Tata,2024,"22,207 km",Electric,Auto,"EMI ₹23,749/m*",₹13.87 lakh
Mahindra SCORPIO CLASSIC,Mahindra,2023,"79,287 km",Diesel,Manual,"EMI ₹23,971/m*",₹14.00 lakh
MG HECTOR,MG,2020,"50,378 km",Diesel,Manual,"EMI ₹32,333/m*",₹12.51 lakh
Jeep Compass,Jeep,2020,"31,672 km",Petrol,Auto,"EMI ₹18,835/m*",₹11.00 lakh
Mahindra Scorpio,Mahindra,2018,"52,470 km",Diesel,Manual,"EMI ₹44,277/m*",₹9.50 lakh
Tata TIGOR EV,Tata,2021,"51,244 km",Electric,Auto,"EMI ₹8,826/m*",₹5.00 lakh
Tata Harrier,Tata,2023,"29,432 km",Diesel,Manual,"EMI ₹22,088/m*",₹12.90 lakh
Maruti Vitara Brezza,Maruti,2017,"86,301 km",Diesel,Manual,"EMI ₹38,205/m*",₹4.30 lakh
Jeep Compass,Jeep,2021,"41,889 km",Petrol,Auto,"EMI ₹26,540/m*",₹15.50 lakh
Tata TIAGO EV,Tata,2023,"41,009 km",Electric,Auto,"EMI ₹11,898/m*",₹6.74 lakh
Mahindra MARAZZO,Mahindra,2018,"1,19,943 km",Diesel,Manual,"EMI ₹19,300/m*",₹4.10 lakh
Toyota Innova Crysta,Toyota,2016,"1,17,564 km",Diesel,Auto,"EMI ₹19,300/m*",₹13.25 lakh
Tata Safari,Tata,2023,"48,436 km",Diesel,Auto,"EMI ₹30,992/m*",₹18.10 lakh
Tata Harrier,Tata,2021,"31,880 km",Diesel,Auto,"EMI ₹29,091/m*",₹13.38 lakh
Skoda Superb,Skoda,2018,"82,371 km",Petrol,Auto,"EMI ₹23,509/m*",₹13.73 lakh
Toyota Camry,Toyota,2017,"1,09,020 km",Hybrid,Auto,"EMI ₹26,634/m*",₹12.25 lakh
Tata Harrier,Tata,2023,"54,423 km",Diesel,Auto,"EMI ₹27,927/m*",₹16.31 lakh
KIA SELTOS,KIA,2020,"54,065 km",Diesel,Auto,"EMI ₹27,112/m*",₹10.49 lakh
Maruti New Wagon-R,Maruti,2022,"19,523 km",Petrol,Manual,"EMI ₹7,926/m*",₹4.49 lakh
Toyota Corolla Altis,Toyota,2015,"1,05,510 km",Petrol,Auto,"EMI ₹13,299/m*",₹5.05 lakh
Tata Harrier,Tata,2023,"72,930 km",Diesel,Manual,"EMI ₹27,259/m*",₹15.92 lakh
Maruti Grand Vitara,Maruti,2023,"53,011 km",Petrol,Manual,"EMI ₹19,314/m*",₹11.28 lakh
MG HECTOR,MG,2023,"71,316 km",Diesel,Manual,"EMI ₹25,684/m*",₹15.00 lakh
Mahindra XUV300,Mahindra,2019,"1,08,901 km",Diesel,Manual,"EMI ₹14,382/m*",₹4.33 lakh
MG HECTOR,MG,2023,"25,705 km",Petrol,Auto,"EMI ₹26,540/m*",₹15.50 lakh
KIA SONET,KIA,2022,"37,097 km",Petrol,Auto,"EMI ₹16,129/m*",₹9.42 lakh
MG ASTOR,MG,2021,"41,287 km",Petrol,Auto,"EMI ₹15,239/m*",₹8.90 lakh
Mahindra XUV300,Mahindra,2021,"40,166 km",Diesel,Manual,"EMI ₹22,656/m*",₹10.42 lakh
Tata NEXON EV,Tata,2022,"68,891 km",Electric,Auto,"EMI ₹20,924/m*",₹12.22 lakh
Mahindra Scorpio,Mahindra,2017,"46,642 km",Diesel,Manual,"EMI ₹65,926/m*",₹7.42 lakh
KIA SELTOS,KIA,2022,"68,509 km",Petrol,Auto,"EMI ₹25,101/m*",₹14.66 lakh
Mahindra SCORPIO-N,Mahindra,2024,"10,698 km",Petrol,Manual,"EMI ₹28,903/m*",₹16.88 lakh
Honda Amaze,Honda,2024,"26,321 km",Petrol,Auto,"EMI ₹13,363/m*",₹7.57 lakh
KIA SELTOS,KIA,2022,"62,000 km",Petrol,Manual,"EMI ₹17,122/m*",₹10.00 lakh
MG HECTOR,MG,2023,"18,631 km",Petrol,Auto,"EMI ₹26,968/m*",₹15.75 lakh
Tata PUNCH EV,Tata,2024,"32,000 km",Electric,Auto,"EMI ₹15,410/m*",₹9.00 lakh
Mahindra Thar,Mahindra,2024,"57,449 km",Diesel,Manual,"EMI ₹18,167/m*",₹10.61 lakh
Mahindra Thar,Mahindra,2021,"60,696 km",Diesel,Manual,"EMI ₹23,917/m*",₹11.00 lakh
Maruti New Wagon-R,Maruti,2025,"2,426 km",Petrol,Manual,"EMI ₹10,009/m*",₹5.67 lakh
Mahindra Scorpio,Mahindra,2016,"92,400 km",Diesel,Manual,"EMI ₹10,009/m*",₹7.35 lakh
MG HECTOR,MG,2019,"38,418 km",Petrol,Auto,"EMI ₹16,438/m*",₹9.60 lakh
Hyundai Creta,Hyundai,2024,"11,469 km",Petrol,Auto,"EMI ₹28,971/m*",₹16.92 lakh
MG HECTOR PLUS,MG,2022,"75,130 km",Petrol,Auto,"EMI ₹21,403/m*",₹12.50 lakh
Maruti BREZZA,Maruti,2024,"57,855 km",Petrol,Manual,"EMI ₹16,609/m*",₹9.70 lakh
CITROEN C5 AIRCROSS,CITROEN,2022,"52,456 km",Diesel,Auto,"EMI ₹48,537/m*",₹25.50 lakh
Jeep Compass,Jeep,2018,"1,14,704 km",Diesel,Manual,"EMI ₹35,305/m*",₹7.50 lakh
MG HECTOR,MG,2019,"91,369 km",Diesel,Manual,"EMI ₹30,218/m*",₹9.23 lakh
Mahindra SCORPIO-N,Mahindra,2024,"30,057 km",Diesel,Manual,"EMI ₹31,505/m*",₹18.40 lakh
MG HECTOR,MG,2022,"41,795 km",Petrol,Auto,"EMI ₹21,609/m*",₹12.62 lakh
Maruti FRONX,Maruti,2025,"14,460 km",Petrol,Manual,"EMI ₹14,760/m*",₹8.62 lakh
Tata TIAGO EV,Tata,2024,"54,968 km",Electric,Auto,"EMI ₹11,280/m*",₹6.39 lakh
Hyundai Creta,Hyundai,2024,"11,091 km",Diesel,Auto,"EMI ₹31,129/m*",₹18.18 lakh
Tata NEXON EV,Tata,2022,"50,868 km",Electric,Auto,"EMI ₹20,376/m*",₹11.90 lakh
Ford Endeavour,Ford,2021,"70,048 km",Diesel,Auto,"EMI ₹61,444/m*",₹28.26 lakh
Mahindra XUV300,Mahindra,2021,"85,097 km",Diesel,Auto,"EMI ₹17,306/m*",₹7.78 lakh
Tata NEXON EV,Tata,2023,"49,961 km",Electric,Auto,"EMI ₹22,841/m*",₹13.34 lakh
Tata Harrier,Tata,2021,"78,242 km",Diesel,Auto,"EMI ₹26,091/m*",₹12.00 lakh
Hyundai Creta,Hyundai,2020,"70,489 km",Petrol,Auto,"EMI ₹17,687/m*",₹10.33 lakh
Hyundai ALCAZAR,Hyundai,2023,"12,638 km",Petrol,Manual,"EMI ₹24,828/m*",₹14.50 lakh
Mahindra Bolero,Mahindra,2022,"42,048 km",Diesel,Manual,"EMI ₹18,844/m*",₹9.90 lakh
Mahindra XUV300,Mahindra,2021,"95,832 km",Diesel,Auto,"EMI ₹17,039/m*",₹7.66 lakh
Tata Harrier,Tata,2023,"50,560 km",Diesel,Auto,"EMI ₹32,533/m*",₹19.00 lakh
Hyundai Creta,Hyundai,2025,"6,892 km",Petrol,Auto,"EMI ₹29,622/m*",₹17.30 lakh
MG HECTOR PLUS,MG,2021,"89,643 km",Diesel,Manual,"EMI ₹22,830/m*",₹10.50 lakh
Maruti BREZZA,Maruti,2024,"12,133 km",Petrol,Manual,"EMI ₹13,715/m*",₹8.01 lakh
Mahindra Scorpio,Mahindra,2018,"1,21,889 km",Diesel,Manual,"EMI ₹36,482/m*",₹7.75 lakh
Mahindra XUV700,Mahindra,2022,"26,271 km",Petrol,Manual,"EMI ₹22,858/m*",₹13.35 lakh
Mahindra SCORPIO CLASSIC,Mahindra,2025,"15,157 km",Diesel,Manual,"EMI ₹35,786/m*",₹20.90 lakh
Mahindra XUV300,Mahindra,2022,"23,500 km",Diesel,Manual,"EMI ₹17,245/m*",₹9.06 lakh
Tata NEXON EV,Tata,2021,"44,555 km",Electric,Auto,"EMI ₹18,407/m*",₹10.75 lakh
MG HECTOR,MG,2022,"74,056 km",Petrol,Auto,"EMI ₹18,749/m*",₹10.95 lakh
Toyota Innova Crysta,Toyota,2021,"61,249 km",Diesel,Auto,"EMI ₹36,962/m*",₹17.00 lakh
Hyundai Creta,Hyundai,2023,"32,320 km",Petrol,Manual,"EMI ₹20,547/m*",₹12.00 lakh
Mahindra Scorpio,Mahindra,2017,"1,48,978 km",Diesel,Manual,"EMI ₹62,194/m*",₹7.00 lakh
KIA Carens Clavis,KIA,2025,"9,094 km",Petrol,Auto,"EMI ₹35,546/m*",₹20.76 lakh
Toyota Innova Crysta,Toyota,2019,"1,05,776 km",Diesel,Auto,"EMI ₹46,424/m*",₹14.18 lakh
Hyundai ALCAZAR,Hyundai,2023,"29,747 km",Petrol,Manual,"EMI ₹24,228/m*",₹14.15 lakh
Maruti New Wagon-R,Maruti,2024,"9,164 km",Petrol,Manual,"EMI ₹10,062/m*",₹5.70 lakh
Mahindra Scorpio,Mahindra,2017,"96,766 km",Diesel,Manual,"EMI ₹64,238/m*",₹7.23 lakh
Mahindra Thar,Mahindra,2022,"69,421 km",Diesel,Auto,"EMI ₹22,118/m*",₹11.62 lakh
Tata NEXON EV,Tata,2022,"81,638 km",Electric,Auto,"EMI ₹17,979/m*",₹10.50 lakh
Maruti Dzire,Maruti,2023,"26,611 km",Petrol,Auto,"EMI ₹11,951/m*",₹6.77 lakh
Maruti Ertiga,Maruti,2023,"63,960 km",Petrol,Manual,"EMI ₹16,420/m*",₹9.59 lakh
Tata NEXON EV,Tata,2024,"26,960 km",Electric,Auto,"EMI ₹24,554/m*",₹14.34 lakh
Mahindra SCORPIO CLASSIC,Mahindra,2023,"78,326 km",Diesel,Manual,"EMI ₹26,506/m*",₹15.48 lakh
Mahindra SCORPIO CLASSIC,Mahindra,2023,"40,024 km",Diesel,Manual,"EMI ₹26,112/m*",₹15.25 lakh
Mahindra Scorpio,Mahindra,2022,"57,403 km",Diesel,Manual,"EMI ₹30,949/m*",₹16.26 lakh
Tata Safari,Tata,2023,"46,000 km",Diesel,Auto,"EMI ₹28,252/m*",₹16.50 lakh
Tata PUNCH EV,Tata,2024,"79,652 km",Electric,Auto,"EMI ₹18,372/m*",₹10.73 lakh
Toyota Innova Crysta,Toyota,2016,"36,389 km",Petrol,Manual,"EMI ₹24,112/m*",₹11.09 lakh
Hyundai Creta,Hyundai,2024,"17,202 km",Petrol,Auto,"EMI ₹26,848/m*",₹15.68 lakh
Toyota Innova Crysta,Toyota,2021,"24,616 km",Petrol,Auto,"EMI ₹27,396/m*",₹16.00 lakh
Mahindra SCORPIO CLASSIC,Mahindra,2022,"96,302 km",Diesel,Manual,"EMI ₹26,990/m*",₹14.18 lakh
MG HECTOR,MG,2020,"89,637 km",Diesel,Manual,"EMI ₹23,261/m*",₹9.00 lakh
Hyundai Creta,Hyundai,2020,"46,959 km",Petrol,Auto,"EMI ₹20,889/m*",₹12.20 lakh
KIA SELTOS,KIA,2020,"1,70,724 km",Diesel,Auto,"EMI ₹25,846/m*",₹10.00 lakh
Tata Safari,Tata,2023,"53,176 km",Diesel,Manual,"EMI ₹24,656/m*",₹14.40 lakh
Toyota Innova Crysta,Toyota,2019,"1,45,165 km",Diesel,Auto,"EMI ₹28,570/m*",₹13.14 lakh
Tata TIGOR EV,Tata,2021,"87,314 km",Electric,Auto,"EMI ₹13,416/m*",₹7.60 lakh
Tata TIAGO EV,Tata,2023,"34,612 km",Electric,Auto,"EMI ₹13,938/m*",₹8.14 lakh
Skoda Kodiaq,Skoda,2022,"66,309 km",Petrol,Auto,"EMI ₹53,080/m*",₹31.00 lakh
Jeep Compass,Jeep,2022,"55,368 km",Petrol,Auto,"EMI ₹31,163/m*",₹18.20 lakh
Tata PUNCH EV,Tata,2024,"34,286 km",Electric,Auto,"EMI ₹18,835/m*",₹11.00 lakh
Volkswagen VIRTUS,Volkswagen,2024,"9,231 km",Petrol,Auto,"EMI ₹21,660/m*",₹12.65 lakh
Tata NEXON EV,Tata,2021,"1,39,465 km",Electric,Auto,"EMI ₹16,683/m*",₹7.50 lakh
Hyundai Creta,Hyundai,2018,"59,527 km",Diesel,Auto,"EMI ₹41,947/m*",₹9.00 lakh
KIA CARNIVAL,KIA,2021,"49,345 km",Diesel,Auto,"EMI ₹48,312/m*",₹22.22 lakh
Tata Safari,Tata,2023,"54,235 km",Diesel,Manual,"EMI ₹22,259/m*",₹13.00 lakh
Mahindra Scorpio,Mahindra,2020,"1,02,690 km",Diesel,Manual,"EMI ₹28,999/m*",₹11.22 lakh
Hyundai Tucson,Hyundai,2017,"74,928 km",Diesel,Auto,"EMI ₹89,884/m*",₹10.17 lakh
Toyota Innova Crysta,Toyota,2019,"1,35,149 km",Diesel,Manual,"EMI ₹37,715/m*",₹11.52 lakh
KIA SELTOS,KIA,2020,"37,736 km",Petrol,Auto,"EMI ₹20,119/m*",₹11.75 lakh
Toyota Innova Crysta,Toyota,2019,"54,914 km",Diesel,Auto,"EMI ₹44,197/m*",₹13.50 lakh
MG GLOSTER,MG,2023,"29,904 km",Diesel,Auto,"EMI ₹51,607/m*",₹30.14 lakh
Jeep Compass,Jeep,2022,"92,855 km",Petrol,Auto,"EMI ₹24,828/m*",₹14.50 lakh
MG HECTOR PLUS,MG,2020,"32,092 km",Diesel,Manual,"EMI ₹27,784/m*",₹10.75 lakh
MG HECTOR,MG,2022,"68,355 km",Petrol,Auto,"EMI ₹18,835/m*",₹11.00 lakh
Maruti Grand Vitara,Maruti,2023,"83,939 km",Petrol,Manual,"EMI ₹16,523/m*",₹9.65 lakh
Mahindra Scorpio,Mahindra,2020,"1,01,483 km",Diesel,Manual,"EMI ₹26,879/m*",₹10.40 lakh
Tata Safari,Tata,2023,"31,000 km",Diesel,Auto,"EMI ₹30,478/m*",₹17.80 lakh
Mahindra SCORPIO-N,Mahindra,2025,"16,159 km",Petrol,Auto,"EMI ₹38,115/m*",₹22.26 lakh
Tata NEXON EV,Tata,2023,"39,505 km",Electric,Auto,"EMI ₹20,735/m*",₹12.11 lakh
Maruti Grand Vitara,Maruti,2023,"46,837 km",Petrol,Manual,"EMI ₹16,266/m*",₹9.50 lakh
Tata NEXON EV,Tata,2021,"66,178 km",Electric,Auto,"EMI ₹13,698/m*",₹8.00 lakh
Tata NEXON EV,Tata,2023,"40,719 km",Electric,Auto,"EMI ₹22,841/m*",₹13.34 lakh
Jeep Compass,Jeep,2020,"30,054 km",Petrol,Auto,"EMI ₹24,828/m*",₹14.50 lakh
Hyundai Creta,Hyundai,2024,"11,294 km",Petrol,Auto,"EMI ₹31,933/m*",₹18.65 lakh
MG ZS EV,MG,2024,"36,000 km",Electric,Auto,"EMI ₹29,964/m*",₹17.50 lakh
Tata Safari,Tata,2021,"1,44,144 km",Diesel,Auto,"EMI ₹23,917/m*",₹11.00 lakh
Tata NEXON EV,Tata,2022,"52,855 km",Electric,Auto,"EMI ₹15,462/m*",₹9.03 lakh
Toyota Innova Crysta,Toyota,2019,"2,52,936 km",Diesel,Auto,"EMI ₹37,650/m*",₹11.50 lakh
Toyota Innova Crysta,Toyota,2022,"67,254 km",Diesel,Manual,"EMI ₹35,936/m*",₹18.88 lakh
Toyota Innova Crysta,Toyota,2019,"1,16,936 km",Diesel,Manual,"EMI ₹46,031/m*",₹14.06 lakh
MG GLOSTER,MG,2022,"1,61,494 km",Diesel,Auto,"EMI ₹77,903/m*",₹35.83 lakh
Hyundai ALCAZAR,Hyundai,2022,"45,475 km",Diesel,Auto,"EMI ₹25,410/m*",₹14.84 lakh
Honda City,Honda,2021,"53,054 km",Petrol,Manual,"EMI ₹11,774/m*",₹6.67 lakh
Hyundai Elite i20,Hyundai,2018,"1,19,018 km",Petrol,Manual,"EMI ₹8,364/m*",₹3.76 lakh
Hyundai Creta,Hyundai,2016,"1,06,647 km",Petrol,Manual,"EMI ₹9,988/m*",₹4.49 lakh
Maruti Wagon R 1.0,Maruti,2018,"1,01,697 km",Petrol,Manual,"EMI ₹6,340/m*",₹2.85 lakh
Ford Figo Aspire,Ford,2016,"1,69,835 km",Diesel,Manual,"EMI ₹6,340/m*",₹1.84 lakh
Maruti Dzire,Maruti,2018,"98,436 km",Petrol,Auto,"EMI ₹7,661/m*",₹4.34 lakh
Hyundai Santro Xing,Hyundai,2012,"1,20,500 km",Petrol,Manual,"EMI ₹7,819/m*",₹0.88 lakh
Honda Amaze,Honda,2015,"74,290 km",Petrol,Manual,"EMI ₹5,526/m*",₹2.10 lakh
Honda City,Honda,2015,"79,501 km",Petrol,Manual,"EMI ₹8,532/m*",₹3.24 lakh
Honda City,Honda,2017,"83,381 km",Petrol,Manual,"EMI ₹7,820/m*",₹4.00 lakh
Maruti Ertiga,Maruti,2024,"35,002 km",Petrol,Manual,"EMI ₹18,681/m*",₹10.91 lakh
Hyundai Verna,Hyundai,2013,"83,032 km",Petrol,Manual,"EMI ₹12,098/m*",₹2.57 lakh
Maruti Alto,Maruti,2022,"62,729 km",Petrol,Manual,"EMI ₹6,073/m*",₹3.44 lakh
Mahindra Thar,Mahindra,2021,"60,727 km",Petrol,Auto,"EMI ₹19,280/m*",₹11.26 lakh
Hyundai Accent,Hyundai,2011,"88,034 km",Petrol,Manual,"EMI ₹19,280/m*",₹0.81 lakh
Maruti Swift,Maruti,2017,"90,923 km",Petrol,Manual,"EMI ₹6,667/m*",₹3.41 lakh
Hyundai Santro Xing,Hyundai,2012,"97,798 km",Petrol,Manual,"EMI ₹11,817/m*",₹1.33 lakh
Maruti Swift Dzire,Maruti,2016,"1,41,111 km",Petrol,Manual,"EMI ₹4,916/m*",₹2.21 lakh
Hyundai Creta,Hyundai,2017,"1,07,958 km",Petrol,Manual,"EMI ₹14,837/m*",₹6.67 lakh
Hyundai i10,Hyundai,2014,"1,66,091 km",Petrol,Manual,"EMI ₹5,912/m*",₹1.78 lakh
KIA SELTOS,KIA,2021,"1,16,146 km",Diesel,Auto,"EMI ₹25,960/m*",₹11.94 lakh
Maruti Alto 800,Maruti,2014,"1,07,273 km",Petrol,Manual,"EMI ₹4,085/m*",₹1.23 lakh
Toyota Corolla Altis,Toyota,2016,"1,12,012 km",Petrol,Auto,"EMI ₹13,836/m*",₹6.22 lakh
MG HECTOR PLUS,MG,2022,"43,413 km",Petrol,Auto,"EMI ₹25,512/m*",₹14.90 lakh
Hyundai Creta,Hyundai,2019,"52,677 km",Petrol,Manual,"EMI ₹12,251/m*",₹6.94 lakh
Mahindra Thar,Mahindra,2024,"9,429 km",Diesel,Manual,"EMI ₹18,681/m*",₹10.91 lakh
Skoda Octavia,Skoda,2016,"68,323 km",Petrol,Auto,"EMI ₹12,279/m*",₹5.52 lakh
Honda City,Honda,2015,"99,327 km",Petrol,Manual,"EMI ₹8,270/m*",₹3.14 lakh
Maruti Vitara Brezza,Maruti,2019,"42,954 km",Diesel,Auto,"EMI ₹19,331/m*",₹5.82 lakh
Maruti S Cross,Maruti,2016,"1,47,440 km",Diesel,Manual,"EMI ₹19,331/m*",₹2.92 lakh
Honda Amaze,Honda,2015,"74,172 km",Petrol,Manual,"EMI ₹8,532/m*",₹3.24 lakh
Maruti Wagon R 1.0,Maruti,2013,"1,35,276 km",Petrol,Manual,"EMI ₹5,884/m*",₹1.25 lakh
Tata PUNCH,Tata,2024,"8,241 km",Petrol,Manual,"EMI ₹10,892/m*",₹6.17 lakh
Hyundai Grand i10,Hyundai,2015,"1,06,955 km",Petrol,Manual,"EMI ₹4,608/m*",₹1.75 lakh
Hyundai Creta,Hyundai,2021,"62,467 km",Petrol,Manual,"EMI ₹12,745/m*",₹7.22 lakh
Maruti Zen Estilo,Maruti,2012,"54,235 km",Petrol,Manual,"EMI ₹11,017/m*",₹1.24 lakh
Hyundai GRAND I10 NIOS,Hyundai,2023,"89,878 km",Petrol,Manual,"EMI ₹8,632/m*",₹4.89 lakh
Audi A3,Audi,2015,"1,20,984 km",Petrol,Auto,"EMI ₹21,323/m*",₹8.25 lakh
Ford Ecosport,Ford,2017,"1,37,077 km",Petrol,Manual,"EMI ₹9,454/m*",₹4.25 lakh
Hyundai Elite i20,Hyundai,2019,"26,681 km",Petrol,Manual,"EMI ₹10,380/m*",₹5.88 lakh
KIA SONET,KIA,2020,"80,706 km",Diesel,Manual,"EMI ₹18,118/m*",₹6.88 lakh
Toyota Innova Crysta,Toyota,2016,"2,27,862 km",Diesel,Auto,"EMI ₹18,118/m*",₹11.95 lakh
Maruti Alto 800,Maruti,2019,"84,499 km",Petrol,Manual,"EMI ₹4,307/m*",₹2.44 lakh
Hyundai i10,Hyundai,2011,"56,564 km",Petrol,Manual,"EMI ₹4,307/m*",₹0.83 lakh
Hyundai NEW SANTRO,Hyundai,2018,"71,278 km",Petrol,Manual,"EMI ₹5,596/m*",₹3.17 lakh
Hyundai ALCAZAR,Hyundai,2021,"68,212 km",Petrol,Auto,"EMI ₹18,698/m*",₹10.92 lakh
KIA SYROS,KIA,2025,"5,846 km",Petrol,Manual,"EMI ₹19,896/m*",₹11.62 lakh
Maruti Baleno,Maruti,2019,"35,154 km",Petrol,Manual,"EMI ₹7,767/m*",₹4.40 lakh
Ford Ecosport,Ford,2016,"57,698 km",Diesel,Manual,"EMI ₹7,767/m*",₹3.01 lakh
Maruti Swift,Maruti,2018,"1,04,243 km",Petrol,Manual,"EMI ₹9,676/m*",₹4.35 lakh
Honda City,Honda,2014,"29,385 km",Petrol,Manual,"EMI ₹10,496/m*",₹3.16 lakh
Hyundai i20,Hyundai,2011,"93,526 km",Petrol,Manual,"EMI ₹10,496/m*",₹1.00 lakh
Maruti Vitara Brezza,Maruti,2016,"1,78,019 km",Diesel,Manual,"EMI ₹10,496/m*",₹4.56 lakh
Maruti Vitara Brezza,Maruti,2020,"71,763 km",Petrol,Manual,"EMI ₹10,150/m*",₹5.75 lakh
Skoda Rapid,Skoda,2012,"88,639 km",Petrol,Manual,"EMI ₹11,817/m*",₹1.33 lakh
Hyundai Verna,Hyundai,2011,"54,830 km",Petrol,Manual,"EMI ₹11,817/m*",₹1.84 lakh
Toyota Corolla Altis,Toyota,2013,"1,20,324 km",Petrol,Auto,"EMI ₹11,863/m*",₹2.52 lakh
Tata PUNCH,Tata,2024,"8,276 km",Petrol,Manual,"EMI ₹11,086/m*",₹6.28 lakh
Maruti Ciaz,Maruti,2019,"32,574 km",Petrol,Manual,"EMI ₹9,621/m*",₹5.45 lakh
Maruti Zen Estilo,Maruti,2011,"82,988 km",Petrol,Manual,"EMI ₹9,621/m*",₹0.68 lakh
KIA SELTOS,KIA,2020,"1,05,892 km",Diesel,Auto,"EMI ₹32,565/m*",₹12.60 lakh
Maruti Alto 800,Maruti,2014,"91,907 km",Petrol,Manual,"EMI ₹4,418/m*",₹1.33 lakh
Maruti Baleno,Maruti,2021,"53,965 km",Petrol,Manual,"EMI ₹8,279/m*",₹4.69 lakh
Maruti Baleno,Maruti,2020,"78,542 km",Petrol,Manual,"EMI ₹6,832/m*",₹3.87 lakh
Skoda SLAVIA,Skoda,2022,"34,402 km",Petrol,Auto,"EMI ₹22,927/m*",₹13.39 lakh
Volkswagen TIGUAN,Volkswagen,2022,"43,802 km",Petrol,Auto,"EMI ₹40,957/m*",₹23.92 lakh
Honda City,Honda,2012,"55,866 km",Petrol,Manual,"EMI ₹17,681/m*",₹1.99 lakh
Toyota Etios,Toyota,2011,"92,011 km",Petrol,Manual,"EMI ₹17,681/m*",₹1.18 lakh
Honda City,Honda,2011,"1,01,901 km",Petrol,Manual,"EMI ₹17,681/m*",₹1.45 lakh
Hyundai Verna,Hyundai,2013,"90,253 km",Petrol,Manual,"EMI ₹12,569/m*",₹2.67 lakh
Maruti Grand Vitara,Maruti,2024,"7,317 km",Petrol,Manual,"EMI ₹17,225/m*",₹10.06 lakh
Maruti Celerio,Maruti,2016,"85,647 km",Petrol,Auto,"EMI ₹4,004/m*",₹1.80 lakh
Maruti Swift,Maruti,2014,"68,764 km",Petrol,Manual,"EMI ₹10,330/m*",₹3.11 lakh
Honda WR-V,Honda,2018,"76,470 km",Diesel,Manual,"EMI ₹16,805/m*",₹3.57 lakh
Hyundai Elite i20,Hyundai,2015,"62,033 km",Petrol,Manual,"EMI ₹8,479/m*",₹3.22 lakh
Hyundai Grand i10,Hyundai,2018,"1,21,806 km",Petrol,Manual,"EMI ₹6,607/m*",₹2.97 lakh
Maruti Wagon R 1.0,Maruti,2011,"85,620 km",Petrol,Manual,"EMI ₹6,607/m*",₹1.08 lakh
Maruti Ertiga,Maruti,2020,"12,001 km",Petrol,Manual,"EMI ₹15,119/m*",₹8.83 lakh
Hyundai EXTER,Hyundai,2025,"7,979 km",Petrol,Auto,"EMI ₹15,359/m*",₹8.97 lakh
Tata PUNCH,Tata,2022,"58,416 km",Petrol,Manual,"EMI ₹9,091/m*",₹5.15 lakh
Mahindra Scorpio,Mahindra,2018,"48,995 km",Diesel,Manual,"EMI ₹32,622/m*",₹6.93 lakh
Volkswagen Polo,Volkswagen,2018,"88,840 km",Petrol,Manual,"EMI ₹5,190/m*",₹2.94 lakh
Nissan MAGNITE,Nissan,2021,"5,715 km",Petrol,Manual,"EMI ₹6,830/m*",₹3.87 lakh
Renault TRIBER,Renault,2021,"73,427 km",Petrol,Manual,"EMI ₹5,935/m*",₹3.36 lakh
Maruti Baleno,Maruti,2016,"47,892 km",Petrol,Manual,"EMI ₹6,095/m*",₹2.74 lakh
Skoda SLAVIA,Skoda,2022,"36,805 km",Petrol,Auto,"EMI ₹14,571/m*",₹8.51 lakh
Mahindra Bolero,Mahindra,2022,"36,818 km",Diesel,Manual,"EMI ₹12,677/m*",₹6.48 lakh
Maruti IGNIS,Maruti,2018,"50,504 km",Petrol,Manual,"EMI ₹4,872/m*",₹2.76 lakh
Nissan Kicks,Nissan,2019,"27,818 km",Petrol,Manual,"EMI ₹8,650/m*",₹4.90 lakh
Honda Amaze,Honda,2019,"73,310 km",Petrol,Manual,"EMI ₹6,602/m*",₹3.74 lakh
MG HECTOR,MG,2019,"83,300 km",Petrol,Auto,"EMI ₹14,602/m*",₹8.53 lakh
MG ASTOR,MG,2022,"39,486 km",Petrol,Manual,"EMI ₹11,931/m*",₹6.76 lakh
Honda City,Honda,2018,"46,469 km",Petrol,Manual,"EMI ₹7,344/m*",₹4.16 lakh
Hyundai AURA,Hyundai,2022,"63,952 km",CNG,Manual,"EMI ₹8,464/m*",₹4.79 lakh
Ford Ecosport,Ford,2016,"50,410 km",Petrol,Manual,"EMI ₹6,028/m*",₹2.71 lakh
Maruti Ciaz,Maruti,2018,"64,035 km",Petrol,Manual,"EMI ₹6,955/m*",₹3.94 lakh
Tata PUNCH,Tata,2024,"9,051 km",Petrol,Manual,"EMI ₹9,709/m*",₹5.50 lakh
Tata NEXON,Tata,2022,"59,477 km",Petrol,Manual,"EMI ₹8,385/m*",₹4.75 lakh
Maruti Baleno,Maruti,2020,"85,113 km",Petrol,Manual,"EMI ₹6,938/m*",₹3.93 lakh
Maruti Swift,Maruti,2020,"96,007 km",CNG,Manual,"EMI ₹7,032/m*",₹3.98 lakh
Hyundai Creta,Hyundai,2019,"49,323 km",Petrol,Manual,"EMI ₹8,950/m*",₹5.07 lakh
Nissan MAGNITE,Nissan,2022,"66,035 km",Petrol,Manual,"EMI ₹7,920/m*",₹4.49 lakh
Hyundai Elite i20,Hyundai,2019,"27,376 km",Petrol,Manual,"EMI ₹7,467/m*",₹4.23 lakh
KIA SONET,KIA,2023,"15,887 km",Diesel,Manual,"EMI ₹15,307/m*",₹8.94 lakh
Tata NEXON,Tata,2024,"14,516 km",Petrol,Auto,"EMI ₹15,239/m*",₹8.90 lakh
Renault TRIBER,Renault,2020,"39,623 km",Petrol,Manual,"EMI ₹5,790/m*",₹3.28 lakh
KIA SONET,KIA,2021,"84,963 km",Petrol,Manual,"EMI ₹9,254/m*",₹5.24 lakh
Mahindra Thar,Mahindra,2022,"72,242 km",Diesel,Manual,"EMI ₹18,402/m*",₹9.67 lakh
Toyota URBAN CRUISER,Toyota,2021,"79,757 km",CNG,Manual,"EMI ₹9,674/m*",₹5.48 lakh
KIA SELTOS,KIA,2020,"67,505 km",Petrol,Manual,"EMI ₹13,416/m*",₹7.60 lakh
Nissan MAGNITE,Nissan,2022,"49,559 km",CNG,Manual,"EMI ₹8,191/m*",₹4.64 lakh
Hyundai Grand i10,Hyundai,2014,"70,601 km",Petrol,Manual,"EMI ₹5,979/m*",₹1.80 lakh
Hyundai Elite i20,Hyundai,2015,"46,195 km",Petrol,Manual,"EMI ₹8,558/m*",₹3.25 lakh
MG HECTOR,MG,2020,"82,542 km",Petrol,Auto,"EMI ₹14,417/m*",₹8.42 lakh
Maruti Baleno,Maruti,2021,"25,861 km",Petrol,Manual,"EMI ₹6,973/m*",₹3.95 lakh
Hyundai Grand i10,Hyundai,2015,"41,078 km",Petrol,Manual,"EMI ₹5,925/m*",₹2.25 lakh
Nissan MAGNITE,Nissan,2023,"47,686 km",Petrol,Manual,"EMI ₹8,385/m*",₹4.75 lakh
Toyota Glanza,Toyota,2024,"21,359 km",Petrol,Manual,"EMI ₹10,262/m*",₹5.81 lakh
Volkswagen TAIGUN,Volkswagen,2024,"10,143 km",Petrol,Manual,"EMI ₹16,335/m*",₹9.54 lakh
KIA CARENS,KIA,2024,"14,649 km",Petrol,Manual,"EMI ₹17,294/m*",₹10.10 lakh
MG HECTOR,MG,2019,"12,823 km",Diesel,Manual,"EMI ₹26,518/m*",₹8.10 lakh
Honda Jazz,Honda,2020,"89,822 km",Petrol,Auto,"EMI ₹8,938/m*",₹5.06 lakh
Ford Ecosport,Ford,2019,"58,921 km",Petrol,Manual,"EMI ₹7,975/m*",₹4.52 lakh
Hyundai Grand i10,Hyundai,2015,"80,240 km",Petrol,Auto,"EMI ₹8,767/m*",₹3.33 lakh
KIA SONET,KIA,2022,"40,431 km",CNG,Manual,"EMI ₹10,927/m*",₹6.19 lakh
Maruti S Cross,Maruti,2021,"68,503 km",Petrol,Manual,"EMI ₹11,079/m*",₹6.28 lakh
Hyundai NEW I20,Hyundai,2021,"60,500 km",Petrol,Auto,"EMI ₹10,233/m*",₹5.80 lakh
Hyundai GRAND I10 NIOS,Hyundai,2022,"69,688 km",CNG,Manual,"EMI ₹8,769/m*",₹4.97 lakh
Maruti S Cross,Maruti,2022,"69,882 km",Petrol,Manual,"EMI ₹9,074/m*",₹5.14 lakh
Hyundai Creta,Hyundai,2022,"73,388 km",Petrol,Manual,"EMI ₹13,416/m*",₹7.60 lakh
Honda City,Honda,2014,"73,496 km",Petrol,Auto,"EMI ₹8,835/m*",₹2.66 lakh
Hyundai Creta,Hyundai,2017,"98,252 km",Petrol,Auto,"EMI ₹10,850/m*",₹5.55 lakh
Hyundai Creta,Hyundai,2019,"67,956 km",Petrol,Manual,"EMI ₹10,998/m*",₹6.23 lakh
Hyundai Elite i20,Hyundai,2020,"28,357 km",Petrol,Manual,"EMI ₹7,520/m*",₹4.26 lakh
Renault Kwid,Renault,2016,"43,942 km",Petrol,Manual,"EMI ₹3,470/m*",₹1.56 lakh
Ford Figo Aspire,Ford,2019,"64,643 km",CNG,Manual,"EMI ₹6,256/m*",₹3.20 lakh
Tata NEXON,Tata,2023,"23,059 km",Petrol,Manual,"EMI ₹10,892/m*",₹6.17 lakh
Hyundai Elite i20,Hyundai,2015,"49,578 km",Petrol,Manual,"EMI ₹7,268/m*",₹2.76 lakh
Maruti IGNIS,Maruti,2017,"31,725 km",Petrol,Manual,"EMI ₹6,354/m*",₹3.25 lakh
Tata ALTROZ,Tata,2020,"14,556 km",Petrol,Manual,"EMI ₹8,261/m*",₹4.68 lakh
Honda BR-V,Honda,2018,"56,546 km",Petrol,Manual,"EMI ₹7,979/m*",₹4.52 lakh
Hyundai Creta,Hyundai,2016,"79,126 km",Petrol,Manual,"EMI ₹9,765/m*",₹4.39 lakh
Tata ALTROZ,Tata,2022,"73,391 km",Diesel,Manual,"EMI ₹10,753/m*",₹5.50 lakh
Hyundai Elite i20,Hyundai,2020,"13,658 km",Petrol,Manual,"EMI ₹8,173/m*",₹4.63 lakh
KIA SELTOS,KIA,2022,"84,971 km",Diesel,Manual,"EMI ₹14,995/m*",₹7.67 lakh
Honda City,Honda,2018,"68,627 km",Petrol,Auto,"EMI ₹8,685/m*",₹4.92 lakh
KIA SONET,KIA,2022,"17,161 km",Petrol,Manual,"EMI ₹13,010/m*",₹7.37 lakh
Tata NEXON,Tata,2019,"54,946 km",Petrol,Auto,"EMI ₹8,509/m*",₹4.82 lakh
Hyundai Creta,Hyundai,2016,"28,671 km",Petrol,Manual,"EMI ₹12,274/m*",₹5.52 lakh
Honda Amaze,Honda,2019,"7,149 km",Petrol,Manual,"EMI ₹9,069/m*",₹5.14 lakh
Hyundai AURA,Hyundai,2023,"14,152 km",CNG,Manual,"EMI ₹11,916/m*",₹6.75 lakh
Ford Ecosport,Ford,2020,"64,042 km",Diesel,Manual,"EMI ₹13,852/m*",₹5.26 lakh
KIA SELTOS,KIA,2019,"56,532 km",Petrol,Auto,"EMI ₹14,725/m*",₹8.60 lakh
Hyundai Creta,Hyundai,2016,"59,057 km",Petrol,Manual,"EMI ₹10,499/m*",₹4.72 lakh
Hyundai Creta,Hyundai,2016,"46,346 km",Petrol,Manual,"EMI ₹10,998/m*",₹4.94 lakh
Tata NEXON,Tata,2021,"61,553 km",Petrol,Auto,"EMI ₹12,110/m*",₹6.86 lakh
Honda Amaze,Honda,2020,"28,816 km",Petrol,Manual,"EMI ₹8,014/m*",₹4.54 lakh
Hyundai Creta,Hyundai,2019,"58,509 km",Petrol,Manual,"EMI ₹9,183/m*",₹5.20 lakh
Maruti Swift,Maruti,2020,"84,087 km",Petrol,Auto,"EMI ₹7,396/m*",₹4.19 lakh
Mahindra XUV700,Mahindra,2023,"37,993 km",Petrol,Manual,"EMI ₹17,465/m*",₹10.20 lakh
Hyundai Grand i10,Hyundai,2019,"60,829 km",Petrol,Manual,"EMI ₹6,037/m*",₹3.42 lakh
Maruti Baleno,Maruti,2016,"70,450 km",CNG,Manual,"EMI ₹11,799/m*",₹3.55 lakh
Maruti Swift Dzire,Maruti,2016,"75,701 km",Petrol,Manual,"EMI ₹5,739/m*",₹2.58 lakh
Tata Tiago,Tata,2020,"37,874 km",Petrol,Manual,"EMI ₹6,954/m*",₹3.94 lakh
Renault TRIBER,Renault,2019,"37,303 km",Petrol,Manual,"EMI ₹6,840/m*",₹3.87 lakh
Maruti S PRESSO,Maruti,2021,"65,152 km",CNG,Manual,"EMI ₹5,649/m*",₹3.20 lakh
Tata NEXON,Tata,2021,"30,727 km",Petrol,Manual,"EMI ₹9,914/m*",₹5.62 lakh
Honda WR-V,Honda,2020,"60,475 km",Petrol,Manual,"EMI ₹8,985/m*",₹5.09 lakh
Ford Ecosport,Ford,2015,"54,642 km",Petrol,Manual,"EMI ₹8,005/m*",₹3.04 lakh
Maruti Dzire,Maruti,2018,"43,215 km",Petrol,Manual,"EMI ₹6,479/m*",₹3.67 lakh
MG HECTOR PLUS,MG,2020,"24,671 km",Petrol,Auto,"EMI ₹18,749/m*",₹10.95 lakh
Maruti Swift,Maruti,2020,"69,270 km",Petrol,Manual,"EMI ₹7,455/m*",₹4.22 lakh
Tata NEXON,Tata,2019,"55,501 km",Petrol,Manual,"EMI ₹7,185/m*",₹4.07 lakh
Maruti New Wagon-R,Maruti,2019,"87,896 km",CNG,Manual,"EMI ₹6,354/m*",₹3.25 lakh
Maruti Swift Dzire,Maruti,2014,"72,997 km",Petrol,Manual,"EMI ₹7,440/m*",₹2.24 lakh
Mahindra Kuv100,Mahindra,2015,"37,253 km",Petrol,Manual,"EMI ₹5,132/m*",₹1.95 lakh
Maruti Celerio,Maruti,2022,"42,847 km",CNG,Manual,"EMI ₹7,261/m*",₹4.11 lakh
Ford Ecosport,Ford,2016,"55,779 km",Petrol,Manual,"EMI ₹8,752/m*",₹3.93 lakh
Renault Kwid,Renault,2020,"94,786 km",Petrol,Manual,"EMI ₹3,937/m*",₹2.23 lakh
Maruti New Wagon-R,Maruti,2022,"94,895 km",CNG,Manual,"EMI ₹6,867/m*",₹3.89 lakh
Hyundai Elite i20,Hyundai,2017,"71,229 km",CNG,Manual,"EMI ₹9,485/m*",₹3.60 lakh
Ford Ecosport,Ford,2020,"63,346 km",Petrol,Manual,"EMI ₹9,550/m*",₹5.41 lakh
Maruti Celerio,Maruti,2017,"37,296 km",Petrol,Auto,"EMI ₹5,460/m*",₹2.79 lakh
Maruti Alto K10,Maruti,2017,"47,222 km",Petrol,Manual,"EMI ₹4,162/m*",₹2.13 lakh
Renault Kwid,Renault,2016,"56,447 km",Petrol,Manual,"EMI ₹4,449/m*",₹2.00 lakh
Hyundai Grand i10,Hyundai,2014,"99,524 km",Petrol,Manual,"EMI ₹6,278/m*",₹1.89 lakh
Maruti Ciaz,Maruti,2018,"82,158 km",Petrol,Manual,"EMI ₹7,661/m*",₹4.34 lakh
Maruti Baleno,Maruti,2021,"13,936 km",Petrol,Manual,"EMI ₹8,864/m*",₹5.02 lakh
Maruti Ciaz,Maruti,2019,"85,161 km",Petrol,Auto,"EMI ₹8,703/m*",₹4.93 lakh
Maruti XL6,Maruti,2021,"60,478 km",Petrol,Manual,"EMI ₹12,737/m*",₹7.22 lakh
Tata Tiago,Tata,2018,"59,679 km",Petrol,Manual,"EMI ₹4,603/m*",₹2.61 lakh
Hyundai Elite i20,Hyundai,2018,"75,068 km",Petrol,Manual,"EMI ₹7,738/m*",₹4.38 lakh
Maruti Baleno,Maruti,2018,"54,952 km",Petrol,Manual,"EMI ₹7,679/m*",₹4.35 lakh
Ford Ecosport,Ford,2016,"63,094 km",Petrol,Manual,"EMI ₹8,225/m*",₹3.70 lakh
Hyundai Elite i20,Hyundai,2014,"38,185 km",Petrol,Manual,"EMI ₹8,901/m*",₹2.68 lakh
Renault Kwid,Renault,2021,"21,689 km",Petrol,Manual,"EMI ₹5,208/m*",₹2.95 lakh
Ford Ecosport,Ford,2019,"48,360 km",Petrol,Manual,"EMI ₹9,450/m*",₹5.35 lakh
Maruti Ciaz,Maruti,2017,"68,922 km",Petrol,Manual,"EMI ₹8,719/m*",₹4.46 lakh
Hyundai Grand i10,Hyundai,2014,"40,044 km",Petrol,Manual,"EMI ₹7,174/m*",₹2.16 lakh
Maruti Baleno,Maruti,2021,"59,396 km",Petrol,Manual,"EMI ₹7,781/m*",₹4.41 lakh
Maruti Baleno,Maruti,2020,"96,044 km",Petrol,Manual,"EMI ₹7,573/m*",₹4.29 lakh
Hyundai Grand i10,Hyundai,2015,"42,136 km",Petrol,Manual,"EMI ₹6,873/m*",₹2.61 lakh
Hyundai Elite i20,Hyundai,2017,"60,451 km",Petrol,Manual,"EMI ₹6,715/m*",₹3.43 lakh
Maruti New Wagon-R,Maruti,2022,"53,797 km",CNG,Manual,"EMI ₹7,418/m*",₹4.20 lakh
Renault TRIBER,Renault,2023,"16,063 km",Petrol,Auto,"EMI ₹9,975/m*",₹5.65 lakh
Hyundai Grand i10,Hyundai,2016,"78,016 km",Petrol,Manual,"EMI ₹6,651/m*",₹2.99 lakh
Maruti Baleno,Maruti,2015,"65,539 km",Petrol,Manual,"EMI ₹8,159/m*",₹3.10 lakh
Mahindra Kuv100,Mahindra,2017,"36,967 km",Petrol,Manual,"EMI ₹5,455/m*",₹2.79 lakh
